CAALFM_C100040WA	GO:0000822,GO:0005543,GO:0005643,GO:0005737,GO:0006446,GO:0006449,GO:0016973,GO:0031369,GO:0044614
CAALFM_C100060WA	GO:0005515
CAALFM_C100070WA	GO:0004163,GO:0004163,GO:0005524,GO:0005829,GO:0005829,GO:0008299,GO:0019287,GO:0019287
CAALFM_C100080CA	GO:0000978,GO:0000981,GO:0006357
CAALFM_C100090WA	GO:0016020
CAALFM_C100100CA	GO:0005739,GO:0008808,GO:0016020,GO:0032049
CAALFM_C100110WA	GO:0005524,GO:0005832,GO:0006457,GO:0006457,GO:0016887,GO:0051082,GO:0051082,GO:0140662,GO:0140662
CAALFM_C100120CA	GO:0000162,GO:0004640,GO:0004640
CAALFM_C100130CA	GO:0000938,GO:0042147
CAALFM_C100140WA	GO:0005515
CAALFM_C100150CA	GO:0005737,GO:0005829,GO:0005886,GO:0030674,GO:0031625,GO:0070086
CAALFM_C100160CA	GO:0003729
CAALFM_C100170WA	GO:0003852,GO:0003852,GO:0005739,GO:0009098,GO:0009098
CAALFM_C100180WA	GO:0003729,GO:0003735,GO:0003735,GO:0005840,GO:0005840,GO:0006412,GO:0006412,GO:0017148,GO:0022625
CAALFM_C100200CA	GO:0003723
CAALFM_C100220WA	GO:0005737,GO:0009277,GO:0042124,GO:0071970
CAALFM_C100230CA	GO:0005096,GO:0031578,GO:0044732,GO:0046578,GO:1990334
CAALFM_C100290WA	GO:0003676,GO:0015074
CAALFM_C100310WA	GO:0005886,GO:0022857,GO:0022857,GO:0055085,GO:0055085
CAALFM_C100320WA	GO:0005768,GO:0006886,GO:0030904,GO:0030904,GO:0042147,GO:0042147
CAALFM_C100330CA	GO:0000289,GO:0000932,GO:0006355,GO:0030015
CAALFM_C100340WA	GO:0004017,GO:0004017,GO:0005524,GO:0005524,GO:0005634,GO:0005737,GO:0016887,GO:0016887
CAALFM_C100350CA	GO:0004392,GO:0004392,GO:0006788,GO:0006788
CAALFM_C100380CA	GO:0004596,GO:0005515,GO:0005737,GO:0017196,GO:0031416
CAALFM_C100390WA	GO:0005388,GO:0005524,GO:0005886,GO:0006874,GO:0016887,GO:0070588
CAALFM_C100400WA	GO:0005737,GO:0006979
CAALFM_C100410CA	GO:0004029,GO:0005737,GO:0006081,GO:0006081
CAALFM_C100430WA	GO:0000329,GO:0000422,GO:0005515,GO:0005829,GO:0006497,GO:0019898,GO:0032266,GO:0034045,GO:0034497,GO:0044804,GO:0080025
CAALFM_C100440WA	GO:0004843,GO:0004843,GO:0005515,GO:0016579,GO:0016579,GO:0043161,GO:0061136,GO:0070628
CAALFM_C100460WA	GO:0005744,GO:0030150,GO:0045039
CAALFM_C100470CA	GO:0005737,GO:0008270,GO:0043227,GO:0070290,GO:0070290,GO:0070291,GO:0070292
CAALFM_C100480CA	GO:0005524,GO:0005524,GO:0016887
CAALFM_C100490CA	GO:0005634,GO:0005737,GO:0015038,GO:0034599
CAALFM_C100500CA	GO:0004462,GO:0046872
CAALFM_C100510WA	GO:0000287,GO:0003864,GO:0003864,GO:0005739,GO:0015940,GO:0015940
CAALFM_C100520WA	GO:0004331,GO:0005829,GO:0006003,GO:0030388,GO:0043069,GO:0043456,GO:0045739,GO:0045820
CAALFM_C100530CA	GO:0000151,GO:0000209,GO:0006513,GO:0034450
CAALFM_C100540CA	GO:0000151,GO:0000209,GO:0006513,GO:0034450
CAALFM_C100550WA	GO:0000324,GO:0005886,GO:0006751,GO:0006751,GO:0036374,GO:0036374
CAALFM_C100560WA	GO:0006457,GO:0051879,GO:0051879
CAALFM_C100590WA	GO:0003746,GO:0003746,GO:0003924,GO:0005525,GO:0005739,GO:0070125
CAALFM_C100600WA	GO:0005680,GO:0007091,GO:0031145,GO:0060090,GO:0070979
CAALFM_C100610WA	GO:0004609,GO:0004609,GO:0005739,GO:0005739,GO:0006646
CAALFM_C100620WA	GO:0001934,GO:0005634,GO:0005737,GO:0007165,GO:0030295,GO:0051301
CAALFM_C100630WA	GO:0004458,GO:0005739,GO:0008720,GO:0071949,GO:1903457
CAALFM_C100640CA	GO:0001018,GO:0003899,GO:0003899,GO:0006390,GO:0034245
CAALFM_C100650CA	GO:0000815,GO:0005771,GO:0006900,GO:0009898,GO:0032511
CAALFM_C100660CA	GO:0000139,GO:0000149,GO:0005484,GO:0005484,GO:0006886,GO:0006886,GO:0006888,GO:0006906,GO:0012505,GO:0031201,GO:0048278
CAALFM_C100670CA	GO:0000976,GO:0000981,GO:0005634,GO:0008270,GO:0045944
CAALFM_C100680WA	GO:0016787
CAALFM_C100690WA	GO:0000139,GO:0005829,GO:0006886,GO:0034066,GO:0042147
CAALFM_C100700WA	GO:0005747,GO:0005747,GO:0006979
CAALFM_C100710CA	GO:0000226,GO:0000278,GO:0003924,GO:0005200,GO:0005200,GO:0005525,GO:0005525,GO:0005737,GO:0005874,GO:0005874
CAALFM_C100730CA	GO:0005516,GO:0005737,GO:0005955,GO:0031505,GO:0033192,GO:0097720
CAALFM_C100740CA	GO:0004586,GO:0005737,GO:0033387
CAALFM_C100750CA	GO:0006623,GO:0032266,GO:0033565,GO:0043130,GO:0043130,GO:0043328,GO:0046872
CAALFM_C100770CA	GO:0005783,GO:0005783,GO:0005789,GO:0006458,GO:0006458,GO:0007118,GO:0051082
CAALFM_C100800CA	GO:0005783,GO:0006696
CAALFM_C100810WA	GO:0006488,GO:0016758
CAALFM_C100830WA	GO:0015297,GO:0016020,GO:0016020,GO:0042910,GO:1990961
CAALFM_C100860WA	GO:0000045,GO:0000153,GO:0000422,GO:0005829,GO:0019776,GO:0044804
CAALFM_C100870WA	GO:0005737,GO:0008374,GO:0019432,GO:0019915,GO:0046027,GO:0097038
CAALFM_C100890WA	GO:0003924,GO:0003924,GO:0005509,GO:0005525,GO:0005525,GO:0005741,GO:0005741,GO:0007005,GO:0007005,GO:0007264,GO:0010821
CAALFM_C100900WA	GO:0000055,GO:0000447,GO:0005515,GO:0005515,GO:0005634,GO:0005634,GO:0005730,GO:0030687,GO:0042254,GO:0042254,GO:0042273
CAALFM_C100910WA	GO:0000500,GO:0001165,GO:0005634,GO:0006361,GO:0042790
CAALFM_C100930CA	GO:0000122,GO:0000785,GO:0003714,GO:0016575,GO:0070822
CAALFM_C100940WA	GO:0001055,GO:0003677,GO:0005665,GO:0005665,GO:0006366,GO:0046983
CAALFM_C100950CA	GO:0000278,GO:0000922,GO:0004672,GO:0005515,GO:0005524,GO:0005634,GO:0005737,GO:0005813,GO:0005816,GO:0006468,GO:0032465,GO:1902542
CAALFM_C100960CA	GO:0003676,GO:0005515,GO:0042800,GO:0042800,GO:0048188,GO:0048188,GO:0051568
CAALFM_C100980WA	GO:0003735,GO:0005840,GO:0006412
CAALFM_C100990CA	GO:0004252,GO:0005515,GO:0006508
CAALFM_C101000CA	GO:0003677,GO:0005664,GO:0006260
CAALFM_C101010WA	GO:0005747,GO:0022900,GO:0022900
CAALFM_C101030WA	GO:0005634,GO:0016274,GO:0016274,GO:0018216,GO:0018216
CAALFM_C101040WA	GO:0006979,GO:0030091,GO:0033743
CAALFM_C101050CA	GO:0016627,GO:0042761
CAALFM_C101060WA	GO:0003677,GO:0005634
CAALFM_C101070CA	GO:0000070,GO:0000444,GO:0000444,GO:0051301,GO:0051301
CAALFM_C101090CA	GO:0005739
CAALFM_C101100WA	GO:0005509,GO:0005891,GO:0008331,GO:0016020,GO:0098703
CAALFM_C101110CA	GO:0005634,GO:0005737,GO:0008270
CAALFM_C101130WA	GO:0005515
CAALFM_C101140CA	GO:0000164,GO:0005979,GO:0008157,GO:2001069
CAALFM_C101150CA	GO:0005515,GO:0008175,GO:0030488,GO:0031591
CAALFM_C101160CA	GO:0000176,GO:0000177,GO:0000467,GO:0003723,GO:0003723,GO:0034427,GO:0034475,GO:0043928,GO:0071034,GO:0071035,GO:0071038,GO:0071051
CAALFM_C101170CA	GO:0000981,GO:0000981,GO:0005634,GO:0008270,GO:0045944
CAALFM_C101180CA	GO:0000400,GO:0005634,GO:0007129,GO:0007130,GO:0007130,GO:0051598,GO:0051598
CAALFM_C101190CA	GO:0004499,GO:0050660,GO:0050661
CAALFM_C101200WA	GO:0000981,GO:0000981,GO:0006351,GO:0008270,GO:0043565,GO:0045944
CAALFM_C101250WA	GO:0005739
CAALFM_C101260CA	GO:0005634,GO:0005737,GO:0006888,GO:0006888,GO:0030008
CAALFM_C101280CA	GO:0003712,GO:0006357,GO:0016592
CAALFM_C101320WA	GO:0005743,GO:0030003,GO:0043022
CAALFM_C101330CA	GO:0000287,GO:0000287,GO:0004170,GO:0004170,GO:0006226,GO:0006226,GO:0046081,GO:0046081
CAALFM_C101350CA	GO:0003723,GO:0003724,GO:0003724,GO:0005524
CAALFM_C101360CA	GO:0005737,GO:0016757,GO:0016757
CAALFM_C101370CA	GO:0000447,GO:0000461,GO:0003735,GO:0003735,GO:0005840,GO:0005840,GO:0006412,GO:0006412,GO:0022627
CAALFM_C101380CA	GO:0008033,GO:0030697
CAALFM_C101390CA	GO:0000978,GO:0000981,GO:0060963
CAALFM_C101400CA	GO:0005789,GO:0042392
CAALFM_C101420CA	GO:0003924,GO:0003924,GO:0005525,GO:0005525,GO:0007264
CAALFM_C101440CA	GO:0005829
CAALFM_C101450WA	GO:0006744,GO:0016301,GO:0031314
CAALFM_C101470WA	GO:0005634,GO:0005737,GO:0008143,GO:0008270,GO:0043488,GO:1900364
CAALFM_C101480CA	GO:0003723,GO:0003723,GO:0003735,GO:0003735,GO:0005840,GO:0005840,GO:0006412,GO:0006412,GO:0022627
CAALFM_C101490WA	GO:0005741,GO:0006626,GO:1990593
CAALFM_C101520CA	GO:0004784,GO:0005739,GO:0006801,GO:0046872
CAALFM_C101530CA	GO:0004814,GO:0004814,GO:0005524,GO:0005524,GO:0005737,GO:0005739,GO:0006420,GO:0006420,GO:0032543
CAALFM_C101540WA	GO:0005515,GO:0005634,GO:0005829,GO:0016579
CAALFM_C101550WA	GO:0005768,GO:0006886,GO:0030904,GO:0030905,GO:0032266,GO:0042147,GO:0042147
CAALFM_C101560WA	GO:0008270,GO:0016925,GO:0061665
CAALFM_C101570CA	GO:0000291,GO:0000932,GO:0003697,GO:0003727,GO:0005665,GO:0006351,GO:0006367,GO:0031369,GO:0045948,GO:0060213
CAALFM_C101580WA	GO:0003729,GO:0003735,GO:0003735,GO:0005762,GO:0005840,GO:0005840,GO:0006412,GO:0006412,GO:0017148
CAALFM_C101590CA	GO:0003677,GO:0003899,GO:0003899,GO:0005665,GO:0006351,GO:0006351,GO:0032549,GO:0032549
CAALFM_C101600WA	GO:0003735,GO:0003735,GO:0005762,GO:0005840,GO:0005840,GO:0032543
CAALFM_C101630WA	GO:0005739,GO:0006120,GO:0032981,GO:0051082
CAALFM_C101640WA	GO:0003723,GO:0003723,GO:0003735,GO:0003735,GO:0005840,GO:0005840,GO:0006412,GO:0006412,GO:0022627
CAALFM_C101650WA	GO:0000287,GO:0000287,GO:0006190,GO:0006190,GO:0009117,GO:0009117,GO:0050483,GO:0050483,GO:0071590,GO:0071592
CAALFM_C101670CA	GO:0004197,GO:0004197,GO:0005634,GO:0005737,GO:0005813,GO:0006508,GO:0006508,GO:0044732,GO:0051307,GO:0072686
CAALFM_C101680CA	GO:0005739
CAALFM_C101690CA	GO:0004775,GO:0004776,GO:0005739,GO:0006099,GO:0009361
CAALFM_C101700WA	GO:0006302,GO:0006355,GO:0031011
CAALFM_C101740WA	GO:0004092,GO:0005739,GO:0009437
CAALFM_C101750WA	GO:0022857,GO:0055085
CAALFM_C101780CA	GO:0022857,GO:0022857,GO:0055085,GO:0055085
CAALFM_C101790WA	GO:0003677,GO:0005515,GO:0030907,GO:0033309,GO:0071931,GO:0140110
CAALFM_C101810CA	GO:0004777,GO:0009450
CAALFM_C101820CA	GO:0000079,GO:0005634,GO:0006357,GO:0016538,GO:0070985
CAALFM_C101830CA	GO:0000209,GO:0005634,GO:0006511,GO:0061631
CAALFM_C101840CA	GO:0005094,GO:0005094,GO:0005515,GO:0005515,GO:0005737,GO:0005737,GO:0005829,GO:0007266,GO:0007266,GO:0016020
CAALFM_C101850CA	GO:0003729,GO:0005847
CAALFM_C101860WA	GO:0000977,GO:0001139,GO:0005634,GO:0005634,GO:0006351,GO:0006351,GO:0006362,GO:0006368,GO:0006368,GO:0008270,GO:0031440,GO:0031564
CAALFM_C101870CA	GO:0004122,GO:0004122,GO:0004124,GO:0005737,GO:0005737,GO:0006535,GO:0006535,GO:0019343
CAALFM_C101880CA	GO:0005515
CAALFM_C101890CA	GO:0005515
CAALFM_C101900CA	GO:0001731,GO:0003743,GO:0003743,GO:0006413
CAALFM_C101910WA	GO:0005634,GO:0005737
CAALFM_C101920WA	GO:0005524,GO:0016020,GO:0016887,GO:0140359
CAALFM_C101930WA	GO:0005634,GO:0005737,GO:0007165,GO:0019901,GO:0031588
CAALFM_C101940CA	GO:0005786,GO:0006614
CAALFM_C101950CA	GO:0006624,GO:0043231
CAALFM_C101980WA	GO:0005351,GO:0008643,GO:0016020,GO:0016020,GO:0055085
CAALFM_C101990WA	GO:0005783,GO:0005886
CAALFM_C102000WA	GO:0005783,GO:0016020,GO:0061024,GO:0071786
CAALFM_C102010CA	GO:0000981,GO:0003677,GO:0006351,GO:0006355,GO:0008270
CAALFM_C102020WA	GO:0005739,GO:0009396,GO:0030272,GO:0035999
CAALFM_C102030CA	GO:0020037
CAALFM_C102040CA	GO:0004197,GO:0004843,GO:0004843,GO:0005634,GO:0005829,GO:0016579,GO:0016579
CAALFM_C102050CA	GO:0005315,GO:0006797,GO:0006817,GO:0016020,GO:0098656
CAALFM_C102070WA	GO:0005783,GO:0005886
CAALFM_C102080WA	GO:0005515,GO:0005634,GO:0034968
CAALFM_C102090CA	GO:0000398,GO:0061632,GO:0071014
CAALFM_C102100WA	GO:0003777,GO:0003777,GO:0005524,GO:0007018,GO:0007018,GO:0007052,GO:0008017
CAALFM_C102110CA	GO:0005351,GO:0008643,GO:0016020,GO:0016020,GO:0055085
CAALFM_C102120CA	GO:0004674,GO:0005524,GO:0005634,GO:0006468,GO:0044773
CAALFM_C102130CA	GO:0004335,GO:0004335,GO:0005524,GO:0005737,GO:0005829,GO:0006012,GO:0006012,GO:0046835
CAALFM_C102150WA	GO:0003978,GO:0003978,GO:0005829,GO:0030246,GO:0033499
CAALFM_C102160WA	GO:0006888,GO:0030008,GO:0030008
CAALFM_C102170CA	GO:0008460,GO:0008460,GO:0009225
CAALFM_C102180WA	GO:0005737,GO:0008108,GO:0008108,GO:0008270,GO:0008270,GO:0033499,GO:0033499
CAALFM_C102190WA	GO:0052735
CAALFM_C102200CA	GO:0000045,GO:0000422,GO:0005737,GO:0006501,GO:0006995,GO:0034045,GO:0034274,GO:0044804
CAALFM_C102220CA	GO:0005739,GO:0052856
CAALFM_C102230WA	GO:0000915,GO:0000917,GO:0003924,GO:0005525,GO:0005829,GO:0005940,GO:0015630,GO:0031105,GO:0032153,GO:0032186,GO:0060090,GO:0061640,GO:0097271
CAALFM_C102240WA	GO:0005634,GO:0005737,GO:0006606,GO:0008139,GO:0031267,GO:0061608
CAALFM_C102250WA	GO:0042392
CAALFM_C102260CA	GO:0000139,GO:0005096,GO:0005096,GO:0030100,GO:0032012
CAALFM_C102270CA	GO:0008670,GO:0009062
CAALFM_C102280CA	GO:0005654,GO:0006470,GO:0006974,GO:0030289,GO:0072542
CAALFM_C102290CA	GO:0005739,GO:0033615
CAALFM_C102300WA	GO:0006457,GO:0016272,GO:0051082
CAALFM_C102320CA	GO:0003873,GO:0003873,GO:0004331,GO:0005524,GO:0005524,GO:0005829,GO:0006000,GO:0006003,GO:0006003
CAALFM_C102330CA	GO:0002181,GO:0003723,GO:0003723,GO:0003735,GO:0003735,GO:0005840,GO:0022625,GO:0042273
CAALFM_C102350WA	GO:0005744,GO:0005744,GO:0030150,GO:0030150
CAALFM_C102360CA	GO:0005737,GO:0009277,GO:0042124,GO:0071970
CAALFM_C102380CA	GO:0003924,GO:0003924,GO:0005525,GO:0005525,GO:0005737,GO:0006457,GO:0015630
CAALFM_C102390WA	GO:0003684,GO:0006303,GO:0031848,GO:0035312,GO:0036297
CAALFM_C102400CA	GO:0000009,GO:0000136,GO:0000139,GO:0006487
CAALFM_C102410CA	GO:0005794,GO:0006890,GO:0006890,GO:0016020,GO:0016020
CAALFM_C102420CA	GO:0000148,GO:0003843,GO:0003843,GO:0005886,GO:0006075,GO:0006075,GO:0051278
CAALFM_C102430CA	GO:0000049,GO:0003729,GO:0003743,GO:0003743,GO:0005515,GO:0006413,GO:0006413,GO:0022627,GO:0043022
CAALFM_C102440CA	GO:0004843,GO:0005634,GO:0005829,GO:0016579,GO:0030433,GO:0030968
CAALFM_C102450CA	GO:0003676,GO:0008270
CAALFM_C102460WA	GO:0000027,GO:0003735,GO:0003735,GO:0005840,GO:0005840,GO:0006412,GO:0006412,GO:0022625
CAALFM_C102480WA	GO:0004615,GO:0004615,GO:0005829,GO:0006013,GO:0006487,GO:0009298,GO:0009298
CAALFM_C102490CA	GO:0005743,GO:0034551
CAALFM_C102500WA	GO:0005739
CAALFM_C102510WA	GO:0000149,GO:0005484,GO:0005484,GO:0005789,GO:0005794,GO:0005794,GO:0006888,GO:0006906,GO:0012507,GO:0031201,GO:0031902
CAALFM_C102520WA	GO:0005576,GO:0005975,GO:0009277,GO:0009986,GO:0042124,GO:0042973,GO:0071555
CAALFM_C102530CA	GO:0003333,GO:0015171,GO:0016020
CAALFM_C102570CA	GO:0003333,GO:0015171,GO:0016020
CAALFM_C102580WA	GO:0016020,GO:0022857,GO:0055085
CAALFM_C102590CA	GO:0006520,GO:0008615,GO:0016843,GO:0042823,GO:0042823
CAALFM_C102600WA	GO:0004359,GO:0004359,GO:0005829,GO:0008614,GO:0042823,GO:0042823,GO:1903600
CAALFM_C102610WA	GO:0005096,GO:0010508,GO:0035556,GO:1904262,GO:1990130
CAALFM_C102620CA	GO:0004072,GO:0004412,GO:0004412,GO:0009067,GO:0009090,GO:0050661
CAALFM_C102630CA	GO:0004338,GO:0005576,GO:0009251,GO:0009986
CAALFM_C102640CA	GO:0005741,GO:0005742,GO:0005742,GO:0006605,GO:0006605,GO:0008320,GO:0016031,GO:0030150,GO:0030943
CAALFM_C102660CA	GO:0000002,GO:0000002,GO:0000262,GO:0000262,GO:0000725,GO:0003697,GO:0003697,GO:0036297,GO:0042645
CAALFM_C102670CA	GO:0006486
CAALFM_C102680CA	GO:0006486
CAALFM_C102700CA	GO:0016020,GO:0016020
CAALFM_C102710WA	GO:0000049,GO:0004826,GO:0004826,GO:0005524,GO:0005737,GO:0005737,GO:0005829,GO:0006432,GO:0006432,GO:0009328
CAALFM_C102720WA	GO:0000978,GO:0000981,GO:0005634,GO:0006357
CAALFM_C102740CA	GO:0036054,GO:0036055,GO:0070403
CAALFM_C102750CA	GO:0003682,GO:0005515,GO:0006338,GO:0016586
CAALFM_C102760WA	GO:0005524,GO:0005524,GO:0006620,GO:0016887,GO:0016887,GO:0043529
CAALFM_C102780WA	GO:0016787
CAALFM_C102790WA	GO:0002183,GO:0003723,GO:0003743,GO:0003743,GO:0005515,GO:0005737,GO:0071541
CAALFM_C102810WA	GO:0005524,GO:0046872,GO:0140658
CAALFM_C102820WA	GO:0004043,GO:0009085,GO:0031177
CAALFM_C102840WA	GO:0004114,GO:0007165
CAALFM_C102850WA	GO:0000289,GO:0000932,GO:0003729,GO:0003729,GO:0005515,GO:0030371,GO:0043488
CAALFM_C102860CA	GO:0005484,GO:0005794,GO:0006888,GO:0016020
CAALFM_C102870WA	GO:0000329,GO:0003924,GO:0005525,GO:0005770,GO:0005773,GO:0032889,GO:0045335
CAALFM_C102880CA	GO:0005758,GO:0015035,GO:0022417,GO:0045041
CAALFM_C102900CA	GO:0000390,GO:0003676,GO:0071008
CAALFM_C102910CA	GO:0000045,GO:0000407,GO:0000422,GO:0030242,GO:0030295,GO:0032147,GO:0034727,GO:0044805,GO:0060090,GO:1990316
CAALFM_C102920WA	GO:0000993,GO:0006368,GO:0016570,GO:0016593,GO:0032968,GO:0034402
CAALFM_C102930CA	GO:0004829,GO:0004829,GO:0005524,GO:0005737,GO:0070159
CAALFM_C102940CA	GO:0006338,GO:0006338,GO:0031011,GO:0031011
CAALFM_C102960CA	GO:0000001,GO:0000001,GO:0005743,GO:0005743
CAALFM_C102980WA	GO:0005829,GO:0016618,GO:0030267,GO:0051287
CAALFM_C102990CA	GO:0004338,GO:0005576,GO:0009251,GO:0009986
CAALFM_C103000WA	GO:0000324,GO:0022857,GO:0022857,GO:0055085,GO:0055085
CAALFM_C103010WA	GO:0002181,GO:0003735,GO:0003735,GO:0005840,GO:0006414,GO:0022625,GO:0030295,GO:0043021
CAALFM_C103020CA	GO:0003723,GO:0003735,GO:0003735,GO:0005840,GO:0005840,GO:0006412,GO:0006412,GO:0022625
CAALFM_C103030WA	GO:0000462,GO:0003723,GO:0003735,GO:0003735,GO:0005840,GO:0005840,GO:0006412,GO:0006412,GO:0022627
CAALFM_C103050WA	GO:0000138,GO:0005797,GO:0016020
CAALFM_C103060CA	GO:0000462,GO:0005634
CAALFM_C103070CA	GO:0003682,GO:0003688,GO:0005524,GO:0005664,GO:0006270,GO:0016887,GO:0033314
CAALFM_C103080CA	GO:0003924,GO:0005525,GO:0005816,GO:0007096
CAALFM_C103090WA	GO:0003735,GO:0005829,GO:0005840,GO:0006412
CAALFM_C103100WA	GO:0008289,GO:0061817
CAALFM_C103110WA	GO:0000027,GO:0002181,GO:0003723,GO:0003735,GO:0003735,GO:0005840,GO:0005840,GO:0022625
CAALFM_C103130CA	GO:0005802,GO:0006895,GO:0006896,GO:0035091,GO:0043130,GO:0043130,GO:0043328
CAALFM_C103140WA	GO:0007032,GO:0031083
CAALFM_C103160CA	GO:0005739,GO:0005743,GO:0006744,GO:0006744
CAALFM_C103180WA	GO:0005739,GO:0009249,GO:0009249,GO:0033819
CAALFM_C103190CA	GO:0005886,GO:0009277,GO:0031505
CAALFM_C103200CA	GO:0000981,GO:0000981,GO:0003677,GO:0005634,GO:0006351,GO:0008270,GO:0009074,GO:0045944
CAALFM_C103210CA	GO:0003924,GO:0005525,GO:0005829,GO:0005940,GO:0015630,GO:0031105,GO:0032153,GO:0060090,GO:0061640
CAALFM_C103220CA	GO:0005737,GO:0007165
CAALFM_C103250CA	GO:0045893,GO:0048188
CAALFM_C103260WA	GO:0003677,GO:0005524,GO:0005634,GO:0006261,GO:0006281,GO:0006282,GO:0008047,GO:0016887,GO:0017116
CAALFM_C103270WA	GO:0003697,GO:0003697,GO:0006974,GO:0006974,GO:0018142,GO:0018142
CAALFM_C103280WA	GO:0003735,GO:0003735,GO:0005763,GO:0032543,GO:0032543
CAALFM_C103290WA	GO:0000124,GO:0003713,GO:0006357
CAALFM_C103300CA	GO:0004222,GO:0004222,GO:0005739,GO:0006627,GO:0046872
CAALFM_C103320CA	GO:0003860,GO:0005739,GO:0006574
CAALFM_C103330CA	GO:0000329,GO:0000422,GO:0005515,GO:0005829,GO:0006497,GO:0019898,GO:0032266,GO:0034045,GO:0034497,GO:0044804,GO:0080025
CAALFM_C103340CA	GO:0005783,GO:0005789,GO:0005789,GO:0031204
CAALFM_C103350CA	GO:0000054,GO:0005506,GO:0005524,GO:0005524,GO:0006413,GO:0006415,GO:0016887,GO:0043024
CAALFM_C103360WA	GO:0000785,GO:0003677,GO:0003682,GO:0005524,GO:0005634,GO:0006357,GO:0016887,GO:0034728,GO:0042393,GO:0140658,GO:0140658
CAALFM_C103370WA	GO:0003730,GO:0005634,GO:0005829,GO:0008143,GO:0008266,GO:1990904
CAALFM_C103380WA	GO:0003824,GO:0003824,GO:0005829,GO:0005946,GO:0005992,GO:0005992,GO:0031505,GO:0034605,GO:0070413
CAALFM_C103390WA	GO:0008126,GO:0047372,GO:0051792,GO:0051793
CAALFM_C103400WA	GO:0005737,GO:0005829,GO:0005886,GO:0030674,GO:0031625,GO:0070086
CAALFM_C103430WA	GO:0004806
CAALFM_C103440CA	GO:0004777
CAALFM_C103450CA	GO:0005515,GO:0005737,GO:0005783,GO:0005886
CAALFM_C103460CA	GO:0003700,GO:0006355
CAALFM_C103470CA	GO:0004672,GO:0005524,GO:0006468
CAALFM_C103480CA	GO:0005096,GO:0005096,GO:0005768,GO:0005802,GO:0006891
CAALFM_C103490WA	GO:0005783,GO:0016020,GO:0055088
CAALFM_C103500WA	GO:0003924,GO:0005525,GO:0005768,GO:0005886,GO:0006904,GO:0009306,GO:0017157,GO:0072659
CAALFM_C103520WA	GO:0000502,GO:0006511,GO:0008541,GO:0030234,GO:0042176
CAALFM_C103530WA	GO:0003712,GO:0003712,GO:0006357,GO:0006357,GO:0016592,GO:0016592,GO:0070847
CAALFM_C103550CA	GO:0005739,GO:0006744,GO:0006744,GO:0008681,GO:0016709,GO:0071949
CAALFM_C103560CA	GO:0005634,GO:0006367,GO:0016251,GO:0017025,GO:0017025,GO:0070897,GO:0070897,GO:0097550
CAALFM_C103600WA	GO:0006487,GO:0006487,GO:0008250,GO:0008250,GO:0016020,GO:0016020
CAALFM_C103610CA	GO:0004252,GO:0006465,GO:0006627,GO:0016020,GO:0042720
CAALFM_C103620CA	GO:0003735,GO:0003735,GO:0005840,GO:0005840,GO:0006412,GO:0006412,GO:0022627
CAALFM_C103630WA	GO:0005737,GO:0006338,GO:0070209
CAALFM_C103640CA	GO:0005634,GO:0008623,GO:0046982
CAALFM_C103650CA	GO:0003735,GO:0003735,GO:0005762,GO:0005762,GO:0006412
CAALFM_C103670CA	GO:0003884,GO:0003884,GO:0046416,GO:0046416,GO:0071949,GO:0071949
CAALFM_C103680WA	GO:0009986,GO:0042973,GO:0052861
CAALFM_C103690WA	GO:0005515,GO:0005794,GO:0007030
CAALFM_C103710CA	GO:0005934,GO:0005935
CAALFM_C103730CA	GO:0004571,GO:0004571,GO:0005509,GO:0005783,GO:0005975,GO:0006491,GO:0016020,GO:0016020,GO:0030433
CAALFM_C103740WA	GO:0000976,GO:0000981,GO:0000981,GO:0005634,GO:0006355,GO:0006355,GO:0008270
CAALFM_C103750WA	GO:0012505,GO:0016020
CAALFM_C103760CA	GO:0003962,GO:0019346,GO:0019346,GO:0030170
CAALFM_C103770WA	GO:0000978,GO:0000981,GO:0006357
CAALFM_C103780CA	GO:0004420,GO:0004420,GO:0005515,GO:0005778,GO:0005789,GO:0006696,GO:0008299,GO:0008299,GO:0015936,GO:0015936
CAALFM_C103790CA	GO:0000785,GO:0003755,GO:0003755,GO:0005527,GO:0005730
CAALFM_C103800WA	GO:0003723,GO:0005655,GO:0008033,GO:0008033
CAALFM_C103810CA	GO:0005515,GO:0005634,GO:0006368,GO:0070449
CAALFM_C103820WA	GO:0008526
CAALFM_C103830CA	GO:0000176,GO:0003723,GO:0005737,GO:0006396
CAALFM_C103860CA	GO:0003779,GO:0030036
CAALFM_C103870CA	GO:0005622,GO:0008941,GO:0019825,GO:0020037,GO:0046210,GO:0071500,GO:0071949
CAALFM_C103890WA	GO:0005199,GO:0009277,GO:0031505
CAALFM_C103900WA	GO:0000214,GO:0000379,GO:0003676,GO:0006388
CAALFM_C103920CA	GO:0005783,GO:0005794,GO:0006612,GO:0018230,GO:0019706
CAALFM_C103940WA	GO:0005740,GO:0005740,GO:0005749,GO:0006099,GO:0006121,GO:0016020,GO:0016020,GO:0020037,GO:0048039
CAALFM_C103960CA	GO:0005515,GO:0005737
CAALFM_C103980WA	GO:0005876,GO:0005876,GO:0008608,GO:0008608,GO:0042729,GO:0042729
CAALFM_C103990WA	GO:0005737,GO:0008270
CAALFM_C104000CA	GO:0000026,GO:0000032,GO:0005794,GO:0006487,GO:0006493,GO:0016020,GO:0016020,GO:0097502
CAALFM_C104030WA	GO:0003676,GO:0004815,GO:0005524,GO:0005737,GO:0005739,GO:0006422
CAALFM_C104040CA	GO:0000056,GO:0000447,GO:0000472,GO:0000480,GO:0003723,GO:0003723,GO:0005730,GO:0030686,GO:0030688
CAALFM_C104050CA	GO:0005576,GO:0007618
CAALFM_C104070CA	GO:0004663,GO:0005737,GO:0005968,GO:0018344
CAALFM_C104080WA	GO:0000776,GO:0005654,GO:0005737,GO:0007094
CAALFM_C104090CA	GO:0005634,GO:0006357,GO:0008024,GO:0032786,GO:0061575
CAALFM_C104100CA	GO:0005741,GO:0005741,GO:0008308,GO:0008308,GO:0098656,GO:0098656
CAALFM_C104120CA	GO:0000398,GO:0003723,GO:0005686,GO:0071011,GO:0071013
CAALFM_C104130WA	GO:0000463,GO:0005515,GO:0030687,GO:0042254,GO:0042254,GO:0043021,GO:0070545
CAALFM_C104150CA	GO:0016787
CAALFM_C104170CA	GO:0000786,GO:0000786,GO:0003677,GO:0003677,GO:0030527,GO:0030527,GO:0046982
CAALFM_C104180WA	GO:0000786,GO:0000786,GO:0003677,GO:0003677,GO:0006334,GO:0030527,GO:0030527,GO:0046982
CAALFM_C104190CA	GO:0005783,GO:0006505,GO:0006888,GO:0050185
CAALFM_C104200CA	GO:0005783,GO:0016020,GO:0061024,GO:0071786
CAALFM_C104210CA	GO:0003924,GO:0005525,GO:0005829,GO:0005940,GO:0015630,GO:0031105,GO:0032153,GO:0060090,GO:0061640
CAALFM_C104230WA	GO:0005634,GO:0005737,GO:0006511,GO:0008541,GO:0043130,GO:0061133,GO:0070628
CAALFM_C104240CA	GO:0000786,GO:0003677,GO:0006334,GO:0030527,GO:0046982
CAALFM_C104260WA	GO:0000786,GO:0000786,GO:0003677,GO:0003677,GO:0009303,GO:0030527,GO:0030527,GO:0046982
CAALFM_C104280CA	GO:0000009,GO:0000009,GO:0004376,GO:0004376,GO:0005789,GO:0006506,GO:0006506,GO:0031501
CAALFM_C104290CA	GO:0003987,GO:0003987,GO:0005829,GO:0016208,GO:0019427
CAALFM_C104300CA	GO:0005524,GO:0005524,GO:0005634,GO:0005737,GO:0005829,GO:0005886,GO:0006616,GO:0016192,GO:0016887,GO:0031072,GO:0034620,GO:0042026,GO:0051082,GO:0051085,GO:0051787,GO:0140662,GO:0140662
CAALFM_C104310CA	GO:0005737,GO:0006044
CAALFM_C104320WA	GO:0006096,GO:0006096,GO:0016868,GO:0016868
CAALFM_C104340CA	GO:0005768,GO:0005802,GO:0042147,GO:0045332
CAALFM_C104360CA	GO:0005739,GO:0032780,GO:0042030
CAALFM_C104370CA	GO:0003735,GO:0003735,GO:0005763,GO:0005840,GO:0005840,GO:0032543,GO:0070181
CAALFM_C104380WA	GO:0000082,GO:0004722,GO:0005737,GO:0070262
CAALFM_C104390CA	GO:0003723
CAALFM_C104400CA	GO:0005737,GO:0006508,GO:0006508,GO:0008270,GO:0008270,GO:0042277,GO:0043171,GO:0070006
CAALFM_C104410CA	GO:0003755,GO:0003755,GO:0005515,GO:0005634,GO:0005829
CAALFM_C104420CA	GO:0004127,GO:0004127,GO:0005524,GO:0005524,GO:0005634,GO:0005737,GO:0006207,GO:0006225,GO:0033862,GO:0046705
CAALFM_C104430CA	GO:0005622,GO:0050664
CAALFM_C104450CA	GO:0005622,GO:0050664
CAALFM_C104490WA	GO:0005654,GO:0006335,GO:0034080,GO:0042393
CAALFM_C104500WA	GO:0004451,GO:0004451,GO:0019752,GO:0019752
CAALFM_C104520CA	GO:0000083,GO:0004693,GO:0005524,GO:0005634,GO:0005737,GO:0006468,GO:0006468
CAALFM_C104530CA	GO:0016300,GO:0030488
CAALFM_C104540CA	GO:0003779,GO:0005737,GO:0005765,GO:0005768,GO:0006886,GO:0006886,GO:0016197,GO:0030897,GO:0042144
CAALFM_C104550WA	GO:0006511,GO:0006511,GO:0030674,GO:0070449
CAALFM_C104560WA	GO:0004842,GO:0005634,GO:0005737,GO:0034657,GO:0043161
CAALFM_C104570CA	GO:0007059,GO:0034080
CAALFM_C104610WA	GO:0005524,GO:0005524,GO:0005754,GO:0015986,GO:0015986,GO:0043531,GO:0045261,GO:0045261,GO:0046933,GO:0046933,GO:1902600
CAALFM_C104630CA	GO:0000287,GO:0005524,GO:0005768,GO:0005802,GO:0005886,GO:0006890,GO:0006897,GO:0016887,GO:0045332,GO:0140326,GO:0140326
CAALFM_C104640WA	GO:0004484,GO:0006370,GO:0006470,GO:0008138
CAALFM_C104650WA	GO:0005886,GO:0015204,GO:0015489,GO:0015606,GO:0015847,GO:0015848,GO:0071918
CAALFM_C104660WA	GO:0004485,GO:0004847,GO:0005524,GO:0005739,GO:0046872
CAALFM_C104670WA	GO:0005634,GO:0005634,GO:0010485,GO:0031509,GO:0031509,GO:0042393,GO:0043967
CAALFM_C104680WA	GO:0005886,GO:0006469,GO:0006897,GO:0008289,GO:0036286,GO:0070941
CAALFM_C104690CA	GO:0005515
CAALFM_C104700CA	GO:0004180
CAALFM_C104710CA	GO:0000027,GO:0030687
CAALFM_C104730CA	GO:0004410,GO:0004410,GO:0005739,GO:0019878,GO:0019878
CAALFM_C104750WA	GO:0000721,GO:0005737,GO:0008270,GO:0034079
CAALFM_C104760CA	GO:0000822,GO:0005737,GO:0005794,GO:0005886,GO:0006817,GO:0015114,GO:0016036
CAALFM_C104770CA	GO:0005506,GO:0008610,GO:0016491
CAALFM_C104780CA	GO:0004672,GO:0005524,GO:0006468
CAALFM_C104790WA	GO:0000339,GO:0005846,GO:0045292
CAALFM_C104800CA	GO:0016787
CAALFM_C104810WA	GO:0000329,GO:0031929,GO:0031931,GO:0031931
CAALFM_C104820CA	GO:0003735,GO:0005762,GO:0005840,GO:0006412,GO:0042254
CAALFM_C104830WA	GO:0000139,GO:0005198,GO:0005783,GO:0005793,GO:0006886,GO:0006888,GO:0006891,GO:0009306,GO:0030126,GO:0030126
CAALFM_C104840CA	GO:0007034
CAALFM_C104860WA	GO:0051020
CAALFM_C104870WA	GO:0004190,GO:0004190,GO:0006508,GO:0006508
CAALFM_C104880CA	GO:0003735,GO:0005762
CAALFM_C104890WA	GO:0005524,GO:0005525,GO:0005737,GO:0016887,GO:0016887
CAALFM_C104900WA	GO:0000033,GO:0005794,GO:0006493
CAALFM_C104910CA	GO:0008757
CAALFM_C104930CA	GO:0005515
CAALFM_C104960CA	GO:0005515,GO:0019005,GO:0031146
CAALFM_C104970WA	GO:0003729,GO:0005515,GO:0005737,GO:0048312
CAALFM_C104980CA	GO:0006812,GO:0008324,GO:0008324,GO:0016020,GO:0016020,GO:0055085
CAALFM_C104990CA	GO:0000398,GO:0000398,GO:0005681,GO:0030628,GO:0046872,GO:0089701,GO:0089701
CAALFM_C105000WA	GO:0000030
CAALFM_C105010CA	GO:0016020,GO:0016020,GO:0038023
CAALFM_C105020CA	GO:0004042,GO:0004042,GO:0005759,GO:0006526,GO:0034618
CAALFM_C105030CA	GO:0000727,GO:0000811,GO:0005634,GO:0005634,GO:0006260,GO:0006260
CAALFM_C105050CA	GO:0000166,GO:0000175,GO:0000176,GO:0000176,GO:0000467,GO:0003676,GO:0005730,GO:0071035,GO:0071036,GO:0071037,GO:0071038,GO:0071039,GO:0071040,GO:0071044,GO:0071051
CAALFM_C105060WA	GO:0030687,GO:0042273
CAALFM_C105070CA	GO:0005789,GO:0006506,GO:0006506,GO:0051267
CAALFM_C105080WA	GO:0016020,GO:0022857,GO:0055085
CAALFM_C105090WA	GO:0000398,GO:0000398,GO:0005681,GO:0030628,GO:0046872,GO:0089701,GO:0089701
CAALFM_C105100WA	GO:0005737
CAALFM_C105110CA	GO:0003849,GO:0003849,GO:0005737,GO:0009073,GO:0009073
CAALFM_C105120WA	GO:0005773,GO:0016020,GO:0016020,GO:0051453
CAALFM_C105140WA	GO:0006355,GO:0008270,GO:0043565
CAALFM_C105160CA	GO:0005739,GO:0046474
CAALFM_C105170CA	GO:0005737,GO:0006511,GO:0031624,GO:0043130,GO:0043130
CAALFM_C105180CA	GO:0005739
CAALFM_C105190CA	GO:0005739
CAALFM_C105220CA	GO:0003729
CAALFM_C105230WA	GO:0003677,GO:0003899,GO:0005666,GO:0006351,GO:0006384
CAALFM_C105240CA	GO:0005524,GO:0008540,GO:0016887,GO:0036402,GO:0043161
CAALFM_C105260CA	GO:0005749,GO:0006099,GO:0006121,GO:0008177,GO:0009055,GO:0050660,GO:0050660
CAALFM_C105270CA	GO:0000002,GO:0000002,GO:0000150,GO:0000150,GO:0003697,GO:0003697,GO:0003735,GO:0005634,GO:0005762,GO:0006310,GO:0006310,GO:0090297
CAALFM_C105280WA	GO:0016020
CAALFM_C105290WA	GO:0004820,GO:0004820,GO:0005524,GO:0005737,GO:0005737,GO:0005739,GO:0070150
CAALFM_C105300CA	GO:0004222,GO:0004222,GO:0005758,GO:0006508,GO:0006508,GO:0006518
CAALFM_C105320CA	GO:0005802,GO:0006891,GO:0006891,GO:1990071,GO:1990071
CAALFM_C105340CA	GO:0000981,GO:0006355,GO:0008270
CAALFM_C105350WA	GO:0003924,GO:0005525
CAALFM_C105360CA	GO:0003729,GO:0005730,GO:0031123,GO:0031499,GO:1990817
CAALFM_C105370CA	GO:0004672,GO:0004672,GO:0005524,GO:0006468
CAALFM_C105380CA	GO:0000723,GO:0005634
CAALFM_C105400CA	GO:0003747,GO:0005762,GO:0070126
CAALFM_C105410CA	GO:0005737,GO:0005739,GO:0005777,GO:0005829,GO:0008379,GO:0008379,GO:0034599,GO:0034599,GO:0042744,GO:0045454
CAALFM_C105420WA	GO:0000290,GO:0000290,GO:0000932,GO:0003729,GO:0008047,GO:0008047,GO:0031087,GO:0043085,GO:0043085
CAALFM_C105430WA	GO:0000124,GO:0003712,GO:0006357
CAALFM_C105440CA	GO:0005515
CAALFM_C105460WA	GO:0005515,GO:0005737,GO:0009267,GO:0010506,GO:0030307,GO:0030674,GO:0031929,GO:0031931,GO:0071230,GO:0071902
CAALFM_C105470WA	GO:1990542
CAALFM_C105490CA	GO:0042407,GO:0042407,GO:0044284,GO:0061617,GO:0061617
CAALFM_C105500WA	GO:0003735,GO:0005763,GO:0006412,GO:0008168
CAALFM_C105510CA	GO:0000028,GO:0003723,GO:0003735,GO:0003735,GO:0005840,GO:0005840,GO:0006412,GO:0006412,GO:0022627
CAALFM_C105530CA	GO:0005048,GO:0005784,GO:0006616,GO:0008320,GO:0016020,GO:0016020,GO:0031204,GO:0043022
CAALFM_C105560WA	GO:0000906,GO:0000906,GO:0005622,GO:0005758,GO:0009231,GO:0009231,GO:0009349
CAALFM_C105600WA	GO:0000148,GO:0003843,GO:0003843,GO:0005886,GO:0006075,GO:0006075,GO:0051278
CAALFM_C105610WA	GO:0032543,GO:0050567,GO:0070681
CAALFM_C105620CA	GO:0000750,GO:0004932,GO:0004932,GO:0007186,GO:0007186,GO:0016020,GO:0016020
CAALFM_C105630CA	GO:0005634,GO:0005737,GO:0006606,GO:0008139,GO:0061608
CAALFM_C105640CA	GO:0003724,GO:0003724,GO:0003729,GO:0005524,GO:0005730,GO:0071013
CAALFM_C105650WA	GO:0005524,GO:0005737,GO:0016301
CAALFM_C105660CA	GO:0000972,GO:0005643,GO:0006405,GO:0006606,GO:0017056,GO:0036228,GO:0044611
CAALFM_C105670WA	GO:0006508,GO:0008235
CAALFM_C105680CA	GO:0003697,GO:0006260
CAALFM_C105700WA	GO:0000329,GO:0005776,GO:0005829,GO:0006995,GO:0008429,GO:0016236
CAALFM_C105710CA	GO:0016020,GO:0022857,GO:0055085
CAALFM_C105720WA	GO:0000463,GO:0000463,GO:0003723,GO:0003735,GO:0003735,GO:0022625,GO:0022625
CAALFM_C105750CA	GO:0003677,GO:0005634,GO:0006338,GO:0032452
CAALFM_C105770CA	GO:0000324,GO:0004185,GO:0004185,GO:0006508,GO:0006508
CAALFM_C105780WA	GO:0003677,GO:0005654,GO:0006338,GO:0006357,GO:0016514,GO:0031491,GO:0035060,GO:0045893
CAALFM_C105800CA	GO:0005634,GO:0071171,GO:1902979
CAALFM_C105810WA	GO:0005737,GO:0006355,GO:0006457,GO:0016272,GO:0051082
CAALFM_C105820CA	GO:0000110,GO:0000710,GO:0003684,GO:0003697,GO:0005634,GO:0006289,GO:0006312,GO:0070522,GO:0070914
CAALFM_C105830WA	GO:0008757
CAALFM_C105850WA	GO:0003887,GO:0005634,GO:0005634,GO:0006260,GO:0006260,GO:0006271,GO:0006297,GO:0043625,GO:0043625,GO:1904161
CAALFM_C105910WA	GO:0005737
CAALFM_C105930CA	GO:0005515,GO:0006508,GO:0006751,GO:0006751,GO:0008233
CAALFM_C105940WA	GO:0005315,GO:0006797,GO:0006817,GO:0016020,GO:0098656
CAALFM_C105980WA	GO:0000329,GO:0004430,GO:0005765,GO:0005768,GO:0005802,GO:0005886,GO:0007030,GO:0007032,GO:0046854
CAALFM_C105990CA	GO:0005737,GO:0008677,GO:0015940
CAALFM_C106000WA	GO:0003333,GO:0015171,GO:0016020
CAALFM_C106010WA	GO:0005789,GO:0006457,GO:0034221,GO:0051082
CAALFM_C106020WA	GO:0005737,GO:0007165,GO:0043087
CAALFM_C106040WA	GO:0016567,GO:0019005,GO:0031146,GO:0031625,GO:0031625
CAALFM_C106050CA	GO:0005750,GO:0005750,GO:0006122,GO:0006122
CAALFM_C106060CA	GO:0000035,GO:0000036,GO:0005739,GO:0006633,GO:0006633
CAALFM_C106070WA	GO:0003735,GO:0003735,GO:0005840,GO:0005840,GO:0006412,GO:0006412,GO:0015935
CAALFM_C106080CA	GO:0005200,GO:0005885,GO:0005885,GO:0015629,GO:0015629,GO:0030041,GO:0034314,GO:0034314,GO:0051015
CAALFM_C106090CA	GO:0000245,GO:0004672,GO:0005524,GO:0006468,GO:0050684
CAALFM_C106100CA	GO:0005524,GO:0005634,GO:0005829,GO:0006457,GO:0140662
CAALFM_C106110CA	GO:0005634,GO:0006511,GO:0006511,GO:0031625,GO:0043130
CAALFM_C106120CA	GO:0000736,GO:0070336
CAALFM_C106130CA	GO:0000981,GO:0045944
CAALFM_C106160WA	GO:0005515
CAALFM_C106180WA	GO:0000822,GO:0005543,GO:0005643,GO:0005737,GO:0006446,GO:0006449,GO:0016973,GO:0031369,GO:0044614
CAALFM_C106210WA	GO:0005829,GO:0008478,GO:0008478,GO:0009443,GO:0009443
CAALFM_C106230CA	GO:0007005,GO:0007005,GO:0008289,GO:0015914,GO:0032865,GO:0032865,GO:1990456
CAALFM_C106270WA	GO:0005227,GO:0005886
CAALFM_C106280CA	GO:0000981,GO:0006355,GO:0008270
CAALFM_C106320WA	GO:0000747,GO:0005515,GO:0035091,GO:0043332
CAALFM_C106340WA	GO:0005515,GO:0035091
CAALFM_C106360WA	GO:0004674,GO:0005524,GO:0006468
CAALFM_C106390WA	GO:0004843,GO:0004843,GO:0005737,GO:0006511,GO:0006511,GO:0016579
CAALFM_C106400CA	GO:0005634
CAALFM_C106420CA	GO:0005515
CAALFM_C106450CA	GO:0000028,GO:0000462,GO:0003735,GO:0003735,GO:0005840,GO:0005840,GO:0006412,GO:0006412,GO:0022627,GO:0048027,GO:0070181
CAALFM_C106460CA	GO:0003735,GO:0003735,GO:0005840,GO:0005840,GO:0006412,GO:0006412,GO:0022627
CAALFM_C106470WA	GO:0003735,GO:0005840,GO:0006412,GO:0022625
CAALFM_C106480CA	GO:0005794
CAALFM_C106510CA	GO:0000329,GO:0022857,GO:0055085
CAALFM_C106520CA	GO:0005515
CAALFM_C106530CA	GO:0004843,GO:0016579
CAALFM_C106540CA	GO:0000176,GO:0000177,GO:0000467,GO:0034427,GO:0034473,GO:0034475,GO:0034476,GO:0043928,GO:0071028,GO:0071035,GO:0071038,GO:0071042
CAALFM_C106550WA	GO:0005506,GO:0006537,GO:0010181,GO:0016040,GO:0050660,GO:0051536
CAALFM_C106560WA	GO:0005515
CAALFM_C106580WA	GO:0003735,GO:0003735,GO:0005840,GO:0005840,GO:0006412,GO:0006412,GO:0022627
CAALFM_C106590CA	GO:0005634,GO:0016973
CAALFM_C106600WA	GO:0000932,GO:0003729,GO:0033962,GO:0034063,GO:1990124
CAALFM_C106610CA	GO:0015079,GO:0015079,GO:0016020,GO:0016020,GO:0071805,GO:0071805
CAALFM_C106630WA	GO:0000278,GO:0003682,GO:0005515,GO:0006261,GO:0006281,GO:0043596
CAALFM_C106650WA	GO:0004596,GO:0017196,GO:0031416
CAALFM_C106680WA	GO:0000045,GO:0000407,GO:0005737,GO:0005768,GO:0005777,GO:0006897,GO:0016020,GO:0016303,GO:0016303,GO:0030242,GO:0034271,GO:0034272,GO:0036092,GO:0048015
CAALFM_C106690WA	GO:0005515
CAALFM_C106710WA	GO:0004693,GO:0005524,GO:0005634,GO:0005675,GO:0005737,GO:0006468,GO:0006468,GO:0008353,GO:0008353,GO:0045944,GO:0070985,GO:0070985
CAALFM_C106720CA	GO:0003973,GO:0005739,GO:0047545
CAALFM_C106730WA	GO:0003924,GO:0003924,GO:0005525,GO:0005525,GO:0005856,GO:0005886,GO:0005938,GO:0007015,GO:0007163,GO:0007264,GO:0008360,GO:0019901,GO:0030865,GO:0031410,GO:0032956,GO:0042995
CAALFM_C106740CA	GO:0003723
CAALFM_C106780WA	GO:0004674,GO:0005524,GO:0006468,GO:0006468,GO:0035556
CAALFM_C106790CA	GO:0003735,GO:0003735,GO:0005762,GO:0005840,GO:0005840,GO:0006412,GO:0006412,GO:0070180
CAALFM_C106800WA	GO:0000956,GO:0005634,GO:0005829,GO:0034353,GO:0090305,GO:0110155
CAALFM_C106810WA	GO:0004096,GO:0004096,GO:0005737,GO:0005739,GO:0005777,GO:0020037,GO:0020037,GO:0042542,GO:0042744
CAALFM_C106840CA	GO:0005739,GO:0033617
CAALFM_C106850WA	GO:0000079,GO:0000079,GO:0000307,GO:0005634,GO:0016538,GO:0019901,GO:0019901
CAALFM_C106860WA	GO:0000324,GO:0005886
CAALFM_C106880CA	GO:0005515,GO:0051321,GO:0090173
CAALFM_C106890CA	GO:0003735,GO:0003735,GO:0005840,GO:0005840,GO:0006412,GO:0006412
CAALFM_C106900CA	GO:0005739,GO:0005829,GO:0019239,GO:1901565
CAALFM_C106930WA	GO:0005198,GO:0005198,GO:0005515,GO:0006886,GO:0006888,GO:0007029,GO:0007155,GO:0015629,GO:0030127,GO:0070971,GO:0090110
CAALFM_C106940CA	GO:0004555,GO:0005993,GO:0009277,GO:0030246
CAALFM_C106960WA	GO:0003723,GO:0003723,GO:0003743,GO:0003743,GO:0005850,GO:0005851,GO:0033290,GO:0043022,GO:0043614
CAALFM_C106970CA	GO:0005515
CAALFM_C106980CA	GO:0022857,GO:0055085
CAALFM_C107000WA	GO:0003924,GO:0003924,GO:0005525,GO:0005739,GO:0005739,GO:0032543,GO:0032790,GO:0032790
CAALFM_C107020CA	GO:0000981,GO:0000981,GO:0006351,GO:0008270,GO:0043565,GO:0045944
CAALFM_C107030CA	GO:0005576,GO:0005615
CAALFM_C107040CA	GO:0005615
CAALFM_C107050CA	GO:0003677,GO:0003723,GO:0005524,GO:0016887,GO:0043139
CAALFM_C107060CA	GO:0005737
CAALFM_C107070CA	GO:0000932,GO:0003724,GO:0003729,GO:0005524,GO:0010494,GO:0033962,GO:0034063
CAALFM_C107090CA	GO:0003676,GO:0004527,GO:0005634
CAALFM_C107110WA	GO:0001091,GO:0004402,GO:0005669,GO:0006366,GO:0016251,GO:0017025,GO:0051123
CAALFM_C107120WA	GO:0003333,GO:0015171,GO:0016020
CAALFM_C107140CA	GO:0003924,GO:0003924,GO:0005525,GO:0005829,GO:0042256,GO:0043022,GO:1990904
CAALFM_C107170CA	GO:0000977,GO:0000981,GO:0005634,GO:0006355,GO:0008270,GO:0009267
CAALFM_C107180WA	GO:0006801,GO:0046872,GO:0046872
CAALFM_C107190WA	GO:0005515
CAALFM_C107200WA	GO:0000064,GO:1990575
CAALFM_C107210CA	GO:0005886,GO:0008519,GO:0008519,GO:0072488,GO:0072488
CAALFM_C107230WA	GO:0004035,GO:0008967
CAALFM_C107240WA	GO:0000160,GO:0000160,GO:0005634,GO:0005737,GO:0009927,GO:0016310,GO:0043424
CAALFM_C107250CA	GO:0000026,GO:0005789,GO:0006487
CAALFM_C107260CA	GO:0003688,GO:0003697,GO:0005634,GO:0006260,GO:0006270,GO:0031298
CAALFM_C107270WA	GO:0005801,GO:0006891,GO:0006914,GO:0007030,GO:0016020,GO:0017119,GO:0032258
CAALFM_C107280CA	GO:0000439,GO:0000439,GO:0005675,GO:0006289,GO:0006289,GO:0006294,GO:0006366,GO:0006367,GO:0006367
CAALFM_C107340WA	GO:0000785,GO:0003677,GO:0003677,GO:0005524,GO:0005634,GO:0005634,GO:0006357,GO:0016887,GO:0031491,GO:0034728,GO:0042393,GO:0140658,GO:0140658
CAALFM_C107350CA	GO:0004602,GO:0004602,GO:0006979,GO:0006979
CAALFM_C107360WA	GO:0005815,GO:0005876,GO:0005881,GO:0008017,GO:0060172,GO:0072686,GO:0090307,GO:1990023
CAALFM_C107370CA	GO:0003700,GO:0003700,GO:0005634,GO:0005634,GO:0006355,GO:0019953,GO:1990526,GO:1990527,GO:2000220
CAALFM_C107380CA	GO:0004674,GO:0005524,GO:0005737,GO:0005776,GO:0006914,GO:0018105,GO:0046777,GO:1905037
CAALFM_C107390WA	GO:0005634,GO:0043130,GO:0043161
CAALFM_C107410CA	GO:0000278,GO:0005634,GO:0005737,GO:0031146,GO:0097602
CAALFM_C107420CA	GO:0005778,GO:0005778,GO:0030674,GO:0045046
CAALFM_C107430WA	GO:0008252
CAALFM_C107440WA	GO:0005739,GO:0005789,GO:0005886,GO:0032366,GO:0032541,GO:0032934,GO:0120015,GO:0140268
CAALFM_C107460CA	GO:0003923,GO:0003923,GO:0006508,GO:0016255,GO:0016255,GO:0034394,GO:0042765,GO:0042765
CAALFM_C107470CA	GO:0003677,GO:0005524,GO:0016787
CAALFM_C107480CA	GO:0003677,GO:0005524,GO:0016787
CAALFM_C107490CA	GO:0003677,GO:0005658,GO:0006260,GO:0006270
CAALFM_C107500CA	GO:0003729,GO:0005634,GO:0005634,GO:0005844,GO:0006396
CAALFM_C107510WA	GO:0005622,GO:0030170,GO:0030170
CAALFM_C107520CA	GO:0005254,GO:0032541,GO:1902476
CAALFM_C107540CA	GO:0005515
CAALFM_C107550WA	GO:0003682,GO:0005515,GO:0048188,GO:0080182
CAALFM_C107570CA	GO:0001522,GO:0003723,GO:0009982
CAALFM_C107580CA	GO:0005615
CAALFM_C107590CA	GO:0006886,GO:0030117,GO:0030122,GO:0030122,GO:0035615,GO:0035615,GO:0072583,GO:0072583
CAALFM_C107600WA	GO:0000274,GO:0000276,GO:0000276,GO:0015078,GO:0015078,GO:0015986,GO:0015986
CAALFM_C107610CA	GO:0000725,GO:0005634,GO:0097196
CAALFM_C107620CA	GO:0005199,GO:0009277,GO:0031505
CAALFM_C107640CA	GO:0004672,GO:0005524,GO:0006468
CAALFM_C107660WA	GO:0000463,GO:0000466,GO:0005730
CAALFM_C107670WA	GO:0000981,GO:0006355,GO:0008270
CAALFM_C107680WA	GO:0000978,GO:0000981,GO:0006357,GO:0016602,GO:0016602
CAALFM_C107690CA	GO:0005049,GO:0005635,GO:0005829,GO:0006606,GO:0006611,GO:0031267
CAALFM_C107700CA	GO:0005458,GO:0005794,GO:0015297
CAALFM_C107710CA	GO:0004044,GO:0004044,GO:0005737,GO:0006164,GO:0009113
CAALFM_C107790CA	GO:0005634,GO:0030686
CAALFM_C107800WA	GO:0002098,GO:0002098,GO:0005829,GO:0030488,GO:0050660
CAALFM_C107810CA	GO:0005669,GO:0006352,GO:0046982
CAALFM_C107820WA	GO:0006843
CAALFM_C107830CA	GO:0000785,GO:0005634,GO:0007064,GO:0061733
CAALFM_C107840WA	GO:0004514,GO:0004514,GO:0005737,GO:0009435,GO:0009435,GO:0034213
CAALFM_C107850CA	GO:0005680,GO:0005680,GO:0031145,GO:0031145,GO:0070979
CAALFM_C107870CA	GO:0032995,GO:0042546,GO:0043332
CAALFM_C107880CA	GO:0004357,GO:0004357,GO:0006750,GO:0006750
CAALFM_C107890CA	GO:0004637,GO:0004637,GO:0004641,GO:0004641,GO:0005524,GO:0005829,GO:0006189,GO:0006189,GO:0046084,GO:0046872
CAALFM_C107910CA	GO:0003725,GO:0004525,GO:0004525,GO:0005634,GO:0006364,GO:0010468,GO:0031053
CAALFM_C107930CA	GO:0005737,GO:0016020
CAALFM_C107950CA	GO:0003723,GO:0005730
CAALFM_C107960WA	GO:0000178,GO:0000460,GO:0003677,GO:0003723,GO:0005730,GO:0010468
CAALFM_C107970CA	GO:0004521,GO:0004674,GO:0005524,GO:0006397,GO:0006468,GO:0036498,GO:0051082,GO:0070059,GO:1990604
CAALFM_C107980CA	GO:0000709,GO:0000724,GO:0010772,GO:0032798,GO:0034974
CAALFM_C108000WA	GO:0003723
CAALFM_C108010WA	GO:0004582,GO:0004582,GO:0005789,GO:0006506,GO:0019348,GO:0035269
CAALFM_C108020WA	GO:0005737,GO:0016925,GO:0016925,GO:0019948,GO:0019948,GO:0031510
CAALFM_C108030WA	GO:0003785,GO:0005938,GO:0042989
CAALFM_C108070WA	GO:0005524,GO:0016020,GO:0016887,GO:0140359,GO:1990961
CAALFM_C108080CA	GO:0005747
CAALFM_C108090CA	GO:0003743,GO:0003924,GO:0005525
CAALFM_C108100WA	GO:0002181,GO:0003924,GO:0003924,GO:0005525,GO:0005525,GO:0005737
CAALFM_C108110WA	GO:0005634,GO:0005737,GO:0006606,GO:0008139,GO:0061608
CAALFM_C108120WA	GO:0005519,GO:0005737,GO:0030010,GO:0051286
CAALFM_C108130CA	GO:0000333,GO:0003721,GO:0003721,GO:0007004,GO:0042162,GO:0070034
CAALFM_C108140WA	GO:0005634,GO:0005737,GO:0052717
CAALFM_C108150CA	GO:0000776
CAALFM_C108160WA	GO:0000228,GO:0003712,GO:0005634,GO:0006338,GO:0006357,GO:0016586
CAALFM_C108170CA	GO:0000151,GO:0000209,GO:0006513,GO:0034450
CAALFM_C108180CA	GO:0005515,GO:0005635,GO:0005829,GO:0006887,GO:0006897,GO:0015248,GO:0016020,GO:0030011,GO:0032934,GO:0034727,GO:0043231
CAALFM_C108190CA	GO:0000981,GO:0003677,GO:0006351,GO:0006355,GO:0008270
CAALFM_C108200WA	GO:0000703,GO:0003677,GO:0003906,GO:0003906,GO:0005634,GO:0005634,GO:0006284,GO:0006285,GO:0006285,GO:0006289
CAALFM_C108210CA	GO:0005524,GO:0015127,GO:0016020,GO:0016020,GO:0016887,GO:0055085,GO:0055085,GO:0140359
CAALFM_C108220WA	GO:0000289,GO:0004535,GO:0005515,GO:0005634,GO:0005737,GO:0030014
CAALFM_C108230CA	GO:0004623,GO:0005576,GO:0005829,GO:0005886,GO:0043231,GO:0046475
CAALFM_C108240CA	GO:0005737,GO:0016791
CAALFM_C108260CA	GO:0004725,GO:0004725,GO:0006470
CAALFM_C108270CA	GO:0003712,GO:0006357,GO:0016592
CAALFM_C108290CA	GO:0005515,GO:0030490,GO:0030515,GO:0032040,GO:0034388
CAALFM_C108300WA	GO:0000289,GO:0000932,GO:0005634,GO:0006355,GO:0030015,GO:0030015
CAALFM_C108320WA	GO:0004802,GO:0004802,GO:0005829,GO:0006098
CAALFM_C108330CA	GO:0008270,GO:0016491
CAALFM_C108340CA	GO:0030904,GO:0031901,GO:0032266,GO:0032456,GO:0034499
CAALFM_C108360CA	GO:0004768,GO:0004768,GO:0005506,GO:0005789,GO:0006636,GO:0006636,GO:0020037
CAALFM_C108370WA	GO:0004865,GO:0030071,GO:0042149
CAALFM_C108380WA	GO:0003746,GO:0003746,GO:0003924,GO:0003924,GO:0005525,GO:0006412,GO:0006414,GO:0006414
CAALFM_C108390CA	GO:0005515,GO:0005634
CAALFM_C108400CA	GO:0004375,GO:0004375,GO:0005739,GO:0005960,GO:0016594,GO:0019464,GO:0030170
CAALFM_C108410CA	GO:0008898,GO:0009086,GO:0033528
CAALFM_C108420WA	GO:0000184,GO:0000339,GO:0003729,GO:0005515,GO:0005634,GO:0005845,GO:0005846,GO:0006406
CAALFM_C108430WA	GO:0005524,GO:0016887
CAALFM_C108450CA	GO:0003924,GO:0003924,GO:0005525,GO:0005525,GO:0007264
CAALFM_C108460CA	GO:0000981,GO:0000981,GO:0006357,GO:0008270
CAALFM_C108470WA	GO:0031966,GO:0034551
CAALFM_C108480CA	GO:0006886,GO:0016192,GO:0016192,GO:0030117,GO:0043231
CAALFM_C108490WA	GO:0005737,GO:0005737,GO:0009435,GO:0009435,GO:0019441,GO:0030170,GO:0030170,GO:0030429,GO:0030429,GO:0043420
CAALFM_C108500CA	GO:0000015,GO:0000015,GO:0000287,GO:0000287,GO:0004634,GO:0004634,GO:0006096,GO:0006096
CAALFM_C108510WA	GO:0016573,GO:0016573,GO:0035267
CAALFM_C108520CA	GO:0003735,GO:0032543
CAALFM_C108540CA	GO:0004674,GO:0005524,GO:0006468
CAALFM_C108560WA	GO:0005524,GO:0005832,GO:0006457,GO:0006457,GO:0016887,GO:0051082,GO:0051082,GO:0140662,GO:0140662
CAALFM_C108570CA	GO:0000079,GO:0000079,GO:0000307,GO:0005634,GO:0016538,GO:0019901,GO:0019901
CAALFM_C108580CA	GO:0000329,GO:0006874,GO:0015369,GO:0015369,GO:0070588
CAALFM_C108590CA	GO:0004506,GO:0004506,GO:0005783,GO:0006696,GO:0016020,GO:0050660
CAALFM_C108600CA	GO:0003743,GO:0005085,GO:0005085,GO:0005851,GO:0009058,GO:0031369,GO:0031369
CAALFM_C108610CA	GO:0005743,GO:0005746,GO:0033617
CAALFM_C108620WA	GO:0005375,GO:0005375,GO:0016020,GO:0016020,GO:0035434,GO:0035434
CAALFM_C108630WA	GO:0005739
CAALFM_C108640WA	GO:0000978,GO:0000981,GO:0006357,GO:0046983
CAALFM_C108650CA	GO:0003919,GO:0006747
CAALFM_C108660CA	GO:0000245,GO:0003676,GO:0005686,GO:0008270,GO:0071004,GO:0071013
CAALFM_C108670WA	GO:0003677,GO:0003713,GO:0005515,GO:0030907,GO:0033309,GO:0071931
CAALFM_C108680CA	GO:0005509,GO:0005509,GO:0005829,GO:0016020,GO:0043231
CAALFM_C108690WA	GO:0005739,GO:0005739,GO:0006099,GO:0006121,GO:0018293,GO:0018293,GO:0034553
CAALFM_C108700WA	GO:0005515
CAALFM_C108730WA	GO:0006891,GO:0017119
CAALFM_C108740CA	GO:0000149,GO:0006886,GO:0006888,GO:0008270,GO:0008270,GO:0030127,GO:0030127,GO:0070971,GO:0090110
CAALFM_C108750WA	GO:0000064,GO:1990575
CAALFM_C108770WA	GO:0005737
CAALFM_C108780WA	GO:0000329,GO:0004035,GO:0016311
CAALFM_C108790WA	GO:0000296,GO:0000297,GO:0000329,GO:0055085,GO:0055085
CAALFM_C108800WA	GO:0005737,GO:0016020,GO:0034975
CAALFM_C108810CA	GO:0003676,GO:0005524,GO:0005739
CAALFM_C108820CA	GO:0004045,GO:0004045
CAALFM_C108840WA	GO:0005515,GO:0006897,GO:0008289,GO:0030479,GO:0031097,GO:0043332,GO:0051666,GO:0097320,GO:1990528
CAALFM_C108850CA	GO:0005524,GO:0005524,GO:0005737,GO:0005739,GO:0016887,GO:0016887
CAALFM_C108860CA	GO:0016311,GO:0016791
CAALFM_C108870CA	GO:0005515,GO:0005730,GO:0006364,GO:0045943
CAALFM_C108880WA	GO:0004729,GO:0004729,GO:0005743,GO:0006783
CAALFM_C108890CA	GO:0000398,GO:0003723,GO:0005686,GO:0071011,GO:0071013
CAALFM_C108920WA	GO:0003735,GO:0003735,GO:0005763,GO:0005763
CAALFM_C108930CA	GO:0005739,GO:0005739,GO:0005747,GO:0022900,GO:0022900,GO:0032981
CAALFM_C108940CA	GO:0000978,GO:0000981,GO:0006357
CAALFM_C108950WA	GO:0003873,GO:0003873,GO:0005524,GO:0005524,GO:0005829,GO:0006000,GO:0006003,GO:0006003
CAALFM_C108980CA	GO:0004345,GO:0004345,GO:0005829,GO:0006006,GO:0006006,GO:0009051,GO:0050661,GO:0050661
CAALFM_C108990CA	GO:0000139,GO:0004252,GO:0004252,GO:0005802,GO:0016485
CAALFM_C109010WA	GO:0016226,GO:0051539,GO:0097361
CAALFM_C109020WA	GO:0003954,GO:0005747,GO:0006120,GO:0016020,GO:0016020,GO:0032981,GO:0045272,GO:0051539,GO:0051539
CAALFM_C109030CA	GO:0005751,GO:0005751,GO:0006123,GO:0006123
CAALFM_C109050WA	GO:0070403
CAALFM_C109060CA	GO:0000422,GO:0005741
CAALFM_C109070WA	GO:0000289,GO:0000289,GO:0000932,GO:0003676,GO:0004535,GO:0005515,GO:0006397,GO:0031251,GO:0031251
CAALFM_C109090CA	GO:0000981,GO:0006355,GO:0008270
CAALFM_C109100WA	GO:0000981,GO:0006355,GO:0008270
CAALFM_C109110WA	GO:0000976,GO:0003700,GO:0005634,GO:0045944
CAALFM_C109120WA	GO:0006673,GO:0030148,GO:0045140,GO:0070916
CAALFM_C109140CA	GO:0005515,GO:0030833
CAALFM_C109150WA	GO:0005739,GO:0009916,GO:0009916,GO:0010230
CAALFM_C109160WA	GO:0005739,GO:0009916,GO:0009916,GO:0010230
CAALFM_C109170WA	GO:0003700,GO:0006355,GO:0043565
CAALFM_C109180WA	GO:0000976,GO:0000981,GO:0005634,GO:0008270,GO:0045944
CAALFM_C109190CA	GO:0004371,GO:0004371,GO:0005524,GO:0005829,GO:0019563
CAALFM_C109200WA	GO:0000976,GO:0000981,GO:0005634,GO:0008270,GO:0045944
CAALFM_C109210CA	GO:0022857,GO:0022857,GO:0055085,GO:0055085
CAALFM_C109220WA	GO:0000329,GO:0022857,GO:0055085
CAALFM_C109230CA	GO:0016616
CAALFM_C109250WA	GO:0005507,GO:0005524,GO:0006812,GO:0016020,GO:0016020,GO:0016887,GO:0043682,GO:0055070
CAALFM_C109260CA	GO:0004722,GO:0006470,GO:0043169
CAALFM_C109270WA	GO:0005515
CAALFM_C109280WA	GO:0005783,GO:0030433,GO:0051087,GO:0051787
CAALFM_C109290CA	GO:0003942,GO:0003942,GO:0003991,GO:0004042,GO:0005737,GO:0005739,GO:0005759,GO:0006526,GO:0006526,GO:0034618,GO:0051287,GO:0070401
CAALFM_C109300CA	GO:0005856,GO:0051015
CAALFM_C109330WA	GO:0005634
CAALFM_C109350WA	GO:0005845,GO:0006413,GO:0017148
CAALFM_C109360CA	GO:0005886,GO:0072659
CAALFM_C109370WA	GO:0000398,GO:0000974,GO:0005681
CAALFM_C109380WA	GO:0005515,GO:0005768
CAALFM_C109390WA	GO:0005524,GO:0005739,GO:0006400,GO:0052381,GO:0052381
CAALFM_C109400CA	GO:0000329,GO:0005886,GO:0015093,GO:0033573,GO:0033573,GO:0034755,GO:0034755
CAALFM_C109420WA	GO:0004806,GO:0004806,GO:0016042,GO:0016042
CAALFM_C109430WA	GO:0005227,GO:0005886
CAALFM_C109440WA	GO:0000287,GO:0000287,GO:0004427,GO:0004427,GO:0005634,GO:0005737,GO:0005737,GO:0006796,GO:0006796
CAALFM_C109450CA	GO:0006405,GO:0006606,GO:0017056,GO:0017056,GO:0044611
CAALFM_C109460WA	GO:0004496,GO:0004496,GO:0005524,GO:0005524,GO:0005737,GO:0005737,GO:0006696,GO:0008299,GO:0008299
CAALFM_C109470CA	GO:0005743,GO:0006811,GO:0006811,GO:0015075,GO:0015075,GO:1990542
CAALFM_C109480WA	GO:0000287,GO:0006633,GO:0008897
CAALFM_C109490CA	GO:0003921,GO:0003921,GO:0003922,GO:0005524,GO:0005829,GO:0006177,GO:0006177
CAALFM_C109510WA	GO:0005515,GO:0030687,GO:0042254
CAALFM_C109520CA	GO:0008757,GO:0008757
CAALFM_C109530WA	GO:0004660,GO:0004662,GO:0005737,GO:0005953,GO:0005965,GO:0018343,GO:0018344
CAALFM_C109570WA	GO:0005739,GO:0035243
CAALFM_C109580CA	GO:0004806,GO:0004806,GO:0016042,GO:0016042
CAALFM_C109590CA	GO:0004806,GO:0004806,GO:0016042,GO:0016042
CAALFM_C109600CA	GO:0004806,GO:0004806,GO:0016042,GO:0016042
CAALFM_C109610WA	GO:0005654,GO:0005737,GO:0032091,GO:0062026,GO:0070372,GO:1990444
CAALFM_C109620CA	GO:0005759,GO:0033615
CAALFM_C109630WA	GO:0000287,GO:0004449,GO:0005739,GO:0006099,GO:0006099,GO:0006102,GO:0051287
CAALFM_C109640WA	GO:0004019,GO:0004019,GO:0005525,GO:0005737,GO:0044208,GO:0046040
CAALFM_C109650WA	GO:0005515
CAALFM_C109660WA	GO:0005634,GO:0005737,GO:0010992,GO:0043130,GO:0043161
CAALFM_C109670CA	GO:0003677,GO:0005634,GO:0006260,GO:0006281,GO:0006310
CAALFM_C109680WA	GO:0071216
CAALFM_C109690WA	GO:0004474,GO:0004474,GO:0005737,GO:0005782,GO:0006097,GO:0006097
CAALFM_C109710CA	GO:0000462,GO:0005515,GO:0005730,GO:0030686,GO:0032040
CAALFM_C109720WA	GO:0004152,GO:0004152,GO:0005737,GO:0005743,GO:0006207,GO:0006207,GO:0009220
CAALFM_C109730WA	GO:0042729,GO:0042729,GO:0044732,GO:0072686,GO:0072686,GO:1990537,GO:1990758
CAALFM_C109750WA	GO:0006890,GO:0043529,GO:0045048
CAALFM_C109760CA	GO:0005739,GO:0016020,GO:0033617
CAALFM_C109780CA	GO:0005886
CAALFM_C109790CA	GO:0003676,GO:0008270,GO:0043633
CAALFM_C109800CA	GO:0000139,GO:0016192
CAALFM_C109810WA	GO:0005525,GO:0005737,GO:0016887
CAALFM_C109830WA	GO:0034427,GO:0042802,GO:0055087
CAALFM_C109840CA	GO:0005634,GO:0005634,GO:0031144,GO:0031144,GO:0071630,GO:0071630
CAALFM_C109850CA	GO:0005634,GO:0005737
CAALFM_C109860CA	GO:0001113,GO:0005673,GO:0006367
CAALFM_C109870WA	GO:0000978,GO:0000981,GO:0006357
CAALFM_C109880CA	GO:0000398,GO:0005634,GO:0005634,GO:0005681
CAALFM_C109900WA	GO:0004806,GO:0004806,GO:0016042,GO:0016042
CAALFM_C109910CA	GO:0005654,GO:0005737,GO:0032091,GO:0062026,GO:0070372,GO:1990444
CAALFM_C109920WA	GO:0005515,GO:0005770,GO:0006623,GO:0009267,GO:0016192,GO:0016236,GO:0030897,GO:0034058,GO:0034058
CAALFM_C109950CA	GO:0000139,GO:0009306,GO:0016192
CAALFM_C109960WA	GO:0005739,GO:0005739,GO:0005743,GO:0033617,GO:0033617,GO:0051082
CAALFM_C109970CA	GO:0003677,GO:0005634
CAALFM_C109980CA	GO:0016020,GO:0016298
CAALFM_C109990WA	GO:0005783,GO:0043812,GO:0046856
CAALFM_C110000CA	GO:0005634,GO:0005737,GO:0005829,GO:0006470,GO:0008330,GO:0017017,GO:0043409
CAALFM_C110010CA	GO:0004672,GO:0004672,GO:0005524,GO:0006468
CAALFM_C110020WA	GO:0000122,GO:0000978,GO:0000981,GO:0008270,GO:0045944
CAALFM_C110030WA	GO:0003723,GO:0003724,GO:0005524,GO:0005730,GO:0006364
CAALFM_C110040WA	GO:0005783,GO:0005783,GO:0005789,GO:0015035,GO:0015035,GO:0016972,GO:0016972,GO:0034975,GO:0034975,GO:0071949,GO:0071949
CAALFM_C110070CA	GO:0000026,GO:0005794,GO:0035268,GO:0046354
CAALFM_C110100CA	GO:0006606,GO:0044613
CAALFM_C110120CA	GO:0005673,GO:0005673,GO:0006367,GO:0006367
CAALFM_C110140CA	GO:0005515
CAALFM_C110150WA	GO:0003677
CAALFM_C110160WA	GO:0005315,GO:0005743,GO:1990547
CAALFM_C110190WA	GO:0003729,GO:0005634,GO:0006406
CAALFM_C110200CA	GO:0000324,GO:0022857,GO:0022857,GO:0055085,GO:0055085
CAALFM_C110210CA	GO:0004674,GO:0004674,GO:0005524,GO:0005737,GO:0006468,GO:0006468,GO:0035556,GO:0043408
CAALFM_C110220CA	GO:0004691,GO:0005524,GO:0005634,GO:0005952,GO:0010737,GO:0018105
CAALFM_C110230CA	GO:0034657,GO:0043161
CAALFM_C110260CA	GO:0006360
CAALFM_C110270CA	GO:0005829,GO:0005886,GO:0008526,GO:0017157,GO:0032541,GO:0043001
CAALFM_C110280CA	GO:0005737,GO:0051170
CAALFM_C110290WA	GO:0004553,GO:0004553,GO:0005975,GO:0030246
CAALFM_C110300WA	GO:0000033,GO:0005794,GO:0006493
CAALFM_C110310WA	GO:0008757
CAALFM_C110320WA	GO:0000225,GO:0005783,GO:0006506
CAALFM_C110330CA	GO:0000812,GO:0031491
CAALFM_C110340WA	GO:0022857,GO:0055085
CAALFM_C110380CA	GO:0004674,GO:0004674,GO:0005524,GO:0005737,GO:0005856,GO:0018107,GO:0031032
CAALFM_C110390CA	GO:0003735,GO:0003735,GO:0005840,GO:0005840,GO:0006412,GO:0006412,GO:0022625
CAALFM_C110410WA	GO:0003677
CAALFM_C110420CA	GO:0005737,GO:0005829,GO:0005886,GO:0030674,GO:0031625,GO:0070086
CAALFM_C110430WA	GO:0000329,GO:0004035,GO:0016311
CAALFM_C110440WA	GO:0005515
CAALFM_C110450WA	GO:0005829,GO:0006545,GO:0006567,GO:0008732
CAALFM_C110460WA	GO:0006656
CAALFM_C110470WA	GO:0003723,GO:0003723,GO:0003735,GO:0003735,GO:0005840,GO:0005840,GO:0006412,GO:0006412
CAALFM_C110480WA	GO:0005829,GO:0016558
CAALFM_C110490WA	GO:0004177,GO:0004301,GO:0005829,GO:0006508,GO:0008237,GO:0008270
CAALFM_C110530WA	GO:0051087
CAALFM_C110550CA	GO:0004553,GO:0004553,GO:0005975,GO:0030246
CAALFM_C110610WA	GO:0000329,GO:0005886,GO:0022857,GO:0022857,GO:0055085,GO:0055085
CAALFM_C110620WA	GO:0000495,GO:0003723,GO:0009982,GO:0009982,GO:0031118,GO:0031120,GO:0031429,GO:1990481
CAALFM_C110630CA	GO:0007064
CAALFM_C110650WA	GO:0003677,GO:0003906,GO:0004519,GO:0005634,GO:0006284,GO:0008081,GO:0008311
CAALFM_C110660WA	GO:0003677,GO:0003677,GO:0006352,GO:0006352,GO:0016251
CAALFM_C110670CA	GO:0003677,GO:0003899,GO:0003899,GO:0005736,GO:0006351,GO:0006351
CAALFM_C110680CA	GO:0008289,GO:0061817
CAALFM_C110690WA	GO:0005739
CAALFM_C110700CA	GO:0005739,GO:0006107,GO:0006528,GO:0006541,GO:0050152
CAALFM_C110710CA	GO:0016020,GO:0022857,GO:0055085
CAALFM_C110720CA	GO:0000026,GO:0005794,GO:0035268,GO:0046354
CAALFM_C110750CA	GO:0000220,GO:0007035,GO:0046961,GO:0046961,GO:1902600,GO:1902600
CAALFM_C110760WA	GO:0000813,GO:0008333,GO:0015031,GO:0036211,GO:0043130
CAALFM_C110770WA	GO:0016020,GO:0016192,GO:0016192
CAALFM_C110780CA	GO:0003824,GO:0009117
CAALFM_C110790WA	GO:0005524,GO:0005634,GO:0005829,GO:0016887,GO:0016887,GO:0030433,GO:0030970,GO:0031593,GO:0034098,GO:0051228,GO:0071712,GO:0097352
CAALFM_C110800CA	GO:0003333,GO:0015171,GO:0016020
CAALFM_C110810WA	GO:0005576,GO:0005615
CAALFM_C110820CA	GO:0000324,GO:0006508,GO:0006508,GO:0008270,GO:0008270,GO:0070006
CAALFM_C110830WA	GO:0005789,GO:0006078,GO:0009272
CAALFM_C110840CA	GO:0005737,GO:0005770,GO:0016491,GO:0016491,GO:0042147
CAALFM_C110860CA	GO:0003682,GO:0003713,GO:0003713,GO:0005515,GO:0005634,GO:0006338,GO:0006357,GO:0006357,GO:0008270,GO:0035066,GO:0070461
CAALFM_C110870WA	GO:0003735,GO:0003735,GO:0005840,GO:0005840,GO:0006412,GO:0006412
CAALFM_C110880WA	GO:0000462,GO:0000462,GO:0005515,GO:0030515,GO:0030515,GO:0032040,GO:0034388
CAALFM_C110920WA	GO:0000127,GO:0005515,GO:0006383
CAALFM_C110930CA	GO:0002143,GO:0002143,GO:0004792,GO:0005737,GO:0005829,GO:0032447,GO:0042292,GO:0070566
CAALFM_C110940CA	GO:0005783,GO:0005793,GO:0005794,GO:0006886,GO:0006888,GO:0007030,GO:0030134
CAALFM_C110950CA	GO:0004674,GO:0005524,GO:0005829,GO:0030490,GO:0030688
CAALFM_C110960WA	GO:0000139,GO:0006673,GO:0006673,GO:0070916,GO:0070917,GO:0070917
CAALFM_C110970WA	GO:0003723,GO:0005634,GO:0006364
CAALFM_C110990CA	GO:0000978,GO:0000981,GO:0006357,GO:0046983
CAALFM_C111010CA	GO:0005778,GO:0007031
CAALFM_C111020WA	GO:0000293,GO:0005886,GO:0006826,GO:0006879,GO:0015677
CAALFM_C111030WA	GO:0042254,GO:1990904
CAALFM_C111040WA	GO:0002181,GO:0003735,GO:0003735,GO:0005840,GO:0005840,GO:0022625
CAALFM_C111050WA	GO:0003729,GO:0005634,GO:0005737,GO:1990904
CAALFM_C111060CA	GO:0002181,GO:0003723,GO:0003735,GO:0003735,GO:0005840,GO:0005840,GO:0022625
CAALFM_C111070WA	GO:0000964,GO:0005739,GO:0005739,GO:0005740
CAALFM_C111080WA	GO:0003873,GO:0003873,GO:0005524,GO:0005524,GO:0005829,GO:0006000,GO:0006003
CAALFM_C111090CA	GO:0005515,GO:0005847,GO:0006378
CAALFM_C111100WA	GO:0010309,GO:0010309,GO:0019509
CAALFM_C111110CA	GO:0005737,GO:0006457,GO:0006457,GO:0016272,GO:0016272,GO:0044183,GO:0051082
CAALFM_C111130WA	GO:0071011
CAALFM_C111150WA	GO:0005515,GO:0005634,GO:0005737,GO:0070682
CAALFM_C111160CA	GO:0005634,GO:0005737,GO:0005737,GO:0031386,GO:0032447,GO:0034227,GO:0034227
CAALFM_C111170WA	GO:0005789,GO:0005789,GO:0008250,GO:0018279,GO:0018279
CAALFM_C111190WA	GO:0003924,GO:0005525,GO:0005525,GO:0005794,GO:0006886,GO:0033365,GO:0043001
CAALFM_C111210CA	GO:0000976,GO:0001228,GO:0005634,GO:0036003,GO:0090575
CAALFM_C111220CA	GO:0004721
CAALFM_C111240CA	GO:0008654,GO:0016020,GO:0016780
CAALFM_C111250WA	GO:0005815,GO:0005881,GO:0031110,GO:0035371,GO:0051010,GO:0051225,GO:0051233,GO:1904825
CAALFM_C111280WA	GO:0000974,GO:0017070,GO:0036002,GO:0046872,GO:0071006,GO:0071007
CAALFM_C111290WA	GO:0003959,GO:0003959,GO:0005622,GO:0010181,GO:0010181,GO:0050661,GO:0050661
CAALFM_C111300CA	GO:0000398,GO:0003723,GO:0005524,GO:0071013
CAALFM_C111310CA	GO:0005737
CAALFM_C111330CA	GO:0005634,GO:0005940,GO:0016925,GO:0031386,GO:0044389
CAALFM_C111340WA	GO:0032220,GO:0043332
CAALFM_C111350CA	GO:0005515
CAALFM_C111360WA	GO:0003723,GO:0003735,GO:0005840,GO:0006412,GO:0022625
CAALFM_C111370CA	GO:0000077
CAALFM_C111380WA	GO:0005730,GO:0019843,GO:0032040,GO:0070037,GO:0070037,GO:0070475,GO:0070475
CAALFM_C111400CA	GO:0004674,GO:0005524,GO:0005737,GO:0006468,GO:0035556
CAALFM_C111420WA	GO:0003723,GO:0005730,GO:0032040
CAALFM_C111440CA	GO:0007095,GO:0010997,GO:0032147,GO:0033314
CAALFM_C111450CA	GO:0004478,GO:0004478,GO:0005524,GO:0005524,GO:0005829,GO:0006556,GO:0006556
CAALFM_C111470CA	GO:0006644,GO:0008195
CAALFM_C111480WA	GO:0005315,GO:0006817,GO:0016020,GO:0055085
CAALFM_C111500CA	GO:0004106,GO:0004106,GO:0005737,GO:0009073,GO:0009073,GO:0046417
CAALFM_C111520CA	GO:0000976,GO:0000981,GO:0005634,GO:0008270,GO:0045944
CAALFM_C111530CA	GO:0000907,GO:0005737,GO:0044273
CAALFM_C111540CA	GO:0005509,GO:0005515,GO:0005737,GO:0005886,GO:0006897,GO:0016197
CAALFM_C111550WA	GO:0000454,GO:0031429,GO:0034513,GO:0042254
CAALFM_C111560CA	GO:0005525,GO:0005739
CAALFM_C111590WA	GO:0004630,GO:0006654,GO:0035556,GO:0048870
CAALFM_C111600WA	GO:0000139,GO:0005789,GO:0006888,GO:0006888,GO:0030134,GO:0097020,GO:0097020
CAALFM_C111610CA	GO:0004414,GO:0006535,GO:0009001,GO:0009086,GO:0009092
CAALFM_C111620WA	GO:0005789,GO:0005789,GO:0008654,GO:0019915,GO:0019915,GO:0034389,GO:0106399,GO:0106399
CAALFM_C111630CA	GO:0005515
CAALFM_C111640CA	GO:0006644,GO:0008195
CAALFM_C111650WA	GO:0005829,GO:0005854,GO:0042788
CAALFM_C111660WA	GO:0004351,GO:0004351,GO:0005829,GO:0006538,GO:0030170,GO:0030170
CAALFM_C111680CA	GO:0000398,GO:0005686,GO:0071011
CAALFM_C111690WA	GO:0000122,GO:0000978,GO:0000981,GO:0008270,GO:0045944
CAALFM_C111700CA	GO:0005739,GO:0006631,GO:0019166
CAALFM_C111710CA	GO:0005199,GO:0009277,GO:0031505
CAALFM_C111730WA	GO:0005515
CAALFM_C111750WA	GO:0003333,GO:0015171
CAALFM_C111760CA	GO:0042407,GO:0042407,GO:0044284,GO:0061617,GO:0061617
CAALFM_C111770CA	GO:0005737,GO:0016491
CAALFM_C111790WA	GO:0004798,GO:0004798,GO:0005524,GO:0005634,GO:0005737,GO:0005829,GO:0006227,GO:0006233,GO:0006233,GO:0006235,GO:0009041
CAALFM_C111800CA	GO:0006886,GO:0016192,GO:0016192,GO:0030117,GO:0043231
CAALFM_C111810WA	GO:0000723,GO:0003690,GO:0006303,GO:0006303,GO:0042162,GO:0043564,GO:0071480,GO:0071481
CAALFM_C111860WA	GO:0000280,GO:0003729,GO:0005634,GO:0005737,GO:0005844
CAALFM_C111870WA	GO:0003333,GO:0015179,GO:0016020
CAALFM_C111880WA	GO:0003735,GO:0005762,GO:0032543
CAALFM_C111890WA	GO:0051920
CAALFM_C111900CA	GO:0000184,GO:0003729,GO:0005730,GO:0005737,GO:0045727
CAALFM_C111910WA	GO:0000973,GO:0003690,GO:0003723,GO:0006368,GO:0016973,GO:0070390
CAALFM_C111920WA	GO:0005771,GO:0032511
CAALFM_C111940CA	GO:0005515
CAALFM_C111980WA	GO:0000785,GO:0003712,GO:0003712,GO:0016592,GO:0016592,GO:0045944
CAALFM_C112010CA	GO:0003777,GO:0003777,GO:0005524,GO:0007018,GO:0007018,GO:0008017
CAALFM_C112030WA	GO:0016616,GO:0051287
CAALFM_C112050WA	GO:0000502,GO:0005634,GO:0008540,GO:0030234,GO:0034515,GO:0042176,GO:0043161
CAALFM_C112070CA	GO:0005515,GO:0005615,GO:0031012
CAALFM_C112080WA	GO:0005737,GO:0016020,GO:0017050,GO:0043231,GO:0046512
CAALFM_C112100CA	GO:0005324,GO:0005524,GO:0005778,GO:0006635,GO:0007031,GO:0015910,GO:0016887,GO:0042760,GO:0140359
CAALFM_C112120WA	GO:0004674,GO:0005524,GO:0018105,GO:0018107
CAALFM_C112130CA	GO:0000981,GO:0006355,GO:0008270
CAALFM_C112150CA	GO:0000045,GO:0000407,GO:0006914,GO:0006914
CAALFM_C112170CA	GO:0016791,GO:0016791
CAALFM_C112190WA	GO:0000151,GO:0000209,GO:0006513,GO:0034450
CAALFM_C112200WA	GO:0005789,GO:0005789,GO:0006506,GO:0006506,GO:0051377,GO:0051377
CAALFM_C112210WA	GO:0000162,GO:0004425,GO:0005829
CAALFM_C112220WA	GO:0003688,GO:0005634,GO:0006270,GO:0016887,GO:0033314,GO:0051301
CAALFM_C112230WA	GO:0006357,GO:0034967
CAALFM_C112240CA	GO:0002196,GO:0003676,GO:0004813,GO:0005524,GO:0006419,GO:0006450
CAALFM_C112250CA	GO:0005515
CAALFM_C112260WA	GO:0012505,GO:0070072,GO:0070072
CAALFM_C112270WA	GO:0002094,GO:0005783,GO:0005811,GO:0006486,GO:0016020,GO:0019408,GO:0045547,GO:1904423
CAALFM_C112280CA	GO:0005739
CAALFM_C112290CA	GO:0004252,GO:0004252,GO:0006508,GO:0016020,GO:0016020
CAALFM_C112310CA	GO:0000027,GO:0005730,GO:0006364,GO:0019843
CAALFM_C112320CA	GO:0000276,GO:0015986
CAALFM_C112340CA	GO:0003723,GO:0003735,GO:0003735,GO:0005763,GO:0005840,GO:0005840,GO:0006412,GO:0006412
CAALFM_C112350WA	GO:0000175,GO:0000176,GO:0000177,GO:0003723,GO:0004519,GO:0016075
CAALFM_C112360CA	GO:0005758,GO:0005829,GO:0008686,GO:0008686,GO:0009060,GO:0009231,GO:0009231
CAALFM_C112380CA	GO:0004830,GO:0004830,GO:0005524,GO:0005737,GO:0006436,GO:0006436
CAALFM_C112390CA	GO:0003735,GO:0003735,GO:0005840,GO:0005840,GO:0006412,GO:0006412,GO:0022625
CAALFM_C112410CA	GO:0004674,GO:0004674,GO:0005524,GO:0018105,GO:0035556
CAALFM_C112430WA	GO:0005546,GO:0005737,GO:0005886,GO:0031932,GO:0038203
CAALFM_C112440WA	GO:0000027,GO:0003676,GO:0005634,GO:0006364,GO:0006364,GO:0008408
CAALFM_C112450CA	GO:0043087
CAALFM_C112480WA	GO:0000171,GO:0000172,GO:0000294,GO:0005655,GO:0008033,GO:0034965
CAALFM_C112490WA	GO:0005515,GO:0005794,GO:0006623,GO:0006895,GO:0006896,GO:0016020
CAALFM_C112510WA	GO:0000282,GO:0005621,GO:0005935,GO:0061161,GO:1902929
CAALFM_C112520WA	GO:0000407,GO:0006888,GO:0031410,GO:0034497,GO:1990072
CAALFM_C112530CA	GO:0005794,GO:0006890,GO:0006890,GO:0016020,GO:0016020
CAALFM_C112550CA	GO:0000727,GO:0003697,GO:0005524,GO:0005524,GO:0005634,GO:0006260,GO:0006268,GO:0006271,GO:0017116,GO:0042555,GO:0042555,GO:1902975
CAALFM_C112560CA	GO:0000150,GO:0000150,GO:0000730,GO:0000794,GO:0003690,GO:0003697,GO:0005524,GO:0005634,GO:0006281,GO:0006312,GO:0007131,GO:0007131,GO:0016887,GO:0042148,GO:0070192,GO:0140664
CAALFM_C112570CA	GO:0002098,GO:0002098,GO:0005737,GO:0008023,GO:0033588,GO:0033588
CAALFM_C112580WA	GO:0016020,GO:0016020
CAALFM_C112590WA	GO:0000276,GO:0015078,GO:0015986
CAALFM_C112600CA	GO:0003676,GO:0003724,GO:0005524,GO:0030490
CAALFM_C112610WA	GO:0003735,GO:0004525,GO:0005762,GO:0006396,GO:0032543
CAALFM_C112620WA	GO:0000131,GO:0005078,GO:0005826,GO:0005934,GO:0005935,GO:0007121,GO:0007124,GO:0031382,GO:0036267,GO:0043332,GO:1902716
CAALFM_C112630CA	GO:0003723,GO:0045292,GO:0071013
CAALFM_C112640WA	GO:0042720
CAALFM_C112650CA	GO:0005634,GO:0006301,GO:0070534
CAALFM_C112660WA	GO:0000776,GO:0005635,GO:0007094,GO:0007094,GO:0051315,GO:0072686
CAALFM_C112670CA	GO:0000244,GO:0000398,GO:0000398,GO:0005515,GO:0046540,GO:0071013
CAALFM_C112680WA	GO:0005515
CAALFM_C112730WA	GO:0005515,GO:0006897,GO:0008289,GO:0030479,GO:0031097,GO:0043332,GO:0051666,GO:0097320,GO:1990528
CAALFM_C112750CA	GO:0000398,GO:0003729,GO:0005515,GO:0071013
CAALFM_C112760WA	GO:0005634
CAALFM_C112770WA	GO:0001732,GO:0002188,GO:0003729,GO:0003743,GO:0043614,GO:0071540,GO:0071541
CAALFM_C112780WA	GO:0004747,GO:0006014
CAALFM_C112790CA	GO:0005789,GO:0009922,GO:0009922,GO:0019367,GO:0030148,GO:0034625,GO:0034626,GO:0042761
CAALFM_C112800WA	GO:0000398,GO:0003723,GO:0005684
CAALFM_C112810WA	GO:0008703,GO:0009231,GO:0009231
CAALFM_C112820CA	GO:0003677,GO:0003899,GO:0003899,GO:0005665,GO:0005666,GO:0005736,GO:0006351
CAALFM_C112830CA	GO:0000724,GO:0016579,GO:0043130
CAALFM_C112840WA	GO:0000712,GO:0003682,GO:0031297,GO:0043240,GO:0046982,GO:0071821,GO:0071821
CAALFM_C112880CA	GO:0003677,GO:0005634
CAALFM_C112920CA	GO:0005794,GO:0016020,GO:0016192,GO:0031267
CAALFM_C112930CA	GO:0016020,GO:0022857,GO:0055085
CAALFM_C112950WA	GO:0005515
CAALFM_C112960CA	GO:0003779,GO:0005935,GO:0031267,GO:0032153,GO:0043332,GO:0051016,GO:0051017,GO:1903475
CAALFM_C112970CA	GO:0005085,GO:0006887,GO:0051286,GO:0070319
CAALFM_C113020CA	GO:0005787,GO:0005787,GO:0006465,GO:0006465,GO:0016020,GO:0016020,GO:0045047
CAALFM_C113030CA	GO:0004817,GO:0004817,GO:0005524,GO:0005524,GO:0005737,GO:0006423,GO:0006423
CAALFM_C113050WA	GO:0003723,GO:0003735,GO:0003735,GO:0005840,GO:0006412,GO:0022625,GO:0042273
CAALFM_C113060CA	GO:0003746,GO:0003746,GO:0003924,GO:0003924,GO:0005525,GO:0005739,GO:0070125
CAALFM_C113070CA	GO:0006629,GO:0016717
CAALFM_C113110CA	GO:0004100,GO:0006038,GO:0030428,GO:0071944
CAALFM_C113130CA	GO:0003333,GO:0015171,GO:0016020
CAALFM_C113140CA	GO:0046983
CAALFM_C113160WA	GO:0005737,GO:0009058
CAALFM_C113170CA	GO:0005524,GO:0005524,GO:0005634,GO:0006298,GO:0006298,GO:0030983,GO:0030983,GO:0032301,GO:0140664
CAALFM_C113200CA	GO:0003676,GO:0004527,GO:0005634
CAALFM_C113220CA	GO:0000139,GO:0005515,GO:0016409,GO:0016409,GO:0018345
CAALFM_C113260WA	GO:0000413,GO:0003755,GO:0003755,GO:0061077
CAALFM_C113270WA	GO:0000309,GO:0005634,GO:0005737,GO:0016887,GO:0034356
CAALFM_C113280CA	GO:0033179,GO:0046961,GO:1902600
CAALFM_C113290WA	GO:0005886,GO:0009277,GO:0031505
CAALFM_C113300CA	GO:0000502,GO:0005634,GO:0008540,GO:0030234,GO:0034515,GO:0042176,GO:0043161
CAALFM_C113310WA	GO:0007165
CAALFM_C113320CA	GO:0000981,GO:0005634,GO:0036086
CAALFM_C113330CA	GO:0004766,GO:0005829,GO:0008295
CAALFM_C113350WA	GO:0000978,GO:0000981,GO:0005634,GO:0006357
CAALFM_C113360CA	GO:0000172,GO:0000172,GO:0000294,GO:0000466,GO:0042134,GO:0042134
CAALFM_C113370WA	GO:0005515
CAALFM_C113380WA	GO:0000398,GO:0003723,GO:0005684,GO:0070274
CAALFM_C113400CA	GO:0005313,GO:0015183,GO:0015810,GO:0015813,GO:0043490
CAALFM_C113410WA	GO:0005758,GO:0033617
CAALFM_C113420CA	GO:0000956,GO:0000956,GO:0003723,GO:0004534,GO:0005634,GO:0016075
CAALFM_C113440CA	GO:0000978,GO:0003700,GO:0006357
CAALFM_C113470WA	GO:0004672,GO:0004672,GO:0005524,GO:0005634,GO:0006468,GO:0006468
CAALFM_C113480WA	GO:0005524,GO:0005524,GO:0005634,GO:0005737,GO:0005829,GO:0005886,GO:0006616,GO:0016192,GO:0016887,GO:0031072,GO:0034620,GO:0042026,GO:0051082,GO:0051085,GO:0051787,GO:0140662,GO:0140662
CAALFM_C113490CA	GO:0006812,GO:0006874,GO:0008324,GO:0016020,GO:0016020,GO:0055085
CAALFM_C113510CA	GO:0006629
CAALFM_C113540WA	GO:0005783,GO:0006506,GO:0008374
CAALFM_C113550CA	GO:0005643,GO:0006913,GO:0008139,GO:0017056
CAALFM_C113570WA	GO:0003729,GO:0005737,GO:0010608
CAALFM_C113580WA	GO:0005524,GO:0005795,GO:0006891,GO:0016887,GO:0016887,GO:0035494,GO:0043001
CAALFM_C113610CA	GO:0005634,GO:0005737,GO:0007165,GO:0019901,GO:0031588
CAALFM_C113620WA	GO:0000981,GO:0003677,GO:0006351,GO:0006355,GO:0008270
CAALFM_C113630WA	GO:0004460,GO:0006089,GO:0020037
CAALFM_C113640WA	GO:0000978,GO:0000981,GO:0005507,GO:0005507,GO:0005634,GO:0005634,GO:0006878,GO:0006879,GO:0045944
CAALFM_C113650CA	GO:0005634,GO:0005737,GO:0030695
CAALFM_C113660WA	GO:0005524,GO:0005634,GO:0007131,GO:0015616,GO:0016817,GO:0045003,GO:0140658
CAALFM_C113670WA	GO:0010181,GO:0016491,GO:0020037
CAALFM_C113680CA	GO:0005737,GO:0005739,GO:0005960,GO:0005960,GO:0009249,GO:0019464,GO:0019464
CAALFM_C113690CA	GO:0005484,GO:0005886,GO:0006906,GO:0016192,GO:0019905,GO:0031201
CAALFM_C113710CA	GO:0005876,GO:0042729,GO:0042729,GO:0044732,GO:0072686,GO:0072686
CAALFM_C113720WA	GO:0005515
CAALFM_C113730CA	GO:0000179,GO:0000179,GO:0005759,GO:0031167
CAALFM_C113740WA	GO:0005816,GO:0005938,GO:0030473,GO:0031578,GO:0043332,GO:0051293
CAALFM_C113760WA	GO:0000287,GO:0004610,GO:0004610,GO:0005975,GO:0006048,GO:0034221
CAALFM_C113770CA	GO:0005737,GO:0005739
CAALFM_C113780WA	GO:0000146,GO:0005524,GO:0005737,GO:0007015,GO:0015629,GO:0016459,GO:0030050,GO:0031982,GO:0051015
CAALFM_C113800CA	GO:0005886,GO:0015204,GO:0071918
CAALFM_C113820CA	GO:0003677
CAALFM_C113830CA	GO:0004742,GO:0006086,GO:0045254
CAALFM_C113840WA	GO:0005384,GO:0005886,GO:0006826,GO:0015086,GO:0030026
CAALFM_C113850CA	GO:0016020,GO:0022857,GO:0022857,GO:0055085
CAALFM_C113860CA	GO:0004616,GO:0004616,GO:0005829,GO:0006098,GO:0009051,GO:0046177,GO:0050661,GO:0050661
CAALFM_C113870WA	GO:0000096,GO:0004781,GO:0004781,GO:0005737,GO:0010134,GO:0019379
CAALFM_C113880CA	GO:0000785,GO:0000978,GO:0000981,GO:0006357
CAALFM_C113900CA	GO:0004758,GO:0017059,GO:0030170,GO:0046512,GO:0046513
CAALFM_C113910CA	GO:0005524,GO:0005739,GO:0016887
CAALFM_C113920WA	GO:0005737
CAALFM_C113930WA	GO:0000156,GO:0007234,GO:0030295,GO:1990315
CAALFM_C113940WA	GO:0009277,GO:0009986,GO:0031505
CAALFM_C113950CA	GO:0000045,GO:0000045,GO:0000422,GO:0005737,GO:0005737,GO:0006501,GO:0034045,GO:0034274,GO:0044804
CAALFM_C113960WA	GO:0005737,GO:0034599
CAALFM_C113980CA	GO:0005886,GO:0015204,GO:0071918
CAALFM_C113990WA	GO:0016791
CAALFM_C114000CA	GO:0004843,GO:0016579
CAALFM_C114010WA	GO:0004674,GO:0005524,GO:0005634,GO:0005737,GO:0006468,GO:0035556
CAALFM_C114020WA	GO:0005094,GO:0005094,GO:0005515,GO:0005515,GO:0005737,GO:0005737,GO:0005829,GO:0007266,GO:0007266,GO:0016020
CAALFM_C114040WA	GO:0006886,GO:0016192,GO:0016192,GO:0030117,GO:0030276
CAALFM_C114050CA	GO:0003676,GO:0005524
CAALFM_C114060WA	GO:0005576,GO:0009251,GO:0009986,GO:0046557
CAALFM_C114080WA	GO:0000462,GO:0030515,GO:0030686,GO:0032040,GO:0034455,GO:0045943
CAALFM_C114090WA	GO:0005524,GO:0005524,GO:0005759,GO:0044183,GO:0044183,GO:0046872,GO:0051082,GO:0051085,GO:0051087
CAALFM_C114100WA	GO:0003924,GO:0005525
CAALFM_C114110CA	GO:0003723,GO:0003735,GO:0003735,GO:0005840,GO:0006412,GO:0022625
CAALFM_C114120CA	GO:0005576,GO:0005615
CAALFM_C114130WA	GO:0005886,GO:0015093,GO:0033573,GO:0033573,GO:0034755,GO:0034755
CAALFM_C114140CA	GO:0005515
CAALFM_C114150CA	GO:0005744,GO:0030150
CAALFM_C114160WA	GO:0005634,GO:0016279,GO:0018026
CAALFM_C114170WA	GO:0000151,GO:0000209,GO:0005737,GO:0006511,GO:0008270,GO:0031624,GO:0032436,GO:0061630
CAALFM_C114190CA	GO:0004865,GO:0004865,GO:0005634,GO:0008157,GO:0032515,GO:0032515
CAALFM_C114200WA	GO:0000139
CAALFM_C114210CA	GO:0005634,GO:0005741,GO:0005829
CAALFM_C114220CA	GO:0005886,GO:0015093,GO:0033573,GO:0033573,GO:0034755,GO:0034755
CAALFM_C114230CA	GO:0000785,GO:0003682,GO:0005634,GO:0007062,GO:0008278
CAALFM_C114240WA	GO:0003677,GO:0016514,GO:0042393,GO:0045893
CAALFM_C114250CA	GO:0005515
CAALFM_C114260CA	GO:0003723,GO:0003743,GO:0005737,GO:0005852
CAALFM_C114270WA	GO:0004061,GO:0019441
CAALFM_C114280CA	GO:0003729,GO:0005634,GO:0005737,GO:1990904
CAALFM_C114290CA	GO:0005634,GO:0005737,GO:0007165,GO:0019901,GO:0031588
CAALFM_C114300CA	GO:0016020
CAALFM_C114310WA	GO:0008270,GO:0016787
CAALFM_C114320CA	GO:0005739,GO:0018773
CAALFM_C114330WA	GO:0002143,GO:0005739,GO:0016783
CAALFM_C114340CA	GO:0005634,GO:0045944
CAALFM_C114350WA	GO:0004865,GO:0004865,GO:0005634,GO:0008157,GO:0032515,GO:0032515
CAALFM_C114390WA	GO:0003677,GO:0003899,GO:0003899,GO:0005665,GO:0005666,GO:0005736,GO:0006351,GO:0008270
CAALFM_C114400CA	GO:0005524,GO:0006298,GO:0006298,GO:0016887,GO:0032300,GO:0140664
CAALFM_C114410WA	GO:0000398,GO:0003723,GO:0003723,GO:0005688,GO:0046540,GO:1990726
CAALFM_C114420WA	GO:0004190,GO:0005515,GO:0006508
CAALFM_C114430CA	GO:0004032,GO:0005829
CAALFM_C114440CA	GO:0005093,GO:0005093,GO:0005737,GO:0007264,GO:0007264,GO:0015031,GO:0016192
CAALFM_C114450CA	GO:0030145,GO:0070006
CAALFM_C114460WA	GO:0005515,GO:0008237,GO:0008237,GO:0008541,GO:0016579,GO:0043161,GO:0070628
CAALFM_C114470WA	GO:0004843,GO:0008270,GO:0016579
CAALFM_C114500CA	GO:0004059,GO:0005737
CAALFM_C200030WA	GO:0001042,GO:0001181,GO:0001181,GO:0005634,GO:0006361,GO:0006361
CAALFM_C200050CA	GO:0005199,GO:0009277,GO:0031505
CAALFM_C200070CA	GO:0005634,GO:0005634,GO:0005732,GO:0005732,GO:0006364,GO:0006364,GO:0032040,GO:0034457,GO:0034457
CAALFM_C200080CA	GO:0005975
CAALFM_C200100CA	GO:0009277
CAALFM_C200110WA	GO:0010181,GO:0042602
CAALFM_C200140WA	GO:0000228,GO:0003677,GO:0003700,GO:0003700,GO:0045944,GO:0051321
CAALFM_C200150WA	GO:0055085
CAALFM_C200160CA	GO:0005739
CAALFM_C200170CA	GO:0005741,GO:0008641,GO:0061503,GO:0061504
CAALFM_C200180CA	GO:0004846,GO:0004846,GO:0005777,GO:0006145,GO:0019628
CAALFM_C200190CA	GO:0005778,GO:0007031
CAALFM_C200200WA	GO:0000350,GO:0005682,GO:0008380,GO:0008380,GO:0046540,GO:0071021
CAALFM_C200210WA	GO:0003735,GO:0003735,GO:0005840,GO:0005840,GO:0006412,GO:0006412,GO:0022618,GO:0022625
CAALFM_C200220CA	GO:0005674,GO:0006366,GO:0006367,GO:0006367
CAALFM_C200230WA	GO:0004057,GO:0004057,GO:0005737,GO:0016598,GO:0016598
CAALFM_C200240CA	GO:0004784,GO:0005507,GO:0005576,GO:0019430
CAALFM_C200260CA	GO:0004306,GO:0005737,GO:0006646
CAALFM_C200280CA	GO:0005684,GO:0034247,GO:0046872
CAALFM_C200290WA	GO:0001671,GO:0001671,GO:0005739,GO:0044571,GO:0044571,GO:0051087,GO:0051087,GO:0051259
CAALFM_C200300CA	GO:0005737,GO:0005956,GO:0005956,GO:0019887,GO:0019887,GO:0080163
CAALFM_C200320WA	GO:0043529,GO:0071816
CAALFM_C200330CA	GO:0000417,GO:0005515,GO:0005634,GO:0006338,GO:0006351,GO:0006355,GO:0031491
CAALFM_C200340CA	GO:0006571,GO:0008793,GO:0009074,GO:0019878,GO:0030170,GO:0047536
CAALFM_C200350WA	GO:0003676,GO:0005524,GO:0008270,GO:0016818,GO:0140658
CAALFM_C200360CA	GO:0070006
CAALFM_C200370WA	GO:0005737,GO:0006606,GO:0031965
CAALFM_C200380CA	GO:0003677,GO:0003677,GO:0005634,GO:0005634,GO:0006260,GO:0006260,GO:0006281,GO:0006281,GO:0006310,GO:0006310
CAALFM_C200390CA	GO:0004121,GO:0005737,GO:0019346,GO:0019346,GO:0030170,GO:0030170,GO:0071266
CAALFM_C200400CA	GO:0003954,GO:0005747,GO:0045272
CAALFM_C200410CA	GO:0000462,GO:0003723,GO:0005524,GO:0005622,GO:0005730
CAALFM_C200420WA	GO:0016020,GO:0016192
CAALFM_C200430CA	GO:0006272,GO:0006974,GO:0008622,GO:0008623,GO:0031490,GO:0031507,GO:0046982
CAALFM_C200440WA	GO:0004402,GO:0006355,GO:0016573
CAALFM_C200450CA	GO:0005515,GO:0005680,GO:0010997,GO:0031145,GO:1904668,GO:1905786,GO:1990757
CAALFM_C200460WA	GO:0000324,GO:0004190,GO:0004190,GO:0051603
CAALFM_C200470WA	GO:0006606,GO:0006999,GO:0017056,GO:0070762
CAALFM_C200480CA	GO:0006729,GO:0006729,GO:0008124,GO:0008124
CAALFM_C200490WA	GO:0030122,GO:0031410,GO:0035615,GO:0072583
CAALFM_C200500WA	GO:0000976,GO:0000981,GO:0005634,GO:0008270,GO:0045944
CAALFM_C200520WA	GO:0007117,GO:0008496,GO:0008496,GO:0009272,GO:0016052,GO:0016052
CAALFM_C200540WA	GO:0015297,GO:0016020,GO:0016020,GO:0042910,GO:1990961
CAALFM_C200550WA	GO:0016020,GO:0022857,GO:0055085
CAALFM_C200570WA	GO:0005634,GO:0006357,GO:0016586
CAALFM_C200580CA	GO:0005384,GO:0005886,GO:0006826,GO:0015086,GO:0030026
CAALFM_C200600CA	GO:0005506,GO:0005739,GO:0016226,GO:0051536
CAALFM_C200610CA	GO:0000276,GO:0015078,GO:0015078,GO:0015986,GO:0015986
CAALFM_C200630CA	GO:0000256,GO:0000256,GO:0004037,GO:0004037
CAALFM_C200660CA	GO:0004784,GO:0005507,GO:0005576,GO:0019430
CAALFM_C200680CA	GO:0004784,GO:0005507,GO:0005576,GO:0019430
CAALFM_C200690WA	GO:0000175
CAALFM_C200700WA	GO:0004176,GO:0004222,GO:0005524,GO:0005745,GO:0008270,GO:0016020,GO:0016887,GO:0034982,GO:0065003
CAALFM_C200710WA	GO:0005634,GO:0031490
CAALFM_C200780WA	GO:0003988,GO:0005777,GO:0006635,GO:0010124
CAALFM_C200790CA	GO:0004143,GO:0005789,GO:0006654
CAALFM_C200810CA	GO:0005524,GO:0005524,GO:0005739,GO:0016226,GO:0016226,GO:0032981,GO:0051539,GO:0140663
CAALFM_C200820WA	GO:0002098,GO:0003924,GO:0005515,GO:0005525,GO:0005737,GO:0005739,GO:0030488
CAALFM_C200830CA	GO:0005515,GO:0006338,GO:0016586
CAALFM_C200840WA	GO:0003958,GO:0005829,GO:0010181,GO:0010181,GO:0050660
CAALFM_C200850WA	GO:0000049,GO:0004826,GO:0004826,GO:0005524,GO:0005737,GO:0005737,GO:0005739,GO:0006432,GO:0006432
CAALFM_C200860CA	GO:0005737,GO:0019901
CAALFM_C200870WA	GO:0001919,GO:0007040,GO:0016197,GO:0031902,GO:0032008,GO:0042632,GO:0043410,GO:0045121,GO:0071230,GO:0071986
CAALFM_C200880WA	GO:0000166
CAALFM_C200930CA	GO:0000815,GO:0005771,GO:0015031,GO:0032509,GO:0045324
CAALFM_C200940WA	GO:0016020,GO:0016020
CAALFM_C200950CA	GO:0003677,GO:0003689,GO:0005634,GO:0005663,GO:0006261,GO:0006281,GO:0016887,GO:0031389,GO:0031390,GO:0031391
CAALFM_C200960CA	GO:0008113
CAALFM_C200970CA	GO:0004197,GO:0004843,GO:0004843,GO:0005634,GO:0005829,GO:0016579,GO:0016579
CAALFM_C201000WA	GO:0005351,GO:0005886,GO:0008643,GO:0055085
CAALFM_C201010WA	GO:0005351,GO:0005886,GO:0008643,GO:0055085
CAALFM_C201020WA	GO:0005351,GO:0005886,GO:0008643,GO:0055085
CAALFM_C201030WA	GO:0003735,GO:0003735,GO:0005762,GO:0005840,GO:0019843,GO:0019843,GO:0032543
CAALFM_C201060CA	GO:0017183,GO:0046872
CAALFM_C201070WA	GO:0001188,GO:0003677,GO:0003677,GO:0005736,GO:0006362,GO:0042790
CAALFM_C201090CA	GO:0005783,GO:0016020,GO:0016020,GO:0030674
CAALFM_C201110CA	GO:0001932,GO:0005634,GO:0005952,GO:0008603
CAALFM_C201120WA	GO:0005524,GO:0005524,GO:0005634,GO:0005737,GO:0005788,GO:0016020,GO:0016887,GO:0030433,GO:0030968,GO:0031072,GO:0034620,GO:0034663,GO:0042026,GO:0051082,GO:0051085,GO:0051787,GO:0140662,GO:0140662
CAALFM_C201130WA	GO:0000289,GO:0000932,GO:0005634,GO:0006355,GO:0030015
CAALFM_C201150WA	GO:0004842,GO:0005515,GO:0005778,GO:0006513,GO:0008270,GO:0016558,GO:1990429
CAALFM_C201160WA	GO:0019509,GO:0046523
CAALFM_C201170CA	GO:0000938,GO:0006896,GO:0019905,GO:0042147,GO:0042147
CAALFM_C201180WA	GO:0005507,GO:0005507,GO:0005758,GO:0005758,GO:0016531,GO:0016531,GO:0033617
CAALFM_C201190CA	GO:0016020
CAALFM_C201200CA	GO:0007039,GO:0042149
CAALFM_C201210CA	GO:0016020,GO:0022857,GO:0055085
CAALFM_C201220WA	GO:0005643,GO:0005643,GO:0006606,GO:0016973,GO:0017056,GO:0017056
CAALFM_C201230WA	GO:0004656,GO:0005506,GO:0005783,GO:0018401,GO:0031418
CAALFM_C201240CA	GO:0003677,GO:0003678,GO:0003678,GO:0005524,GO:0005634,GO:0006139,GO:0016818,GO:0032508,GO:0034085
CAALFM_C201270WA	GO:0003941,GO:0004794,GO:0006565,GO:0006567,GO:0030170
CAALFM_C201300CA	GO:0000026,GO:0005794,GO:0035268,GO:0046354
CAALFM_C201310WA	GO:0035091,GO:0042147
CAALFM_C201320WA	GO:0005198,GO:0005634,GO:0005829,GO:0006511,GO:0008541
CAALFM_C201330CA	GO:0070403
CAALFM_C201340WA	GO:0005794,GO:0016020,GO:0016020,GO:0042147
CAALFM_C201350CA	GO:0000407,GO:0006914,GO:0032258,GO:0035091
CAALFM_C201360CA	GO:0007117,GO:0008496,GO:0008496,GO:0009272,GO:0016052,GO:0016052
CAALFM_C201380WA	GO:0004623,GO:0005576,GO:0005829,GO:0005886,GO:0043231,GO:0046475
CAALFM_C201390WA	GO:0005543,GO:0005768,GO:0005886,GO:0006897,GO:0007015,GO:0030125,GO:0030276
CAALFM_C201400CA	GO:0005634,GO:0006302,GO:0035361,GO:1990683
CAALFM_C201410CA	GO:0000079,GO:0000086,GO:0000307,GO:0005634,GO:0005737,GO:0005813,GO:0016538,GO:0016538
CAALFM_C201430WA	GO:0002055,GO:0003999,GO:0003999,GO:0005737,GO:0005737,GO:0006168,GO:0006168,GO:0016208,GO:0044209
CAALFM_C201440CA	GO:0005868,GO:0007017,GO:0007017,GO:0045505,GO:0051959,GO:0060271
CAALFM_C201470WA	GO:0003712,GO:0003712,GO:0006357,GO:0006357,GO:0016592,GO:0016592
CAALFM_C201480WA	GO:0003729,GO:0006357,GO:0006357,GO:0006368,GO:0032044,GO:0032784,GO:0032784,GO:0140673
CAALFM_C201490CA	GO:0000439,GO:0005675,GO:0006289,GO:0006289,GO:0006351,GO:0006357,GO:0008270
CAALFM_C201510CA	GO:0002100,GO:0005634,GO:0005737,GO:0008270,GO:0052717
CAALFM_C201520WA	GO:0006482,GO:0006482,GO:0051723,GO:0051723
CAALFM_C201530CA	GO:0003952,GO:0003952,GO:0004359,GO:0004359,GO:0005524,GO:0005737,GO:0005737,GO:0009435,GO:0009435
CAALFM_C201540WA	GO:0016491
CAALFM_C201550WA	GO:0005634,GO:0008195,GO:0009062,GO:0019432
CAALFM_C201560WA	GO:0000030
CAALFM_C201570WA	GO:0004059,GO:0005737
CAALFM_C201580WA	GO:0000175,GO:0000175,GO:0003676,GO:0005739
CAALFM_C201590WA	GO:0005743,GO:0005743,GO:0005751,GO:0005751,GO:0006123,GO:0030234
CAALFM_C201600CA	GO:0000159,GO:0000159,GO:0005515,GO:0005829,GO:0019888,GO:0019888,GO:0070262
CAALFM_C201610CA	GO:0003729,GO:0003735,GO:0003735,GO:0005840,GO:0005840,GO:0006412,GO:0006412,GO:0022627
CAALFM_C201620WA	GO:0005740,GO:0005740,GO:0005751,GO:0005751,GO:0006123,GO:0006123
CAALFM_C201630WA	GO:0005829,GO:0016618,GO:0030267,GO:0051287
CAALFM_C201640WA	GO:0000147,GO:0005634,GO:0008092,GO:0030674,GO:0030833,GO:0042802,GO:0043130
CAALFM_C201650WA	GO:0001734,GO:0005634,GO:0036396,GO:0080009
CAALFM_C201660CA	GO:0005783,GO:0046521
CAALFM_C201670CA	GO:0004579,GO:0016020,GO:0016020,GO:0018279,GO:0043687
CAALFM_C201680CA	GO:0006623,GO:0032266,GO:0033565,GO:0043130,GO:0043328,GO:0046872
CAALFM_C201690WA	GO:0000104,GO:0000104,GO:0005749,GO:0006099,GO:0006099,GO:0006121,GO:0009055,GO:0009055,GO:0016020
CAALFM_C201700CA	GO:0005634,GO:0006355
CAALFM_C201710WA	GO:0008608,GO:0042729
CAALFM_C201740CA	GO:0003735,GO:0005762
CAALFM_C201780WA	GO:0000282,GO:0001402,GO:0005034,GO:0005576,GO:0005886,GO:0006972,GO:0007232,GO:0009986,GO:0030427,GO:0031505
CAALFM_C201800WA	GO:0003676,GO:0015074
CAALFM_C201820CA	GO:0006397
CAALFM_C201830WA	GO:0000243,GO:0000395,GO:0005515,GO:0005685,GO:0006396,GO:0071004
CAALFM_C201840CA	GO:0019005,GO:0031146
CAALFM_C201850WA	GO:0003684,GO:0005654,GO:0005829,GO:0006289,GO:0031593,GO:0043130,GO:0043161,GO:0043161,GO:0070628
CAALFM_C201860CA	GO:0000287,GO:0019509,GO:0019509,GO:0043874,GO:0043874
CAALFM_C201870CA	GO:0003677,GO:0006351,GO:0008270
CAALFM_C201880CA	GO:0000981,GO:0005634,GO:0008270,GO:0043565,GO:0045944
CAALFM_C201890WA	GO:0000981,GO:0003677,GO:0006351,GO:0006355,GO:0008270
CAALFM_C201910WA	GO:0004045,GO:0004045
CAALFM_C201920CA	GO:0004806,GO:0006629
CAALFM_C201950CA	GO:0019005,GO:0031146
CAALFM_C201970CA	GO:0005737,GO:0005829,GO:0005886,GO:0030674,GO:0031625,GO:0070086
CAALFM_C201980CA	GO:0005886,GO:0005886,GO:0032153,GO:0035838
CAALFM_C201990CA	GO:0000285,GO:0000285,GO:0000329,GO:0005524,GO:0010008,GO:0046854,GO:0046872
CAALFM_C202000WA	GO:0005802,GO:0005829,GO:0006890,GO:0007030,GO:0031985,GO:0043001,GO:0048194,GO:0070273,GO:0070273
CAALFM_C202010CA	GO:0004568,GO:0005576,GO:0005975,GO:0006032,GO:0008061,GO:0008061
CAALFM_C202020WA	GO:0004197,GO:0004843,GO:0004843,GO:0005515,GO:0005634,GO:0005829,GO:0008270,GO:0016579,GO:0016579
CAALFM_C202030WA	GO:0003849,GO:0003849,GO:0005737,GO:0009073,GO:0009073
CAALFM_C202060CA	GO:0004499,GO:0050660,GO:0050661
CAALFM_C202070WA	GO:0003924,GO:0005525,GO:0005829,GO:0005940,GO:0015630,GO:0031105,GO:0032153,GO:0060090,GO:0061640
CAALFM_C202100WA	GO:0003677,GO:0005524,GO:0005634,GO:0005634,GO:0042393,GO:0045944,GO:0140658
CAALFM_C202110CA	GO:0003713,GO:0005634,GO:0031490,GO:0045893
CAALFM_C202120WA	GO:0005739,GO:0005759,GO:0006391,GO:0006391,GO:0034245,GO:0034246,GO:0034246
CAALFM_C202150CA	GO:0003729,GO:0005515,GO:0005634,GO:0005634,GO:0031124
CAALFM_C202160WA	GO:0001401,GO:0001401,GO:0007005
CAALFM_C202180WA	GO:0005096,GO:0005886,GO:0030001,GO:0031594,GO:0046873,GO:0055085
CAALFM_C202200WA	GO:0000329,GO:0005385,GO:0006882,GO:0071577
CAALFM_C202210CA	GO:0000149,GO:0005484,GO:0005484,GO:0006886,GO:0006886,GO:0006906,GO:0012505,GO:0016020,GO:0016192,GO:0031201,GO:0048278
CAALFM_C202230CA	GO:0005622,GO:0008941,GO:0019825,GO:0020037,GO:0046210,GO:0071500,GO:0071949
CAALFM_C202240CA	GO:0004842,GO:0033768
CAALFM_C202250CA	GO:0003714,GO:0003714,GO:0005634,GO:0005783,GO:0006357,GO:0008654,GO:0030968
CAALFM_C202270CA	GO:0003735,GO:0005840,GO:0006412
CAALFM_C202290CA	GO:0003690,GO:0006281,GO:0046403,GO:0046404
CAALFM_C202300WA	GO:0000398,GO:0005681,GO:0046540
CAALFM_C202320CA	GO:0000413,GO:0003755,GO:0006457
CAALFM_C202340CA	GO:0005543,GO:0005768,GO:0005886,GO:0006895,GO:0006897,GO:0030125,GO:0030276
CAALFM_C202350CA	GO:0005634,GO:0005737,GO:0006406,GO:0006406,GO:0070390,GO:0070390
CAALFM_C202370CA	GO:0004073,GO:0004073,GO:0009086,GO:0009088,GO:0046983,GO:0050661,GO:0051287
CAALFM_C202380WA	GO:0003677,GO:0005634,GO:0031491,GO:0035101,GO:0042393
CAALFM_C202400WA	GO:0016020,GO:0055085
CAALFM_C202410WA	GO:0005783,GO:0005789,GO:0006886,GO:0006888,GO:0070973
CAALFM_C202420CA	GO:0003723,GO:0008033,GO:0017150,GO:0017150,GO:0050660
CAALFM_C202430WA	GO:0005515,GO:0006364,GO:0006364,GO:0032040,GO:0032040,GO:0034388
CAALFM_C202440WA	GO:0000329,GO:0005737,GO:0006914,GO:0016192,GO:0034058
CAALFM_C202450CA	GO:0006364,GO:0006409,GO:0032040,GO:0032545,GO:0034456
CAALFM_C202460WA	GO:0000250,GO:0005811,GO:0005811,GO:0006696,GO:0016104,GO:0016104
CAALFM_C202470CA	GO:0005886,GO:0015123
CAALFM_C202490CA	GO:0005524,GO:0006874,GO:0015662,GO:0016020,GO:0016020,GO:0016887,GO:0019829
CAALFM_C202500WA	GO:0005669,GO:0005669,GO:0006367,GO:0016251,GO:0051123
CAALFM_C202510WA	GO:0000287,GO:0000287,GO:0002189,GO:0004749,GO:0004749,GO:0005737,GO:0006015,GO:0006164,GO:0008361,GO:0009156
CAALFM_C202520WA	GO:0005737,GO:0007265,GO:0008270,GO:0016567,GO:0061630
CAALFM_C202530WA	GO:0006355,GO:0008270,GO:0043565
CAALFM_C202540WA	GO:0003723,GO:0005515,GO:0005730,GO:0006364,GO:0032040
CAALFM_C202570WA	GO:0000324,GO:0022857,GO:0022857,GO:0055085,GO:0055085
CAALFM_C202580WA	GO:0000329,GO:0022857,GO:0055085
CAALFM_C202590WA	GO:0000007,GO:0005886,GO:0071578
CAALFM_C202600CA	GO:0006629,GO:0008081
CAALFM_C202610CA	GO:0015149,GO:0015749,GO:0016020,GO:0016020
CAALFM_C202620WA	GO:0005739,GO:0034553
CAALFM_C202630WA	GO:0001164,GO:0001188,GO:0005668,GO:0042790,GO:0070860
CAALFM_C202640CA	GO:0005737,GO:0005739,GO:0009058,GO:0016212,GO:0030170
CAALFM_C202680WA	GO:0008526
CAALFM_C202690WA	GO:0000287,GO:0005737,GO:0006564,GO:0006564,GO:0016311,GO:0036424
CAALFM_C202700CA	GO:0003824,GO:0019752
CAALFM_C202710CA	GO:0000028,GO:0003676,GO:0006364,GO:0032545,GO:0034456
CAALFM_C202720WA	GO:0005635,GO:0005829,GO:0006606,GO:0031267
CAALFM_C202730WA	GO:0030433,GO:0031593,GO:0034098,GO:0071712
CAALFM_C202740CA	GO:0004422,GO:0005737,GO:0032263,GO:0032264,GO:0032265,GO:0046100
CAALFM_C202760WA	GO:0005524,GO:0030968,GO:0034663,GO:0071456,GO:0140662,GO:1903298
CAALFM_C202770WA	GO:0000243,GO:0008187,GO:0016607,GO:0030628,GO:0071004,GO:0089701
CAALFM_C202780CA	GO:0005096,GO:0031030,GO:0044732,GO:0090630
CAALFM_C202790CA	GO:0016020,GO:0022857,GO:0055085
CAALFM_C202800WA	GO:0000139,GO:0005789,GO:0006888,GO:0030134
CAALFM_C202810CA	GO:0000122,GO:0001046,GO:0006338,GO:0017025,GO:0017054,GO:0045944,GO:0046982,GO:0051123,GO:0140223
CAALFM_C202820CA	GO:0003824
CAALFM_C202830CA	GO:0005515,GO:0006620,GO:0016020,GO:0030433,GO:0060090,GO:0072380
CAALFM_C202840CA	GO:0000149,GO:0005085,GO:0005769,GO:0005770,GO:0005886,GO:0030133,GO:0045022,GO:0097422
CAALFM_C202850WA	GO:0016020,GO:0022857,GO:0055085
CAALFM_C202860WA	GO:0005506,GO:0008610,GO:0016491
CAALFM_C202870WA	GO:0005829,GO:0006888,GO:0006891,GO:0030008,GO:0030008,GO:0033106
CAALFM_C202880CA	GO:0003959,GO:0010181,GO:0010181
CAALFM_C202890WA	GO:0004366,GO:0005789,GO:0008654,GO:0016287
CAALFM_C202920WA	GO:0005515,GO:0005737,GO:0008270
CAALFM_C202930CA	GO:0005515,GO:0005515,GO:0005634,GO:0005634,GO:0006415,GO:1900039,GO:2000640
CAALFM_C202940WA	GO:0000103,GO:0004851,GO:0004851,GO:0019354,GO:0019354
CAALFM_C202950WA	GO:0005737,GO:0005739,GO:0009058,GO:0016212,GO:0030170
CAALFM_C202970CA	GO:0004029
CAALFM_C202980CA	GO:0004458,GO:0005739,GO:0008720,GO:0071949,GO:1903457
CAALFM_C202990CA	GO:0005829,GO:0006749,GO:0017168
CAALFM_C203000CA	GO:0030490,GO:0106388,GO:0106388
CAALFM_C203010CA	GO:0009263,GO:0009263,GO:0016491
CAALFM_C203030WA	GO:0003677,GO:0003677,GO:0003910,GO:0003910,GO:0005524,GO:0005524,GO:0006297,GO:0006303,GO:0006310,GO:0032807,GO:0051103,GO:0071897
CAALFM_C203040WA	GO:0006629,GO:0008081
CAALFM_C203050WA	GO:0005743,GO:0007007
CAALFM_C203060WA	GO:0005524,GO:0008540,GO:0016887,GO:0036402,GO:0043161
CAALFM_C203070CA	GO:0000026,GO:0005789,GO:0006506
CAALFM_C203080WA	GO:0000287,GO:0004449,GO:0005739,GO:0006099,GO:0006099,GO:0006102,GO:0051287
CAALFM_C203090CA	GO:0004644,GO:0004644,GO:0005737,GO:0006189,GO:0006189
CAALFM_C203100WA	GO:0003746,GO:0003746,GO:0003924,GO:0003924,GO:0005525,GO:0005829,GO:0006414,GO:0043022,GO:1990904
CAALFM_C203120WA	GO:0005507,GO:0005507,GO:0008131,GO:0008131,GO:0009308,GO:0009308,GO:0048038,GO:0048038
CAALFM_C203130WA	GO:0018216,GO:0035241
CAALFM_C203140CA	GO:0004620,GO:0005737,GO:0046872
CAALFM_C203160CA	GO:0004748,GO:0004748,GO:0005524,GO:0005524,GO:0005971,GO:0006260,GO:0009263
CAALFM_C203180CA	GO:0000209,GO:0004842,GO:0043161,GO:0045732
CAALFM_C203200WA	GO:0000398,GO:0046540
CAALFM_C203210WA	GO:0000276,GO:0015986
CAALFM_C203220CA	GO:0000978,GO:0000981,GO:0005634,GO:0006357
CAALFM_C203230CA	GO:0005789,GO:0009922,GO:0009922,GO:0019367,GO:0030148,GO:0034625,GO:0034626,GO:0042761
CAALFM_C203240CA	GO:0005085,GO:0035556
CAALFM_C203250WA	GO:0000329,GO:0003333,GO:0005290,GO:0005302,GO:0005313,GO:0015189,GO:0015194,GO:0061459
CAALFM_C203260WA	GO:0005634
CAALFM_C203270WA	GO:0006096,GO:0006096,GO:0016868,GO:0016868
CAALFM_C203280WA	GO:0005543,GO:0005643,GO:0006405,GO:0006606,GO:0017056,GO:0044613
CAALFM_C203300WA	GO:0004655,GO:0004655,GO:0005829,GO:0006783,GO:0008270
CAALFM_C203310CA	GO:0000815,GO:0005771,GO:0006900,GO:0032511
CAALFM_C203320WA	GO:0000155,GO:0000160,GO:0005515,GO:0005524,GO:0006468
CAALFM_C203330CA	GO:0004707,GO:0005524,GO:0005634,GO:0005737,GO:0006468,GO:0007231,GO:0034599,GO:0051403
CAALFM_C203340WA	GO:0000139,GO:0034066,GO:0042147
CAALFM_C203360WA	GO:0003876,GO:0003876,GO:0005829,GO:0032264,GO:0032264,GO:0046033
CAALFM_C203370WA	GO:0005829,GO:0008902,GO:0008972,GO:0008972,GO:0009228,GO:0009228
CAALFM_C203380WA	GO:0000147,GO:0003779,GO:0005509,GO:0005634,GO:0005737,GO:0005886,GO:0006897,GO:0016197,GO:0030479,GO:0043332
CAALFM_C203390CA	GO:0005524,GO:0005737,GO:0005759,GO:0016887,GO:0016887,GO:0034605
CAALFM_C203400CA	GO:0005886,GO:0071467
CAALFM_C203410WA	GO:0000149,GO:0006886,GO:0006888,GO:0008270,GO:0008270,GO:0030127,GO:0030127,GO:0070971,GO:0090110
CAALFM_C203430WA	GO:0005634,GO:0006355,GO:0033698,GO:0035064,GO:0070210
CAALFM_C203460CA	GO:0005743
CAALFM_C203470CA	GO:0005743,GO:0005743,GO:0005751,GO:0005751,GO:0006123,GO:0006123
CAALFM_C203520CA	GO:0003677,GO:0006281,GO:0006355,GO:0008168,GO:0008270
CAALFM_C203530WA	GO:0005886,GO:0016491
CAALFM_C203540WA	GO:0003684,GO:0003887,GO:0005634,GO:0005657,GO:0009314,GO:0035861,GO:0042276
CAALFM_C203550CA	GO:0000184,GO:0003723,GO:0005515,GO:0005737,GO:0005844,GO:0035145
CAALFM_C203590CA	GO:0000976,GO:0001228,GO:0036003,GO:0090575
CAALFM_C203600WA	GO:0000030
CAALFM_C203610WA	GO:0004499,GO:0050660,GO:0050661
CAALFM_C203620WA	GO:0004499,GO:0050660,GO:0050661
CAALFM_C203640WA	GO:0003867,GO:0003867,GO:0005739,GO:0009450,GO:0030170,GO:0030170
CAALFM_C203670WA	GO:0004190,GO:0006508
CAALFM_C203680WA	GO:0004190,GO:0006508
CAALFM_C203690CA	GO:0006486
CAALFM_C203700WA	GO:0008418,GO:0030163,GO:0070773
CAALFM_C203710WA	GO:0006486
CAALFM_C203750WA	GO:0005739,GO:0016491
CAALFM_C203760CA	GO:0004672,GO:0005524,GO:0006468
CAALFM_C203770CA	GO:0004672,GO:0004672,GO:0005515,GO:0005524,GO:0006468
CAALFM_C203780CA	GO:0004721,GO:0005737
CAALFM_C203800CA	GO:0000139,GO:0006891
CAALFM_C203810CA	GO:0003735,GO:0003735,GO:0005840,GO:0005840,GO:0006412,GO:0006412,GO:0022625
CAALFM_C203820CA	GO:0003735,GO:0003735,GO:0006412,GO:0019843,GO:0019843,GO:0022627,GO:0045903
CAALFM_C203830WA	GO:0017178,GO:0017183
CAALFM_C203840CA	GO:0003700,GO:0045944,GO:0046983,GO:0090575
CAALFM_C203870WA	GO:0004343,GO:0005783,GO:0005793,GO:0005794,GO:0006048,GO:0048029
CAALFM_C203880CA	GO:0000387,GO:0000398,GO:0003723,GO:0003723,GO:0005682,GO:0005685,GO:0005686,GO:0005687,GO:0005689,GO:0034719,GO:0043186,GO:0071004,GO:0071011,GO:0071013,GO:0097526
CAALFM_C203900CA	GO:0031011
CAALFM_C203910CA	GO:0004571,GO:0004571,GO:0005509,GO:0005783,GO:0005975,GO:0016020,GO:1904380,GO:1904382
CAALFM_C203920CA	GO:0005789,GO:0006506,GO:0006506,GO:0051377,GO:0051377
CAALFM_C203940CA	GO:0004674,GO:0005524,GO:0006468
CAALFM_C203950WA	GO:0003735,GO:0003735,GO:0005762
CAALFM_C203960WA	GO:0002181,GO:0003735,GO:0003735,GO:0005840,GO:0005840,GO:0022625
CAALFM_C203980CA	GO:0003712,GO:0006357,GO:0016592
CAALFM_C203990WA	GO:0003743,GO:0005085,GO:0005851,GO:0006413
CAALFM_C204020CA	GO:0005515
CAALFM_C204030CA	GO:0000035,GO:0000036,GO:0005739,GO:0006633,GO:0006633
CAALFM_C204040CA	GO:0005085,GO:0005737,GO:0005886,GO:0007264,GO:0031267
CAALFM_C204050CA	GO:0005085,GO:0005737,GO:0005886,GO:0007264,GO:0031267
CAALFM_C204060CA	GO:0003333,GO:0015171,GO:0016020
CAALFM_C204100WA	GO:0005739
CAALFM_C204110WA	GO:0003676,GO:0005524
CAALFM_C204120CA	GO:0003723
CAALFM_C204130WA	GO:0000122,GO:0016575,GO:0042826,GO:0070822
CAALFM_C204140WA	GO:0000747,GO:0005802,GO:0006893,GO:0034044,GO:0046983
CAALFM_C204150CA	GO:0000329,GO:0033180,GO:0046961,GO:1902600
CAALFM_C204160WA	GO:0005739
CAALFM_C204180CA	GO:0055085
CAALFM_C204190CA	GO:0003867,GO:0003867,GO:0005739,GO:0009450,GO:0030170,GO:0030170
CAALFM_C204200WA	GO:0003691,GO:0010833,GO:0042803
CAALFM_C204210WA	GO:0005515,GO:0005737,GO:0005834,GO:0007186,GO:0030159
CAALFM_C204220CA	GO:0000812,GO:0006338,GO:0006357,GO:0016573,GO:0035267,GO:0042393
CAALFM_C204230WA	GO:0004084,GO:0004084,GO:0005739,GO:0009098,GO:0009099
CAALFM_C204240CA	GO:0035556,GO:0043539
CAALFM_C204250WA	GO:0000814,GO:0031902,GO:0032266,GO:0043130,GO:0043130,GO:0043328
CAALFM_C204260WA	GO:0004693,GO:0005524,GO:0005634,GO:0006468,GO:0006468,GO:0008353,GO:0016592
CAALFM_C204270WA	GO:0004693,GO:0005524,GO:0005634,GO:0006468,GO:0006468,GO:0007346
CAALFM_C204280WA	GO:0004674,GO:0004712,GO:0005524,GO:0005737,GO:0006468,GO:0007165
CAALFM_C204290WA	GO:0004674,GO:0004712,GO:0005524,GO:0005737,GO:0006468,GO:0007165
CAALFM_C204300CA	GO:0005739
CAALFM_C204310WA	GO:0003985,GO:0006635,GO:0006696
CAALFM_C204340CA	GO:0005737,GO:0046177,GO:0046316
CAALFM_C204350CA	GO:0000965,GO:0003724,GO:0003724,GO:0005524,GO:0006401,GO:0016817,GO:0045025
CAALFM_C204360WA	GO:0004674,GO:0005524,GO:0005737,GO:0006468,GO:0035556
CAALFM_C204370WA	GO:0002183,GO:0005852
CAALFM_C204380CA	GO:0004326,GO:0004326,GO:0005524,GO:0005524,GO:0005737,GO:0005739,GO:0005829,GO:0046901
CAALFM_C204390WA	GO:0005199,GO:0009277,GO:0031505
CAALFM_C204410WA	GO:0005515
CAALFM_C204450WA	GO:0005515
CAALFM_C204460WA	GO:0004410,GO:0004410,GO:0005739,GO:0019878,GO:0019878
CAALFM_C204480WA	GO:0016491
CAALFM_C204490WA	GO:0003713,GO:0005634,GO:0006366
CAALFM_C204500WA	GO:0003677,GO:0005524,GO:0016887,GO:0017025,GO:0140658
CAALFM_C204510WA	GO:0000002,GO:0005739,GO:0015218,GO:1990519
CAALFM_C204530WA	GO:0000978,GO:0003712,GO:0003712,GO:0006357,GO:0006357,GO:0016592,GO:0016592,GO:0070847
CAALFM_C204540CA	GO:0000329,GO:0005384,GO:0005794,GO:0015085,GO:0032468,GO:0032472,GO:0070588,GO:0071421
CAALFM_C204550CA	GO:0005747,GO:0008137,GO:0010181,GO:0051287,GO:0051539
CAALFM_C204560WA	GO:0000026,GO:0000032,GO:0005794,GO:0006487,GO:0016020,GO:0016020,GO:0097502
CAALFM_C204570WA	GO:0005730,GO:0006364,GO:0030687,GO:0034399,GO:0042273
CAALFM_C204580WA	GO:0004161,GO:0004337,GO:0005737,GO:0045337
CAALFM_C204590CA	GO:0005750,GO:0005750,GO:0006122,GO:0006122
CAALFM_C204600CA	GO:0002181,GO:0003735,GO:0003735,GO:0005840,GO:0022625
CAALFM_C204620WA	GO:0003677,GO:0016514,GO:0042393,GO:0045893
CAALFM_C204640CA	GO:0000398,GO:0003746,GO:0003924,GO:0003924,GO:0005525,GO:0005829,GO:0030623,GO:0046540,GO:0071007
CAALFM_C204650CA	GO:0000166,GO:0000288,GO:0000932,GO:0005665,GO:0006367,GO:0031369,GO:0031990,GO:0034402,GO:0045948
CAALFM_C204660CA	GO:0004674,GO:0004713,GO:0005524,GO:0005634,GO:0005737,GO:0018105,GO:0018107
CAALFM_C204680WA	GO:0005743,GO:0005744,GO:0005744,GO:0008320,GO:0008320,GO:0030150,GO:0030150
CAALFM_C204690CA	GO:0016020,GO:0022857,GO:0055085
CAALFM_C204710CA	GO:0003714,GO:0006808
CAALFM_C204720CA	GO:0005515
CAALFM_C204730WA	GO:0005640,GO:0006606,GO:0030474,GO:0070762
CAALFM_C204750WA	GO:0015095,GO:0015693,GO:0016020
CAALFM_C204760WA	GO:0004672,GO:0005524,GO:0006468
CAALFM_C204770WA	GO:0000812,GO:0006338,GO:0140849
CAALFM_C204780WA	GO:0000812,GO:0006338,GO:0140849
CAALFM_C204790CA	GO:0003735,GO:0005763,GO:0070124
CAALFM_C204800CA	GO:0001401,GO:0015914,GO:0032865,GO:0032865,GO:0045040,GO:0051654,GO:0070096,GO:1990456
CAALFM_C204810WA	GO:0000105,GO:0000105,GO:0004424,GO:0004424
CAALFM_C204820WA	GO:0003723,GO:0005739,GO:0008173,GO:0031167
CAALFM_C204830WA	GO:0044255,GO:0047372
CAALFM_C204850CA	GO:0030479,GO:0035091,GO:0051015,GO:0051017,GO:0051666
CAALFM_C204860WA	GO:0000978,GO:0000981,GO:0005634,GO:0006357,GO:0007417
CAALFM_C204870CA	GO:0000445,GO:0003729,GO:0006397,GO:0006406
CAALFM_C204880CA	GO:0005739,GO:0006744,GO:0015039
CAALFM_C204930CA	GO:0004693,GO:0005524,GO:0005634,GO:0006468,GO:0006468
CAALFM_C204940CA	GO:0005366,GO:0016020,GO:0055085
CAALFM_C204950CA	GO:0005750,GO:0006122,GO:0009055,GO:0009055,GO:0020037,GO:0020037
CAALFM_C204970WA	GO:0005737,GO:0005884,GO:0032432,GO:0051015,GO:0051017,GO:0051639
CAALFM_C204980CA	GO:0004674,GO:0004674,GO:0005524,GO:0005634,GO:0005829,GO:0005956,GO:0006356,GO:0006359,GO:0006468,GO:0006468,GO:0006974
CAALFM_C205000CA	GO:0003735,GO:0003735,GO:0005762,GO:0006412,GO:0006412
CAALFM_C205030CA	GO:0003924,GO:0003924,GO:0005525,GO:0005525,GO:0007264
CAALFM_C205040CA	GO:0000324,GO:0005935
CAALFM_C205050CA	GO:0016757
CAALFM_C205060CA	GO:0005737,GO:0032542,GO:0032542,GO:0034599
CAALFM_C205070WA	GO:0000293,GO:0005886,GO:0006826,GO:0006879,GO:0015677
CAALFM_C205080CA	GO:0005730,GO:0016433
CAALFM_C205090WA	GO:0003676,GO:0005524,GO:0005730
CAALFM_C205100CA	GO:0002184,GO:0005829,GO:0016149,GO:0018444,GO:1990825
CAALFM_C205110WA	GO:0005783,GO:0005794,GO:0005886
CAALFM_C205130WA	GO:0016628
CAALFM_C205140WA	GO:0004672,GO:0005524,GO:0006468
CAALFM_C205150WA	GO:0005778,GO:0008270,GO:0016558
CAALFM_C205160CA	GO:0003729,GO:0005730,GO:0006417
CAALFM_C205190WA	GO:0004799,GO:0004799,GO:0005739,GO:0005829,GO:0006231,GO:0006231
CAALFM_C205210WA	GO:0000278,GO:0000278,GO:0008608,GO:0042729,GO:0042729,GO:0044732,GO:0072686,GO:0072686,GO:1990023
CAALFM_C205220CA	GO:0000972,GO:0005515,GO:0006606,GO:0016973,GO:0017056,GO:0031080
CAALFM_C205230CA	GO:0000027,GO:0000463,GO:0005730,GO:0019843,GO:0019843
CAALFM_C205250CA	GO:0004069,GO:0005739,GO:0006533,GO:0009058,GO:0030170
CAALFM_C205260WA	GO:0005515,GO:0015630,GO:0030950,GO:0051286
CAALFM_C205270WA	GO:0005634,GO:0005737,GO:0006606,GO:0008139,GO:0061608
CAALFM_C205290CA	GO:0005783,GO:0005793,GO:0005794,GO:0006621,GO:0006886,GO:0006888,GO:0007030,GO:0030134
CAALFM_C205300CA	GO:0003735,GO:0005763,GO:0032543
CAALFM_C205320WA	GO:0004674,GO:0005524,GO:0005634,GO:0006468,GO:0044773
CAALFM_C205340CA	GO:0001054,GO:0001054,GO:0001056,GO:0001056,GO:0003677,GO:0005666,GO:0005736,GO:0006351,GO:0046983
CAALFM_C205350CA	GO:0016485,GO:0032933,GO:0044695,GO:0060049
CAALFM_C205360CA	GO:0005829,GO:0008483,GO:0030170
CAALFM_C205370CA	GO:0016575
CAALFM_C205410WA	GO:0002181,GO:0003735,GO:0003735,GO:0005840,GO:0005840,GO:0022625
CAALFM_C205440WA	GO:0005524,GO:0005778,GO:0005829,GO:0016558,GO:0016887,GO:0016887
CAALFM_C205450CA	GO:0001405,GO:0001671,GO:0030150
CAALFM_C205460WA	GO:0000287,GO:0000287,GO:0004743,GO:0004743,GO:0005737,GO:0006096,GO:0006096,GO:0030955,GO:0030955
CAALFM_C205470WA	GO:0006744,GO:0008168,GO:0008168
CAALFM_C205480CA	GO:0005758
CAALFM_C205500WA	GO:0000276,GO:0000276,GO:0015078,GO:0015078,GO:0015986,GO:0015986
CAALFM_C205510CA	GO:0005634,GO:0005737,GO:0010468,GO:0033698,GO:0042393,GO:0070210
CAALFM_C205520WA	GO:0005737,GO:0016279,GO:0018026,GO:0018027
CAALFM_C205530CA	GO:0005096,GO:0005643,GO:0005737,GO:0006606
CAALFM_C205540CA	GO:0000398,GO:0003729,GO:0005685,GO:0030619,GO:0071004,GO:0071011
CAALFM_C205550WA	GO:0012505,GO:0016020
CAALFM_C205560WA	GO:0016616
CAALFM_C205570CA	GO:0005739,GO:0016491
CAALFM_C205590CA	GO:0005634,GO:0005829
CAALFM_C205610CA	GO:0000462,GO:0003735,GO:0003735,GO:0005840,GO:0005840,GO:0006412,GO:0006412,GO:0022627
CAALFM_C205620WA	GO:0017183,GO:0046872
CAALFM_C205640WA	GO:0000278,GO:0000978,GO:0000981,GO:0005634,GO:0045944
CAALFM_C205650WA	GO:0005770,GO:0006886,GO:0030904,GO:0030906,GO:0030906,GO:0042147,GO:0042147
CAALFM_C205670CA	GO:0000213,GO:0000213,GO:0000214,GO:0000379,GO:0000379,GO:0003676,GO:0006388
CAALFM_C205690CA	GO:0003723,GO:0046872
CAALFM_C205700WA	GO:0010181,GO:0016491
CAALFM_C205710CA	GO:0002181,GO:0003735,GO:0003735,GO:0005840,GO:0005840,GO:0022625,GO:0042273
CAALFM_C205720CA	GO:0005829,GO:0006887,GO:0006897,GO:0008142,GO:0015248,GO:0016020,GO:0030011,GO:0034727,GO:0043231
CAALFM_C205730CA	GO:0005783,GO:0006506,GO:0006506,GO:0016020,GO:0016020,GO:0032216,GO:0072659
CAALFM_C205740WA	GO:0004721,GO:0006998,GO:0019888,GO:0019888,GO:0071595
CAALFM_C205750WA	GO:0000027,GO:0005730,GO:0006364,GO:0008097
CAALFM_C205760CA	GO:0005747
CAALFM_C205770WA	GO:0001228,GO:0006357,GO:0008270
CAALFM_C205780CA	GO:0000196,GO:0004708,GO:0005524,GO:0006468,GO:0060237
CAALFM_C205790CA	GO:0003677,GO:0003677,GO:0003689,GO:0005524,GO:0005634,GO:0005663,GO:0006260,GO:0006281,GO:0016887
CAALFM_C205800CA	GO:0005794,GO:0006888,GO:0007030,GO:0031267
CAALFM_C205830CA	GO:0000493,GO:0005654,GO:0005737,GO:0051082
CAALFM_C205840WA	GO:0017183,GO:0017183,GO:0090560,GO:0090560
CAALFM_C205850CA	GO:0006891,GO:0006891,GO:0017119,GO:0017119
CAALFM_C205860CA	GO:0003677,GO:0030907,GO:0033309,GO:0071931,GO:0140110
CAALFM_C205890CA	GO:0000287,GO:0004450,GO:0004450,GO:0005739,GO:0006102,GO:0006102,GO:0051287
CAALFM_C205900WA	GO:0000795,GO:0007129,GO:0007131,GO:0016925,GO:0019789
CAALFM_C205910WA	GO:0000993,GO:0003729,GO:0005737,GO:0005849,GO:0006369,GO:0006378
CAALFM_C205920CA	GO:0005751,GO:0005751,GO:0006123,GO:0006123
CAALFM_C205930WA	GO:0006123,GO:0006123
CAALFM_C205940CA	GO:0000324,GO:0006886,GO:0016192,GO:0016192,GO:0033263
CAALFM_C205950CA	GO:0005782,GO:0006637,GO:0009062,GO:0047617
CAALFM_C205960CA	GO:0005782,GO:0006637,GO:0009062,GO:0047617
CAALFM_C205970CA	GO:0005782,GO:0006637,GO:0009062,GO:0047617
CAALFM_C205980CA	GO:0005782,GO:0006637,GO:0009062,GO:0047617
CAALFM_C205990CA	GO:0005782,GO:0006637,GO:0009062,GO:0047617
CAALFM_C206000WA	GO:0000460,GO:0000470,GO:0004519,GO:0004519,GO:0030687,GO:0090730,GO:0090730
CAALFM_C206010WA	GO:0000045,GO:0000407,GO:0000422,GO:0019898,GO:0032266,GO:0034727,GO:0044805,GO:0061709
CAALFM_C206020WA	GO:0005337,GO:0015293,GO:0016020,GO:1901642
CAALFM_C206040CA	GO:0008080
CAALFM_C206070WA	GO:0001676,GO:0004467,GO:0005783,GO:0016020
CAALFM_C206080CA	GO:0044715
CAALFM_C206090WA	GO:0032007,GO:0033596,GO:0051726
CAALFM_C206100WA	GO:0004169,GO:0005783,GO:0016020,GO:0035269
CAALFM_C206110WA	GO:0004309,GO:0005737,GO:0005737
CAALFM_C206120CA	GO:0000151,GO:0000209,GO:0005634,GO:0005829,GO:0006513,GO:0030332,GO:0031624,GO:0043161,GO:0051865,GO:0061630
CAALFM_C206130WA	GO:0000076,GO:0003677,GO:0005634,GO:0006974,GO:0031297,GO:0031298,GO:0043111
CAALFM_C206140CA	GO:0005515
CAALFM_C206150CA	GO:0005634,GO:0005829,GO:0008540,GO:0031593,GO:0043161
CAALFM_C206170CA	GO:0000103,GO:0009337,GO:0010181,GO:0016002,GO:0020037,GO:0020037,GO:0050311,GO:0051536,GO:0051536
CAALFM_C206190WA	GO:0004794,GO:0004794,GO:0006567,GO:0009097,GO:0009097,GO:0030170
CAALFM_C206200CA	GO:0003924,GO:0005525,GO:0005525,GO:0005739,GO:0045727,GO:0097177
CAALFM_C206210CA	GO:0004648,GO:0004648,GO:0005737,GO:0006564,GO:0006564,GO:0030170
CAALFM_C206220CA	GO:0000723,GO:0000724,GO:0005730,GO:0006289,GO:0030896,GO:0030896,GO:0031573,GO:0033314,GO:0035861,GO:0044778
CAALFM_C206230WA	GO:0003723,GO:0004521,GO:0005847,GO:0006378,GO:0006398,GO:0008409
CAALFM_C206240WA	GO:0000387,GO:0003723,GO:0005682,GO:0005685,GO:0005686,GO:0008380,GO:0008380,GO:0046540,GO:0071011,GO:0071013
CAALFM_C206250CA	GO:0000727,GO:0003688,GO:0003697,GO:0005524,GO:0005524,GO:0005634,GO:0005634,GO:0006260,GO:0006270,GO:0006270,GO:0017116,GO:0032508,GO:0032508,GO:0042555,GO:0042555,GO:0043138
CAALFM_C206260WA	GO:0003747,GO:0005739,GO:0006415
CAALFM_C206290CA	GO:0000276,GO:0000276,GO:0015986,GO:0015986
CAALFM_C206300WA	GO:0000387,GO:0000387,GO:0000395,GO:0000398,GO:0000398,GO:0005634,GO:0005685,GO:0005685,GO:0008270,GO:0030627
CAALFM_C206310CA	GO:0000054,GO:0003924,GO:0003924,GO:0005525,GO:0005525,GO:0005634,GO:0005737,GO:0006606
CAALFM_C206320WA	GO:0003729,GO:0010494
CAALFM_C206330CA	GO:0003333,GO:0005774,GO:0015171
CAALFM_C206340WA	GO:0003700,GO:0005634,GO:0043565,GO:0045944
CAALFM_C206350CA	GO:0003868,GO:0003868,GO:0006572
CAALFM_C206360CA	GO:0000460,GO:0000470,GO:0005730,GO:0030687
CAALFM_C206370CA	GO:0005515
CAALFM_C206390CA	GO:0003938,GO:0003938,GO:0005737,GO:0006183
CAALFM_C206420CA	GO:0000159,GO:0000159,GO:0007165,GO:0007165,GO:0019888,GO:0019888
CAALFM_C206430CA	GO:0005737,GO:0005739,GO:0016020,GO:0016020
CAALFM_C206440CA	GO:0005737,GO:0005739,GO:0016020,GO:0016020
CAALFM_C206460WA	GO:0000324,GO:0005886
CAALFM_C206470WA	GO:0000324,GO:0005886
CAALFM_C206480WA	GO:0000049,GO:0002939,GO:0005634,GO:0009019
CAALFM_C206490WA	GO:0000224,GO:0005634,GO:0005829,GO:0006515,GO:0006516,GO:0006517
CAALFM_C206520CA	GO:0005743,GO:0015234,GO:0030974
CAALFM_C206540CA	GO:0005524,GO:0005789,GO:0006874,GO:0015662,GO:0016887
CAALFM_C206550WA	GO:0005199,GO:0009277,GO:0031505
CAALFM_C206590CA	GO:0005886,GO:0046942,GO:0046943,GO:0055085
CAALFM_C206600WA	GO:0000245,GO:0004672,GO:0005524,GO:0006468,GO:0050684
CAALFM_C206620WA	GO:0006891,GO:0017119,GO:0017119,GO:0032258
CAALFM_C206640CA	GO:0002161,GO:0004832,GO:0004832,GO:0005524,GO:0005524,GO:0005829,GO:0006438,GO:0006438
CAALFM_C206650CA	GO:0000244,GO:0000398,GO:0005687,GO:0046540,GO:0071011
CAALFM_C206660WA	GO:0000176,GO:0000177,GO:0005730,GO:0016075,GO:0034427,GO:0034475,GO:0071028,GO:0071051
CAALFM_C206670CA	GO:0004674,GO:0004674,GO:0005524,GO:0005816,GO:0018105,GO:0035556
CAALFM_C206680WA	GO:0005886,GO:0015123
CAALFM_C206700WA	GO:0005507,GO:0005507,GO:0008131,GO:0008131,GO:0009308,GO:0009308,GO:0048038,GO:0048038
CAALFM_C206710WA	GO:0016616
CAALFM_C206720WA	GO:0016616
CAALFM_C206730WA	GO:0005886,GO:0006469,GO:0006897,GO:0008289,GO:0036286,GO:0070941
CAALFM_C206740WA	GO:0003713,GO:0005634,GO:0045944
CAALFM_C206750CA	GO:0005743,GO:0032981
CAALFM_C206770WA	GO:0003785,GO:0005737,GO:0005884,GO:0030042,GO:0042989,GO:0051015,GO:0051016
CAALFM_C206790WA	GO:0000398,GO:0000398,GO:0005686,GO:0071011,GO:0071013
CAALFM_C206810CA	GO:0003723,GO:0003735,GO:0003735,GO:0005840,GO:0005840,GO:0006412,GO:0006412,GO:0022625
CAALFM_C206820CA	GO:0004298,GO:0005839,GO:0051603
CAALFM_C206830CA	GO:0003700,GO:0004780,GO:0005515,GO:0006355,GO:0008796,GO:0009164,GO:0009165,GO:0043565
CAALFM_C206840WA	GO:0004338,GO:0005576,GO:0009251,GO:0009986
CAALFM_C206850WA	GO:0000462,GO:0005730,GO:0030686,GO:0030688
CAALFM_C206860WA	GO:0005085,GO:0005085,GO:0005886,GO:0007265,GO:0043547
CAALFM_C206870CA	GO:0003955,GO:0010181
CAALFM_C206880CA	GO:0004252,GO:0004252,GO:0005615,GO:0006508
CAALFM_C206890CA	GO:0016491,GO:0016491
CAALFM_C206910WA	GO:0000329,GO:0003924,GO:0005525,GO:0005770,GO:0005773,GO:0032889,GO:0045335
CAALFM_C206940CA	GO:0005789,GO:0008204,GO:0034737
CAALFM_C206950CA	GO:0004222,GO:0004222,GO:0031314,GO:0033615,GO:0034982
CAALFM_C206960WA	GO:0004766,GO:0005829,GO:0008295
CAALFM_C206970WA	GO:0000034,GO:0000034,GO:0005634,GO:0005829,GO:0006146,GO:0006146,GO:0009168,GO:0043103
CAALFM_C207000WA	GO:0005515
CAALFM_C207010WA	GO:0005509,GO:0005509,GO:0005783,GO:0005783,GO:0032469,GO:0032469
CAALFM_C207020CA	GO:0004674,GO:0006468,GO:0046579
CAALFM_C207030CA	GO:0003735,GO:0005739,GO:0005840,GO:0006412
CAALFM_C207040WA	GO:0000463,GO:0000492,GO:0005634,GO:0048254,GO:0070761
CAALFM_C207060WA	GO:0003723,GO:0005689,GO:0005730,GO:0048026
CAALFM_C207070WA	GO:0003960,GO:0003960,GO:0005737,GO:0008270,GO:0034599
CAALFM_C207090CA	GO:0004768,GO:0004768,GO:0005506,GO:0005789,GO:0006636,GO:0006636
CAALFM_C207100WA	GO:0000500,GO:0001165,GO:0005634,GO:0006361,GO:0042790
CAALFM_C207120WA	GO:0000724,GO:0000781,GO:0003677,GO:0005634,GO:0005662,GO:0006260,GO:0006260,GO:0006289,GO:0035861
CAALFM_C207130CA	GO:0004672,GO:0005524,GO:0006468
CAALFM_C207140WA	GO:0016791
CAALFM_C207160WA	GO:0005384,GO:0005886,GO:0006826,GO:0015086,GO:0030026
CAALFM_C207170CA	GO:0000981,GO:0036086
CAALFM_C207190CA	GO:0003735,GO:0003735,GO:0005840,GO:0005840,GO:0006412,GO:0006412
CAALFM_C207200WA	GO:0001193,GO:0003676,GO:0003899,GO:0003899,GO:0005665,GO:0006283,GO:0006351,GO:0006351,GO:0006367,GO:0008270
CAALFM_C207210CA	GO:0004691,GO:0005524,GO:0005634,GO:0005952,GO:0010737,GO:0018105
CAALFM_C207220WA	GO:0005634,GO:0005829,GO:0043248
CAALFM_C207230CA	GO:0000981,GO:0003677,GO:0006351,GO:0008270,GO:0045944
CAALFM_C207240CA	GO:0008260,GO:0046952
CAALFM_C207250CA	GO:0008199,GO:0009712,GO:0018576
CAALFM_C207260CA	GO:0003855,GO:0003855,GO:0019631
CAALFM_C207270WA	GO:0010181
CAALFM_C207290WA	GO:0008612,GO:0008612,GO:0019135,GO:0019135
CAALFM_C207300CA	GO:0003676,GO:0003899,GO:0003899,GO:0005736,GO:0006351,GO:0006351,GO:0006363,GO:0008270
CAALFM_C207310WA	GO:0005524,GO:0005832,GO:0006457,GO:0006457,GO:0016887,GO:0051082,GO:0051082,GO:0140662,GO:0140662
CAALFM_C207320WA	GO:0005885,GO:0030479,GO:0034314,GO:0051015
CAALFM_C207330WA	GO:0004674,GO:0004674,GO:0005515,GO:0005634,GO:0006468,GO:0016242,GO:0031929,GO:0031931,GO:0031932,GO:0044877
CAALFM_C207340WA	GO:0005730,GO:0030692,GO:0032040,GO:0042254
CAALFM_C207350WA	GO:0000727,GO:0003697,GO:0005524,GO:0005524,GO:0005634,GO:0006260,GO:0006271,GO:0016887,GO:0017116,GO:0032508,GO:0032508,GO:0042555,GO:0042555,GO:1902975
CAALFM_C207360WA	GO:0005634,GO:0009452,GO:0036261,GO:0071164
CAALFM_C207370WA	GO:0000978,GO:0000981,GO:0060963
CAALFM_C207380WA	GO:0005524,GO:0005524,GO:0005737,GO:0005739,GO:0016887,GO:0031072,GO:0034620,GO:0042026,GO:0051082,GO:0051082,GO:0051085,GO:0051787,GO:0140662,GO:0140662
CAALFM_C207400CA	GO:0000324,GO:0000324,GO:0004190,GO:0004190,GO:0051603
CAALFM_C207410WA	GO:0008126,GO:0047372,GO:0051792,GO:0051793
CAALFM_C207420WA	GO:0046390,GO:0050278
CAALFM_C207430CA	GO:0005829,GO:0006152,GO:0008477
CAALFM_C207440CA	GO:0006629
CAALFM_C207450CA	GO:0000479,GO:0004521,GO:0005730,GO:0005730,GO:0042254
CAALFM_C207460WA	GO:0003677,GO:0005669,GO:0005669,GO:0006367,GO:0016251
CAALFM_C207470WA	GO:0000278,GO:0000779,GO:0005634,GO:0007076,GO:0010032,GO:0042393
CAALFM_C207480WA	GO:0003841,GO:0005783,GO:0016020,GO:0030258,GO:0046474,GO:0047184
CAALFM_C207490WA	GO:0004325,GO:0004325,GO:0006783,GO:0006783
CAALFM_C207500CA	GO:0003712,GO:0003712,GO:0006357,GO:0006357,GO:0016592,GO:0016592,GO:0070847
CAALFM_C207510WA	GO:0000776,GO:0003676
CAALFM_C207520CA	GO:0003729,GO:0005829,GO:0006376
CAALFM_C207530CA	GO:0004672,GO:0005515,GO:0005524,GO:0006468
CAALFM_C207550WA	GO:0005739,GO:0005739,GO:0005747
CAALFM_C207560WA	GO:0000812,GO:0005524,GO:0016887,GO:0042393,GO:0140658
CAALFM_C207570WA	GO:0009263,GO:0009263,GO:0016491
CAALFM_C207580WA	GO:0000316,GO:0000319,GO:0005886,GO:0055085
CAALFM_C207590WA	GO:0016471,GO:0016471,GO:0046961,GO:0046961,GO:1902600,GO:1902600
CAALFM_C207600CA	GO:0004029
CAALFM_C207610CA	GO:0072344,GO:1990112,GO:1990116
CAALFM_C207620WA	GO:0005085,GO:0005085,GO:0005737,GO:0043087
CAALFM_C207640WA	GO:0005515,GO:0006897,GO:0008289,GO:0030479,GO:0031097,GO:0043332,GO:0051666,GO:0097320,GO:1990528
CAALFM_C207650CA	GO:0006508,GO:0008233
CAALFM_C207660WA	GO:0000785,GO:0005634,GO:0006281,GO:0007064
CAALFM_C207670CA	GO:0000822,GO:0005543,GO:0005643,GO:0005643,GO:0005737,GO:0006446,GO:0006449,GO:0016973,GO:0016973,GO:0031369,GO:0044614
CAALFM_C207680WA	GO:0003723,GO:0003735,GO:0005840,GO:0006412,GO:0022625
CAALFM_C207730WA	GO:0005216,GO:0006811,GO:0016020,GO:0055085
CAALFM_C207750WA	GO:0003924,GO:0003924,GO:0005525,GO:0005525,GO:0007264
CAALFM_C207760WA	GO:0016020
CAALFM_C207790CA	GO:0046390,GO:0050278
CAALFM_C207800WA	GO:0005739,GO:0034551,GO:0034551,GO:0043022,GO:0061671
CAALFM_C207810WA	GO:0000139,GO:0005537,GO:0005789,GO:0005793,GO:0006888,GO:0007029,GO:0007030,GO:0030134
CAALFM_C207830WA	GO:0009272,GO:0055085
CAALFM_C207840WA	GO:0004499,GO:0050660,GO:0050661
CAALFM_C207860WA	GO:0043130
CAALFM_C207880WA	GO:0006886,GO:0030122,GO:0031410,GO:0035615,GO:0072583
CAALFM_C207890WA	GO:0000287,GO:0000287,GO:0002189,GO:0004749,GO:0004749,GO:0005737,GO:0006015,GO:0006164,GO:0009156
CAALFM_C207900WA	GO:0004352,GO:0004352,GO:0005739,GO:0019551
CAALFM_C207920WA	GO:0005515
CAALFM_C207930CA	GO:0003779
CAALFM_C207940CA	GO:0003975,GO:0003975,GO:0006487,GO:0006487,GO:0006488,GO:0006488,GO:0016020
CAALFM_C207950WA	GO:0005198,GO:0005515,GO:0031080,GO:0034198,GO:0035859,GO:1904263
CAALFM_C207960CA	GO:0005515,GO:0005730,GO:0030687,GO:0042273
CAALFM_C207980WA	GO:0003824
CAALFM_C208000CA	GO:0005524,GO:0005524,GO:0016887
CAALFM_C208010WA	GO:0005634,GO:0005829,GO:0010499,GO:0016504,GO:0070577,GO:0070628
CAALFM_C208020CA	GO:0005509
CAALFM_C208040CA	GO:0003723,GO:0003735,GO:0022627
CAALFM_C208050CA	GO:0005768,GO:0005774,GO:0006879,GO:0015343,GO:0055085,GO:0055085
CAALFM_C208060WA	GO:0007008
CAALFM_C208070CA	GO:0015093,GO:0031966,GO:0048250
CAALFM_C208080CA	GO:0005829,GO:0016618,GO:0030267,GO:0051287
CAALFM_C208100WA	GO:0004174,GO:0005737,GO:0050660
CAALFM_C208110WA	GO:0000150,GO:0000730,GO:0003690,GO:0003697,GO:0005524,GO:0006281,GO:0006312,GO:0042148,GO:0140664
CAALFM_C208120WA	GO:0000994,GO:0005634,GO:0016480,GO:0016480
CAALFM_C208130WA	GO:0004032,GO:0005829
CAALFM_C208140CA	GO:0005227,GO:0005886
CAALFM_C208180CA	GO:0003677,GO:0003723,GO:0005730,GO:0042273,GO:0042274
CAALFM_C208190WA	GO:0000221,GO:0046961,GO:0046961,GO:1902600,GO:1902600
CAALFM_C208240WA	GO:0003676,GO:0015074
CAALFM_C208270CA	GO:0004674,GO:0005524,GO:0005634,GO:0005737,GO:0006897,GO:0007165,GO:0018105
CAALFM_C208280WA	GO:0005634,GO:0005634,GO:0006325,GO:0006325,GO:0006355,GO:0006355,GO:0016575,GO:0032221,GO:0035267,GO:0043967,GO:0043968
CAALFM_C208290CA	GO:0006112
CAALFM_C208310WA	GO:0008320,GO:0030943,GO:0042721,GO:0045039
CAALFM_C208340CA	GO:0016192,GO:0043231
CAALFM_C208360CA	GO:0035673,GO:0035673,GO:0055085,GO:0055085
CAALFM_C208370CA	GO:0003746,GO:0003746,GO:0003924,GO:0003924,GO:0005525,GO:0006412,GO:0006414,GO:0006414
CAALFM_C208380CA	GO:0006270,GO:0007095,GO:0033314
CAALFM_C208420WA	GO:0005634,GO:0006284,GO:0006285,GO:0006307,GO:0008725,GO:0032131,GO:0032993,GO:0043916
CAALFM_C208460CA	GO:0006144,GO:0006144,GO:0033971
CAALFM_C208480WA	GO:0005730,GO:0016433,GO:0031167,GO:0042273
CAALFM_C208490WA	GO:0005634,GO:0005737,GO:0010468,GO:0033698,GO:0042393,GO:0070210
CAALFM_C208500WA	GO:0005515,GO:0006511,GO:0061630
CAALFM_C208530CA	GO:0004066,GO:0006529
CAALFM_C208540CA	GO:0005634,GO:0006355,GO:0033698,GO:0035064,GO:0070210
CAALFM_C208550CA	GO:0000175,GO:0000178,GO:0000932,GO:0003723,GO:0006402
CAALFM_C208560WA	GO:0005515,GO:0005524,GO:0005694,GO:0016887,GO:0051276
CAALFM_C208570WA	GO:0000009,GO:0000032,GO:0000136,GO:0006487
CAALFM_C208600WA	GO:0000329,GO:0003924,GO:0005525,GO:0005525,GO:0005634,GO:0009267,GO:0010506,GO:0032008,GO:0071230,GO:1990131
CAALFM_C208610WA	GO:0004310,GO:0004310,GO:0005789,GO:0006696,GO:0045338,GO:0051996
CAALFM_C208620WA	GO:0004843,GO:0004843,GO:0005829,GO:0016807,GO:0071108,GO:0071944,GO:1990380,GO:1990380
CAALFM_C208630CA	GO:0000993,GO:0003682,GO:0006368,GO:0006368,GO:0016570,GO:0016570,GO:0016593,GO:0016593
CAALFM_C208640CA	GO:0003955,GO:0010181
CAALFM_C208650WA	GO:0005747,GO:0006120
CAALFM_C208670CA	GO:0005515,GO:0005730,GO:0006364,GO:0045943
CAALFM_C208680WA	GO:0005524,GO:0005524,GO:0005634,GO:0006298,GO:0006298,GO:0030983,GO:0030983,GO:0032301,GO:0140664
CAALFM_C208690CA	GO:0004623,GO:0005743,GO:0035965
CAALFM_C208700CA	GO:0000328,GO:0000329,GO:0031625,GO:0032509
CAALFM_C208720WA	GO:0006338,GO:0031011,GO:0031011
CAALFM_C208740WA	GO:0005524,GO:0005634,GO:0006261,GO:0006282,GO:0008047,GO:0016887,GO:0017116
CAALFM_C208760CA	GO:0003729,GO:0003743,GO:0005515,GO:0016281
CAALFM_C208780WA	GO:0005524,GO:0008540,GO:0016887,GO:0036402,GO:0043161
CAALFM_C208790WA	GO:0005783,GO:0034975,GO:0051087,GO:0051787
CAALFM_C208800CA	GO:0004177,GO:0006508,GO:0006508,GO:0008235
CAALFM_C208810CA	GO:0000287,GO:0000287,GO:0004427,GO:0004427,GO:0005634,GO:0005737,GO:0005737,GO:0006796,GO:0006796
CAALFM_C208820CA	GO:0000228,GO:0000706,GO:0003677,GO:0003677,GO:0003918,GO:0003918,GO:0005524,GO:0007131,GO:0042138
CAALFM_C208830WA	GO:0016192,GO:0043231
CAALFM_C208840WA	GO:0018364,GO:0030488,GO:0046982,GO:0070476
CAALFM_C208850CA	GO:0005829,GO:0016618,GO:0030267,GO:0051287
CAALFM_C208860WA	GO:0004674,GO:0005524,GO:0005634,GO:0005737,GO:0005886,GO:0006468,GO:0006468
CAALFM_C208870CA	GO:0005199,GO:0005199,GO:0009277,GO:0031505
CAALFM_C208890WA	GO:0000978,GO:0000981,GO:0006355
CAALFM_C208900WA	GO:0005743,GO:0005747
CAALFM_C208920WA	GO:0005515
CAALFM_C208930WA	GO:0005634,GO:0005829,GO:0005838,GO:0008541,GO:0043161
CAALFM_C208940CA	GO:0000813,GO:0000813,GO:0043328,GO:0044877
CAALFM_C208950WA	GO:0003700,GO:0006281,GO:0006355,GO:0008168,GO:0008270,GO:0043565
CAALFM_C208960CA	GO:0000917,GO:0000935
CAALFM_C208970CA	GO:0003865,GO:0005783,GO:0006488,GO:0016095,GO:0019408
CAALFM_C209010WA	GO:0000432,GO:0005634,GO:0043565
CAALFM_C209020WA	GO:0000727,GO:0003697,GO:0005524,GO:0005524,GO:0005634,GO:0006260,GO:0006268,GO:0006270,GO:0006270,GO:0006271,GO:0016887,GO:0017116,GO:0042555,GO:0042555
CAALFM_C209040WA	GO:0005634,GO:0016973
CAALFM_C209060CA	GO:0004066,GO:0004066,GO:0005829,GO:0006529,GO:0006529
CAALFM_C209070CA	GO:0008374,GO:0031966,GO:0044255
CAALFM_C209100CA	GO:0008270
CAALFM_C209140CA	GO:0004783,GO:0005829,GO:0010181,GO:0050660
CAALFM_C209150WA	GO:0000030,GO:0051999
CAALFM_C209160WA	GO:0000176,GO:0000177,GO:0000467,GO:0034427,GO:0034473,GO:0034475,GO:0034476,GO:0043928,GO:0071028,GO:0071035,GO:0071038,GO:0071042
CAALFM_C209170WA	GO:0016020
CAALFM_C209180WA	GO:0005654,GO:0006401,GO:0009259,GO:0032299
CAALFM_C209230CA	GO:0005634,GO:0005737,GO:0007165,GO:0019901,GO:0031588
CAALFM_C209250WA	GO:0005737,GO:0016791,GO:0016791,GO:0052840
CAALFM_C209260CA	GO:0004416
CAALFM_C209270CA	GO:0050821,GO:0051087
CAALFM_C209280CA	GO:0016020,GO:0022857,GO:0055085
CAALFM_C209290WA	GO:0005789,GO:0070072,GO:0070072
CAALFM_C209300WA	GO:0003712,GO:0003712,GO:0006357,GO:0006357,GO:0006369,GO:0016592,GO:0016592,GO:0070847
CAALFM_C209310CA	GO:0005739,GO:0030956,GO:0050567,GO:0070681
CAALFM_C209320CA	GO:0000463,GO:0003723,GO:0005730,GO:0005730,GO:0042254,GO:0042254,GO:0070545
CAALFM_C209350WA	GO:0007007,GO:0031966,GO:0035965,GO:0047184
CAALFM_C209360WA	GO:0005515
CAALFM_C209370CA	GO:0003777,GO:0003777,GO:0005524,GO:0007018,GO:0007018,GO:0008017
CAALFM_C209380WA	GO:0000460,GO:0000470,GO:0030687
CAALFM_C209390WA	GO:0005789,GO:0006078,GO:0009272
CAALFM_C209400CA	GO:0005789,GO:0006696,GO:0050613
CAALFM_C209430WA	GO:0000027,GO:0003723,GO:0003735,GO:0003735,GO:0005840,GO:0005840,GO:0006412,GO:0006412,GO:0022625
CAALFM_C209460CA	GO:0000981,GO:0000981,GO:0006357,GO:0008270
CAALFM_C209470CA	GO:0005524,GO:0006298,GO:0006298,GO:0016887,GO:0030983,GO:0032389,GO:0140664
CAALFM_C209480WA	GO:0016035
CAALFM_C209490WA	GO:0004035,GO:0008967
CAALFM_C209500WA	GO:0008033,GO:0017150,GO:0017150,GO:0050660
CAALFM_C209510CA	GO:0005347,GO:0005509,GO:0055085
CAALFM_C209520CA	GO:0005524,GO:0005829,GO:0005832,GO:0005832,GO:0006457,GO:0006457,GO:0016887,GO:0051082,GO:0051082,GO:0140662,GO:0140662
CAALFM_C209560CA	GO:0000338,GO:0008180
CAALFM_C209570CA	GO:0005789,GO:0016126,GO:0020037,GO:0043231
CAALFM_C209580WA	GO:0005096,GO:0005096,GO:0005794,GO:0006355,GO:0006888,GO:0006891,GO:0006897,GO:0043565,GO:0046872
CAALFM_C209590CA	GO:0005315,GO:0005743,GO:1990547
CAALFM_C209600CA	GO:0008270
CAALFM_C209610WA	GO:0035352,GO:0051724
CAALFM_C209620WA	GO:0003756,GO:0005783,GO:0006457
CAALFM_C209640WA	GO:0004476,GO:0004476,GO:0005829,GO:0005975,GO:0008270,GO:0009298,GO:0009298
CAALFM_C209650WA	GO:0003723
CAALFM_C209660WA	GO:0005730,GO:0042273
CAALFM_C209670CA	GO:0005524,GO:0005524,GO:0005829,GO:0016226,GO:0016226,GO:0051539,GO:0140663,GO:0140663
CAALFM_C209680WA	GO:0006888
CAALFM_C209700WA	GO:0000139,GO:0005462,GO:0005789,GO:0055085,GO:0055085
CAALFM_C209710CA	GO:0006897,GO:0006897,GO:0007015,GO:0007015,GO:0030479,GO:0035091,GO:0043130,GO:0051666
CAALFM_C209720WA	GO:0000288,GO:0003747,GO:0003747,GO:0003924,GO:0003924,GO:0005525,GO:0006412,GO:0006415,GO:0018444
CAALFM_C209730CA	GO:0000824,GO:0000828,GO:0005634,GO:0005737,GO:0032958,GO:0032958,GO:0046854
CAALFM_C209740WA	GO:0000149,GO:0005484,GO:0005484,GO:0005886,GO:0006886,GO:0006886,GO:0006887,GO:0006906,GO:0012505,GO:0031201,GO:0048278
CAALFM_C209750WA	GO:0003852,GO:0003852,GO:0005739,GO:0009098,GO:0009098
CAALFM_C209770CA	GO:0004439,GO:0005737,GO:0016020,GO:0043813,GO:0046856,GO:0046856
CAALFM_C209780CA	GO:0005783,GO:0005789
CAALFM_C209810CA	GO:0016813,GO:0016813
CAALFM_C209840WA	GO:0000070,GO:0000278,GO:0000278,GO:0000775,GO:0000775,GO:0005634,GO:0005634,GO:0034501,GO:0051382
CAALFM_C209850CA	GO:0051213
CAALFM_C209860CA	GO:0004497,GO:0016705
CAALFM_C209870WA	GO:0000329,GO:0034488
CAALFM_C209880CA	GO:0003682,GO:0003713,GO:0005515,GO:0005634,GO:0006338,GO:0006357,GO:0035066,GO:0070461
CAALFM_C209890WA	GO:0002943,GO:0005737,GO:0017150,GO:0017150,GO:0050660
CAALFM_C209900CA	GO:0005743,GO:0005744,GO:0005744,GO:0008320,GO:0008320,GO:0030150,GO:0030150
CAALFM_C209920WA	GO:0005634
CAALFM_C209940WA	GO:0000978,GO:0000981,GO:0001080,GO:0005667,GO:1903833
CAALFM_C209950WA	GO:0000329,GO:0005886,GO:0015205,GO:0015856,GO:0055085,GO:0055085
CAALFM_C209960WA	GO:0004792,GO:0004792,GO:0005739,GO:0019346
CAALFM_C209970CA	GO:0005975,GO:0006098,GO:0017057
CAALFM_C209990CA	GO:0005524,GO:0005886,GO:0008559,GO:0016887,GO:0055085,GO:0055085
CAALFM_C210010CA	GO:0005783,GO:0005789
CAALFM_C210020CA	GO:0005975
CAALFM_C210030CA	GO:0005576,GO:0005975,GO:0009277,GO:0009986,GO:0042124,GO:0042973,GO:0071555
CAALFM_C210050WA	GO:0004197,GO:0004843,GO:0004843,GO:0005515,GO:0005634,GO:0005829,GO:0016579,GO:0016579,GO:0031647
CAALFM_C210060CA	GO:0004140,GO:0015937
CAALFM_C210070WA	GO:0005829,GO:0008863,GO:0016616,GO:0051287
CAALFM_C210080WA	GO:0006355,GO:0010833,GO:0042162,GO:0070187
CAALFM_C210090CA	GO:0005515
CAALFM_C210100WA	GO:0000398,GO:0003723,GO:0003723,GO:0005515,GO:0071013
CAALFM_C210110WA	GO:0005758,GO:0006122,GO:0006123,GO:0009055,GO:0009055,GO:0020037,GO:0020037
CAALFM_C210120WA	GO:0005737,GO:0006457
CAALFM_C210130WA	GO:0005515
CAALFM_C210140WA	GO:0004843,GO:0008270,GO:0016579
CAALFM_C210150WA	GO:0005975
CAALFM_C210160WA	GO:0005975
CAALFM_C210170CA	GO:0000422,GO:0005739
CAALFM_C210180WA	GO:0016651,GO:0016651
CAALFM_C210190CA	GO:0006470,GO:0016791,GO:0016791
CAALFM_C210200WA	GO:0006487,GO:0008250,GO:0008250,GO:0016020,GO:0016020
CAALFM_C210210CA	GO:0003924,GO:0003924,GO:0005525,GO:0005525,GO:0005886,GO:0007165,GO:0019003
CAALFM_C210220CA	GO:0005634,GO:0006355,GO:0033698,GO:0035064,GO:0070210
CAALFM_C210240WA	GO:0005634,GO:0005829,GO:0005975,GO:0006116,GO:0009331,GO:0042803,GO:0046168,GO:0047952,GO:0051287
CAALFM_C210250CA	GO:0000785,GO:0005515,GO:0005634,GO:0005634,GO:0005694,GO:0006355,GO:0006355,GO:0010452,GO:0046975,GO:0046975
CAALFM_C210260CA	GO:0004683,GO:0005524,GO:0006468,GO:0034599
CAALFM_C210270WA	GO:0001522,GO:0001522,GO:0003723,GO:0003723,GO:0005634,GO:0009982,GO:0009982
CAALFM_C210280CA	GO:0000976,GO:0005634,GO:0006357
CAALFM_C210290WA	GO:0000398,GO:0003723,GO:0005654,GO:0005737,GO:0061574
CAALFM_C210310CA	GO:0003777,GO:0003777,GO:0005524,GO:0007018,GO:0007018,GO:0008017
CAALFM_C210340WA	GO:0004852,GO:0004852,GO:0006780
CAALFM_C210350CA	GO:0003987,GO:0003987,GO:0005829,GO:0016208,GO:0019427
CAALFM_C210360CA	GO:0004418,GO:0004418,GO:0005737,GO:0006783,GO:0018160
CAALFM_C210440CA	GO:0000014,GO:0000110,GO:0000712,GO:0000724,GO:0000736,GO:0003684,GO:0003697,GO:0003697,GO:1901255
CAALFM_C210460CA	GO:0004489,GO:0004489,GO:0005829,GO:0009086,GO:0035999,GO:0071949
CAALFM_C210480WA	GO:0005737,GO:0006099,GO:0006108,GO:0030060,GO:0030060
CAALFM_C210530CA	GO:0004672,GO:0005524,GO:0005634,GO:0005737,GO:0005813,GO:0006468,GO:0007059
CAALFM_C210540WA	GO:0000433,GO:0000978,GO:0005634,GO:0005737
CAALFM_C210550CA	GO:0005829,GO:0006417,GO:0019887,GO:0034198
CAALFM_C210560CA	GO:0003729,GO:0046872
CAALFM_C210570WA	GO:0000724,GO:0003676,GO:0005524,GO:0005634,GO:0005694,GO:0005737,GO:0006260,GO:0006268,GO:0009378,GO:0031422,GO:0043138,GO:0043138
CAALFM_C210590WA	GO:0000981,GO:0006355,GO:0008270
CAALFM_C210620WA	GO:0003723,GO:0003723,GO:0003735,GO:0003735,GO:0005840,GO:0005840,GO:0006412,GO:0006412,GO:0022627
CAALFM_C210630WA	GO:0005829,GO:0009166,GO:0009166,GO:0016787,GO:0016787
CAALFM_C210660WA	GO:0006355,GO:0008270,GO:0043565
CAALFM_C210670WA	GO:0005829,GO:0006511,GO:0031593
CAALFM_C210680WA	GO:0005669,GO:0006367,GO:0046982
CAALFM_C210690WA	GO:0003824,GO:0003824,GO:0005829,GO:0005946,GO:0005992,GO:0005992,GO:0070413
CAALFM_C210700CA	GO:0032786,GO:0045943,GO:0070692
CAALFM_C210710WA	GO:0003723,GO:0003743,GO:0003743,GO:0005737,GO:0006413,GO:0006413
CAALFM_C210720CA	GO:0015095,GO:0015095,GO:0015693,GO:0015693,GO:0016020,GO:0016020
CAALFM_C210740CA	GO:0005515
CAALFM_C210750CA	GO:0000147,GO:0004674,GO:0005524,GO:0005737,GO:0007015,GO:0018107,GO:0046777
CAALFM_C210760CA	GO:0003688,GO:0005634,GO:0005634,GO:0005664,GO:0006260,GO:0006260
CAALFM_C210770WA	GO:0003676,GO:0003899,GO:0003899,GO:0005666,GO:0006351,GO:0006351,GO:0006386,GO:0008270
CAALFM_C210780CA	GO:0003684,GO:0006303,GO:0031848,GO:0035312,GO:0036297
CAALFM_C210790CA	GO:0006488,GO:0006488,GO:0043541
CAALFM_C210810WA	GO:0000974,GO:0017070,GO:0036002,GO:0071006,GO:0071007
CAALFM_C210820CA	GO:0005829,GO:0030488
CAALFM_C210840WA	GO:0000724,GO:0005524,GO:0005634,GO:0007131,GO:0015616,GO:0140658
CAALFM_C210850CA	GO:0030433
CAALFM_C210860CA	GO:0004853,GO:0004853,GO:0005829,GO:0006783
CAALFM_C300030CA	GO:0003676,GO:0005524
CAALFM_C300090WA	GO:0003735,GO:0003735,GO:0005840,GO:0005840,GO:0006412,GO:0006412
CAALFM_C300100WA	GO:0000398,GO:0000398,GO:0071006
CAALFM_C300110CA	GO:0000145,GO:0000145,GO:0000149,GO:0006887,GO:0006887,GO:0051601
CAALFM_C300130CA	GO:0003723,GO:0010494,GO:0034063
CAALFM_C300160CA	GO:0005811
CAALFM_C300170CA	GO:0000329,GO:0033254
CAALFM_C300180CA	GO:0004038,GO:0005737,GO:0006145
CAALFM_C300200CA	GO:0005739,GO:0006631,GO:0019166
CAALFM_C300210CA	GO:0005737,GO:0016020,GO:0016020
CAALFM_C300220WA	GO:0005366,GO:0016020,GO:0055085
CAALFM_C300240CA	GO:0005096,GO:0048205
CAALFM_C300250CA	GO:0005743,GO:0030150,GO:0030150,GO:0051087,GO:0051087
CAALFM_C300260CA	GO:0004502,GO:0004502,GO:0005741,GO:0006569,GO:0016174,GO:0019674,GO:0019805,GO:0070189,GO:0071949
CAALFM_C300280CA	GO:0006508,GO:0008234
CAALFM_C300290WA	GO:0005524,GO:0008540,GO:0016887,GO:0036402,GO:0043161
CAALFM_C300300WA	GO:0004525,GO:0006396
CAALFM_C300310CA	GO:0008134,GO:0045944,GO:0046872
CAALFM_C300320WA	GO:0000121,GO:0006114,GO:0006970,GO:0008801
CAALFM_C300340WA	GO:0034551
CAALFM_C300350WA	GO:0000215,GO:0006388
CAALFM_C300370CA	GO:0006364,GO:0030515
CAALFM_C300380CA	GO:0051879
CAALFM_C300390WA	GO:0006829,GO:0016020,GO:0046873,GO:0046873,GO:0055085
CAALFM_C300400CA	GO:0004806,GO:0006629
CAALFM_C300420WA	GO:0005739,GO:0042781,GO:1990180
CAALFM_C300430WA	GO:0000781,GO:0005697,GO:0007004,GO:0042162,GO:0051973
CAALFM_C300450CA	GO:0002181,GO:0003723,GO:0003723,GO:0003735,GO:0003735,GO:0005840,GO:0005840,GO:0015934,GO:0016740
CAALFM_C300460WA	GO:0000274,GO:0016020,GO:0042776,GO:0045261,GO:0046933,GO:0046933
CAALFM_C300470WA	GO:0005783,GO:0006506
CAALFM_C300480CA	GO:0005737,GO:0008379,GO:0034599,GO:0045454
CAALFM_C300490WA	GO:0004402,GO:0006355,GO:0016573
CAALFM_C300500CA	GO:0000398,GO:0000974,GO:0005515,GO:0071011,GO:0071013
CAALFM_C300520WA	GO:0005634,GO:0019788,GO:0045116
CAALFM_C300530CA	GO:0000132,GO:0000776,GO:0005635,GO:0005875,GO:0005881,GO:0007097,GO:0031023,GO:0047496,GO:0051010,GO:0070840
CAALFM_C300540CA	GO:0015031,GO:0015031
CAALFM_C300550CA	GO:0004674,GO:0005524,GO:0006468,GO:0006468,GO:0035556
CAALFM_C300560CA	GO:0000462,GO:0005515,GO:0005730,GO:0032040
CAALFM_C300570CA	GO:0004721,GO:0005886
CAALFM_C300620CA	GO:0005739,GO:0033617
CAALFM_C300630WA	GO:0005515,GO:0007035,GO:0043291
CAALFM_C300640WA	GO:0005737,GO:0016831,GO:0019752,GO:0030170
CAALFM_C300660WA	GO:0000398,GO:0005515,GO:0005634,GO:0005634,GO:0005686,GO:0030620
CAALFM_C300670CA	GO:0000978,GO:0000981,GO:0005515,GO:0006357
CAALFM_C300690CA	GO:0005515,GO:0048188,GO:0051568
CAALFM_C300700WA	GO:0005515,GO:0005770,GO:0006623,GO:0030897,GO:0034058
CAALFM_C300710WA	GO:0004100,GO:0004100,GO:0006038,GO:0030428,GO:0071944
CAALFM_C300720WA	GO:0005524,GO:0005886,GO:0008553,GO:0008553,GO:0016887,GO:0051453,GO:0120029
CAALFM_C300730WA	GO:0003729,GO:0005737,GO:0010608
CAALFM_C300750WA	GO:0000976,GO:0000981,GO:0005634,GO:0008270,GO:0045944
CAALFM_C300760WA	GO:0000246,GO:0005789,GO:0006696
CAALFM_C300770CA	GO:0005634,GO:0005829,GO:0005839,GO:0006511,GO:0019773,GO:0019773
CAALFM_C300780WA	GO:0004407,GO:0016575
CAALFM_C300790WA	GO:0004674,GO:0005524,GO:0005737,GO:0006914,GO:0018105
CAALFM_C300800WA	GO:0000086,GO:0004725,GO:0004725,GO:0005634,GO:0005737,GO:0006470,GO:0010971,GO:0110032
CAALFM_C300810CA	GO:0016491
CAALFM_C300820WA	GO:0004366,GO:0005789,GO:0008654,GO:0016287
CAALFM_C300830CA	GO:0003677,GO:0003910,GO:0005524,GO:0005634,GO:0005739,GO:0006273,GO:0006281,GO:0006310,GO:0071897,GO:1903461
CAALFM_C300840CA	GO:0005739
CAALFM_C300850CA	GO:0070941
CAALFM_C300860WA	GO:0000786,GO:0000786,GO:0003677,GO:0003677,GO:0030527,GO:0030527,GO:0046982
CAALFM_C300880WA	GO:0004591,GO:0004591,GO:0005739,GO:0006099,GO:0006099,GO:0030976,GO:0030976,GO:0045252
CAALFM_C300890CA	GO:0044255,GO:0047372
CAALFM_C300900CA	GO:0000140,GO:0004806,GO:0005783,GO:0005811,GO:0006654,GO:0019433
CAALFM_C300920WA	GO:0005886,GO:0015123
CAALFM_C300930WA	GO:0005886,GO:0015123
CAALFM_C300940WA	GO:0005737,GO:0016567,GO:0061630
CAALFM_C300950CA	GO:0000413,GO:0003755,GO:0005515,GO:0043231
CAALFM_C300960WA	GO:0005739,GO:0009058,GO:0032981
CAALFM_C300980WA	GO:0009272,GO:0055085
CAALFM_C301000WA	GO:0000462,GO:0000479,GO:0003924,GO:0005524,GO:0005525,GO:0005525,GO:0005634,GO:0016887,GO:0030686,GO:0034511,GO:0042254,GO:0042254
CAALFM_C301070CA	GO:0000226,GO:0005096,GO:0007021,GO:0007023,GO:0048487
CAALFM_C301080WA	GO:0003735,GO:0003735,GO:0005739,GO:0006412,GO:0006412,GO:0015934,GO:0015934
CAALFM_C301090WA	GO:0005759,GO:0033617,GO:0033617
CAALFM_C301110CA	GO:0000372,GO:1990904
CAALFM_C301120WA	GO:0005739,GO:0032981
CAALFM_C301130CA	GO:0005886,GO:0008270
CAALFM_C301140WA	GO:0003756,GO:0005783,GO:0006457
CAALFM_C301160WA	GO:0046488,GO:0052742
CAALFM_C301170WA	GO:0005743,GO:0007007
CAALFM_C301180CA	GO:0005634
CAALFM_C301200WA	GO:0005730,GO:0009381,GO:0030686,GO:0032040
CAALFM_C301220WA	GO:0003677,GO:0006351,GO:0008270
CAALFM_C301250WA	GO:0005388,GO:0005388,GO:0005524,GO:0006874,GO:0016020,GO:0016887,GO:0043231,GO:0070588
CAALFM_C301280WA	GO:0005829,GO:0009691,GO:0009691,GO:0016799
CAALFM_C301300CA	GO:0004089,GO:0004089,GO:0005737,GO:0008270,GO:0008270,GO:0015976,GO:0034599,GO:0071244
CAALFM_C301310WA	GO:0003677,GO:0005524,GO:0005634,GO:0044030,GO:0140658
CAALFM_C301320CA	GO:0000324,GO:0004339,GO:0005976
CAALFM_C301330WA	GO:0000978,GO:0001228,GO:0005634,GO:0006357,GO:0008270
CAALFM_C301340WA	GO:0000064,GO:1990575
CAALFM_C301350CA	GO:0004590,GO:0004590,GO:0005829,GO:0006207,GO:0006207,GO:0044205,GO:0044205
CAALFM_C301390CA	GO:0005085,GO:0032012
CAALFM_C301400WA	GO:0000147,GO:0005509,GO:0005515,GO:0005634,GO:0005737,GO:0005886,GO:0006897,GO:0006897,GO:0007015,GO:0016197,GO:0030479,GO:0043332
CAALFM_C301410CA	GO:0005747,GO:0008137
CAALFM_C301420CA	GO:0005829
CAALFM_C301450CA	GO:0016226,GO:0097361,GO:0097428
CAALFM_C301460CA	GO:0003988,GO:0005777,GO:0006635,GO:0010124
CAALFM_C301470WA	GO:0003924,GO:0005525,GO:0005525,GO:0005737,GO:0006886,GO:0016192
CAALFM_C301480CA	GO:0004751,GO:0004751,GO:0006014,GO:0009052,GO:0009052,GO:0043231
CAALFM_C301490WA	GO:0003735,GO:0003735,GO:0005840,GO:0005840,GO:0006364,GO:0006412,GO:0006412,GO:0022627,GO:0030686,GO:0032040,GO:0042274
CAALFM_C301500CA	GO:0005515,GO:0030833
CAALFM_C301510WA	GO:0008195,GO:0008195,GO:0030479,GO:0044255
CAALFM_C301520CA	GO:0002181,GO:0003729,GO:0005829,GO:0046872
CAALFM_C301530CA	GO:0000902,GO:0005938,GO:0030427
CAALFM_C301540WA	GO:0005743,GO:0005746,GO:0033617
CAALFM_C301550CA	GO:0009277
CAALFM_C301560WA	GO:0003723,GO:0003724,GO:0005524,GO:0005622,GO:0005681
CAALFM_C301570WA	GO:0005975,GO:0016301
CAALFM_C301580WA	GO:0000981,GO:0006355,GO:0008270
CAALFM_C301600WA	GO:0000278,GO:0004722,GO:0005829,GO:0070262
CAALFM_C301610WA	GO:0005739,GO:0044877,GO:1901006
CAALFM_C301630WA	GO:0000329,GO:0005524,GO:0016887,GO:0033180,GO:0046034,GO:0046034,GO:0046961,GO:0046961,GO:1902600,GO:1902600
CAALFM_C301670WA	GO:0004190,GO:0006508
CAALFM_C301680CA	GO:0005743,GO:0006813,GO:1902600
CAALFM_C301690WA	GO:0000324,GO:0043085,GO:0071944
CAALFM_C301700WA	GO:0016567,GO:0019005,GO:0031146,GO:0031625,GO:0031625
CAALFM_C301710CA	GO:0004722,GO:0005515,GO:0005634,GO:0005829
CAALFM_C301720CA	GO:0005198,GO:0005515,GO:0006886,GO:0006886,GO:0006888,GO:0006888,GO:0006890,GO:0006891,GO:0030126,GO:0030126
CAALFM_C301730CA	GO:0004553,GO:0005975,GO:0006037,GO:0009277,GO:0016757,GO:0031505
CAALFM_C301750CA	GO:0005515,GO:0005768,GO:0043328
CAALFM_C301760WA	GO:0004176,GO:0004222,GO:0005524,GO:0005745,GO:0008270,GO:0016020,GO:0016887,GO:0034982,GO:0065003
CAALFM_C301770CA	GO:0005634,GO:0042393,GO:0046982
CAALFM_C301780CA	GO:0005758,GO:0033617
CAALFM_C301790CA	GO:0005524,GO:0140658
CAALFM_C301810CA	GO:0000026,GO:0000032,GO:0005794,GO:0006487,GO:0006493,GO:0016020,GO:0016020,GO:0097502
CAALFM_C301820WA	GO:0008422,GO:0009251
CAALFM_C301830CA	GO:0000026,GO:0000032,GO:0005794,GO:0006487,GO:0006493,GO:0016020,GO:0016020,GO:0097502
CAALFM_C301850WA	GO:0004784,GO:0006801,GO:0046872
CAALFM_C301860CA	GO:0003723,GO:0003724,GO:0003724,GO:0005524,GO:0005634,GO:0010494,GO:0016973
CAALFM_C301880WA	GO:0005789,GO:0006487,GO:0006490,GO:0042283
CAALFM_C301890CA	GO:0005737
CAALFM_C301900CA	GO:0046872
CAALFM_C301910CA	GO:0016020,GO:0016020
CAALFM_C301930WA	GO:0003997,GO:0003997,GO:0005504,GO:0005777,GO:0005777,GO:0033540,GO:0055088,GO:0071949,GO:0071949
CAALFM_C301940CA	GO:0012505,GO:0016020,GO:0016020
CAALFM_C301950CA	GO:0012505,GO:0016020,GO:0016020
CAALFM_C301960CA	GO:0003997,GO:0003997,GO:0005504,GO:0005777,GO:0005777,GO:0033540,GO:0055088,GO:0071949,GO:0071949
CAALFM_C301980CA	GO:0005742,GO:0030150
CAALFM_C301990WA	GO:0005096,GO:0005634,GO:0005829,GO:0006913,GO:0031267,GO:0048471,GO:0090630
CAALFM_C302000WA	GO:0000722,GO:0000794,GO:0003691,GO:0005634,GO:0006302,GO:0006302,GO:0007004,GO:0016887,GO:0030870,GO:0030870,GO:0032508,GO:0043047,GO:0051880,GO:0070192,GO:0090305
CAALFM_C302010CA	GO:0012505,GO:0016746,GO:0016746
CAALFM_C302020WA	GO:0003729,GO:0005634,GO:0005737,GO:1990904
CAALFM_C302030WA	GO:0004252,GO:0004252,GO:0016020
CAALFM_C302040CA	GO:0003729,GO:0005730,GO:0008298,GO:0030687,GO:0042273
CAALFM_C302060WA	GO:0016811,GO:0016811
CAALFM_C302070CA	GO:0000907,GO:0005737,GO:0044273
CAALFM_C302080WA	GO:0005096,GO:0006886,GO:0006888,GO:0008270,GO:0030127,GO:0030127,GO:0070971,GO:0090110
CAALFM_C302100WA	GO:0005515,GO:0007165
CAALFM_C302110WA	GO:0003735,GO:0003735,GO:0005840,GO:0005840,GO:0006412,GO:0006412,GO:0022625,GO:0070180
CAALFM_C302120WA	GO:0000062,GO:0000062,GO:0006631
CAALFM_C302130WA	GO:0000462,GO:0003723,GO:0005515,GO:0030686,GO:0032040,GO:0034455
CAALFM_C302140CA	GO:0005975
CAALFM_C302150CA	GO:0003838,GO:0005783,GO:0006696
CAALFM_C302160CA	GO:0003723
CAALFM_C302170CA	GO:0000324,GO:0006508,GO:0006508,GO:0008270,GO:0008270,GO:0070006
CAALFM_C302180CA	GO:0005737,GO:0008612,GO:0008612,GO:0034038
CAALFM_C302190CA	GO:0005747,GO:0006979,GO:0016020,GO:0016020,GO:0032981,GO:0032981
CAALFM_C302210CA	GO:0017196,GO:0017196,GO:0031417,GO:0031417
CAALFM_C302220WA	GO:0000976,GO:0001228,GO:0036003,GO:0090575
CAALFM_C302230CA	GO:0000793,GO:0000796,GO:0007076
CAALFM_C302240CA	GO:0001664,GO:0001664,GO:0003924,GO:0003924,GO:0005525,GO:0005834,GO:0005834,GO:0007189,GO:0031683,GO:0031683
CAALFM_C302260CA	GO:0004693,GO:0005524,GO:0005634,GO:0006368,GO:0006468,GO:0006468,GO:0008024,GO:0008353,GO:0030332,GO:0032968
CAALFM_C302270WA	GO:0005737
CAALFM_C302280CA	GO:0004360,GO:0006002,GO:0006047,GO:0006487,GO:0034221,GO:0097367
CAALFM_C302290WA	GO:0070131
CAALFM_C302310WA	GO:0005886,GO:0008519,GO:0008519,GO:0072488,GO:0072488
CAALFM_C302320WA	GO:0000287,GO:0003984,GO:0003984,GO:0005739,GO:0005948,GO:0009097,GO:0009099,GO:0030976,GO:0050660,GO:0050660
CAALFM_C302350WA	GO:0000447,GO:0005730,GO:0030686
CAALFM_C302360CA	GO:0004065
CAALFM_C302370CA	GO:0005886,GO:0010961,GO:0015095,GO:0015095,GO:1903830
CAALFM_C302410CA	GO:0046872
CAALFM_C302430WA	GO:0006886,GO:0016192,GO:0016192,GO:0030117,GO:0030276
CAALFM_C302440CA	GO:0003712,GO:0003712,GO:0006357,GO:0006357,GO:0016592,GO:0016592,GO:0070847
CAALFM_C302450WA	GO:0005634,GO:0006511,GO:0008270,GO:0016567,GO:0031461,GO:0061630,GO:0097602
CAALFM_C302460CA	GO:0004106,GO:0004664,GO:0004664,GO:0005737,GO:0009094,GO:0009094
CAALFM_C302470CA	GO:0002181,GO:0003735,GO:0003735,GO:0005840,GO:0005840,GO:0019843,GO:0019843,GO:0022625
CAALFM_C302480CA	GO:0000302,GO:0004601,GO:0004601,GO:0020037,GO:0034599,GO:0042744
CAALFM_C302490CA	GO:0003677,GO:0005524,GO:0005634,GO:0042393,GO:0045944,GO:0140658
CAALFM_C302500WA	GO:0001405,GO:0001405,GO:0030150
CAALFM_C302510CA	GO:0004190,GO:0004190,GO:0006508,GO:0006508
CAALFM_C302530WA	GO:0005783
CAALFM_C302540CA	GO:0005634,GO:0006979
CAALFM_C302550CA	GO:0006807,GO:0006807,GO:0036361
CAALFM_C302560WA	GO:0000076,GO:0006281,GO:0006281,GO:0030896,GO:0030896,GO:0031573,GO:0071479
CAALFM_C302570WA	GO:0005737
CAALFM_C302580CA	GO:0005768,GO:0007032,GO:0031083,GO:0032880
CAALFM_C302590WA	GO:0006623,GO:0006896,GO:0010008,GO:0030117,GO:0030123,GO:0030123
CAALFM_C302600CA	GO:0003841,GO:0003841,GO:0005783,GO:0006654,GO:0016020
CAALFM_C302610CA	GO:0019172
CAALFM_C302620CA	GO:0005743,GO:0006850
CAALFM_C302640CA	GO:0000981,GO:0006355,GO:0008270
CAALFM_C302670WA	GO:0046872
CAALFM_C302680CA	GO:0006629,GO:0006629,GO:0016020,GO:0016717
CAALFM_C302690CA	GO:0004168,GO:0005789,GO:0043048
CAALFM_C302700WA	GO:0003690,GO:0005515,GO:0005524,GO:0005694,GO:0007064,GO:0016887,GO:0061775
CAALFM_C302720WA	GO:0000079,GO:0019901
CAALFM_C302750WA	GO:0004525,GO:0006396
CAALFM_C302760CA	GO:0000182,GO:0000183,GO:0005730,GO:0019211,GO:0031030
CAALFM_C302770CA	GO:0000109,GO:0000209,GO:0005515,GO:0006283,GO:0031464,GO:0043161
CAALFM_C302780WA	GO:0000049,GO:0004828,GO:0004828,GO:0005524,GO:0005524,GO:0005829,GO:0006434,GO:0006434
CAALFM_C302810CA	GO:0001676,GO:0004467,GO:0005783,GO:0016020
CAALFM_C302820CA	GO:0005783,GO:0016126
CAALFM_C302830WA	GO:0000127,GO:0005515,GO:0006383
CAALFM_C302840WA	GO:0001682,GO:0030677,GO:0033204
CAALFM_C302850CA	GO:0008080
CAALFM_C302860WA	GO:0000287,GO:0004417,GO:0004789,GO:0004789,GO:0005524,GO:0005737,GO:0009228,GO:0009228
CAALFM_C302870CA	GO:0003333,GO:0005774,GO:0015171
CAALFM_C302880WA	GO:0005737,GO:0005737,GO:0006399,GO:0051500
CAALFM_C302900WA	GO:0005515
CAALFM_C302920WA	GO:0004864,GO:0005737,GO:0035308
CAALFM_C302930WA	GO:0019787
CAALFM_C302950CA	GO:0004489,GO:0004489,GO:0005829,GO:0009086,GO:0035999,GO:0071949
CAALFM_C302960CA	GO:0003980,GO:0003980,GO:0005783,GO:0018279,GO:0051082,GO:0071712
CAALFM_C302990CA	GO:0005515
CAALFM_C303010CA	GO:0005737,GO:0005737,GO:0006399,GO:0051500
CAALFM_C303030CA	GO:0004181,GO:0004181,GO:0005615,GO:0006508,GO:0006508,GO:0008270
CAALFM_C303040WA	GO:0003824,GO:0005739,GO:0071949
CAALFM_C303060WA	GO:0006888,GO:0030008,GO:0030008
CAALFM_C303070WA	GO:0016020,GO:0022857,GO:0055085
CAALFM_C303100CA	GO:0000124,GO:0003713,GO:0006357
CAALFM_C303110WA	GO:0016020
CAALFM_C303120CA	GO:0005886,GO:0015124,GO:0015719,GO:0042938,GO:0042939,GO:0055085,GO:0071916
CAALFM_C303130CA	GO:0004623,GO:0005743,GO:0035965
CAALFM_C303140CA	GO:0005886,GO:0015205,GO:0015851,GO:0055085,GO:0055085
CAALFM_C303150WA	GO:0070822
CAALFM_C303170WA	GO:0005198,GO:0005515,GO:0006606,GO:0030127,GO:0031080,GO:0032008,GO:0032527,GO:0090114
CAALFM_C303180CA	GO:0004731,GO:0004731,GO:0005737,GO:0009116
CAALFM_C303190CA	GO:0005515,GO:0005759
CAALFM_C303230CA	GO:0003333,GO:0015179,GO:0016020
CAALFM_C303250WA	GO:0000287,GO:0005524,GO:0005886,GO:0016887,GO:0045332,GO:0140326,GO:0140326
CAALFM_C303260WA	GO:0003723,GO:0005847,GO:0006378,GO:0006398
CAALFM_C303270WA	GO:0005739,GO:0019216
CAALFM_C303280CA	GO:0000786,GO:0000786,GO:0003677,GO:0003677,GO:0030527,GO:0030527,GO:0046982
CAALFM_C303290CA	GO:0005096,GO:0005774,GO:0010508,GO:1904262,GO:1990130
CAALFM_C303300CA	GO:0003729,GO:0005634,GO:0008270,GO:0048024
CAALFM_C303310CA	GO:0003676,GO:0008276,GO:0008757,GO:0032259,GO:0035657
CAALFM_C303320WA	GO:0005634,GO:0005737,GO:0019941,GO:0030162,GO:0031386,GO:0031625,GO:0045116
CAALFM_C303330CA	GO:0000245,GO:0000398,GO:0000974,GO:0005515,GO:0071007,GO:0071011,GO:0071014
CAALFM_C303340CA	GO:0005747,GO:0032981
CAALFM_C303360WA	GO:0000329,GO:0005886,GO:0015205,GO:0015856,GO:0055085,GO:0055085
CAALFM_C303380WA	GO:0005515
CAALFM_C303390CA	GO:0005739,GO:0051353,GO:0051537,GO:0051537,GO:0140647,GO:0140647
CAALFM_C303400CA	GO:0000149,GO:0005484,GO:0005484,GO:0005789,GO:0005794,GO:0005794,GO:0006886,GO:0006891,GO:0006896,GO:0012507,GO:0016236,GO:0031201,GO:0031902,GO:0042147,GO:0048280
CAALFM_C303410CA	GO:0004573,GO:0005789,GO:0006487,GO:0009311
CAALFM_C303420CA	GO:0003954,GO:0006116
CAALFM_C303440CA	GO:0022857,GO:0022857,GO:0055085,GO:0055085
CAALFM_C303450CA	GO:0000030
CAALFM_C303470WA	GO:0004777,GO:0009450
CAALFM_C303480CA	GO:0004021,GO:0009058,GO:0030170
CAALFM_C303500WA	GO:0005789,GO:0005886,GO:0006078,GO:0015926,GO:0031505
CAALFM_C303510CA	GO:0005741
CAALFM_C303520CA	GO:0005634,GO:0005829,GO:0005839,GO:0006511,GO:0019773,GO:0019773
CAALFM_C303550CA	GO:0006508,GO:0008234,GO:0019784
CAALFM_C303560WA	GO:0005739,GO:0030145,GO:0070006
CAALFM_C303570CA	GO:0005737,GO:0016706
CAALFM_C303590WA	GO:0005739,GO:0007005,GO:0016020,GO:0016020
CAALFM_C303610WA	GO:0005886,GO:0015205,GO:0015851,GO:0055085,GO:0055085
CAALFM_C303630WA	GO:0004623,GO:0005743,GO:0035965
CAALFM_C303640WA	GO:0005886,GO:0015124,GO:0015719,GO:0042938,GO:0042939,GO:0055085,GO:0071916
CAALFM_C303650WA	GO:0004521,GO:0004521,GO:0030490,GO:0030688,GO:0042274
CAALFM_C303660WA	GO:0005509,GO:0005515
CAALFM_C303670WA	GO:0016575,GO:0070823
CAALFM_C303680WA	GO:0005783,GO:0008117,GO:0019752,GO:0030149,GO:0030170
CAALFM_C303710WA	GO:0000329,GO:0005381,GO:0005384,GO:0005384,GO:0006880,GO:0030026,GO:0030026
CAALFM_C303730CA	GO:0005739,GO:0007005,GO:0016020,GO:0016020
CAALFM_C303750CA	GO:0003688,GO:0005656,GO:0005664,GO:0006260,GO:0006270,GO:0031261
CAALFM_C303760WA	GO:0004144,GO:0005789,GO:0019432
CAALFM_C303790WA	GO:0005829,GO:0009116,GO:0017061,GO:0017061,GO:0019509
CAALFM_C303800WA	GO:0000324,GO:0005886,GO:0006857,GO:0042937,GO:0055085,GO:0071916
CAALFM_C303810WA	GO:0000077,GO:0003688,GO:0004674,GO:0004712,GO:0005515,GO:0005524,GO:0005634,GO:0005634,GO:0005737,GO:0006270,GO:0006281,GO:0006468,GO:0009202,GO:0051598
CAALFM_C303830WA	GO:0000159,GO:0003755,GO:0005634,GO:0005737,GO:0007052,GO:0008160
CAALFM_C303840CA	GO:0005634,GO:0005849,GO:0006378,GO:0006388,GO:0051731
CAALFM_C303860WA	GO:0003993
CAALFM_C303870CA	GO:0004190,GO:0004190,GO:0006508,GO:0006508
CAALFM_C303880CA	GO:0005768,GO:0006886,GO:0006886,GO:0030904,GO:0042147
CAALFM_C303890WA	GO:0005085,GO:0005085,GO:0005515,GO:0005886,GO:0007265,GO:0043547
CAALFM_C303900CA	GO:0000786,GO:0000786,GO:0003677,GO:0003677,GO:0006334,GO:0030527,GO:0030527,GO:0046982
CAALFM_C303910WA	GO:0000786,GO:0000786,GO:0003677,GO:0003677,GO:0030527,GO:0030527,GO:0046982
CAALFM_C303930WA	GO:0003713,GO:0005634,GO:0005669,GO:0006367,GO:0006367,GO:0046982,GO:0051123
CAALFM_C303980CA	GO:0016020
CAALFM_C303990CA	GO:0003333,GO:0015171,GO:0016020
CAALFM_C304000CA	GO:0004092,GO:0005829,GO:0009437
CAALFM_C304020CA	GO:0000981,GO:0000981,GO:0008270,GO:0043565,GO:0045944
CAALFM_C304040WA	GO:0007131
CAALFM_C304060CA	GO:0004109,GO:0004109,GO:0005737,GO:0005758,GO:0006782
CAALFM_C304070CA	GO:0005524,GO:0016020,GO:0016887,GO:0140359,GO:1990961
CAALFM_C304080WA	GO:0005750,GO:0006122
CAALFM_C304090WA	GO:0003723
CAALFM_C304100WA	GO:0000324,GO:0000329,GO:0005524,GO:0015440,GO:0016887,GO:0055085
CAALFM_C304110CA	GO:0003677,GO:0005515,GO:0030907,GO:0033309,GO:0071931,GO:0140110
CAALFM_C304130WA	GO:0071782,GO:0071786
CAALFM_C304140CA	GO:0005737,GO:0005854,GO:0005854,GO:0006612,GO:0051082
CAALFM_C304160WA	GO:0005886,GO:0015124,GO:0015719,GO:0042938,GO:0042939,GO:0055085,GO:0071916
CAALFM_C304180WA	GO:0005576,GO:0006078,GO:0006078,GO:0031505,GO:0042546,GO:0042546
CAALFM_C304200WA	GO:0008783,GO:0033389,GO:0046872,GO:0046872
CAALFM_C304220CA	GO:0005524,GO:0005737,GO:0016301
CAALFM_C304230WA	GO:0003723,GO:0005524,GO:0005622,GO:0071013
CAALFM_C304250WA	GO:0005886
CAALFM_C304260WA	GO:0005783,GO:0005794,GO:0006511,GO:0007034,GO:0007034,GO:0030001,GO:0030001,GO:0031398,GO:0048471
CAALFM_C304270CA	GO:0005371,GO:0006843
CAALFM_C304290CA	GO:0000228,GO:0003712,GO:0005634,GO:0006338,GO:0006357,GO:0016514
CAALFM_C304300CA	GO:0003682,GO:0003688,GO:0003697,GO:0003887,GO:0003887,GO:0005658,GO:0006260,GO:0006272,GO:0006273,GO:0017076,GO:0019103,GO:1902975,GO:1902975
CAALFM_C304320WA	GO:0000149,GO:0005484,GO:0006886,GO:0006896,GO:0006906,GO:0012505,GO:0016020,GO:0031201,GO:0048278
CAALFM_C304340WA	GO:0008080
CAALFM_C304350CA	GO:0000140,GO:0004806,GO:0005783,GO:0005811,GO:0006654,GO:0019433
CAALFM_C304360WA	GO:0000324,GO:0005247,GO:0005247,GO:0005769,GO:0005783,GO:0005794,GO:0006821,GO:0006878,GO:0006879,GO:0016020,GO:0055085
CAALFM_C304370CA	GO:0005730,GO:0042254
CAALFM_C304380CA	GO:0000398,GO:0003723,GO:0005730,GO:0030490,GO:0031428,GO:0032040,GO:0042254,GO:0046540,GO:0071011
CAALFM_C304390WA	GO:0033179,GO:0046961,GO:1902600
CAALFM_C304400CA	GO:0006406,GO:0006606,GO:0017056,GO:0031080,GO:0045893
CAALFM_C304410CA	GO:0003676,GO:0005515,GO:0005634
CAALFM_C304420WA	GO:0000209,GO:0061630
CAALFM_C304430WA	GO:0005750,GO:0006122,GO:0008121,GO:0016020,GO:0051537,GO:0051537
CAALFM_C304460WA	GO:0005515,GO:0005737,GO:1904263
CAALFM_C304470WA	GO:0004697,GO:0005524,GO:0006468,GO:0007165,GO:0009272
CAALFM_C304480CA	GO:0003924,GO:0003924,GO:0005525,GO:0005525,GO:0005886,GO:0007165,GO:0019003
CAALFM_C304490WA	GO:0005886,GO:0008104
CAALFM_C304500CA	GO:0003723,GO:0003735,GO:0003735,GO:0005840,GO:0006412,GO:0022625,GO:0022625
CAALFM_C304510WA	GO:0030687
CAALFM_C304520CA	GO:0004638,GO:0005524,GO:0006189,GO:0046872
CAALFM_C304530CA	GO:0000978,GO:0000981,GO:0005667,GO:0006357
CAALFM_C304540CA	GO:0006357
CAALFM_C304550CA	GO:0004683,GO:0005516,GO:0005524,GO:0006468,GO:0034599
CAALFM_C304560WA	GO:0005634
CAALFM_C304570CA	GO:0005886,GO:0015204,GO:0071918
CAALFM_C304580CA	GO:0000978,GO:0000981,GO:0005634,GO:0006357
CAALFM_C304590WA	GO:0003729,GO:0005634,GO:0006406
CAALFM_C304610WA	GO:0000282,GO:0005886,GO:0005935,GO:0051666
CAALFM_C304630WA	GO:0005347,GO:0005778,GO:0015217,GO:0015228,GO:0015230,GO:0044610,GO:0051724,GO:0080122
CAALFM_C304640WA	GO:0000976,GO:0000981,GO:0000981,GO:0005634,GO:0006355,GO:0006355,GO:0008270
CAALFM_C304650WA	GO:0006629,GO:0008081
CAALFM_C304660CA	GO:0000064,GO:1990575
CAALFM_C304670CA	GO:0000028,GO:0003723,GO:0003735,GO:0003735,GO:0005840,GO:0005840,GO:0006412,GO:0006412,GO:0022627
CAALFM_C304680WA	GO:0002182,GO:0002182,GO:0003735,GO:0003735,GO:0005840,GO:0006412,GO:0022625,GO:0022625
CAALFM_C304690CA	GO:0031511
CAALFM_C304710WA	GO:0005794,GO:0006665,GO:0016125,GO:0032366,GO:0032366,GO:0032541,GO:0097036
CAALFM_C304720CA	GO:0005227,GO:0005886
CAALFM_C304740CA	GO:0003677,GO:0003677,GO:0003917,GO:0005634,GO:0006265,GO:0006265
CAALFM_C304760CA	GO:0001147,GO:0004386,GO:0005524,GO:0006369,GO:0016604
CAALFM_C304770CA	GO:0000976,GO:0000981,GO:0005634,GO:0008270,GO:0045944
CAALFM_C304780CA	GO:0000139,GO:0005783,GO:0005789,GO:0006888,GO:0006890,GO:0030134
CAALFM_C304790WA	GO:0000151,GO:0000209,GO:0005737,GO:0006511,GO:0008270,GO:0031624,GO:0032436,GO:0061630
CAALFM_C304800CA	GO:0005778,GO:0007031
CAALFM_C304810CA	GO:0003723,GO:0005634,GO:0005737
CAALFM_C304820CA	GO:0005085,GO:0032012
CAALFM_C304830CA	GO:0000287,GO:0004312,GO:0004315,GO:0004316,GO:0005835,GO:0005835,GO:0008897,GO:0042759,GO:0042759
CAALFM_C304840CA	GO:0005515
CAALFM_C304860WA	GO:0005634
CAALFM_C304870WA	GO:0005515,GO:0005680,GO:0010997,GO:0031145,GO:1904668,GO:1905786,GO:1990757
CAALFM_C304880WA	GO:0005515,GO:0033565,GO:0043328
CAALFM_C304890WA	GO:0005524,GO:0016020,GO:0016887,GO:0140359,GO:1990961
CAALFM_C304900WA	GO:0005730,GO:0030490,GO:0030692,GO:0032040,GO:0032040
CAALFM_C304910CA	GO:0005886,GO:0032126,GO:0070941,GO:0072659
CAALFM_C304920CA	GO:0005515
CAALFM_C304930CA	GO:0005351,GO:0008643,GO:0016020,GO:0016020,GO:0055085
CAALFM_C304940WA	GO:0005789,GO:0006486,GO:0019408,GO:0045547,GO:1904423
CAALFM_C304950WA	GO:0003924,GO:0005525,GO:0005525,GO:0005737,GO:0005886,GO:0006886,GO:0016192
CAALFM_C304960WA	GO:0000463,GO:0003729,GO:0003735,GO:0003735,GO:0005840,GO:0006412,GO:0022625
CAALFM_C304970CA	GO:0000151,GO:0000151,GO:0000209,GO:0005634,GO:0005737,GO:0030433,GO:0034450,GO:0034450
CAALFM_C304990WA	GO:0003676
CAALFM_C305000WA	GO:0005094,GO:0005094,GO:0005515,GO:0005515,GO:0005737,GO:0005737,GO:0005829,GO:0007266,GO:0007266,GO:0016020
CAALFM_C305010CA	GO:0000725,GO:0003677,GO:0005524,GO:0005524,GO:0005634,GO:0016787,GO:0043138
CAALFM_C305030WA	GO:0005739,GO:0007005,GO:0016020,GO:0016020
CAALFM_C305040CA	GO:0000407,GO:0000422,GO:0005776,GO:0034497,GO:0044805
CAALFM_C305050WA	GO:0000785,GO:0000978,GO:0000981,GO:0006357
CAALFM_C305070WA	GO:0004315,GO:0004315,GO:0006633,GO:0006633
CAALFM_C305080WA	GO:0016651,GO:0016651
CAALFM_C305100CA	GO:0003723,GO:0003735,GO:0003735,GO:0005840,GO:0005840,GO:0006412,GO:0006412,GO:0022625
CAALFM_C305110WA	GO:0004252
CAALFM_C305120CA	GO:0005737,GO:0005844,GO:0006457,GO:0006457,GO:0007017,GO:0007021,GO:0015631,GO:0016272,GO:0016272
CAALFM_C305130CA	GO:0009228
CAALFM_C305140CA	GO:0003676,GO:0004809,GO:0005737,GO:0032259
CAALFM_C305150WA	GO:0003723
CAALFM_C305160CA	GO:0003723,GO:0003724,GO:0005524,GO:0005634
CAALFM_C305170WA	GO:0000981,GO:0006355,GO:0008270
CAALFM_C305180WA	GO:0003924,GO:0003924,GO:0005525,GO:0005525,GO:0005886,GO:0007264,GO:0019003
CAALFM_C305190CA	GO:0004197,GO:0006508
CAALFM_C305200WA	GO:0000028,GO:0003723,GO:0003735,GO:0003735,GO:0005840,GO:0005840,GO:0006412,GO:0006412,GO:0022627
CAALFM_C305210CA	GO:0005524,GO:0007018,GO:0007018,GO:0008569,GO:0008569,GO:0016887,GO:0030286,GO:0030286,GO:0045505,GO:0051959
CAALFM_C305220WA	GO:0005524,GO:0016020,GO:0016887,GO:0140359,GO:1990961
CAALFM_C305230WA	GO:0004190,GO:0004190,GO:0006508,GO:0006508
CAALFM_C305240CA	GO:0042254,GO:1990904
CAALFM_C305270CA	GO:0005351,GO:0008643,GO:0016020,GO:0016020,GO:0055085
CAALFM_C305280CA	GO:0005789,GO:0009922,GO:0009922,GO:0019367,GO:0030148,GO:0034625,GO:0034626,GO:0042761
CAALFM_C305290CA	GO:0003723
CAALFM_C305300CA	GO:0004103,GO:0004305,GO:0005737,GO:0006646,GO:0006656
CAALFM_C305340WA	GO:0005783,GO:0006487,GO:0006488,GO:0006488,GO:0106073,GO:0106073
CAALFM_C305350CA	GO:0032995,GO:0042546,GO:0043332
CAALFM_C305360CA	GO:0004176,GO:0004176,GO:0004252,GO:0004252,GO:0005524,GO:0005524,GO:0005782,GO:0006515,GO:0006625,GO:0016485,GO:0016887,GO:0030163
CAALFM_C305370CA	GO:0000028,GO:0002181,GO:0003735,GO:0003735,GO:0005840,GO:0022627,GO:0030686
CAALFM_C305380WA	GO:0016020,GO:0022857,GO:0022857,GO:0055085,GO:0055085
CAALFM_C305390CA	GO:0005783,GO:0006506,GO:0006506,GO:0016020,GO:0016020
CAALFM_C305410WA	GO:0010960,GO:0043231
CAALFM_C305420WA	GO:0004674,GO:0005524,GO:0006468,GO:0006468,GO:0035556
CAALFM_C305430WA	GO:0005215,GO:0006810
CAALFM_C305450CA	GO:0007039,GO:0042149
CAALFM_C305460WA	GO:0003333,GO:0015171
CAALFM_C305470WA	GO:0000981,GO:0003677,GO:0006351,GO:0006355,GO:0008270
CAALFM_C305510WA	GO:0005096,GO:0090630
CAALFM_C305520CA	GO:0000266,GO:0003924,GO:0003924,GO:0005525,GO:0005737,GO:0005739,GO:0005777,GO:0005874,GO:0008017,GO:0016020,GO:0016559
CAALFM_C305530WA	GO:0008250,GO:0016020,GO:0016020,GO:0018279
CAALFM_C305540CA	GO:0000398,GO:0003723,GO:0005686,GO:0071011,GO:0071013
CAALFM_C305550CA	GO:0000324,GO:0000413,GO:0003755,GO:0005783,GO:0006457
CAALFM_C305560WA	GO:0004298,GO:0005839,GO:0051603
CAALFM_C305570WA	GO:0022857,GO:0022857,GO:0055085,GO:0055085
CAALFM_C305580CA	GO:0003333,GO:0015171,GO:0016020
CAALFM_C305590CA	GO:0004084,GO:0004084,GO:0005739,GO:0009098,GO:0009099
CAALFM_C305600WA	GO:0005886,GO:0015123
CAALFM_C305610WA	GO:0000033,GO:0005794,GO:0006493
CAALFM_C305620WA	GO:0005886,GO:0015123
CAALFM_C305640WA	GO:0005737,GO:0016706
CAALFM_C305650WA	GO:0004674,GO:0005524,GO:0005634,GO:0005737,GO:0006897,GO:0007165,GO:0018105
CAALFM_C305700WA	GO:0005515
CAALFM_C305710WA	GO:0019867
CAALFM_C305720CA	GO:0000070,GO:0005524,GO:0005634,GO:0005871,GO:0007018,GO:0007018,GO:0007019,GO:0008017,GO:0008017,GO:0008574,GO:0016887,GO:0061673,GO:1990023
CAALFM_C305730CA	GO:0016020,GO:0046513,GO:0046513,GO:0050291,GO:0050291
CAALFM_C305740CA	GO:0005634,GO:0016538,GO:0016592,GO:0045944
CAALFM_C305760WA	GO:0004632,GO:0005634,GO:0005737,GO:0015937
CAALFM_C305770CA	GO:0001401,GO:0019867,GO:0045040
CAALFM_C305780CA	GO:0000978,GO:0000981,GO:0006355
CAALFM_C305800WA	GO:0000214,GO:0000379
CAALFM_C305810CA	GO:0005789,GO:0005886,GO:0006078,GO:0015926,GO:0031505
CAALFM_C305830WA	GO:0005789,GO:0005886,GO:0006078,GO:0015926,GO:0031505
CAALFM_C305840WA	GO:0004499,GO:0050660,GO:0050661
CAALFM_C305850WA	GO:0005634,GO:0005737,GO:0034657,GO:0043161,GO:0061630
CAALFM_C305860CA	GO:0005737,GO:0070042,GO:0070042,GO:0070475,GO:0070475
CAALFM_C305870CA	GO:0004197,GO:0004843,GO:0004843,GO:0005634,GO:0005829,GO:0016579,GO:0016579
CAALFM_C305880CA	GO:0000184,GO:0003729,GO:0010494,GO:0034063,GO:0043488
CAALFM_C305890WA	GO:0005737,GO:0008175,GO:0008757,GO:0030488,GO:0031591
CAALFM_C305900WA	GO:0000329,GO:0034488
CAALFM_C305910WA	GO:0000981,GO:0000981,GO:0005634,GO:0008270,GO:0045944
CAALFM_C305920WA	GO:0000981,GO:0000981,GO:0003677,GO:0005634,GO:0006351,GO:0008270,GO:0045944
CAALFM_C305930WA	GO:0000981,GO:0000981,GO:0003677,GO:0005634,GO:0006351,GO:0008270,GO:0045944
CAALFM_C305940CA	GO:0003729,GO:0005634,GO:0005737,GO:1990904
CAALFM_C305960WA	GO:0000226,GO:0005737,GO:0005819,GO:0008017,GO:0051256,GO:1990023
CAALFM_C305970CA	GO:0004633,GO:0010181,GO:0015937,GO:0071513
CAALFM_C305980CA	GO:0001676,GO:0004467,GO:0005783,GO:0016020
CAALFM_C305990CA	GO:0003729,GO:0005634,GO:0005737
CAALFM_C306000WA	GO:0000976,GO:0000981,GO:0005634,GO:0008270,GO:0045944
CAALFM_C306010WA	GO:0003746,GO:0005634,GO:0005737,GO:0006414,GO:0006414
CAALFM_C306020WA	GO:0000009,GO:0000032,GO:0000136,GO:0006487
CAALFM_C306030WA	GO:0003723,GO:0003924,GO:0005525,GO:0005730,GO:0042273
CAALFM_C306040WA	GO:0000209,GO:0046872,GO:0061630
CAALFM_C306050CA	GO:0005743,GO:0005743,GO:0007007,GO:0032979,GO:0032979,GO:0043022,GO:0043022
CAALFM_C306060WA	GO:0002926,GO:0005634,GO:0005737,GO:0016747,GO:0033588,GO:0051536
CAALFM_C306070CA	GO:0000165,GO:0004708,GO:0005524,GO:0006468,GO:0071474
CAALFM_C306080WA	GO:0000166,GO:0000724,GO:0003677,GO:0003887,GO:0003887,GO:0005634,GO:0016035,GO:0042276
CAALFM_C306090CA	GO:0000009,GO:0000136,GO:0006487
CAALFM_C306100CA	GO:0003723,GO:0003724,GO:0003724,GO:0005524,GO:0005634
CAALFM_C306110CA	GO:0003951,GO:0003951,GO:0006741,GO:0006741,GO:0019674
CAALFM_C306120CA	GO:0004382,GO:0005794,GO:0006487,GO:0009134,GO:0016020,GO:0045134
CAALFM_C306150WA	GO:0000785,GO:0000978,GO:0000981,GO:0006351,GO:0006357,GO:0008270
CAALFM_C306160CA	GO:0000460,GO:0000470,GO:0005730,GO:0030687
CAALFM_C306170CA	GO:0003713,GO:0006357,GO:0006357,GO:0016592,GO:0016592,GO:0070847
CAALFM_C306180CA	GO:0005829,GO:0006979,GO:0008379,GO:0033554,GO:0042744,GO:0045454
CAALFM_C306190CA	GO:0009277,GO:0043709,GO:0043710
CAALFM_C306200CA	GO:0000724,GO:0005634,GO:0008270,GO:0016925,GO:0030915,GO:0061665
CAALFM_C306210CA	GO:0006511,GO:0007163,GO:1990304
CAALFM_C306220CA	GO:0055085
CAALFM_C306230WA	GO:0005759,GO:0016485,GO:0046872
CAALFM_C306240CA	GO:0005739,GO:0006412
CAALFM_C306250WA	GO:0005783,GO:0005793,GO:0005794,GO:0006886,GO:0006888,GO:0007030,GO:0030134
CAALFM_C306280WA	GO:0003941,GO:0004794,GO:0006565,GO:0006567,GO:0030170
CAALFM_C306300WA	GO:0000077,GO:0005634,GO:0006281,GO:0031151,GO:0031151,GO:0034729,GO:2000677
CAALFM_C306310CA	GO:0000785,GO:0003677,GO:0003677,GO:0005524,GO:0005634,GO:0005634,GO:0006357,GO:0016887,GO:0031491,GO:0034728,GO:0042393,GO:0140658,GO:0140658
CAALFM_C306320WA	GO:0009277,GO:0043709,GO:0043710
CAALFM_C306330WA	GO:0005829,GO:0006979,GO:0008379,GO:0033554,GO:0042744,GO:0045454
CAALFM_C306340WA	GO:0003824
CAALFM_C306350WA	GO:0003713,GO:0006357,GO:0006357,GO:0016592,GO:0016592,GO:0070847
CAALFM_C306360CA	GO:0000324,GO:0000413,GO:0003755,GO:0005783
CAALFM_C306370CA	GO:0000462,GO:0005730,GO:0032040
CAALFM_C306380WA	GO:0000460,GO:0000470,GO:0005730,GO:0030687
CAALFM_C306390WA	GO:0000460,GO:0000470,GO:0005730,GO:0030687
CAALFM_C306400CA	GO:0004844,GO:0004844,GO:0005634,GO:0005739,GO:0006284,GO:0006284,GO:0097510
CAALFM_C306410CA	GO:0008250,GO:0018279
CAALFM_C306420CA	GO:0016020,GO:0090087
CAALFM_C306430WA	GO:0003677,GO:0003677,GO:0003906,GO:0005634,GO:0005739,GO:0006284,GO:0008081,GO:0008270,GO:0008270
CAALFM_C306440WA	GO:0000973,GO:0005643,GO:0005643,GO:0006405,GO:0006606,GO:0017056,GO:0017056,GO:0044614
CAALFM_C306450WA	GO:0005737,GO:0016757,GO:0016757
CAALFM_C306480CA	GO:0005829
CAALFM_C306490WA	GO:0008374,GO:0016407
CAALFM_C306500WA	GO:0005737,GO:0016925,GO:0019948,GO:0031510
CAALFM_C306510CA	GO:0005524,GO:0016020,GO:0016887,GO:0055085,GO:0055085,GO:0140359
CAALFM_C306520CA	GO:0005635,GO:0006998,GO:0031965,GO:0055088
CAALFM_C306530WA	GO:0000700,GO:0000700,GO:0006285,GO:0006285
CAALFM_C306550CA	GO:0005675
CAALFM_C306560WA	GO:0006623,GO:0007039,GO:0019898,GO:0034657,GO:0043161,GO:0045721
CAALFM_C306570CA	GO:0006656,GO:0006656,GO:0008757,GO:0008757
CAALFM_C306580WA	GO:0005886,GO:0015355,GO:0035879
CAALFM_C306590WA	GO:0004753,GO:0005737,GO:0019878
CAALFM_C306600CA	GO:0005737,GO:0048311
CAALFM_C306620WA	GO:0004674,GO:0005524,GO:0005634,GO:0005737,GO:0005829,GO:0006468,GO:0006468,GO:0035556,GO:0045719
CAALFM_C306630WA	GO:0006270,GO:0031261
CAALFM_C306650CA	GO:0000124,GO:0003713,GO:0005669,GO:0006367,GO:0006367,GO:0016251,GO:0046695,GO:0046982,GO:0051123
CAALFM_C306700CA	GO:0005515
CAALFM_C306710WA	GO:0006884,GO:0015379,GO:0016020,GO:0055064,GO:0055075,GO:1902476,GO:1990573
CAALFM_C306720WA	GO:0003723,GO:0003724,GO:0003724,GO:0005524
CAALFM_C306730WA	GO:0005739,GO:0051750
CAALFM_C306750WA	GO:0006605,GO:0008320,GO:0008320,GO:0016020,GO:0031204,GO:0071261
CAALFM_C306760WA	GO:0005634,GO:0006364,GO:0006364,GO:0030687,GO:0030688,GO:0030688
CAALFM_C306770WA	GO:0000398,GO:0005681,GO:0030628
CAALFM_C306780CA	GO:0003723
CAALFM_C306790WA	GO:0046983
CAALFM_C306800CA	GO:0000151,GO:0031624,GO:0032182,GO:0045116,GO:0051443,GO:0097602
CAALFM_C306810WA	GO:0005680,GO:0006511,GO:0031625
CAALFM_C306820CA	GO:0000124,GO:0003677,GO:0005669,GO:0005669,GO:0006352,GO:0017025,GO:0046695,GO:0046982,GO:0051123
CAALFM_C306830CA	GO:0003723,GO:0005515,GO:0005524,GO:0005622
CAALFM_C306850WA	GO:0000981,GO:0006355,GO:0008270
CAALFM_C306860CA	GO:0016491,GO:0016491
CAALFM_C306870WA	GO:0006006,GO:0016620,GO:0016620,GO:0050661,GO:0051287
CAALFM_C306890WA	GO:0004169,GO:0005783,GO:0016020,GO:0035269
CAALFM_C306900WA	GO:0005506,GO:0005739,GO:0016226,GO:0016226,GO:0051537,GO:0051539,GO:0106035
CAALFM_C306910CA	GO:0000159,GO:0005515,GO:0005737,GO:0006470,GO:0019888
CAALFM_C306920WA	GO:0005737,GO:0016791
CAALFM_C306940WA	GO:0003676,GO:0015074
CAALFM_C306970WA	GO:0005047,GO:0005047,GO:0005786,GO:0005786,GO:0006614,GO:0006614,GO:0008312,GO:0008312,GO:0030942,GO:0030942
CAALFM_C306980WA	GO:0000139,GO:0005459,GO:0005460,GO:0005789,GO:0072334
CAALFM_C306990WA	GO:0005783,GO:0005794,GO:0006612,GO:0018230,GO:0019706
CAALFM_C307000WA	GO:0004407,GO:0016575
CAALFM_C307010WA	GO:0003951,GO:0003951,GO:0006741,GO:0006741,GO:0019674
CAALFM_C307020WA	GO:0000978,GO:0005515,GO:0010468,GO:0031490
CAALFM_C307030CA	GO:0005886,GO:0022408
CAALFM_C307040CA	GO:0005634,GO:0006753,GO:0019693,GO:0047631
CAALFM_C307050WA	GO:0000124,GO:0000124,GO:0003682,GO:0003713,GO:0003713,GO:0005643,GO:0005643,GO:0006357,GO:0016578,GO:0016973,GO:0045893,GO:0045893,GO:0071819
CAALFM_C307060WA	GO:0005747,GO:0008137,GO:0008137,GO:0009060,GO:0015990,GO:0032981,GO:0045272,GO:0048038,GO:0051539
CAALFM_C307080WA	GO:0000159,GO:0003755,GO:0005634,GO:0005737,GO:0007052,GO:0008160
CAALFM_C307090WA	GO:0000786,GO:0000786,GO:0003677,GO:0003677,GO:0009303,GO:0030527,GO:0030527,GO:0046982
CAALFM_C307100CA	GO:0003729,GO:0005829,GO:0006376
CAALFM_C307110WA	GO:0005515
CAALFM_C307130WA	GO:0005789,GO:0006888,GO:0030134
CAALFM_C307150CA	GO:0003735,GO:0003735,GO:0005840,GO:0006412,GO:0022627
CAALFM_C307170CA	GO:0005092,GO:0005092,GO:0005634,GO:0005737,GO:0005829,GO:0005968,GO:0007264,GO:0007264,GO:0016192,GO:0018344
CAALFM_C307180CA	GO:0000030
CAALFM_C307200CA	GO:0000981,GO:0000981,GO:0006357,GO:0008270
CAALFM_C307210WA	GO:0004325,GO:0019354,GO:0043115
CAALFM_C307220CA	GO:0004350,GO:0004350,GO:0006561,GO:0050661
CAALFM_C307230WA	GO:0000287,GO:0005524,GO:0005886,GO:0006886,GO:0006892,GO:0016887,GO:0032456,GO:0045332,GO:0140326,GO:0140326
CAALFM_C307250WA	GO:0044237
CAALFM_C307260CA	GO:0005634,GO:0005737,GO:0030433,GO:0043248,GO:0060090,GO:0060090
CAALFM_C307270CA	GO:0005634,GO:0005737,GO:0016567,GO:0019941,GO:0031386,GO:0031625
CAALFM_C307280CA	GO:0005543,GO:0005768,GO:0005886,GO:0006897,GO:0007015,GO:0030125,GO:0030276
CAALFM_C307300WA	GO:0003723
CAALFM_C307320WA	GO:0005515,GO:0005739,GO:0005829,GO:0045454
CAALFM_C307330WA	GO:0004032,GO:0005829
CAALFM_C307340WA	GO:0004032,GO:0005829
CAALFM_C307350WA	GO:0005802,GO:0006888,GO:0016020
CAALFM_C307360WA	GO:0004458,GO:0005739,GO:0008720,GO:0071949,GO:1903457
CAALFM_C307390CA	GO:0003735,GO:0005739,GO:0005840,GO:0006412,GO:0015935
CAALFM_C307400WA	GO:0002181,GO:0005737,GO:0008175,GO:0008175,GO:0030488
CAALFM_C307410CA	GO:0000049,GO:0004824,GO:0004824,GO:0005524,GO:0005737,GO:0005829,GO:0006430,GO:0006430
CAALFM_C307420WA	GO:0003743,GO:0003743,GO:0005515,GO:0005737,GO:0005829,GO:0005852,GO:0005852,GO:0008237,GO:0008237,GO:0016282,GO:0042788
CAALFM_C307430WA	GO:0016791
CAALFM_C307440WA	GO:0004807,GO:0004807,GO:0005829,GO:0006094,GO:0006096,GO:0006096,GO:0019563,GO:0046166
CAALFM_C307450CA	GO:0016788
CAALFM_C307460WA	GO:0005634,GO:0008420
CAALFM_C307470WA	GO:0005886,GO:0005886,GO:0031505,GO:0051285
CAALFM_C307480WA	GO:0000398,GO:0000974,GO:0005515,GO:0005737,GO:0006281,GO:0016567,GO:0061630,GO:0071006
CAALFM_C307490WA	GO:0000287,GO:0005975,GO:0006166,GO:0008973
CAALFM_C307500WA	GO:0000009,GO:0000032,GO:0000136,GO:0006487
CAALFM_C307550CA	GO:0005525,GO:0005739
CAALFM_C307560WA	GO:0000978,GO:0005515,GO:0010468,GO:0031490
CAALFM_C307610WA	GO:0005515,GO:0005634,GO:0010265,GO:0016567
CAALFM_C307620CA	GO:0005737,GO:0019988,GO:0019988,GO:0043399,GO:0043399
CAALFM_C307630CA	GO:0003677,GO:0005730,GO:0006334,GO:0006355,GO:0042393
CAALFM_C307640CA	GO:0004333,GO:0004333,GO:0005739,GO:0006099,GO:0006099,GO:0006106,GO:0006106,GO:0006108,GO:0045239,GO:0045239
CAALFM_C307660WA	GO:0000111,GO:0003684,GO:0003697,GO:0005634,GO:0005737,GO:0006289,GO:0006298,GO:0071942
CAALFM_C307680WA	GO:0000417,GO:0005634,GO:0006325,GO:0031491
CAALFM_C307690CA	GO:0003697,GO:0003723,GO:0003723,GO:0005634,GO:0005737,GO:0016070,GO:0043565,GO:0043565
CAALFM_C307700WA	GO:0005634,GO:0005737
CAALFM_C307710WA	GO:0004482,GO:0004482,GO:0005634,GO:0005845,GO:0006370,GO:0006370
CAALFM_C307730WA	GO:0006355
CAALFM_C307740WA	GO:0005783,GO:0005794
CAALFM_C307760CA	GO:0016787
CAALFM_C307780CA	GO:0005515
CAALFM_C307800CA	GO:0003723,GO:0005730,GO:0006396
CAALFM_C307810CA	GO:0005048,GO:0005784,GO:0006616,GO:0008320,GO:0016020,GO:0016020,GO:0031204,GO:0043022
CAALFM_C307830WA	GO:0005737,GO:0005829,GO:0005986,GO:0006000,GO:0006002,GO:0006094,GO:0030388,GO:0042132,GO:0042132
CAALFM_C307850WA	GO:0016020,GO:0022857,GO:0055085
CAALFM_C307860CA	GO:0000978,GO:0001228,GO:0005634,GO:0006351,GO:0006357,GO:0008270
CAALFM_C307920WA	GO:0004730
CAALFM_C307910WA	GO:0004730
CAALFM_C307940WA	GO:0016872
CAALFM_C307950CA	GO:0000032,GO:0004475,GO:0004475,GO:0005525,GO:0005737,GO:0006486,GO:0009298,GO:0009298
CAALFM_C400020WA	GO:0000329,GO:0007034,GO:0007035,GO:0016471,GO:0033179,GO:0033179,GO:0046961,GO:0046961,GO:1902600,GO:1902600
CAALFM_C400030CA	GO:0000077,GO:0000077,GO:0003684,GO:0003690,GO:0006302,GO:0007131,GO:0030896,GO:0030896
CAALFM_C400040WA	GO:0005886,GO:0015385,GO:0015385,GO:0030007,GO:0036376,GO:0042391,GO:0120029
CAALFM_C400060WA	GO:0003839,GO:0005737,GO:0006751,GO:0006751,GO:0061928,GO:0061928
CAALFM_C400070CA	GO:0004180
CAALFM_C400090WA	GO:0005737,GO:0009277,GO:0042124,GO:0071970
CAALFM_C400100CA	GO:0005515
CAALFM_C400110CA	GO:0000293,GO:0005886,GO:0006826,GO:0006879,GO:0015677
CAALFM_C400140CA	GO:0000105,GO:0000105,GO:0004399,GO:0004399,GO:0004635,GO:0004636,GO:0005737,GO:0046872,GO:0046872,GO:0051287,GO:0051287
CAALFM_C400150CA	GO:0005052,GO:0005515,GO:0005778,GO:0005829,GO:0016560
CAALFM_C400160CA	GO:0004587,GO:0004587,GO:0005737,GO:0010121,GO:0019544,GO:0030170,GO:0030170,GO:0042802
CAALFM_C400170WA	GO:0005634,GO:0005737,GO:1905117,GO:1990846
CAALFM_C400180WA	GO:0005886,GO:0005886,GO:0031505,GO:0051285
CAALFM_C400200CA	GO:0016765,GO:0016765,GO:0019346,GO:0030170
CAALFM_C400220CA	GO:0000398,GO:0003723,GO:0003724,GO:0003724,GO:0005524,GO:0006406
CAALFM_C400240CA	GO:0004735,GO:0004735,GO:0055129
CAALFM_C400260WA	GO:0003677,GO:0005634,GO:0006338,GO:0032452
CAALFM_C400270WA	GO:0005524,GO:0005753,GO:0016887,GO:0042776,GO:0045261,GO:0046933,GO:1902600
CAALFM_C400280WA	GO:0004222,GO:0004222,GO:0005789,GO:0071586,GO:0071586
CAALFM_C400290CA	GO:0005506,GO:0044237,GO:0044237,GO:0051537,GO:0051537
CAALFM_C400300CA	GO:0000976,GO:0005634,GO:0006357,GO:0016514
CAALFM_C400310CA	GO:0000139,GO:0006487,GO:0016757,GO:0016757
CAALFM_C400320CA	GO:0005778,GO:0008270,GO:0016558
CAALFM_C400330CA	GO:0000276,GO:0015078,GO:0015986
CAALFM_C400350WA	GO:0046872
CAALFM_C400360CA	GO:0005886
CAALFM_C400370WA	GO:0005515,GO:0005543,GO:0005737,GO:0005886,GO:0007010,GO:0009898,GO:0032153,GO:0120104
CAALFM_C400380WA	GO:0005829,GO:0045290,GO:0070485
CAALFM_C400390WA	GO:0003677,GO:0003713,GO:0005634,GO:0005667,GO:0060261
CAALFM_C400400WA	GO:0005886,GO:0010961,GO:0015095,GO:0015095,GO:1903830
CAALFM_C400410WA	GO:0005783,GO:0005789,GO:0006886,GO:0006888,GO:0070973
CAALFM_C400430WA	GO:0005886,GO:0008519,GO:0008519,GO:0072488,GO:0072488
CAALFM_C400440CA	GO:0035673,GO:0035673,GO:0055085
CAALFM_C400460CA	GO:0005524,GO:0005737,GO:0140658
CAALFM_C400470CA	GO:0000976,GO:0045944
CAALFM_C400480WA	GO:0005886,GO:0015204,GO:0071918
CAALFM_C400490WA	GO:0017183,GO:0017183,GO:0090560,GO:0090560
CAALFM_C400500WA	GO:0000209,GO:0006511,GO:0061630
CAALFM_C400510CA	GO:0005730,GO:0042273
CAALFM_C400520WA	GO:0001405,GO:0001671,GO:0030150
CAALFM_C400530CA	GO:0008252
CAALFM_C400540CA	GO:0005635,GO:0005829,GO:0006606,GO:0031267
CAALFM_C400560CA	GO:0005783,GO:0007005,GO:0008289,GO:0008289,GO:0015914,GO:0032865,GO:0032865,GO:1990456
CAALFM_C400570CA	GO:0004105,GO:0005635,GO:0006657,GO:0031210
CAALFM_C400580WA	GO:0004725,GO:0005634,GO:0005737
CAALFM_C400590CA	GO:0000149,GO:0005545,GO:0005545,GO:0005546,GO:0005905,GO:0006900,GO:0030136,GO:0030136,GO:0032050,GO:0048268,GO:0048268,GO:0072583
CAALFM_C400610WA	GO:0016616
CAALFM_C400620CA	GO:0005787,GO:0005787,GO:0006465,GO:0006465,GO:0016020,GO:0016020,GO:0045047
CAALFM_C400630CA	GO:0005515
CAALFM_C400650WA	GO:0000105,GO:0004400,GO:0030170
CAALFM_C400660WA	GO:0003735,GO:0003735,GO:0005739,GO:0005840,GO:0005840,GO:0006412,GO:0006412
CAALFM_C400670WA	GO:0016020,GO:0016020,GO:0022841,GO:0030322,GO:0071805,GO:0071805
CAALFM_C400680WA	GO:0000329,GO:0005886,GO:0015205,GO:0034257,GO:1901642,GO:1901642
CAALFM_C400690CA	GO:0017183,GO:0017183,GO:0090560,GO:0090560
CAALFM_C400700CA	GO:0004035,GO:0008967
CAALFM_C400720WA	GO:0005199,GO:0009277,GO:0031505
CAALFM_C400740WA	GO:0000172,GO:0000172,GO:0000294,GO:0001682,GO:0001682,GO:0003723,GO:0005655,GO:0005655,GO:0006364,GO:0034965
CAALFM_C400760WA	GO:0000981,GO:0000981,GO:0005634,GO:0008270,GO:0045944
CAALFM_C400770CA	GO:0001731,GO:0002188,GO:0003729,GO:0003743
CAALFM_C400780CA	GO:0005515
CAALFM_C400790CA	GO:0005524,GO:0006298,GO:0006298,GO:0016887,GO:0030983,GO:0032389,GO:0140664
CAALFM_C400800WA	GO:0005634,GO:0006281,GO:0030915
CAALFM_C400810CA	GO:0005739,GO:0072670
CAALFM_C400820WA	GO:0015095,GO:1990616
CAALFM_C400830WA	GO:0008670,GO:0009062
CAALFM_C400850CA	GO:0016787
CAALFM_C400860CA	GO:0005886,GO:0005935
CAALFM_C400880WA	GO:0001680,GO:0003723,GO:0052929
CAALFM_C400890WA	GO:0003855,GO:0003855,GO:0003856,GO:0003866,GO:0003866,GO:0004764,GO:0004764,GO:0004765,GO:0004765,GO:0005737,GO:0009073,GO:0009423
CAALFM_C400910CA	GO:0008270
CAALFM_C400940WA	GO:0002098,GO:0002098,GO:0033588,GO:0033588
CAALFM_C400950CA	GO:0004806,GO:0006629
CAALFM_C400970CA	GO:0000027,GO:0000027,GO:0005524,GO:0005634,GO:0006364,GO:0016887,GO:0030687
CAALFM_C400990WA	GO:0005384,GO:0005886,GO:0006826,GO:0015086,GO:0030026
CAALFM_C401020CA	GO:0005515,GO:0005634
CAALFM_C401050CA	GO:0003735,GO:0005840,GO:0006412
CAALFM_C401060WA	GO:0005643,GO:0006406,GO:0006606,GO:0017056
CAALFM_C401070WA	GO:0005351,GO:0008643,GO:0016020,GO:0016020,GO:0055085
CAALFM_C401080WA	GO:0000956,GO:0003723,GO:0004534,GO:0004534,GO:0005634,GO:0005634
CAALFM_C401090CA	GO:0005737,GO:0016020,GO:0017050,GO:0043231,GO:0046512
CAALFM_C401100CA	GO:0003333,GO:0015171,GO:0016020
CAALFM_C401120CA	GO:0006629
CAALFM_C401130CA	GO:0000812,GO:0006338,GO:0031491
CAALFM_C401150WA	GO:0008608,GO:0008608,GO:0042729,GO:0042729,GO:0044732,GO:0072686,GO:0072686
CAALFM_C401170CA	GO:0000030
CAALFM_C401190WA	GO:0000978,GO:0005634,GO:0005737
CAALFM_C401200CA	GO:0004069,GO:0005829,GO:0006532,GO:0030170
CAALFM_C401220CA	GO:0005576,GO:0005975,GO:0009277,GO:0009986,GO:0042124,GO:0042973,GO:0071555
CAALFM_C401250WA	GO:0005634,GO:0010485,GO:0043967,GO:0043968,GO:0043998,GO:1990189
CAALFM_C401260WA	GO:0000978,GO:0000981,GO:0045944,GO:0046983
CAALFM_C401270WA	GO:0003735,GO:0003735,GO:0005840,GO:0005840,GO:0006412,GO:0006412
CAALFM_C401280CA	GO:0000381,GO:0003723,GO:0003723,GO:0005686,GO:0045292,GO:0071004,GO:0071013
CAALFM_C401290WA	GO:0005634,GO:0006511,GO:0008270,GO:0016567,GO:0061630
CAALFM_C401300WA	GO:0004722
CAALFM_C401320CA	GO:0035673,GO:0035673,GO:0055085,GO:0055085
CAALFM_C401370WA	GO:0005948,GO:0009082,GO:0009082,GO:0042645,GO:1990610
CAALFM_C401380WA	GO:0000981,GO:0006355,GO:0008270
CAALFM_C401390WA	GO:0000978,GO:0001228,GO:0006357,GO:0016602,GO:0046982
CAALFM_C401410WA	GO:0000747,GO:0005515,GO:0035091,GO:0043332
CAALFM_C401440WA	GO:0004379,GO:0004379,GO:0005737,GO:0018008
CAALFM_C401450WA	GO:0005515,GO:0005634,GO:0006364
CAALFM_C401470WA	GO:0005515,GO:0019005,GO:0031146
CAALFM_C401490WA	GO:0003723,GO:0003723,GO:0003743,GO:0003743,GO:0005852,GO:0005852,GO:0006413,GO:0006413,GO:0031369,GO:0031369
CAALFM_C401500WA	GO:0000049,GO:0000049,GO:0002143,GO:0002144,GO:0005739
CAALFM_C401510WA	GO:0005829,GO:0016491,GO:0016491
CAALFM_C401520CA	GO:0003735,GO:0003735,GO:0005840,GO:0005840,GO:0006412,GO:0006412,GO:0022625
CAALFM_C401530CA	GO:0000254,GO:0005506,GO:0006696
CAALFM_C401550CA	GO:0004088,GO:0005737,GO:0005951,GO:0006207,GO:0006526,GO:0006541
CAALFM_C401560CA	GO:0000151,GO:0000209,GO:0006513,GO:0034450
CAALFM_C401650CA	GO:0003676,GO:0005634,GO:0006397,GO:0006511,GO:0008270,GO:0016567,GO:0061630
CAALFM_C401660WA	GO:0005643,GO:0017056
CAALFM_C401670CA	GO:0005829,GO:0009966,GO:0009966,GO:0035303,GO:0051721
CAALFM_C401680WA	GO:0005672,GO:0005672,GO:0006367,GO:0006367,GO:0016251,GO:0017025,GO:0051123
CAALFM_C401690CA	GO:0005634,GO:0005737,GO:0006974,GO:0016791
CAALFM_C401720CA	GO:0043130
CAALFM_C401730CA	GO:0000932,GO:0005524,GO:0016787,GO:0036211
CAALFM_C401740WA	GO:0005743,GO:0045039
CAALFM_C401750CA	GO:0004332,GO:0004332,GO:0005829,GO:0006094,GO:0006096,GO:0006096,GO:0008270,GO:0008270
CAALFM_C401760WA	GO:0004596,GO:0017196,GO:0031417
CAALFM_C401770WA	GO:0003677,GO:0003677,GO:0006272,GO:0006275,GO:0006275,GO:0006298,GO:0019985,GO:0030337,GO:0030337,GO:0043626
CAALFM_C401780CA	GO:0005829,GO:0016575,GO:0033698,GO:0061186,GO:0061188,GO:1990483
CAALFM_C401790WA	GO:0000045,GO:0000422,GO:0001934,GO:0019898,GO:0019901,GO:0030242,GO:0034045,GO:0034727,GO:0060090,GO:0061709,GO:1990316
CAALFM_C401800WA	GO:0016787
CAALFM_C401820CA	GO:0000287,GO:0000287,GO:0002189,GO:0004749,GO:0004749,GO:0005737,GO:0006015,GO:0006164,GO:0009156
CAALFM_C401830CA	GO:0000328,GO:0004181,GO:0051603
CAALFM_C401840CA	GO:0016787
CAALFM_C401850CA	GO:0000287,GO:0016831,GO:0016831,GO:0030976
CAALFM_C401860CA	GO:0005794
CAALFM_C401870CA	GO:0004631,GO:0004631,GO:0005524,GO:0005777,GO:0006696,GO:0010142,GO:0019287
CAALFM_C401880WA	GO:0004665,GO:0006571,GO:0006571,GO:0008977,GO:0008977,GO:0050661,GO:0070403
CAALFM_C401890CA	GO:0003924,GO:0005525,GO:0005525,GO:0005737,GO:0005794,GO:0006886,GO:0016192
CAALFM_C401900CA	GO:0005737,GO:0005739,GO:0006099,GO:0006099,GO:0006108,GO:0030060,GO:0030060
CAALFM_C401910WA	GO:0000127,GO:0006384
CAALFM_C401920WA	GO:0005789,GO:0006486,GO:0006486,GO:0006506,GO:0033185
CAALFM_C401930CA	GO:0005739
CAALFM_C401940WA	GO:0015319,GO:0016020,GO:0016020,GO:0035435
CAALFM_C401950WA	GO:0000902,GO:0005737,GO:0008290,GO:0008290,GO:0030036,GO:0030479,GO:0051015,GO:0051016,GO:0051016
CAALFM_C401980CA	GO:0005198,GO:0005198,GO:0005886,GO:0006886,GO:0006886,GO:0030130,GO:0030130,GO:0030132,GO:0030132,GO:0032050,GO:0048268,GO:0072583
CAALFM_C401990WA	GO:0005739,GO:0034553,GO:0034553
CAALFM_C402000CA	GO:0005737,GO:0007165,GO:0043087
CAALFM_C402010CA	GO:0006679,GO:0008120,GO:0016020
CAALFM_C402020WA	GO:0004092,GO:0005739,GO:0005777,GO:0009437
CAALFM_C402030WA	GO:0003677,GO:0006355
CAALFM_C402040WA	GO:0016491,GO:0016491
CAALFM_C402060CA	GO:0001096,GO:0003677,GO:0003677,GO:0005634,GO:0005634,GO:0005674,GO:0006367,GO:0006367,GO:0016251,GO:0032968,GO:0032968
CAALFM_C402070WA	GO:0003993,GO:0009277
CAALFM_C402080WA	GO:0006810,GO:0022857
CAALFM_C402090CA	GO:0000176,GO:0000177,GO:0005730,GO:0016075,GO:0034427,GO:0034475,GO:0071028,GO:0071051
CAALFM_C402100CA	GO:0004376,GO:0004376,GO:0006506,GO:0006506,GO:0016020,GO:0016020,GO:0051751,GO:0051751,GO:1990529
CAALFM_C402120WA	GO:0016020
CAALFM_C402130WA	GO:0004408,GO:0004408,GO:0005739,GO:0005739,GO:0018063
CAALFM_C402140CA	GO:0005743,GO:0045039
CAALFM_C402160CA	GO:0005739
CAALFM_C402170CA	GO:0044255,GO:0047372
CAALFM_C402180CA	GO:0000981,GO:0003677,GO:0006351,GO:0006355,GO:0008270
CAALFM_C402190CA	GO:0003824
CAALFM_C402220CA	GO:0000981,GO:0005634,GO:0006351,GO:0008270,GO:0043565,GO:0045944
CAALFM_C402230CA	GO:0008199,GO:0009712,GO:0018576
CAALFM_C402240CA	GO:0005783,GO:0005783,GO:0005789,GO:0006458,GO:0006458,GO:0007118,GO:0051082
CAALFM_C402250CA	GO:0005576,GO:0005975,GO:0009277,GO:0009986,GO:0042124,GO:0042973,GO:0071555
CAALFM_C402270CA	GO:0003729,GO:0005783,GO:0008298,GO:0042175,GO:1990904
CAALFM_C402280WA	GO:0004452,GO:0004452,GO:0005737,GO:0008299,GO:0009240
CAALFM_C402290WA	GO:0005739,GO:0009107,GO:0009107,GO:0016992,GO:0016992,GO:0051539,GO:0051539
CAALFM_C402300WA	GO:0000083,GO:0004407,GO:0005634
CAALFM_C402310WA	GO:0005737,GO:0007165,GO:0035091,GO:0043087
CAALFM_C402320CA	GO:0004784,GO:0005507,GO:0019430
CAALFM_C402340WA	GO:0004866,GO:0042144
CAALFM_C402360WA	GO:0000329,GO:0004559,GO:0004559,GO:0006013,GO:0009313,GO:0030246
CAALFM_C402400CA	GO:0005635,GO:0006998,GO:0034993,GO:0043495
CAALFM_C402410CA	GO:0005737,GO:0005739,GO:0005777,GO:0008379,GO:0008379,GO:0034599,GO:0034599,GO:0042744,GO:0045454
CAALFM_C402420CA	GO:0005789,GO:0006506
CAALFM_C402430WA	GO:0003676,GO:0005515,GO:0005634,GO:0005634,GO:0005847,GO:0006378
CAALFM_C402450WA	GO:0003756,GO:0005788,GO:0015035,GO:0034976
CAALFM_C402460WA	GO:0005783,GO:0005801,GO:0006621,GO:0006621,GO:0006888,GO:0016020,GO:0016020,GO:0046923,GO:0046923
CAALFM_C402470CA	GO:0005839,GO:0051603
CAALFM_C402490WA	GO:0000981,GO:0003677,GO:0006351,GO:0006355,GO:0008270
CAALFM_C402500CA	GO:0000785,GO:0000978,GO:0000981,GO:0006357
CAALFM_C402510WA	GO:0000329,GO:0022857,GO:0055085
CAALFM_C402520CA	GO:0051260
CAALFM_C402530WA	GO:0000981,GO:0006355,GO:0008270
CAALFM_C402540WA	GO:0000981,GO:0006355,GO:0008270
CAALFM_C402550CA	GO:0000329,GO:0005768,GO:0007034,GO:0072657
CAALFM_C402560CA	GO:0000981,GO:0006355,GO:0008270
CAALFM_C402570CA	GO:0005634,GO:0006338,GO:0032454,GO:0051864
CAALFM_C402590CA	GO:0005634,GO:0006260,GO:0006281,GO:0017108,GO:0033557
CAALFM_C402600CA	GO:0005634,GO:0006334,GO:0033186
CAALFM_C402610CA	GO:0008271,GO:0008272,GO:0016020,GO:0016020,GO:0055085,GO:0055085
CAALFM_C402620CA	GO:0005975,GO:0016301,GO:0016773
CAALFM_C402630CA	GO:0000122,GO:0001046,GO:0003713,GO:0003714,GO:0005634,GO:0006366,GO:0016251,GO:0017054,GO:0045944,GO:0046982
CAALFM_C402640CA	GO:0000213,GO:0000213,GO:0000214,GO:0000214,GO:0000379,GO:0003676,GO:0006388,GO:0006388
CAALFM_C402670WA	GO:0000045,GO:0000407,GO:0006914,GO:0006995,GO:0034271,GO:0034272,GO:0045324
CAALFM_C402690WA	GO:0005634,GO:0006338,GO:0032454,GO:0051864
CAALFM_C402700WA	GO:0000077,GO:0003682,GO:0006281,GO:0033314
CAALFM_C402710CA	GO:0051537
CAALFM_C402720CA	GO:0005886
CAALFM_C402760CA	GO:0004341,GO:0005509,GO:0019853
CAALFM_C402770CA	GO:0005737
CAALFM_C402780WA	GO:0005524,GO:0005832,GO:0006457,GO:0006457,GO:0016887,GO:0051082,GO:0051082,GO:0140662,GO:0140662
CAALFM_C402790CA	GO:0000462,GO:0005730,GO:0032040
CAALFM_C402800WA	GO:0003677,GO:0003677,GO:0005666,GO:0005666,GO:0006383,GO:0006383
CAALFM_C402820WA	GO:0005524,GO:0005524,GO:0005634,GO:0006298,GO:0006298,GO:0030983,GO:0030983,GO:0051026,GO:0140664
CAALFM_C402830CA	GO:0003676,GO:0003724,GO:0005524,GO:0005634,GO:0006364
CAALFM_C402840CA	GO:0003713,GO:0006357,GO:0006357,GO:0016592,GO:0016592
CAALFM_C402850WA	GO:0002098,GO:0005515,GO:0033588
CAALFM_C402860WA	GO:0004864,GO:0004864,GO:0009966,GO:0009966,GO:0043666,GO:0043666
CAALFM_C402870CA	GO:0005829,GO:0006450,GO:0030544,GO:0043022,GO:0051083
CAALFM_C402880CA	GO:0042254,GO:0042256
CAALFM_C402890CA	GO:0005750,GO:0005750,GO:0006122,GO:0006122
CAALFM_C402900CA	GO:0004553,GO:0005975,GO:0006037,GO:0009277,GO:0016757,GO:0031505
CAALFM_C402920WA	GO:0005515
CAALFM_C402940WA	GO:0005884,GO:0005886,GO:0030427,GO:0030833,GO:0030864,GO:0051015
CAALFM_C402950CA	GO:0000045,GO:0005783,GO:0016020,GO:0034975,GO:0072546
CAALFM_C402960WA	GO:0000151,GO:0005737,GO:0008270,GO:0016567,GO:0061630,GO:0071596
CAALFM_C402970CA	GO:0000151,GO:0005737,GO:0008270,GO:0016567,GO:0061630,GO:0071596
CAALFM_C402980WA	GO:0004831,GO:0004831,GO:0005524,GO:0006437
CAALFM_C403020WA	GO:0003924,GO:0003924,GO:0005525,GO:0005737,GO:0005874,GO:0008017,GO:0016020
CAALFM_C403030CA	GO:0003723,GO:0005515,GO:0005730,GO:0045943,GO:2000234
CAALFM_C403040WA	GO:0003677,GO:0003677,GO:0003899,GO:0003899,GO:0005665,GO:0005666,GO:0005736,GO:0006360,GO:0006366,GO:0008270,GO:0008270,GO:0042797
CAALFM_C403050CA	GO:0000328,GO:0004181,GO:0051603
CAALFM_C403090WA	GO:0005672,GO:0005672,GO:0006366,GO:0006367,GO:0006367
CAALFM_C403100WA	GO:0003723,GO:0003723,GO:0005576,GO:0006401,GO:0033897,GO:0033897
CAALFM_C403110WA	GO:0000287,GO:0005524,GO:0005886,GO:0006886,GO:0006892,GO:0016887,GO:0032456,GO:0045332,GO:0140326,GO:0140326
CAALFM_C403120CA	GO:0004672,GO:0004672,GO:0005524,GO:0006468,GO:0007094,GO:0051754
CAALFM_C403130WA	GO:0016255,GO:0016255,GO:0042765,GO:0042765
CAALFM_C403140CA	GO:0000049,GO:0002098,GO:0002098,GO:0005634,GO:0005829,GO:0033588,GO:0033588
CAALFM_C403150WA	GO:0000245,GO:0003729,GO:0005686,GO:0071004,GO:0071013
CAALFM_C403170WA	GO:0005634,GO:0006281
CAALFM_C403180WA	GO:0003958,GO:0003958,GO:0005829,GO:0010181,GO:0010181,GO:0050660
CAALFM_C403190WA	GO:0004174,GO:0005737,GO:0050660
CAALFM_C403200CA	GO:0005739,GO:0019171
CAALFM_C403230CA	GO:0003676,GO:0015074
CAALFM_C403270WA	GO:0000460,GO:0000470,GO:0005730,GO:0030687,GO:0042134
CAALFM_C403280WA	GO:0003723,GO:0005049,GO:0005634,GO:0005737,GO:0006405,GO:0006611,GO:0042565
CAALFM_C403290WA	GO:0000729,GO:0005634,GO:0006298,GO:0006310,GO:0017108,GO:0035312
CAALFM_C403320WA	GO:0005743,GO:0007007
CAALFM_C403330WA	GO:0005524,GO:0005524,GO:0005634,GO:0032958,GO:0035299,GO:0035299
CAALFM_C403340CA	GO:0004174,GO:0005737,GO:0050660
CAALFM_C403350CA	GO:0004174,GO:0005737,GO:0050660
CAALFM_C403360CA	GO:0000329,GO:0006797,GO:0007034,GO:0016237,GO:0033254,GO:0042144
CAALFM_C403380CA	GO:0003884,GO:0003884,GO:0046416,GO:0046416,GO:0071949,GO:0071949
CAALFM_C403390WA	GO:0005789,GO:0006888,GO:0051082
CAALFM_C403410WA	GO:0003735,GO:0003735,GO:0005762,GO:0005840,GO:0006412,GO:0006412,GO:0042255
CAALFM_C403430WA	GO:0000151
CAALFM_C403440CA	GO:0004197,GO:0004843,GO:0004843,GO:0005634,GO:0005829,GO:0016578
CAALFM_C403450CA	GO:0000338,GO:0005515,GO:0005737,GO:0008180,GO:0008237,GO:0008237,GO:0019784
CAALFM_C403460CA	GO:0003723
CAALFM_C403530WA	GO:0005515
CAALFM_C403550WA	GO:0003697,GO:0003697,GO:0004520,GO:0005634,GO:0005634,GO:0006289,GO:0006289
CAALFM_C403560WA	GO:0006886,GO:0016192,GO:0016192,GO:0030117
CAALFM_C403590CA	GO:0005829,GO:0005886,GO:0006887,GO:0006897,GO:0015248,GO:0030011,GO:0032934,GO:0034727,GO:0035621,GO:0043231,GO:0097038
CAALFM_C403620CA	GO:0016020,GO:0140359
CAALFM_C403670WA	GO:0005227,GO:0005886
CAALFM_C403680CA	GO:0000111,GO:0003684,GO:0003697,GO:0005634,GO:0005737,GO:0006289,GO:0006298,GO:0071942
CAALFM_C403690CA	GO:0006401,GO:0032299
CAALFM_C403700WA	GO:0000329,GO:0015174,GO:0015802,GO:0055085,GO:0055085
CAALFM_C403710CA	GO:0016020,GO:0090087
CAALFM_C403720CA	GO:0051213
CAALFM_C403730CA	GO:0002939,GO:0005737,GO:0005759,GO:0009019,GO:0009019,GO:0070901
CAALFM_C403740WA	GO:0000176,GO:0000177,GO:0000467,GO:0003723,GO:0003723,GO:0034427,GO:0034475,GO:0043928,GO:0071034,GO:0071035,GO:0071038,GO:0071051
CAALFM_C403750CA	GO:0003747,GO:0006415
CAALFM_C403790WA	GO:0005198,GO:0005515,GO:0006511,GO:0008541
CAALFM_C403800CA	GO:0000973,GO:0005643,GO:0005643,GO:0006355,GO:0006406,GO:0006606,GO:0017056,GO:0017056,GO:0031080
CAALFM_C403810WA	GO:0035091
CAALFM_C403830WA	GO:0003723,GO:0016423,GO:0016423,GO:0030488,GO:0030488
CAALFM_C403840CA	GO:0000176,GO:0000177,GO:0000467,GO:0034427,GO:0034473,GO:0034475,GO:0034476,GO:0043928,GO:0071028,GO:0071035,GO:0071038,GO:0071042
CAALFM_C403850WA	GO:0003697,GO:0005543,GO:0006355,GO:0006607,GO:0006999,GO:0017056,GO:0031965,GO:0044613,GO:0044615
CAALFM_C403860CA	GO:0007096,GO:0043007
CAALFM_C403890WA	GO:0004725,GO:0006470
CAALFM_C403900CA	GO:0004660,GO:0005965,GO:0005965,GO:0018343,GO:0018343
CAALFM_C403920WA	GO:0005783,GO:0030433,GO:0043130
CAALFM_C403930CA	GO:0005786,GO:0005786,GO:0006614,GO:0006614,GO:0008312,GO:0008312,GO:0030942,GO:0030942
CAALFM_C403940CA	GO:0004736,GO:0004736,GO:0005524,GO:0005524,GO:0005737,GO:0006090,GO:0006090,GO:0006094,GO:0006094,GO:0046872
CAALFM_C404000WA	GO:0000977,GO:0001228,GO:0005634,GO:0006357,GO:0089713
CAALFM_C404030WA	GO:0005886,GO:0015355,GO:0035879
CAALFM_C404090CA	GO:0005509,GO:0005509,GO:0005783,GO:0005783,GO:0005789,GO:0006457,GO:0006457,GO:0030433,GO:0051082,GO:0051082
CAALFM_C404100CA	GO:0000055,GO:0005730,GO:0030687
CAALFM_C404120CA	GO:0000439,GO:0005675,GO:0006289,GO:0006360,GO:0006366
CAALFM_C404130WA	GO:0005743,GO:0033617
CAALFM_C404140WA	GO:0000175
CAALFM_C404150CA	GO:0004739,GO:0005967,GO:0006086
CAALFM_C404160WA	GO:0005739,GO:0006637,GO:0047617
CAALFM_C404170CA	GO:0005509,GO:0016020
CAALFM_C404180CA	GO:0005789,GO:0005789,GO:0008654,GO:0008654,GO:0019915,GO:0019915,GO:0034389,GO:0106399,GO:0106399
CAALFM_C404210CA	GO:0003712,GO:0003712,GO:0006357,GO:0016592,GO:0016592,GO:0070847
CAALFM_C404220WA	GO:0000278,GO:0000278,GO:0042729,GO:0042729,GO:0072686,GO:0072686
CAALFM_C404230WA	GO:0016020,GO:0022857,GO:0022857,GO:0055085
CAALFM_C404250WA	GO:0016020,GO:0022857,GO:0055085
CAALFM_C404260CA	GO:0003924,GO:0005525,GO:0005741,GO:0008053
CAALFM_C404270WA	GO:0000256,GO:0000256,GO:0004848,GO:0050385,GO:0050385
CAALFM_C404280CA	GO:0016192,GO:0030674
CAALFM_C404290WA	GO:0000145,GO:0006886,GO:0006886,GO:0006887,GO:0006893,GO:0016020,GO:0090522,GO:0090522
CAALFM_C404310WA	GO:0005507,GO:0005743
CAALFM_C404320WA	GO:0000293,GO:0005886,GO:0006826,GO:0006879,GO:0015677
CAALFM_C404330CA	GO:0005515
CAALFM_C404340CA	GO:0004322,GO:0004322,GO:0005739,GO:0005739,GO:0006879,GO:0006879,GO:0008198,GO:0008199,GO:0008199,GO:0018283,GO:0018283,GO:0034986,GO:0051537
CAALFM_C404360WA	GO:0004497,GO:0005506,GO:0016705,GO:0020037
CAALFM_C404370CA	GO:0000011,GO:0000329,GO:0010513,GO:0070772,GO:1903778
CAALFM_C404390WA	GO:0002181,GO:0003723,GO:0003735,GO:0003735,GO:0005840,GO:0005840
CAALFM_C404410CA	GO:0004409,GO:0009085,GO:0051539
CAALFM_C404440WA	GO:0031204,GO:0031204,GO:0031207,GO:0031207
CAALFM_C404450CA	GO:0004674,GO:0004674,GO:0005524,GO:0005737,GO:0005776,GO:0006914,GO:0018105,GO:0046777,GO:1905037
CAALFM_C404460CA	GO:0004672,GO:0005524,GO:0006468
CAALFM_C404470WA	GO:0004190,GO:0004190,GO:0006508,GO:0006508
CAALFM_C404480CA	GO:0003746,GO:0005085,GO:0005829,GO:0005853,GO:0006414,GO:0006414
CAALFM_C404500CA	GO:0016279,GO:0016279
CAALFM_C404510WA	GO:0000127,GO:0003677,GO:0006384,GO:0042791
CAALFM_C404520WA	GO:0003676
CAALFM_C404530CA	GO:0005737,GO:0009277,GO:0042124,GO:0071970
CAALFM_C404550CA	GO:0004222,GO:0004222,GO:0005743,GO:0006515,GO:0034982
CAALFM_C404570WA	GO:0004222,GO:0004222,GO:0005789,GO:0071586,GO:0071586
CAALFM_C404580WA	GO:0005737,GO:0010971,GO:0030010,GO:0030428
CAALFM_C404590WA	GO:0005506,GO:0005783,GO:0006631,GO:0008610,GO:0016020,GO:0016020,GO:0020037,GO:0080132,GO:0080132
CAALFM_C404620CA	GO:0003677,GO:0003677,GO:0005634
CAALFM_C404650WA	GO:0003690,GO:0005634,GO:0006260,GO:0006974,GO:0008270
CAALFM_C404660CA	GO:0004843,GO:0016579
CAALFM_C404670CA	GO:0000175
CAALFM_C404700WA	GO:0005524,GO:0005634,GO:0005829,GO:0006457,GO:0140662
CAALFM_C404710WA	GO:0005096,GO:0005794,GO:0090630
CAALFM_C404720WA	GO:0004487,GO:0004488,GO:0005829,GO:0009113
CAALFM_C404750WA	GO:0005634,GO:0005737,GO:0043161
CAALFM_C404770CA	GO:0000026,GO:0005794,GO:0035268,GO:0046354
CAALFM_C404780WA	GO:0004169,GO:0005783,GO:0016020,GO:0035269
CAALFM_C404810CA	GO:0008176,GO:0008176,GO:0030488,GO:0036265,GO:0043527
CAALFM_C404820CA	GO:0003735,GO:0005762,GO:0006412
CAALFM_C404830WA	GO:0003725,GO:0003725,GO:0004525,GO:0004525,GO:0005634,GO:0006364,GO:0006364,GO:0010468,GO:0031053
CAALFM_C404840CA	GO:0003333,GO:0015171,GO:0016020
CAALFM_C404850CA	GO:0000978,GO:0000981,GO:0005634,GO:0006357
CAALFM_C404870CA	GO:0000290,GO:0000932,GO:0003723,GO:0033962
CAALFM_C404880WA	GO:0004298,GO:0004298,GO:0051604
CAALFM_C404890CA	GO:0002181,GO:0003729,GO:0003735,GO:0022625
CAALFM_C404900WA	GO:0003723,GO:0003735,GO:0022625
CAALFM_C404910CA	GO:0005876,GO:0008608,GO:0042729
CAALFM_C404920WA	GO:0000408,GO:0000408,GO:0002949,GO:0005737
CAALFM_C404930CA	GO:0000390,GO:0003676,GO:0005681
CAALFM_C404970CA	GO:0005739,GO:0005743,GO:0005743,GO:0061617,GO:0061617
CAALFM_C404980WA	GO:0008521,GO:0016020,GO:0016020
CAALFM_C404990CA	GO:0000329,GO:0034488
CAALFM_C405010WA	GO:0000027,GO:0005515,GO:0005730
CAALFM_C405020WA	GO:0003735,GO:0003735,GO:0005762,GO:0005840,GO:0005840,GO:0006412,GO:0006412
CAALFM_C405030CA	GO:0004709,GO:0005524,GO:0005737,GO:0006468,GO:0051403
CAALFM_C405040WA	GO:0000398,GO:0005634,GO:0005737,GO:0031386,GO:0036211
CAALFM_C405050CA	GO:0004553,GO:0004722,GO:0005975,GO:0061509,GO:0070262,GO:0090443
CAALFM_C405060WA	GO:0004525,GO:0006396
CAALFM_C405070CA	GO:0005759,GO:0006525,GO:0008483,GO:0030170,GO:0030170,GO:0042802
CAALFM_C405090CA	GO:0003712,GO:0006357,GO:0016592
CAALFM_C405100CA	GO:0000146,GO:0005524,GO:0005737,GO:0005886,GO:0005902,GO:0006897,GO:0007015,GO:0015629,GO:0016459,GO:0030050,GO:0030479,GO:0031982,GO:0051015,GO:0051286
CAALFM_C405110CA	GO:0005634,GO:0006355
CAALFM_C405130CA	GO:0004491,GO:0004491,GO:0005739,GO:0006210,GO:0006574,GO:0018478
CAALFM_C405140CA	GO:0004134,GO:0004134,GO:0004135,GO:0004135,GO:0005978,GO:0005980
CAALFM_C405150WA	GO:0000011,GO:0000329,GO:0005515,GO:0043495,GO:0071562
CAALFM_C405160CA	GO:0007034
CAALFM_C405180CA	GO:0000973,GO:0005643,GO:0005643,GO:0006405,GO:0006606,GO:0017056,GO:0017056,GO:0044614
CAALFM_C405190CA	GO:0000932,GO:0003729,GO:0031087,GO:0033962
CAALFM_C405210WA	GO:0003881,GO:0005794,GO:0006661,GO:0016020
CAALFM_C405220CA	GO:0005680,GO:0031145,GO:0045842,GO:0070979
CAALFM_C405230CA	GO:0005634,GO:0006364
CAALFM_C405240CA	GO:0000220,GO:0000329,GO:0007035,GO:0016471,GO:0046961,GO:0046961,GO:0051117,GO:1902600,GO:1902600
CAALFM_C405250WA	GO:0000209,GO:0005737,GO:0006515,GO:0043161,GO:0045862,GO:0051087,GO:0061630,GO:0071218
CAALFM_C405260WA	GO:0000049,GO:0002926,GO:0005829,GO:0033588
CAALFM_C405270CA	GO:0000724,GO:0005634,GO:0006312,GO:0045002,GO:0045002
CAALFM_C405280WA	GO:0000139,GO:0005737,GO:0005783,GO:0005795,GO:0006886,GO:0006886,GO:0006888,GO:0012507,GO:0045056,GO:0048211,GO:0048280
CAALFM_C405290WA	GO:0000162
CAALFM_C405300WA	GO:0004856,GO:0005829,GO:0005997
CAALFM_C405320WA	GO:0004754,GO:0005737,GO:0019878
CAALFM_C405330CA	GO:0005515
CAALFM_C405340WA	GO:0005515,GO:0051301
CAALFM_C405350WA	GO:0000422,GO:0005515,GO:0005829,GO:0006497,GO:0019898,GO:0032266,GO:0034045,GO:0034497,GO:0044804,GO:0080025
CAALFM_C405370WA	GO:0000288,GO:0003730,GO:0005737
CAALFM_C405380CA	GO:0005787,GO:0006465,GO:0016020
CAALFM_C405390WA	GO:0005829,GO:0016618,GO:0030267,GO:0051287
CAALFM_C405400CA	GO:0097367,GO:1901135
CAALFM_C405420CA	GO:0005096,GO:0005096,GO:0005634,GO:0005737,GO:0032007,GO:0033596,GO:0043547,GO:0043547,GO:0051056
CAALFM_C405430CA	GO:0003333,GO:0015171,GO:0016020
CAALFM_C405450CA	GO:0005783,GO:0005886,GO:0016491,GO:0016491
CAALFM_C405460CA	GO:0005506,GO:0005737,GO:0006449,GO:0019511,GO:0031418,GO:0031543
CAALFM_C405540WA	GO:0004072,GO:0008652
CAALFM_C405560CA	GO:0006571,GO:0008793,GO:0009074,GO:0019878,GO:0030170,GO:0047536
CAALFM_C405570CA	GO:0000070,GO:0000212,GO:0000278,GO:0000930,GO:0000930,GO:0005200,GO:0005525,GO:0005525,GO:0005634,GO:0005737,GO:0005813,GO:0005819,GO:0005874,GO:0005874,GO:0007020,GO:0007020,GO:0007052,GO:0031122
CAALFM_C405620CA	GO:0000423,GO:0140580
CAALFM_C405630WA	GO:0003677,GO:0003899,GO:0003899,GO:0005665,GO:0006351,GO:0046983
CAALFM_C405640CA	GO:0000105,GO:0000105,GO:0000162,GO:0003949,GO:0003949,GO:0005737
CAALFM_C405650WA	GO:0000462,GO:0005730
CAALFM_C405660CA	GO:0000796,GO:0000796,GO:0003682,GO:0007076,GO:0007076
CAALFM_C405670WA	GO:0004176,GO:0004176,GO:0004222,GO:0005524,GO:0005743,GO:0006515,GO:0007005,GO:0016887
CAALFM_C405680WA	GO:0046983
CAALFM_C405690WA	GO:0005096,GO:0006886,GO:0006888,GO:0008270,GO:0030127,GO:0030127,GO:0070971,GO:0090110,GO:0090114
CAALFM_C405700WA	GO:0000981,GO:0003677,GO:0006351,GO:0006355,GO:0008270
CAALFM_C405740CA	GO:0003682,GO:0004842,GO:0016574,GO:0036205,GO:0043619,GO:0048189
CAALFM_C405750CA	GO:0000398,GO:0005515,GO:0005686,GO:0030620
CAALFM_C405760WA	GO:0004484,GO:0004484,GO:0005524,GO:0006370,GO:0006370,GO:0031533
CAALFM_C405770CA	GO:0000293,GO:0005886,GO:0006826,GO:0006879,GO:0015677
CAALFM_C405780CA	GO:0000293,GO:0005886,GO:0006826,GO:0006879,GO:0015677
CAALFM_C405790WA	GO:0006891,GO:0034498,GO:1990071
CAALFM_C405810WA	GO:0005829,GO:0016558
CAALFM_C405820WA	GO:0005739,GO:0016226,GO:0016226,GO:1990221
CAALFM_C405840WA	GO:0000293,GO:0005886,GO:0006826,GO:0006879,GO:0015677
CAALFM_C405860WA	GO:0005737,GO:0006457,GO:0006457,GO:0016272,GO:0016272,GO:0051082
CAALFM_C405870CA	GO:0003677,GO:0006351,GO:0008270
CAALFM_C405880WA	GO:0000122,GO:0000978,GO:0000981,GO:0008270,GO:0045944
CAALFM_C405910CA	GO:0005515,GO:0005768,GO:0006904,GO:0007032,GO:0007033,GO:0030674,GO:0030897,GO:0048284
CAALFM_C405940WA	GO:0006470,GO:0008138,GO:0008138,GO:0033260
CAALFM_C405960WA	GO:0005737,GO:0005739
CAALFM_C405970WA	GO:0005515,GO:0051285
CAALFM_C405980CA	GO:0009141,GO:0017111,GO:0047429
CAALFM_C406000WA	GO:0000030,GO:0005783,GO:0006486
CAALFM_C406020CA	GO:0003684,GO:0003887,GO:0005634,GO:0017125,GO:0042276,GO:0070987
CAALFM_C406030WA	GO:0005509,GO:0005509,GO:0005823,GO:0030234,GO:0051300
CAALFM_C406060WA	GO:0006623,GO:0007005,GO:0019898,GO:0045053,GO:0045324
CAALFM_C406070CA	GO:0004479,GO:0004479,GO:0005739,GO:0009058,GO:0071951
CAALFM_C406080WA	GO:0000931,GO:0033566
CAALFM_C406090CA	GO:0001163,GO:0001179,GO:0042790,GO:0070860
CAALFM_C406100WA	GO:0004573,GO:0005789,GO:0006487,GO:0009311
CAALFM_C406110CA	GO:0000162,GO:0000162,GO:0004834,GO:0004834,GO:0005737
CAALFM_C406120WA	GO:0004354,GO:0005829,GO:0006537
CAALFM_C406130WA	GO:0000226,GO:0005543,GO:0005739,GO:0005938,GO:0005938,GO:0015631,GO:0030989,GO:0032065,GO:0051654
CAALFM_C406140CA	GO:0016020,GO:0022857,GO:0055085
CAALFM_C406150CA	GO:0000709,GO:0000794,GO:0003690,GO:0007129,GO:0010774,GO:0120230,GO:0120231
CAALFM_C406160WA	GO:0005515
CAALFM_C406170CA	GO:0001731,GO:0003723
CAALFM_C406190CA	GO:0000400,GO:0005524,GO:0009378,GO:0016787,GO:0036297,GO:0043138,GO:0043138,GO:0045003,GO:0071932
CAALFM_C406210CA	GO:0005525,GO:0005730
CAALFM_C406230CA	GO:0009134,GO:0016020,GO:0017110
CAALFM_C406250CA	GO:0000145,GO:0006887
CAALFM_C406270CA	GO:0003854,GO:0006694
CAALFM_C406280CA	GO:0016651,GO:0016651
CAALFM_C406290WA	GO:0000408,GO:0070525
CAALFM_C406340WA	GO:0003723,GO:0005515
CAALFM_C406350CA	GO:0005643,GO:0006607,GO:0008298,GO:0016973,GO:0017056,GO:0031990,GO:0034398,GO:0044615
CAALFM_C406360CA	GO:0005777,GO:0019166,GO:0033306
CAALFM_C406370CA	GO:0000324,GO:0005452,GO:0005886,GO:0006820,GO:0006820,GO:0046713,GO:0050801,GO:0055085,GO:0080139
CAALFM_C406380WA	GO:0005622,GO:0050664
CAALFM_C406390WA	GO:0005622,GO:0050664
CAALFM_C406400CA	GO:0000329,GO:0007035,GO:0016471,GO:0046961,GO:0046961
CAALFM_C406410WA	GO:0000349,GO:0000398,GO:0000974,GO:0005515,GO:0071007,GO:0071014
CAALFM_C406430CA	GO:0005524,GO:0005524,GO:0005737,GO:0005739,GO:0006515,GO:0016887,GO:0016887
CAALFM_C406440CA	GO:0000139,GO:0015165,GO:0043231,GO:0090481
CAALFM_C406450WA	GO:0006338,GO:0031011
CAALFM_C406460CA	GO:0005634,GO:0005737,GO:0006888,GO:0006888,GO:0030008
CAALFM_C406480CA	GO:0000750,GO:0004707,GO:0005524,GO:0005634,GO:0005737,GO:0006468,GO:0035556
CAALFM_C406490CA	GO:0005658,GO:0006269,GO:0006269
CAALFM_C406500WA	GO:0006368,GO:0031491,GO:0032968,GO:0035101
CAALFM_C406530CA	GO:0000324,GO:0016020,GO:0042906,GO:0042907,GO:0055085
CAALFM_C406540WA	GO:0006486
CAALFM_C406570CA	GO:0000287,GO:0016831,GO:0016831,GO:0030976
CAALFM_C406580WA	GO:0003700,GO:0003700,GO:0005634,GO:0046983
CAALFM_C406590WA	GO:0005634,GO:0005737,GO:0031072
CAALFM_C406600WA	GO:0000712,GO:0000819,GO:0003677,GO:0003918,GO:0005524,GO:0005634,GO:0006265
CAALFM_C406610CA	GO:0005749,GO:0006099,GO:0006121,GO:0008177,GO:0009055,GO:0050660,GO:0050660
CAALFM_C406650WA	GO:0005768,GO:0035091,GO:0035091,GO:0042147,GO:0045053
CAALFM_C406660WA	GO:0003677,GO:0003677,GO:0005634
CAALFM_C406670WA	GO:0005829,GO:1902531,GO:1903577
CAALFM_C406680CA	GO:0005515
CAALFM_C406690CA	GO:0005634,GO:0005737,GO:0043248,GO:0043248
CAALFM_C406710WA	GO:0016628
CAALFM_C406720WA	GO:0000494,GO:0003723,GO:0003723,GO:0005730,GO:0008649,GO:0031167,GO:0031428,GO:0032040,GO:1990258,GO:1990259
CAALFM_C406740CA	GO:0005783,GO:0030433,GO:0043130
CAALFM_C406760WA	GO:0004368,GO:0004368,GO:0005739,GO:0006072,GO:0006072,GO:0009331,GO:0009331
CAALFM_C406770WA	GO:0005385,GO:0005794,GO:0006829,GO:0006882,GO:0016020,GO:0055085
CAALFM_C406780CA	GO:0003959,GO:0003959,GO:0005622,GO:0010181,GO:0010181,GO:0050661,GO:0050661
CAALFM_C406790WA	GO:0003924
CAALFM_C406800WA	GO:0000492,GO:0000812,GO:0003678,GO:0005524,GO:0006338,GO:0006357,GO:0016573,GO:0016887,GO:0031011,GO:0035267,GO:0097255
CAALFM_C406810CA	GO:0000139,GO:0005829,GO:0006886,GO:0006888,GO:0019905
CAALFM_C406820CA	GO:0000981,GO:0006355,GO:0008270
CAALFM_C406830CA	GO:0005524,GO:0005832,GO:0006457,GO:0006457,GO:0016887,GO:0051082,GO:0051082,GO:0140662,GO:0140662
CAALFM_C406840WA	GO:0003723,GO:0004521,GO:0005634,GO:0005737,GO:0043565,GO:0043565
CAALFM_C406850CA	GO:0006508,GO:0070006
CAALFM_C406860CA	GO:0004126,GO:0004126,GO:0005829,GO:0008270,GO:0008270,GO:0009972,GO:0009972
CAALFM_C406870WA	GO:0005524,GO:0008540,GO:0016887,GO:0036402,GO:0043161
CAALFM_C406880CA	GO:0000502,GO:0000724,GO:0006406,GO:0006406,GO:0008541,GO:0008541,GO:0043248,GO:0043248
CAALFM_C406890WA	GO:0005886,GO:0015104,GO:0015105,GO:0015297,GO:0015297,GO:0015699,GO:0015700
CAALFM_C406910WA	GO:0005524,GO:0016020,GO:0016887,GO:0140359
CAALFM_C406930CA	GO:0003729,GO:0003729,GO:0005685,GO:0005685,GO:0006376,GO:0006376,GO:0071004
CAALFM_C406950WA	GO:0001522,GO:0003723,GO:0009982
CAALFM_C406970CA	GO:0005385,GO:0005886,GO:0071577
CAALFM_C406980WA	GO:0005178,GO:0005576,GO:0008237,GO:0008270,GO:0009277,GO:0009986
CAALFM_C406990WA	GO:0006486
CAALFM_C407010CA	GO:0003908,GO:0006281
CAALFM_C407030WA	GO:0004604,GO:0004604,GO:0005737,GO:0019379,GO:0019379
CAALFM_C407040WA	GO:0004497,GO:0005506,GO:0016705,GO:0020037
CAALFM_C407050WA	GO:0005789,GO:0046513,GO:0046514,GO:0070774
CAALFM_C407060WA	GO:0003677,GO:0003899,GO:0003899,GO:0006351,GO:0006351
CAALFM_C407070WA	GO:0005680
CAALFM_C407080CA	GO:0005815
CAALFM_C407090CA	GO:0000162,GO:0000162,GO:0004048,GO:0004048,GO:0005829
CAALFM_C407100CA	GO:0003676,GO:0005524,GO:0005634
CAALFM_C407110CA	GO:0004739,GO:0006086,GO:0043231
CAALFM_C407120CA	GO:0005524,GO:0005524,GO:0005634,GO:0006298,GO:0006298,GO:0006312,GO:0030983,GO:0030983,GO:0032301,GO:0140664
CAALFM_C407140WA	GO:0005758,GO:0015914,GO:1990050
CAALFM_C407180WA	GO:0003735,GO:0005634,GO:0005737,GO:0005840,GO:0006412,GO:0016567,GO:0019941,GO:0031386,GO:0031625
CAALFM_C407190WA	GO:0000145,GO:0005737,GO:0006887,GO:0006893
CAALFM_C407200CA	GO:0005783,GO:0006506,GO:0016787
CAALFM_C407210WA	GO:0004402,GO:0016573,GO:0033255
CAALFM_C407220CA	GO:0003682,GO:0010468,GO:0034087,GO:0061780,GO:0071169,GO:0090694,GO:1990414
CAALFM_C407240WA	GO:0000139,GO:0016192
CAALFM_C500030WA	GO:0003723,GO:0003735,GO:0006412,GO:0015934
CAALFM_C500040CA	GO:0016020,GO:0016020,GO:0016255,GO:0042765,GO:0042765
CAALFM_C500050WA	GO:0000002
CAALFM_C500060CA	GO:0005515,GO:0005680,GO:0031145,GO:0034399,GO:0045842,GO:0070979
CAALFM_C500070WA	GO:0000915,GO:0000917,GO:0003924,GO:0005525,GO:0005829,GO:0005940,GO:0015630,GO:0031105,GO:0032153,GO:0032186,GO:0060090,GO:0061640,GO:0097271
CAALFM_C500080CA	GO:0005198,GO:0005198,GO:0005515,GO:0006888,GO:0006890,GO:0006890,GO:0006891,GO:0030126
CAALFM_C500110CA	GO:0004829,GO:0004829,GO:0005524,GO:0005737,GO:0006435,GO:0006435
CAALFM_C500130CA	GO:0003735,GO:0003735,GO:0005762,GO:0005840,GO:0005840,GO:0006412,GO:0006412,GO:0070180
CAALFM_C500140CA	GO:0012505,GO:0016020,GO:0016020
CAALFM_C500150CA	GO:0005515,GO:0005634,GO:0005654,GO:0005737,GO:0006607,GO:0008139,GO:0061608,GO:0061608
CAALFM_C500180WA	GO:0000828,GO:0000829,GO:0005829,GO:0006020,GO:0032958,GO:0033857
CAALFM_C500190CA	GO:0004312,GO:0004313,GO:0004314,GO:0004317,GO:0004318,GO:0005835,GO:0005835,GO:0042759
CAALFM_C500200CA	GO:0000785,GO:0005634,GO:0006338,GO:0006355,GO:0070577
CAALFM_C500210CA	GO:0005634,GO:0010390,GO:0033503,GO:0061630,GO:0071894
CAALFM_C500220WA	GO:0005975,GO:0006491,GO:0017177,GO:0030246,GO:0090599
CAALFM_C500230CA	GO:0000724,GO:0008821,GO:0017108,GO:0017108,GO:0033557,GO:0033557
CAALFM_C500240WA	GO:0000156,GO:0000160,GO:0003700,GO:0006355,GO:0043565
CAALFM_C500250CA	GO:0005634,GO:0005737,GO:0007017
CAALFM_C500260WA	GO:0000287,GO:0000287,GO:0002189,GO:0004749,GO:0004749,GO:0005737,GO:0006015,GO:0006164,GO:0009156
CAALFM_C500280CA	GO:0000014,GO:0003676,GO:0004521,GO:0005634,GO:0005743,GO:0006309,GO:0046872
CAALFM_C500290WA	GO:0008033,GO:0017150,GO:0017150,GO:0050660
CAALFM_C500300CA	GO:0005515,GO:0005524,GO:0005694,GO:0007076,GO:0016887
CAALFM_C500320WA	GO:0003735,GO:0003735,GO:0005762,GO:0005840,GO:0005840,GO:0006412,GO:0006412
CAALFM_C500330CA	GO:0006113,GO:0016020
CAALFM_C500350CA	GO:0005524,GO:0005737,GO:0009408,GO:0030544,GO:0042026,GO:0051082
CAALFM_C500370WA	GO:0005737,GO:0015629,GO:0015629,GO:0030042,GO:0030042,GO:0030479,GO:0048870,GO:0051014,GO:0051015
CAALFM_C500420CA	GO:0003735,GO:0003735,GO:0005763,GO:0005840,GO:0005840,GO:0006412,GO:0006412,GO:0070181
CAALFM_C500430WA	GO:0000103,GO:0000103,GO:0004020,GO:0004020,GO:0005524
CAALFM_C500440CA	GO:0000815,GO:0005771,GO:0015031,GO:0032509,GO:0045324
CAALFM_C500450CA	GO:0003884,GO:0003884,GO:0046416,GO:0046416,GO:0071949,GO:0071949
CAALFM_C500460CA	GO:0004322,GO:0005507,GO:0010106,GO:0033215
CAALFM_C500470CA	GO:0005789,GO:0005886,GO:0006078,GO:0015926,GO:0031505
CAALFM_C500490CA	GO:0043087
CAALFM_C500500WA	GO:0000184,GO:0000184,GO:0003723,GO:0003724,GO:0003724,GO:0005524,GO:0005737,GO:0005737,GO:0008270,GO:0016887
CAALFM_C500560WA	GO:0005634,GO:0006301,GO:0061631,GO:0070534
CAALFM_C500570WA	GO:0000287,GO:0005524,GO:0005886,GO:0016887,GO:0045332,GO:0140326,GO:0140326
CAALFM_C500590WA	GO:0005471,GO:0005471,GO:0005743,GO:0005743,GO:0140021,GO:0140021,GO:1990544,GO:1990544
CAALFM_C500600CA	GO:0005515
CAALFM_C500620WA	GO:0000408,GO:0000722,GO:0002949,GO:0005634,GO:0005829
CAALFM_C500630CA	GO:0000729,GO:0003677,GO:0005634,GO:0006298,GO:0006310,GO:0017108,GO:0035312,GO:0035312,GO:0046872
CAALFM_C500650CA	GO:0004413,GO:0005524,GO:0006566
CAALFM_C500660CA	GO:0004497,GO:0005506,GO:0006696,GO:0016705,GO:0020037
CAALFM_C500670CA	GO:0046983
CAALFM_C500680WA	GO:0005634,GO:0005737,GO:0018216,GO:0019702
CAALFM_C500690CA	GO:0005675,GO:0005675,GO:0006289,GO:0006357,GO:0045737,GO:0061575
CAALFM_C500700CA	GO:0004014,GO:0004014,GO:0005829,GO:0006597,GO:0006597,GO:0008295,GO:0008295
CAALFM_C500740WA	GO:0007064,GO:0031390
CAALFM_C500750CA	GO:0004721,GO:0016311
CAALFM_C500770CA	GO:0003848,GO:0004150,GO:0004156,GO:0004156,GO:0005740,GO:0046654,GO:0046654
CAALFM_C500790CA	GO:0003723
CAALFM_C500800CA	GO:0005737,GO:0019441,GO:0019441,GO:0020037,GO:0020037,GO:0033754,GO:0034354,GO:0046872
CAALFM_C500810CA	GO:0000302,GO:0004601,GO:0004601,GO:0020037,GO:0034599,GO:0042744
CAALFM_C500820WA	GO:0003735,GO:0005762
CAALFM_C500830CA	GO:0000139,GO:0005783,GO:0005789,GO:0006888,GO:0006890,GO:0030134
CAALFM_C500840WA	GO:0000445,GO:0005515,GO:0006406
CAALFM_C500860WA	GO:0004252,GO:0006465,GO:0006465,GO:0006627,GO:0016020,GO:0033108,GO:0042720
CAALFM_C500870CA	GO:0005886,GO:0046942,GO:0046943,GO:0055085
CAALFM_C500880CA	GO:0005886,GO:0046942,GO:0046943,GO:0055085
CAALFM_C500890CA	GO:0005886,GO:0046942,GO:0046943,GO:0055085
CAALFM_C500900CA	GO:0004151,GO:0004151,GO:0005737,GO:0006207,GO:0006221
CAALFM_C500920WA	GO:0000398,GO:0000398,GO:0005681,GO:0005682,GO:0046540,GO:0046540
CAALFM_C500930CA	GO:0005543,GO:0030162,GO:0030414,GO:0046578
CAALFM_C500940CA	GO:0001228,GO:0003677,GO:0005634,GO:0006355,GO:0016602,GO:0046982
CAALFM_C500950CA	GO:0005515
CAALFM_C501020CA	GO:0031417
CAALFM_C501050CA	GO:0003735,GO:0003735,GO:0005762,GO:0005840,GO:0005840,GO:0006412,GO:0006412
CAALFM_C501060CA	GO:0005730,GO:0016435,GO:0016435,GO:0070476,GO:0070476
CAALFM_C501090CA	GO:0016706
CAALFM_C501100CA	GO:0000079,GO:0000079,GO:0000307,GO:0005634,GO:0005737,GO:0005813,GO:0016538,GO:0044772,GO:2000045
CAALFM_C501110WA	GO:0004843,GO:0016579
CAALFM_C501130WA	GO:0004408,GO:0004408,GO:0005739,GO:0005739,GO:0018063
CAALFM_C501140CA	GO:0005515
CAALFM_C501170WA	GO:0006612,GO:0018230,GO:0031211,GO:0042406
CAALFM_C501180WA	GO:0003723,GO:0003723,GO:0005739,GO:0006400,GO:0009982,GO:0009982,GO:1990481
CAALFM_C501200WA	GO:0140291
CAALFM_C501210WA	GO:0003924,GO:0003924,GO:0005525,GO:0005737,GO:0005777,GO:0005874,GO:0007031,GO:0008017,GO:0016020
CAALFM_C501230CA	GO:0005975,GO:0016853,GO:0030246
CAALFM_C501240WA	GO:0006673,GO:0030148,GO:0045140,GO:0070916
CAALFM_C501250WA	GO:0004930,GO:0005886,GO:0007189
CAALFM_C501260WA	GO:0005515
CAALFM_C501270WA	GO:0016020,GO:0022857,GO:0022857,GO:0055085,GO:0055085
CAALFM_C501280CA	GO:0000776,GO:0007052,GO:0016020,GO:0016192,GO:0031262,GO:0031262,GO:0044877,GO:0045132,GO:0051315,GO:0051383
CAALFM_C501290CA	GO:0005743,GO:0006744,GO:0006744,GO:0008682
CAALFM_C501300CA	GO:0003729,GO:0005737,GO:0061157,GO:1990247
CAALFM_C501310WA	GO:0003723,GO:0005681,GO:0006397,GO:0048024
CAALFM_C501320WA	GO:0004674,GO:0004674,GO:0005524,GO:0005737,GO:0006468,GO:0035556
CAALFM_C501340WA	GO:0070403
CAALFM_C501350WA	GO:0005778,GO:0007031
CAALFM_C501360WA	GO:0000293,GO:0005886,GO:0006826,GO:0006879,GO:0015677
CAALFM_C501380WA	GO:0000293,GO:0005886,GO:0006826,GO:0006879,GO:0015677
CAALFM_C501390CA	GO:0005655,GO:0008033
CAALFM_C501400WA	GO:0000976,GO:0000981,GO:0000981,GO:0005634,GO:0006355,GO:0006355,GO:0008270
CAALFM_C501410CA	GO:0034975,GO:0072546
CAALFM_C501420WA	GO:0016020,GO:0016020
CAALFM_C501430CA	GO:0005634,GO:0006366
CAALFM_C501440CA	GO:0005783,GO:0005794,GO:0006612,GO:0018230,GO:0019706
CAALFM_C501450WA	GO:0000324,GO:0004185,GO:0004185,GO:0006508,GO:0006508
CAALFM_C501460WA	GO:0000076,GO:0003677,GO:0006281,GO:0031298,GO:0043111
CAALFM_C501470CA	GO:0003333,GO:0005783,GO:0015171
CAALFM_C501480WA	GO:0005730,GO:0006364
CAALFM_C501490CA	GO:0005743,GO:0007005,GO:0055088
CAALFM_C501500CA	GO:0000981,GO:0000981,GO:0005634,GO:0008270,GO:0045944
CAALFM_C501510WA	GO:0000243,GO:0000387,GO:0000387,GO:0003723,GO:0003723,GO:0005682,GO:0005685,GO:0005686,GO:0005687,GO:0005689,GO:0006396,GO:0034715,GO:0034719,GO:0071011,GO:0071013,GO:0097526
CAALFM_C501520CA	GO:0004362,GO:0004362,GO:0005739,GO:0005829,GO:0006749,GO:0006749,GO:0034599,GO:0045454,GO:0050660,GO:0050660,GO:0050661
CAALFM_C501530CA	GO:0005680
CAALFM_C501540WA	GO:0003735,GO:0003735,GO:0005840,GO:0005840,GO:0006412,GO:0006412,GO:0022627
CAALFM_C501560CA	GO:0000324,GO:0005737,GO:0005796,GO:0005801,GO:0015038,GO:0034599
CAALFM_C501570CA	GO:0004623,GO:0005576,GO:0005829,GO:0005886,GO:0043231,GO:0046475
CAALFM_C501580CA	GO:0003746,GO:0005524,GO:0005524,GO:0016887,GO:0016887
CAALFM_C501590WA	GO:0005737,GO:0019781,GO:0019781,GO:0045116,GO:0045116
CAALFM_C501600CA	GO:0003676,GO:0003724,GO:0005524,GO:0005730
CAALFM_C501610WA	GO:0003723,GO:0003723,GO:0005634,GO:0005737,GO:0009982,GO:0009982,GO:0031119,GO:1990481
CAALFM_C501620CA	GO:0000814,GO:0000814,GO:0043328
CAALFM_C501640WA	GO:0005739,GO:0006627,GO:0046872
CAALFM_C501650CA	GO:0000146,GO:0005524,GO:0005737,GO:0007015,GO:0015629,GO:0016459,GO:0030050,GO:0031982,GO:0051015
CAALFM_C501670WA	GO:0005886,GO:0015124,GO:0015719,GO:0042938,GO:0042939,GO:0055085,GO:0071916
CAALFM_C501680CA	GO:0000079,GO:0000079,GO:0000307,GO:0005634,GO:0005737,GO:0005813,GO:0016538,GO:0044772,GO:2000045
CAALFM_C501690CA	GO:0005524,GO:0005832,GO:0006457,GO:0006457,GO:0016887,GO:0051082,GO:0051082,GO:0140662,GO:0140662
CAALFM_C501700WA	GO:0003735,GO:0005762,GO:0032543
CAALFM_C501720CA	GO:0000145,GO:0005515,GO:0005737,GO:0006887,GO:0006893
CAALFM_C501740CA	GO:0003677
CAALFM_C501760CA	GO:0004430,GO:0005737,GO:0016020,GO:0046854,GO:0048015
CAALFM_C501770CA	GO:0005829,GO:0015248,GO:0016020,GO:0032541,GO:0032934,GO:0043231
CAALFM_C501780WA	GO:0003723,GO:0005634,GO:0005634,GO:0006378,GO:1990817,GO:1990817
CAALFM_C501800CA	GO:0003333,GO:0015171,GO:0016020
CAALFM_C501810WA	GO:0000976,GO:0001228,GO:0036003,GO:0090575
CAALFM_C501820WA	GO:0051879
CAALFM_C501830CA	GO:0000981,GO:0006355,GO:0008270
CAALFM_C501840CA	GO:0000981,GO:0003677,GO:0006351,GO:0006355,GO:0008270
CAALFM_C501850CA	GO:0000981,GO:0006355,GO:0008270
CAALFM_C501870WA	GO:0004596,GO:0005515,GO:0005737,GO:0017196,GO:0031415
CAALFM_C501880CA	GO:0016020,GO:0016192,GO:0016192
CAALFM_C501900CA	GO:0009306,GO:0009306
CAALFM_C501910WA	GO:0003727,GO:0003729,GO:0005737,GO:0008270,GO:0045182,GO:2000767
CAALFM_C501920CA	GO:0004439,GO:0046856,GO:0046856
CAALFM_C501930WA	GO:0000398,GO:0000398,GO:0003723,GO:0003723,GO:0005634,GO:0005681,GO:0005681,GO:0008270
CAALFM_C501940WA	GO:0001522,GO:0003723,GO:0009982
CAALFM_C501950CA	GO:0005886,GO:0071467
CAALFM_C501960CA	GO:0004174,GO:0005743,GO:0022900,GO:0051536
CAALFM_C501970CA	GO:0000935,GO:0005085,GO:0005515,GO:0005634,GO:0005737,GO:0030010,GO:0031106,GO:0035556,GO:0043332
CAALFM_C501980CA	GO:0005509,GO:0005793,GO:0070062
CAALFM_C502000CA	GO:0003986,GO:0005739,GO:0006083,GO:0008775
CAALFM_C502020CA	GO:0003924,GO:0005737
CAALFM_C502030WA	GO:0000502,GO:0005515,GO:0005838,GO:0008237,GO:0043161
CAALFM_C502040WA	GO:0005739,GO:0006783,GO:0006783,GO:0008495,GO:0008495,GO:0031966
CAALFM_C502050WA	GO:0005768,GO:0005802,GO:0006895
CAALFM_C502070CA	GO:0000447,GO:0000472,GO:0000480,GO:0003723,GO:0005730,GO:0034462
CAALFM_C502120CA	GO:0003723,GO:0005524,GO:0005634,GO:0016887,GO:0016887,GO:0042254,GO:0051973,GO:1990275
CAALFM_C502140CA	GO:0005634,GO:0005737
CAALFM_C502150CA	GO:0003688,GO:0005634,GO:0005664,GO:0006260,GO:0006270
CAALFM_C502160WA	GO:0035556
CAALFM_C502170CA	GO:0000049,GO:0000049,GO:0001731,GO:0003743,GO:0003924,GO:0005525,GO:0005829,GO:0005850,GO:0045903
CAALFM_C502180CA	GO:0000976,GO:0000981,GO:0000981,GO:0005634,GO:0006355,GO:0006355,GO:0008270
CAALFM_C502190CA	GO:0006103,GO:0006103,GO:0009353,GO:0009353
CAALFM_C502210WA	GO:0005515,GO:0005829,GO:0045048,GO:0045048,GO:0072380
CAALFM_C502220CA	GO:0000298,GO:0005634,GO:0005737,GO:0008486,GO:0034431,GO:0034432,GO:0071543,GO:1901907,GO:1901909,GO:1901911
CAALFM_C502230WA	GO:0005839,GO:0051603
CAALFM_C502240WA	GO:0003677
CAALFM_C502260CA	GO:0004605,GO:0004605,GO:0005739,GO:0016024,GO:0032049,GO:0032049
CAALFM_C502270WA	GO:0004795,GO:0009088,GO:0030170
CAALFM_C502280CA	GO:0005829
CAALFM_C502290WA	GO:0004115,GO:0004115,GO:0006198,GO:0006198,GO:0046069,GO:0047555,GO:1902660
CAALFM_C502300CA	GO:0005829,GO:0006888,GO:0006890,GO:0030126,GO:0051645
CAALFM_C502320CA	GO:0005789,GO:0006506,GO:0006506,GO:0016788
CAALFM_C502340CA	GO:0004674,GO:0004674,GO:0005524,GO:0005737,GO:0006468,GO:0006468,GO:0035556,GO:0043408
CAALFM_C502380WA	GO:0005739,GO:0046474
CAALFM_C502390CA	GO:0000839,GO:0005789,GO:0030433,GO:0030968,GO:0051787,GO:1990381
CAALFM_C502400WA	GO:0002084,GO:0005737,GO:0008474,GO:0052689
CAALFM_C502430WA	GO:0000976,GO:0000981,GO:0005634,GO:0008270,GO:0045944
CAALFM_C502440CA	GO:0000408,GO:0004674,GO:0005524,GO:0005634,GO:0005829,GO:0006468,GO:0006468,GO:0070525
CAALFM_C502460CA	GO:0005886,GO:0009277,GO:0031505
CAALFM_C502470WA	GO:0000142,GO:0005525,GO:0007120,GO:0097271
CAALFM_C502480WA	GO:0003723,GO:0005847,GO:0006378
CAALFM_C502490CA	GO:0001731,GO:0001732,GO:0003743,GO:0003743,GO:0005092,GO:0005829,GO:0006413,GO:0006413,GO:0071074
CAALFM_C502500CA	GO:0003723
CAALFM_C502530WA	GO:0003977,GO:0006048
CAALFM_C502540CA	GO:0000915,GO:0000917,GO:0003924,GO:0005525,GO:0005829,GO:0005940,GO:0015630,GO:0031105,GO:0032153,GO:0032186,GO:0060090,GO:0061640,GO:0097271
CAALFM_C502550CA	GO:0000472,GO:0000480,GO:0005515,GO:0005730,GO:0030686,GO:0032040,GO:0034511
CAALFM_C502560CA	GO:0004672,GO:0005524,GO:0006468
CAALFM_C502570WA	GO:0000033,GO:0005794,GO:0006493
CAALFM_C502600WA	GO:0004657,GO:0005739,GO:0010133,GO:0071949
CAALFM_C502610CA	GO:0000077,GO:0005634,GO:0042393,GO:0045944
CAALFM_C502620CA	GO:0006351
CAALFM_C502630CA	GO:0000033,GO:0005794,GO:0006493
CAALFM_C502650CA	GO:0003712,GO:0003712,GO:0060962,GO:0060962
CAALFM_C502660CA	GO:0003743,GO:0006413,GO:0008237,GO:0031369,GO:0071541
CAALFM_C502670WA	GO:0005634,GO:0006357,GO:0008024,GO:0032786,GO:0061575
CAALFM_C502690WA	GO:0008270,GO:0016491
CAALFM_C502700WA	GO:0000981,GO:0005634,GO:0006351,GO:0008270,GO:0043565,GO:0045944
CAALFM_C502710WA	GO:0004791,GO:0005737,GO:0019430
CAALFM_C502720WA	GO:0000149,GO:0005484,GO:0005484,GO:0006886,GO:0006886,GO:0006896,GO:0006906,GO:0012505,GO:0016020,GO:0031201,GO:0048278
CAALFM_C502730CA	GO:0005515,GO:0016226,GO:0016226,GO:0097361,GO:0097361
CAALFM_C502740WA	GO:0016491,GO:0016491
CAALFM_C502750CA	GO:0000417,GO:0005515,GO:0005634,GO:0006338,GO:0006351,GO:0006355,GO:0031491
CAALFM_C502760WA	GO:0005737,GO:0005956,GO:0005956,GO:0019887,GO:0019887,GO:0080163
CAALFM_C502770WA	GO:0004830,GO:0004830,GO:0005524,GO:0005739,GO:0005759,GO:0070183
CAALFM_C502780WA	GO:0000183,GO:0006357,GO:0008270,GO:0030466,GO:0043565
CAALFM_C502790CA	GO:0003333,GO:0015171,GO:0016020
CAALFM_C502810WA	GO:0000398,GO:0000398,GO:0003723,GO:0003723,GO:0005688,GO:0005688,GO:0046540,GO:0046540,GO:0071011
CAALFM_C502820CA	GO:0005737,GO:0005737,GO:0019509,GO:0019509,GO:0046570,GO:0046872
CAALFM_C502830WA	GO:0000815,GO:0005771,GO:0015031,GO:0032509,GO:0045324
CAALFM_C502840CA	GO:0000226,GO:0004674,GO:0005524,GO:0005737,GO:0006468,GO:0035556,GO:0050321
CAALFM_C502860CA	GO:0016616
CAALFM_C502890WA	GO:0004550,GO:0004550,GO:0006183,GO:0006228,GO:0006241
CAALFM_C502900WA	GO:0005515
CAALFM_C502910CA	GO:0005096,GO:0005789,GO:0006888,GO:0043547
CAALFM_C502920WA	GO:0005506,GO:0005739,GO:0045329,GO:0045329,GO:0050353
CAALFM_C502930CA	GO:0005829,GO:0032866
CAALFM_C502940CA	GO:0000433,GO:0000978,GO:0005634,GO:0005737
CAALFM_C502970WA	GO:0004252,GO:0006508,GO:0008239
CAALFM_C502980CA	GO:0032266
CAALFM_C502990WA	GO:0016020,GO:0032981
CAALFM_C503000CA	GO:0005515,GO:0007052,GO:0007346,GO:0072686
CAALFM_C503010WA	GO:0000481,GO:0045292,GO:0046540,GO:0046540
CAALFM_C503020WA	GO:0005507,GO:0005524,GO:0006812,GO:0016020,GO:0016020,GO:0016887,GO:0043682,GO:0055070
CAALFM_C503060CA	GO:0005886,GO:0022857,GO:0022857,GO:0055085
CAALFM_C503070WA	GO:0000028,GO:0003729,GO:0003735,GO:0003735,GO:0005840,GO:0006412,GO:0006412,GO:0019843,GO:0022627
CAALFM_C503080CA	GO:0022857,GO:0055085
CAALFM_C503090WA	GO:0005524,GO:0007033,GO:0016197,GO:0016887,GO:0016887
CAALFM_C503100CA	GO:0000340,GO:0000340,GO:0003729,GO:0003729,GO:0005634,GO:0005829
CAALFM_C503110CA	GO:0000387,GO:0000398,GO:0003723,GO:0003723,GO:0005685,GO:0071013
CAALFM_C503120WA	GO:0016020,GO:0016255,GO:0034394,GO:0042765
CAALFM_C503130WA	GO:0000981,GO:0006355,GO:0008270
CAALFM_C503140CA	GO:0006914,GO:0007030,GO:0012507,GO:0048208,GO:0070971,GO:0070973
CAALFM_C503150WA	GO:0004674,GO:0005524,GO:0005938,GO:0006468,GO:0006468,GO:0035556
CAALFM_C503160WA	GO:0003712,GO:0003712,GO:0006357,GO:0006357,GO:0016592,GO:0016592,GO:0070847
CAALFM_C503240WA	GO:0000776,GO:0007094,GO:0033597,GO:0043130,GO:1990298
CAALFM_C503250WA	GO:0005515,GO:0005634,GO:0016279,GO:0016279,GO:0018026,GO:0018026
CAALFM_C503260CA	GO:0055085
CAALFM_C503270WA	GO:0005634,GO:0005737,GO:0006414
CAALFM_C503280WA	GO:0003746,GO:0005634,GO:0005737,GO:0006414,GO:0006414
CAALFM_C503290CA	GO:0003735,GO:0003735,GO:0005763,GO:0032543,GO:0032543
CAALFM_C503310CA	GO:0000079,GO:0000307,GO:0005634,GO:0016538,GO:0019901
CAALFM_C503320CA	GO:0000978,GO:0001228,GO:0005634,GO:0006357,GO:0008270
CAALFM_C503330CA	GO:0000981,GO:0000981,GO:0003677,GO:0005634,GO:0006351,GO:0008270,GO:0045944
CAALFM_C503350WA	GO:0005739,GO:0006627,GO:0046872
CAALFM_C503360WA	GO:0003677,GO:0003899,GO:0003899,GO:0005634,GO:0005665,GO:0005665,GO:0005666,GO:0005736,GO:0006351
CAALFM_C503370CA	GO:0000281,GO:0005737,GO:0016460,GO:0031032,GO:0032036,GO:0140659
CAALFM_C503400CA	GO:0000398,GO:0000956,GO:0003723,GO:0003723,GO:0005688,GO:0005689,GO:0071004,GO:0071013,GO:0097526,GO:1990726
CAALFM_C503410CA	GO:0003735,GO:0005762
CAALFM_C503430WA	GO:0005789,GO:0006078,GO:0009272
CAALFM_C503460CA	GO:0005789,GO:0006506,GO:0006506,GO:0016788
CAALFM_C503470CA	GO:0000329
CAALFM_C503480CA	GO:0016020,GO:0022857,GO:0055085
CAALFM_C503500WA	GO:0003333,GO:0015171,GO:0016020
CAALFM_C503530CA	GO:0005739,GO:0006744,GO:0006744,GO:0045333,GO:0045333,GO:0048039,GO:0048039
CAALFM_C503540CA	GO:0003735,GO:0022627
CAALFM_C503550WA	GO:0005643,GO:0046907
CAALFM_C503560WA	GO:0005515
CAALFM_C503570WA	GO:0043130
CAALFM_C503580CA	GO:0005515,GO:0005634,GO:0006334,GO:0006335,GO:0033186
CAALFM_C503590WA	GO:0000324,GO:0006508,GO:0006508,GO:0008270,GO:0008270,GO:0070006
CAALFM_C503600WA	GO:0005524,GO:0005737,GO:0009408,GO:0031072,GO:0042026,GO:0051082,GO:0051082,GO:0051085
CAALFM_C503610WA	GO:0004563,GO:0004563,GO:0005975,GO:0005975,GO:0016020,GO:0030203
CAALFM_C503620WA	GO:0004659,GO:0008299,GO:0008299
CAALFM_C503640WA	GO:0004164,GO:0004164,GO:0017183,GO:0017183
CAALFM_C503670CA	GO:0005856,GO:0051015
CAALFM_C503680WA	GO:0000981,GO:0003677,GO:0006351,GO:0006355,GO:0008270
CAALFM_C503700CA	GO:0004164,GO:0004164,GO:0017183,GO:0017183
CAALFM_C503760CA	GO:0005737,GO:0006606,GO:0031267,GO:0031965
CAALFM_C503770CA	GO:0005829,GO:0008863,GO:0016616,GO:0051287
CAALFM_C503790WA	GO:0004385,GO:0004385,GO:0005829,GO:0006163
CAALFM_C503800WA	GO:0005739,GO:0097250
CAALFM_C503820CA	GO:0005515,GO:0006893,GO:0034044
CAALFM_C503830CA	GO:0000124,GO:0003713,GO:0005669,GO:0006352,GO:0016251,GO:0043966,GO:0046982,GO:0051123
CAALFM_C503840WA	GO:0004788,GO:0004788,GO:0005524,GO:0006772,GO:0009229,GO:0009229,GO:0030975
CAALFM_C503850WA	GO:0005739,GO:0006397
CAALFM_C503860WA	GO:0005737,GO:0009143,GO:0009143,GO:0047429,GO:0047429
CAALFM_C503920CA	GO:0005730,GO:0032040,GO:0032040
CAALFM_C503930CA	GO:0004721,GO:0005737
CAALFM_C503940CA	GO:0000329,GO:0022857,GO:0055085
CAALFM_C503990WA	GO:0005262,GO:0005262,GO:0098703,GO:0098703
CAALFM_C504000WA	GO:0003677,GO:0003689,GO:0005524,GO:0005634,GO:0005663,GO:0006261,GO:0006281,GO:0016887,GO:0031389,GO:0031390,GO:0031391
CAALFM_C504050WA	GO:0005783,GO:0008289,GO:0008289,GO:0015914,GO:0032865,GO:1990456
CAALFM_C504060CA	GO:0000077,GO:0000723,GO:0004674,GO:0004674,GO:0005515,GO:0005634,GO:0006468
CAALFM_C504070CA	GO:0000307,GO:0007346,GO:0019005,GO:0019901,GO:0042393,GO:0043130,GO:0061575
CAALFM_C504090CA	GO:0003723,GO:0003743,GO:0003743,GO:0006413,GO:0016282,GO:0043024
CAALFM_C504100WA	GO:0004605,GO:0004605,GO:0005789
CAALFM_C504110WA	GO:0005576,GO:0005975,GO:0009277,GO:0009986,GO:0042124,GO:0042973,GO:0071555
CAALFM_C504120CA	GO:0005506,GO:0005506,GO:0005737,GO:0005737,GO:0019310,GO:0019310,GO:0050113,GO:0050113
CAALFM_C504130CA	GO:0004568,GO:0005576,GO:0005975
CAALFM_C504150CA	GO:0000149,GO:0005484,GO:0005484,GO:0006886,GO:0006886,GO:0006896,GO:0006906,GO:0012505,GO:0016020,GO:0031201,GO:0048278
CAALFM_C504180WA	GO:0004497,GO:0016705
CAALFM_C504190WA	GO:0016020
CAALFM_C504220WA	GO:0016020
CAALFM_C504260WA	GO:0003723,GO:0003723,GO:0005576,GO:0006401,GO:0033897,GO:0033897
CAALFM_C504270CA	GO:0004013,GO:0005829,GO:0033353
CAALFM_C504280CA	GO:0000122,GO:0000978,GO:0000981,GO:0008270,GO:0045944
CAALFM_C504290CA	GO:0000340,GO:0003743,GO:0003743,GO:0005737,GO:0006413,GO:0006413,GO:0016281
CAALFM_C504300CA	GO:0006508,GO:0070573
CAALFM_C504330WA	GO:0006487,GO:0034998
CAALFM_C504340WA	GO:0003756,GO:0005788,GO:0015035,GO:0034976
CAALFM_C504350CA	GO:0005634,GO:0005737
CAALFM_C504360CA	GO:0006206,GO:0008252,GO:0009166
CAALFM_C504400WA	GO:0003723,GO:0003723,GO:0005576,GO:0006401,GO:0033897,GO:0033897
CAALFM_C504410CA	GO:0000978,GO:0003700,GO:0006357
CAALFM_C504420WA	GO:0005886,GO:0017121,GO:0017121,GO:0017128,GO:0017128
CAALFM_C504430CA	GO:0004843,GO:0004843,GO:0005737,GO:0006511,GO:0006511,GO:0016579,GO:0016579
CAALFM_C504440CA	GO:0015741,GO:0015744,GO:0055085
CAALFM_C504470CA	GO:0003723
CAALFM_C504480CA	GO:0003676
CAALFM_C504490CA	GO:0004053,GO:0004053,GO:0005634,GO:0005737,GO:0005829,GO:0019547,GO:0030145
CAALFM_C504510WA	GO:0005515,GO:0046475,GO:0047389
CAALFM_C504520WA	GO:0005829,GO:0031929,GO:0043666,GO:0043666
CAALFM_C504530WA	GO:0004784,GO:0006801,GO:0046872
CAALFM_C504550WA	GO:0005515,GO:0034975,GO:0072546
CAALFM_C504570CA	GO:0003883,GO:0003883,GO:0005737,GO:0006241,GO:0006241,GO:0019856,GO:0042802,GO:0097268
CAALFM_C504580CA	GO:0000814,GO:0000814,GO:0005198,GO:0042803,GO:0043328
CAALFM_C504590CA	GO:0003735,GO:0005840,GO:0006412
CAALFM_C504600CA	GO:0005515
CAALFM_C504610WA	GO:0000973,GO:0003690,GO:0003723,GO:0006368,GO:0016973,GO:0070390
CAALFM_C504620CA	GO:0005743,GO:0032977,GO:0032979,GO:0033617
CAALFM_C504630WA	GO:0000993,GO:0005634,GO:0005634,GO:0006325,GO:0006397,GO:0008270,GO:0008270,GO:0032044,GO:0032786,GO:0032786,GO:0034243
CAALFM_C504640CA	GO:0003682,GO:0005524,GO:0005634,GO:0016887,GO:0016887,GO:0042393,GO:0045944
CAALFM_C504650CA	GO:0004825,GO:0004825,GO:0005524,GO:0006431,GO:0006431
CAALFM_C504660CA	GO:0005802,GO:0006888,GO:0016020,GO:0048280
CAALFM_C504670WA	GO:0003924,GO:0003924,GO:0005047,GO:0005047,GO:0005525,GO:0005785,GO:0005789,GO:0006614,GO:0016887
CAALFM_C504680WA	GO:0004609,GO:0004609,GO:0008654,GO:0008654
CAALFM_C504700CA	GO:0004825,GO:0004825,GO:0005524,GO:0005829,GO:0006431,GO:0006431,GO:0017101
CAALFM_C504710WA	GO:0005739,GO:0030956,GO:0030956,GO:0032543,GO:0050567,GO:0050567,GO:0070681
CAALFM_C504720CA	GO:0003934,GO:0003934,GO:0005525,GO:0005737,GO:0006729,GO:0008270,GO:0046654,GO:0046654
CAALFM_C504730CA	GO:0000175,GO:0000178,GO:0000932,GO:0003723,GO:0006402
CAALFM_C504740CA	GO:0003677,GO:0006260,GO:0006271,GO:0043625
CAALFM_C504750CA	GO:0000463,GO:0003676,GO:0003724,GO:0005524,GO:0005730
CAALFM_C504780WA	GO:0000976,GO:0005515,GO:0048188,GO:0051568
CAALFM_C504790CA	GO:0000724,GO:0004842,GO:0005634,GO:0006301,GO:0030915,GO:0030915
CAALFM_C504800WA	GO:0004553,GO:0005975,GO:0006037,GO:0009277,GO:0016757,GO:0031505
CAALFM_C504810WA	GO:0003872,GO:0003872,GO:0005524,GO:0005524,GO:0005737,GO:0005739,GO:0005945,GO:0006002,GO:0006002,GO:0016208,GO:0030388,GO:0042802,GO:0048029,GO:0061621,GO:0070095
CAALFM_C504830WA	GO:0003700,GO:0006355,GO:0043565
CAALFM_C504840CA	GO:0030686,GO:0042274
CAALFM_C504860CA	GO:0000137,GO:0000139,GO:0005783,GO:0006888,GO:0030134,GO:0042147
CAALFM_C504870WA	GO:0005737
CAALFM_C504880CA	GO:0003842,GO:0003842,GO:0005759,GO:0010133,GO:0010133
CAALFM_C504890CA	GO:0005737,GO:0005869,GO:0005869,GO:0007052
CAALFM_C504900CA	GO:0002181,GO:0003924,GO:0003924,GO:0005525,GO:0005525,GO:0005737
CAALFM_C504910WA	GO:0000462,GO:0005730,GO:0030688
CAALFM_C504920CA	GO:0003676,GO:0005524,GO:0016887
CAALFM_C504930CA	GO:0005351,GO:0008643,GO:0016020,GO:0016020,GO:0055085
CAALFM_C504940WA	GO:0004556,GO:0009313
CAALFM_C504950CA	GO:0016020
CAALFM_C504970CA	GO:0000981,GO:0000981,GO:0006351,GO:0008270,GO:0043565,GO:0045944
CAALFM_C504990WA	GO:0000166,GO:0005666,GO:0006384
CAALFM_C505000CA	GO:0044255,GO:0047372
CAALFM_C505020CA	GO:0008250,GO:0018279
CAALFM_C505030CA	GO:0004198,GO:0006508
CAALFM_C505040WA	GO:0000026,GO:0005789,GO:0006506
CAALFM_C505050WA	GO:0008270,GO:0016491
CAALFM_C505080WA	GO:0000977,GO:0000981,GO:0005634,GO:0006357,GO:0009790,GO:0009887,GO:0009948,GO:0030154
CAALFM_C505090WA	GO:0005515
CAALFM_C505100CA	GO:0004674,GO:0005515,GO:0005524,GO:0005634,GO:0006468,GO:0044773
CAALFM_C505110CA	GO:0006888,GO:0006888,GO:0006890,GO:0006890,GO:0060628,GO:0070939,GO:0070939
CAALFM_C505120WA	GO:0005524,GO:0005832,GO:0006457,GO:0006457,GO:0016887,GO:0051082,GO:0051082,GO:0140662,GO:0140662
CAALFM_C505130CA	GO:0004140,GO:0004140,GO:0005524,GO:0015937,GO:0015937
CAALFM_C505140WA	GO:0005737,GO:0005739,GO:0008677,GO:0008677,GO:0015940,GO:0050661
CAALFM_C505150CA	GO:0005515,GO:0016279,GO:0016279,GO:0018023,GO:0018023,GO:0018026
CAALFM_C505160CA	GO:0005509,GO:0005509,GO:0008597
CAALFM_C505170WA	GO:0000289,GO:0000289,GO:0000932,GO:0004672,GO:0005524,GO:0006397,GO:0006397,GO:0006468,GO:0008143,GO:0031251,GO:0031251,GO:0046872
CAALFM_C505190WA	GO:0000079,GO:0000307,GO:0005634,GO:0016538,GO:0019901
CAALFM_C505210WA	GO:0005783,GO:0006506,GO:0016787
CAALFM_C505220WA	GO:0000750,GO:0001664,GO:0001664,GO:0003924,GO:0003924,GO:0005525,GO:0005834,GO:0005834,GO:0007186,GO:0007186,GO:0031683,GO:0031683
CAALFM_C505230CA	GO:0004222,GO:0005739,GO:0006627,GO:0009060,GO:0046872
CAALFM_C505250CA	GO:0000028,GO:0003729,GO:0003735,GO:0003735,GO:0005840,GO:0006412,GO:0006412,GO:0019843
CAALFM_C505260WA	GO:0005634,GO:0005737,GO:0006470,GO:0019888,GO:0019888,GO:0030289,GO:0030289
CAALFM_C505280CA	GO:0005740,GO:0005740,GO:0005749,GO:0006099,GO:0006121,GO:0016020,GO:0016020,GO:0020037,GO:0048039
CAALFM_C505290CA	GO:0003735,GO:0003735,GO:0005763,GO:0005840,GO:0005840,GO:0006412,GO:0006412
CAALFM_C505300WA	GO:0004746,GO:0009231
CAALFM_C505310WA	GO:0005634,GO:0005829,GO:0005839,GO:0008233,GO:0010498,GO:0019774
CAALFM_C505320CA	GO:0000105,GO:0000105,GO:0000287,GO:0003879,GO:0003879,GO:0005737
CAALFM_C505330CA	GO:0002094,GO:0005783,GO:0005811,GO:0006486,GO:0016020,GO:0019408,GO:0045547,GO:1904423
CAALFM_C505340WA	GO:0005515
CAALFM_C505350WA	GO:0003896,GO:0003896,GO:0005658,GO:0006269,GO:0006269
CAALFM_C505360CA	GO:0005975,GO:0050295,GO:1904462
CAALFM_C505370CA	GO:0000390,GO:0003723,GO:0005524,GO:0005622,GO:0071013
CAALFM_C505380WA	GO:0005737,GO:0008541,GO:0031595
CAALFM_C505390CA	GO:0005737,GO:0009277,GO:0042124,GO:0071970
CAALFM_C505400WA	GO:0006886,GO:0016192,GO:0016192,GO:0030131,GO:0030136,GO:0035615
CAALFM_C505410CA	GO:0004160,GO:0004160,GO:0005739,GO:0009082,GO:0009082
CAALFM_C505450CA	GO:0000381,GO:0005634,GO:0080009
CAALFM_C505460CA	GO:0008233,GO:0008233,GO:0070646
CAALFM_C505470WA	GO:0000184,GO:0005515,GO:0005697,GO:0042162,GO:0070034
CAALFM_C505480WA	GO:0016020,GO:0042284,GO:0042284,GO:0046513
CAALFM_C505490CA	GO:0004821,GO:0005524,GO:0005737,GO:0005739,GO:0006427,GO:0032543
CAALFM_C600090WA	GO:0005739,GO:0005758,GO:0006105,GO:0034553
CAALFM_C600100CA	GO:0005737,GO:0005737,GO:0005829,GO:0016020,GO:0035627,GO:0120009,GO:0120009,GO:1902387,GO:1902388
CAALFM_C600130CA	GO:0005515,GO:0005634,GO:0005737
CAALFM_C600140CA	GO:0005737,GO:0006473,GO:0008080
CAALFM_C600150WA	GO:0005622,GO:0050664
CAALFM_C600170CA	GO:0004197,GO:0004843,GO:0004843,GO:0005634,GO:0005829,GO:0016579,GO:0016579
CAALFM_C600190WA	GO:0031491,GO:0042393
CAALFM_C600210WA	GO:0009058,GO:0030170,GO:0047536
CAALFM_C600230WA	GO:0006644,GO:0008195
CAALFM_C600240CA	GO:0000149,GO:0005484,GO:0006886,GO:0006906,GO:0012505,GO:0031201,GO:0035091,GO:0048278
CAALFM_C600250WA	GO:0005783,GO:0010883
CAALFM_C600260WA	GO:0000151,GO:0005515,GO:0005829,GO:0006511,GO:0007094,GO:0016567,GO:0031030,GO:0032153,GO:0044732,GO:0061630
CAALFM_C600280WA	GO:0046983
CAALFM_C600290WA	GO:0003677
CAALFM_C600300CA	GO:0000220,GO:0000329,GO:0007035,GO:0016471,GO:0046961,GO:0046961,GO:0051117,GO:1902600,GO:1902600
CAALFM_C600310WA	GO:0005515,GO:0005789,GO:0036503
CAALFM_C600320CA	GO:0017116,GO:0043139
CAALFM_C600330CA	GO:0003333,GO:0015171,GO:0016020
CAALFM_C600340CA	GO:0004222,GO:0004222,GO:0005739,GO:0006518,GO:0006627
CAALFM_C600350WA	GO:0004674,GO:0004674,GO:0005524,GO:0018105,GO:0035556
CAALFM_C600360CA	GO:0005739,GO:0005758,GO:0005758
CAALFM_C600370CA	GO:0030515,GO:0031428,GO:0032040
CAALFM_C600390WA	GO:0000049,GO:0004828,GO:0004828,GO:0005524,GO:0005524,GO:0005739,GO:0070158
CAALFM_C600410CA	GO:0005096,GO:0005737,GO:0005886,GO:0017157,GO:0019905,GO:0030010,GO:0045159,GO:0050708
CAALFM_C600420WA	GO:0005789,GO:0005789,GO:0006506,GO:0019348,GO:0019348,GO:0030234,GO:0030234,GO:0033185
CAALFM_C600430CA	GO:0006886,GO:0006897,GO:0030131,GO:0031410
CAALFM_C600440CA	GO:0004322,GO:0005507,GO:0010106,GO:0033215,GO:0033573
CAALFM_C600460CA	GO:0004322,GO:0005507,GO:0010106,GO:0033215,GO:0033573
CAALFM_C600470CA	GO:0004322,GO:0005507,GO:0010106,GO:0033215,GO:0033573
CAALFM_C600480CA	GO:0004322,GO:0005507,GO:0010106,GO:0033215,GO:0033573
CAALFM_C600490WA	GO:0004623,GO:0005743,GO:0035965
CAALFM_C600500CA	GO:0005634,GO:0005737,GO:0019781,GO:0045116
CAALFM_C600510CA	GO:0000724,GO:0000724,GO:0000730,GO:0005634,GO:0005634,GO:0006312,GO:0045002,GO:0045002
CAALFM_C600530CA	GO:0000387,GO:0000398,GO:0000398,GO:0003723,GO:0005682,GO:0005685,GO:0005686,GO:0005687,GO:0046540,GO:0071011
CAALFM_C600540WA	GO:0000712,GO:0000727,GO:0003677,GO:0005634,GO:0006308,GO:0008821,GO:0031573,GO:0048257,GO:0048476
CAALFM_C600560WA	GO:0005816,GO:0006999,GO:0070631,GO:0070762,GO:0106166
CAALFM_C600570CA	GO:0000329,GO:0005769,GO:0005770,GO:0006814,GO:0007035,GO:0015385,GO:0015385,GO:1902600,GO:1902600
CAALFM_C600590WA	GO:0005783,GO:0005794,GO:0015297,GO:0089721,GO:1990536
CAALFM_C600600CA	GO:0005371,GO:0005739,GO:0006843,GO:0015742
CAALFM_C600620WA	GO:0005634,GO:0005737,GO:0008270,GO:0008835
CAALFM_C600640CA	GO:0000439,GO:0000439,GO:0005675,GO:0006289,GO:0006289,GO:0006355,GO:0006355
CAALFM_C600650CA	GO:0003735,GO:0003735,GO:0005730,GO:0005840,GO:0006412,GO:0022627,GO:0070181
CAALFM_C600660CA	GO:0003779,GO:0030479,GO:0034316,GO:0071846,GO:0071846,GO:0071933,GO:0071933
CAALFM_C600670WA	GO:0000226,GO:0000922,GO:0004722,GO:0005730,GO:0005813,GO:0006470,GO:0007096,GO:0008138,GO:0032467,GO:0044732,GO:0072686,GO:1990023
CAALFM_C600700CA	GO:0005634,GO:0005737,GO:0008420,GO:0043175
CAALFM_C600710WA	GO:0005789,GO:0035437
CAALFM_C600720CA	GO:0005743,GO:0006784,GO:0006784,GO:0016653,GO:0016653
CAALFM_C600740WA	GO:0004467,GO:0005324
CAALFM_C600750CA	GO:0004618,GO:0004618,GO:0005524,GO:0005829,GO:0006094,GO:0006096,GO:0006096,GO:0043531
CAALFM_C600770CA	GO:0000712,GO:0005634,GO:0006302,GO:0031297,GO:0031573,GO:0048476
CAALFM_C600780WA	GO:0000145,GO:0000145,GO:0006887,GO:0006893,GO:0006904,GO:0090522
CAALFM_C600790CA	GO:0005375,GO:0005375,GO:0005886,GO:0006878,GO:0035434,GO:0035434
CAALFM_C600820WA	GO:0009277,GO:0009986,GO:0031505
CAALFM_C600830CA	GO:0003333,GO:0015171,GO:0016020
CAALFM_C600840WA	GO:0004602,GO:0004602,GO:0006979,GO:0006979
CAALFM_C600850WA	GO:0004602,GO:0004602,GO:0006979,GO:0006979
CAALFM_C600860WA	GO:0004602,GO:0004602,GO:0006979,GO:0006979
CAALFM_C600870CA	GO:0004455,GO:0004455,GO:0005739,GO:0009097,GO:0009099
CAALFM_C600880WA	GO:0005053,GO:0005515,GO:0005782,GO:0005829,GO:0016558
CAALFM_C600890WA	GO:0005739,GO:0005789,GO:0005886,GO:0032366,GO:0032541,GO:0032934,GO:0120015,GO:0140268
CAALFM_C600910CA	GO:0005737
CAALFM_C600920WA	GO:0005634,GO:0005739,GO:0007005
CAALFM_C600940CA	GO:0000324,GO:0005935
CAALFM_C600950CA	GO:0003677,GO:0003917,GO:0003917,GO:0005694,GO:0005730,GO:0006260,GO:0006265,GO:0006265,GO:0007059
CAALFM_C600960WA	GO:0003333,GO:0015171,GO:0016020
CAALFM_C600970CA	GO:0000103,GO:0008441,GO:0008441,GO:0046854
CAALFM_C600980CA	GO:0006629
CAALFM_C600990WA	GO:0005886,GO:0005886,GO:0032153,GO:0035838
CAALFM_C601010WA	GO:0000742,GO:0000742,GO:0005789,GO:0048288,GO:0048288
CAALFM_C601020WA	GO:0000742,GO:0005789,GO:0048288
CAALFM_C601030WA	GO:0000103,GO:0008441,GO:0008441,GO:0046854
CAALFM_C601040CA	GO:0003723,GO:0005524,GO:0005622,GO:0071013
CAALFM_C601050WA	GO:0003723,GO:0004831,GO:0004831,GO:0005524,GO:0005739,GO:0005829,GO:0006437
CAALFM_C601060CA	GO:0003333,GO:0015171,GO:0016020
CAALFM_C601090CA	GO:0005515
CAALFM_C601100WA	GO:0005484,GO:0005886,GO:0006887,GO:0006906,GO:0019905,GO:0031201
CAALFM_C601110WA	GO:0006629,GO:0016491
CAALFM_C601120CA	GO:0004671,GO:0004671,GO:0005783,GO:0005783,GO:0006481,GO:0006481,GO:0016020
CAALFM_C601130WA	GO:0004671,GO:0004671,GO:0005783,GO:0005783,GO:0006481,GO:0006481,GO:0016020
CAALFM_C601140CA	GO:0005856,GO:0005856,GO:0005885,GO:0005885,GO:0030833,GO:0034314,GO:0034314,GO:0051015
CAALFM_C601150WA	GO:0005515,GO:0005680,GO:0010997,GO:0031145,GO:1904668,GO:1905786,GO:1990757
CAALFM_C601160WA	GO:0005634,GO:0005737,GO:0008597,GO:0019722,GO:0019722
CAALFM_C601180CA	GO:0003959,GO:0010181,GO:0010181
CAALFM_C601190CA	GO:0004674,GO:0005515,GO:0005524,GO:0005770,GO:0006468,GO:0006468,GO:0006623,GO:0016236,GO:0030242,GO:0034271,GO:0034272,GO:0045324,GO:0071561
CAALFM_C601200WA	GO:0000387,GO:0000387,GO:0005634,GO:0032797
CAALFM_C601210WA	GO:0005789,GO:0044183,GO:0045048
CAALFM_C601220CA	GO:0003714,GO:0005515,GO:0006357,GO:0016575,GO:0034967
CAALFM_C601280WA	GO:0000145,GO:0006887,GO:0006893,GO:0008104
CAALFM_C601290CA	GO:0010509,GO:0015203,GO:0055085,GO:0055085
CAALFM_C601300WA	GO:0012505,GO:0016746,GO:0016746
CAALFM_C601310WA	GO:0000747,GO:0016020,GO:0016020,GO:0043332
CAALFM_C601320WA	GO:0000124,GO:0003712,GO:0005515,GO:0005634,GO:0006281,GO:0006355,GO:0035267
CAALFM_C601340CA	GO:0005739,GO:0008962,GO:0008962,GO:0032049
CAALFM_C601350WA	GO:0016567,GO:0043022,GO:0061630,GO:0072344
CAALFM_C601370WA	GO:0000030,GO:0005789,GO:0006506,GO:0006506,GO:0016485,GO:0030433,GO:1990529
CAALFM_C601380CA	GO:0005085,GO:0005634,GO:0006606,GO:0031267
CAALFM_C601390WA	GO:0000009,GO:0000136,GO:0006487
CAALFM_C601400WA	GO:0016020,GO:0022857,GO:0022857,GO:0055085,GO:0055085
CAALFM_C601410CA	GO:0003959,GO:0010181,GO:0010181
CAALFM_C601420CA	GO:0003959,GO:0010181,GO:0010181
CAALFM_C601430CA	GO:0005886,GO:0015123
CAALFM_C601440CA	GO:0005886,GO:0015123
CAALFM_C601460CA	GO:0005737,GO:0030544,GO:0042026,GO:0051082
CAALFM_C601470WA	GO:0004252,GO:0005777,GO:0016485,GO:0031998
CAALFM_C601480WA	GO:0005094,GO:0005094,GO:0005515,GO:0005515,GO:0005737,GO:0005737,GO:0005829,GO:0007266,GO:0007266,GO:0016020
CAALFM_C601500CA	GO:0000785,GO:0000978,GO:0000981,GO:0006357
CAALFM_C601510WA	GO:0003959,GO:0010181,GO:0010181
CAALFM_C601520WA	GO:0022857,GO:0055085
CAALFM_C601550CA	GO:0003677,GO:0003677,GO:0003887,GO:0003887,GO:0005739,GO:0005760,GO:0005760,GO:0006264,GO:0006264,GO:0008408
CAALFM_C601560WA	GO:0016020
CAALFM_C601590WA	GO:0003690,GO:0003712,GO:0005634,GO:0006357
CAALFM_C601610WA	GO:0003723,GO:0003723,GO:0003746,GO:0003746,GO:0043022,GO:0043022,GO:0045901,GO:0045901,GO:0045905
CAALFM_C601620WA	GO:0016567,GO:0061630
CAALFM_C601630WA	GO:0003723
CAALFM_C601640WA	GO:0003712,GO:0003712,GO:0006357,GO:0006357,GO:0016592,GO:0016592,GO:0070847
CAALFM_C601670WA	GO:0004471,GO:0004471,GO:0005739,GO:0006090,GO:0006108,GO:0051287
CAALFM_C601680CA	GO:0008783,GO:0033389,GO:0046872,GO:0046872
CAALFM_C601690WA	GO:0009986,GO:0042973,GO:0052861
CAALFM_C601700WA	GO:0003735,GO:0003735,GO:0005840,GO:0005840,GO:0006412,GO:0006412,GO:0022625
CAALFM_C601710CA	GO:0004674,GO:0005524,GO:0005634,GO:0006468,GO:0006468,GO:0035556
CAALFM_C601720CA	GO:0005886,GO:0005886,GO:0005938,GO:0006897,GO:0030866,GO:0031505,GO:0032185,GO:0045121
CAALFM_C601740CA	GO:0004620,GO:0016236,GO:0034496,GO:0034727,GO:0046461
CAALFM_C601750CA	GO:0005829,GO:0008478,GO:0008478,GO:0009443,GO:0009443
CAALFM_C601760WA	GO:0003400,GO:0005085,GO:0005096,GO:0005515,GO:0005789,GO:0009306
CAALFM_C601770WA	GO:0003697,GO:0003697,GO:0005634,GO:0006301,GO:0006301,GO:0006513,GO:0006513,GO:0061630,GO:0061630,GO:0097505
CAALFM_C601780CA	GO:0015513,GO:0015707,GO:0016020,GO:0016020,GO:0055085,GO:0055085
CAALFM_C601790CA	GO:0000981,GO:0000981,GO:0006357,GO:0008270
CAALFM_C601810WA	GO:0005515
CAALFM_C601820CA	GO:0003684,GO:0003906,GO:0003906,GO:0005634,GO:0006284,GO:0006284,GO:0008270,GO:0019104,GO:0019104
CAALFM_C601830WA	GO:0005771,GO:0006900,GO:0032511
CAALFM_C601840CA	GO:0006744,GO:0008425
CAALFM_C601850WA	GO:0005634,GO:0006338,GO:0006355,GO:0140849
CAALFM_C601860CA	GO:0001671,GO:0001671,GO:0005829,GO:0006457,GO:0032781,GO:0051087,GO:0051087
CAALFM_C601870CA	GO:0022857,GO:0022857,GO:0055085,GO:0055085
CAALFM_C601880WA	GO:0005737,GO:0016020,GO:0016020
CAALFM_C601890CA	GO:0003676,GO:0003724,GO:0005524,GO:0005730
CAALFM_C601900CA	GO:0003850,GO:0008801
CAALFM_C601910WA	GO:0004017,GO:0004017,GO:0005524,GO:0005524,GO:0005737,GO:0005739,GO:0006172
CAALFM_C601920CA	GO:0000993,GO:0003729,GO:0005737,GO:0005849,GO:0005849,GO:0006369,GO:0006369,GO:0006378,GO:0006378
CAALFM_C601930WA	GO:0001409,GO:0005739
CAALFM_C601970CA	GO:0000027,GO:0003735,GO:0003735,GO:0005840,GO:0005840,GO:0006412,GO:0006412,GO:0019843,GO:0022625
CAALFM_C601980CA	GO:0003735,GO:0005840,GO:0006412
CAALFM_C601990WA	GO:0004623,GO:0005576,GO:0005829,GO:0005886,GO:0043231,GO:0046475
CAALFM_C602000WA	GO:0004623,GO:0005576,GO:0005829,GO:0005886,GO:0043231,GO:0046475
CAALFM_C602010CA	GO:0005634,GO:0005829,GO:0005975,GO:0006116,GO:0009331,GO:0042803,GO:0046168,GO:0047952,GO:0051287
CAALFM_C602030CA	GO:0047453,GO:0110051
CAALFM_C602040WA	GO:0004128,GO:0006696
CAALFM_C602050WA	GO:0000398,GO:0005634,GO:0008419
CAALFM_C602070CA	GO:0003735,GO:0003735,GO:0005840,GO:0005840,GO:0006412,GO:0006412,GO:0022625,GO:0070180
CAALFM_C602120WA	GO:0005198,GO:0006886,GO:0006895,GO:0006898,GO:0030130,GO:0030132,GO:0030479,GO:0032051,GO:0032051,GO:0071439,GO:0071439
CAALFM_C602130CA	GO:0000776,GO:0034508
CAALFM_C602150CA	GO:0005743,GO:0015095,GO:0045016
CAALFM_C602160WA	GO:0004672,GO:0005524,GO:0006468
CAALFM_C602170CA	GO:0005515
CAALFM_C602180WA	GO:0000329,GO:0006623,GO:0032511,GO:0034424
CAALFM_C602190CA	GO:0004674,GO:0004712,GO:0005524,GO:0005737,GO:0006468,GO:0007165
CAALFM_C602220WA	GO:0003400,GO:0003924,GO:0003924,GO:0005525,GO:0005525,GO:0006886,GO:0006888,GO:0016050,GO:0030127,GO:0061024,GO:0070863,GO:0070971
CAALFM_C602230WA	GO:0000054,GO:0003924,GO:0005525,GO:0005829
CAALFM_C602240CA	GO:0003723,GO:0003735,GO:0006412,GO:0015934
CAALFM_C602250WA	GO:0001510,GO:0005739,GO:0008650
CAALFM_C602260CA	GO:0005198,GO:0005515,GO:0006886,GO:0006886,GO:0006888,GO:0006890,GO:0006891,GO:0030126
CAALFM_C602270CA	GO:0004377,GO:0004377,GO:0005789,GO:0006487,GO:0006490
CAALFM_C602290CA	GO:0003824,GO:0010181,GO:0031591,GO:0051539,GO:0051539
CAALFM_C602300CA	GO:0005680,GO:0031145
CAALFM_C602310WA	GO:0000124,GO:0006357,GO:0031048,GO:1904802
CAALFM_C602320CA	GO:0004672,GO:0004672,GO:0005524,GO:0005876,GO:0006468,GO:0007052,GO:0031616,GO:0032133,GO:0032465,GO:0051233
CAALFM_C602340WA	GO:0004674,GO:0005524,GO:0005634,GO:0005737,GO:0006897,GO:0007165,GO:0018105
CAALFM_C602350CA	GO:0003723,GO:0003723,GO:0005634,GO:0009982,GO:0009982,GO:0031119,GO:0031119,GO:1990481
CAALFM_C602360WA	GO:0003723,GO:0005634,GO:0005730,GO:0030687,GO:0042255,GO:0042273
CAALFM_C602370CA	GO:0003735,GO:0005763
CAALFM_C602380WA	GO:0000463,GO:0003676,GO:0005524,GO:0005730
CAALFM_C602410WA	GO:0005829,GO:0006734,GO:0006742,GO:0019677,GO:0035529
CAALFM_C602420WA	GO:0034479,GO:0046475
CAALFM_C602440CA	GO:0000398,GO:0000398,GO:0005681,GO:0005681
CAALFM_C602460CA	GO:0005739,GO:0034551
CAALFM_C602470WA	GO:0005515,GO:0005786,GO:0006614,GO:0006614,GO:0008312,GO:0043022
CAALFM_C602480WA	GO:0006066,GO:0008106,GO:0008270
CAALFM_C602500CA	GO:0004047,GO:0005515,GO:0005739,GO:0006546
CAALFM_C602520WA	GO:0005737,GO:0005739,GO:0016226,GO:0016226,GO:0051537,GO:0097428
CAALFM_C602560WA	GO:0000166,GO:0005737,GO:0006740,GO:0016491
CAALFM_C602570CA	GO:0005484,GO:0005484,GO:0005783,GO:0006890,GO:0006890,GO:0031201
CAALFM_C602580WA	GO:0004535
CAALFM_C602590CA	GO:0001934,GO:0005634,GO:0005737,GO:0007165,GO:0030295,GO:0051301
CAALFM_C602600WA	GO:0003723
CAALFM_C602610CA	GO:0005737,GO:0006457,GO:0019901,GO:0031072,GO:0050821,GO:0051082,GO:0051087
CAALFM_C602630CA	GO:0005085,GO:0005829,GO:0016192,GO:0030139,GO:0031267,GO:0043130
CAALFM_C602640CA	GO:0000022,GO:0000139,GO:0016192
CAALFM_C602650CA	GO:0005886,GO:0015233,GO:0098717
CAALFM_C602680WA	GO:0005484,GO:0005783,GO:0006890,GO:0031201
CAALFM_C602690CA	GO:0000398,GO:0003729,GO:0010494
CAALFM_C602710CA	GO:0004190,GO:0004190,GO:0006508,GO:0006508
CAALFM_C602720CA	GO:0005768,GO:0006886,GO:0006904,GO:0007032,GO:0007033,GO:0016192,GO:0030674,GO:0030897,GO:0048284
CAALFM_C602730WA	GO:0005509,GO:0005737,GO:0005884,GO:0032432,GO:0051015,GO:0051017,GO:0051639
CAALFM_C602740WA	GO:0005747,GO:0006120
CAALFM_C602750CA	GO:0000976,GO:0000981,GO:0005634,GO:0008270,GO:0045944
CAALFM_C602770WA	GO:0000027,GO:0000956,GO:0003723,GO:0005730,GO:0006364,GO:0030687,GO:0042273
CAALFM_C602780CA	GO:0000776,GO:0019237,GO:0051315,GO:0051382,GO:0051455
CAALFM_C602790CA	GO:0005515
CAALFM_C602800WA	GO:0005515,GO:0005829,GO:0033745
CAALFM_C602830WA	GO:0006486
CAALFM_C602850WA	GO:0043291
CAALFM_C602860WA	GO:0004222,GO:0005739,GO:0005829,GO:0043171,GO:0046872,GO:0051603
CAALFM_C602870WA	GO:0000287,GO:0003676,GO:0004523,GO:0004523,GO:0043137
CAALFM_C602880WA	GO:0000287,GO:0003676,GO:0004523,GO:0004523,GO:0043137
CAALFM_C602890CA	GO:0005739,GO:0006574,GO:0008442,GO:0050661,GO:0051287
CAALFM_C602900CA	GO:0005737,GO:0005739,GO:0009249,GO:0017118
CAALFM_C602910WA	GO:0000172,GO:0000172,GO:0001682,GO:0001682,GO:0006364,GO:0030677,GO:0030677,GO:0033204,GO:0033204
CAALFM_C602930WA	GO:0003682,GO:0005637
CAALFM_C602940CA	GO:0000009,GO:0000032,GO:0000136,GO:0006487
CAALFM_C602960WA	GO:0004124,GO:0005737,GO:0006535,GO:0006535
CAALFM_C602970CA	GO:0005778,GO:0016559,GO:0044375
CAALFM_C602980CA	GO:0004594,GO:0004594,GO:0005524,GO:0005524,GO:0005634,GO:0005829,GO:0015937,GO:0015937
CAALFM_C603010WA	GO:0004674,GO:0004674,GO:0005515,GO:0006281
CAALFM_C603020WA	GO:0005768,GO:0006886,GO:0006904,GO:0007032,GO:0007033,GO:0016192,GO:0030674,GO:0030897,GO:0048284
CAALFM_C603030WA	GO:0004190,GO:0004190,GO:0006508,GO:0006508
CAALFM_C603040CA	GO:0043231,GO:0043813,GO:0046856
CAALFM_C603080CA	GO:0004001,GO:0004001,GO:0005634,GO:0005829,GO:0006166,GO:0006166
CAALFM_C603100WA	GO:0048309,GO:0051028
CAALFM_C603110CA	GO:0005515
CAALFM_C603120WA	GO:0000182,GO:0005730,GO:0005730,GO:0006355,GO:0006355,GO:0008134,GO:0008134
CAALFM_C603130WA	GO:0000275,GO:0015986,GO:0046933
CAALFM_C603140CA	GO:0005524,GO:0015421,GO:0016020,GO:0016887,GO:0055085
CAALFM_C603160CA	GO:0000030
CAALFM_C603170CA	GO:0015244,GO:0016020,GO:0042910,GO:1990961
CAALFM_C603180CA	GO:0005737,GO:0005829,GO:0030674,GO:0031625,GO:0070086
CAALFM_C603210CA	GO:0005666,GO:0005666,GO:0006383
CAALFM_C603230WA	GO:0004585,GO:0005739,GO:0016597,GO:0019240,GO:0042450
CAALFM_C603240WA	GO:0016616
CAALFM_C603250WA	GO:0000030
CAALFM_C603260WA	GO:0000287,GO:0003676,GO:0004523,GO:0004523,GO:0043137
CAALFM_C603270CA	GO:0000140,GO:0004806,GO:0005783,GO:0005811,GO:0006654,GO:0019433
CAALFM_C603290WA	GO:0033698,GO:0035064,GO:0061186,GO:0061188,GO:0070210
CAALFM_C603300CA	GO:0000139,GO:0006886,GO:0016192,GO:0016192
CAALFM_C603320WA	GO:0005737,GO:0009058,GO:0009058,GO:0016853
CAALFM_C603330CA	GO:0035091,GO:0035091
CAALFM_C603340CA	GO:0003844,GO:0003844,GO:0004553,GO:0005737,GO:0005978,GO:0005978,GO:0043169
CAALFM_C603350CA	GO:0003682,GO:0006357,GO:0016514,GO:0035267,GO:0043967
CAALFM_C603380WA	GO:0005634,GO:0005737,GO:0035925,GO:0070935
CAALFM_C603390WA	GO:0008272,GO:0015116,GO:0015117,GO:0015131,GO:0015140,GO:0015141,GO:0015297,GO:0015709,GO:0015729,GO:0035435,GO:0071422,GO:0071423
CAALFM_C603400CA	GO:0005750,GO:0005750,GO:0006122,GO:0006122
CAALFM_C603410CA	GO:0003877,GO:0004780,GO:0008796,GO:0009164,GO:0009165
CAALFM_C603430CA	GO:0005829
CAALFM_C603440WA	GO:0005515
CAALFM_C603450CA	GO:0002161,GO:0004823,GO:0004823,GO:0005524,GO:0005524,GO:0005739,GO:0006429,GO:0006429,GO:0032543
CAALFM_C603480WA	GO:0003954,GO:0006116
CAALFM_C603490CA	GO:0004190,GO:0004190,GO:0006508,GO:0006508
CAALFM_C603500CA	GO:0004190,GO:0004190,GO:0006508,GO:0006508
CAALFM_C603520CA	GO:0005768,GO:0006886,GO:0006904,GO:0007032,GO:0007033,GO:0016192,GO:0030674,GO:0030897,GO:0048284
CAALFM_C603540WA	GO:0000329,GO:0022857,GO:0055085
CAALFM_C603550CA	GO:0000976,GO:0003700,GO:0005634,GO:0006355
CAALFM_C603560WA	GO:0003997,GO:0003997,GO:0005504,GO:0005777,GO:0005777,GO:0033540,GO:0055088,GO:0071949,GO:0071949
CAALFM_C603580WA	GO:0016192
CAALFM_C603600CA	GO:0005506,GO:0016712,GO:0020037
CAALFM_C603610WA	GO:0000981,GO:0003677,GO:0006351,GO:0006355,GO:0008270
CAALFM_C603620CA	GO:0005737,GO:0016831,GO:0016831,GO:0033494,GO:0046281
CAALFM_C603630WA	GO:0016831
CAALFM_C603640WA	GO:0005525,GO:0005730,GO:0005730
CAALFM_C603650CA	GO:0000932,GO:0003676,GO:0004535,GO:0030014,GO:0030015,GO:0043928
CAALFM_C603660CA	GO:0005783,GO:0005794,GO:0005886
CAALFM_C603690WA	GO:0009277,GO:0043709,GO:0043710
CAALFM_C603700WA	GO:0007155,GO:0007155,GO:0009277
CAALFM_C603710WA	GO:0009277,GO:0043709,GO:0043710
CAALFM_C603720WA	GO:0002161,GO:0003676,GO:0004813,GO:0004813,GO:0005524,GO:0005524,GO:0005737,GO:0005739,GO:0006400,GO:0006419,GO:0006419,GO:0016597
CAALFM_C603730CA	GO:0003735,GO:0003735,GO:0005763,GO:0005840,GO:0006412,GO:0006412
CAALFM_C603750CA	GO:0005634,GO:0005829,GO:0006457,GO:0051087,GO:0051131,GO:0051879
CAALFM_C603760CA	GO:0004372,GO:0004372,GO:0005737,GO:0006565,GO:0008270,GO:0019264,GO:0019264,GO:0030170,GO:0030170,GO:0035999,GO:0035999,GO:0046655,GO:0050897,GO:0070905
CAALFM_C603770CA	GO:0005789,GO:0005789,GO:0006672,GO:0035339,GO:0090156,GO:1900060
CAALFM_C603780CA	GO:0005085,GO:0005515,GO:0005737
CAALFM_C603790CA	GO:0005351,GO:0008643,GO:0016020,GO:0016020,GO:0055085
CAALFM_C603800CA	GO:0016020,GO:0016020,GO:0038023
CAALFM_C603810WA	GO:0000079,GO:0000079,GO:0000307,GO:0005634,GO:0016538,GO:0019901,GO:0019901
CAALFM_C603830WA	GO:0004722,GO:0004722,GO:0005634,GO:0005737
CAALFM_C603840CA	GO:0005524,GO:0016020,GO:0016887,GO:0055085,GO:0140359
CAALFM_C603880WA	GO:0016616
CAALFM_C603890CA	GO:0005515,GO:0016593,GO:0051568
CAALFM_C603900WA	GO:0000055,GO:0000056,GO:0005643,GO:0006406,GO:0006606,GO:0017056
CAALFM_C603910CA	GO:0003723,GO:0003723,GO:0005684,GO:0005686
CAALFM_C603930WA	GO:0000329,GO:0035673,GO:0035673
CAALFM_C603940CA	GO:0003729,GO:0005634,GO:0005737,GO:0010468,GO:0051252
CAALFM_C603960WA	GO:0005737,GO:0005737,GO:0006508,GO:0008235,GO:0008239,GO:0008239
CAALFM_C604030WA	GO:0000033,GO:0004378,GO:0006486,GO:0006490
CAALFM_C604040CA	GO:0005515,GO:0006897,GO:0008289,GO:0030479,GO:0031097,GO:0043332,GO:0051666,GO:0097320,GO:1990528
CAALFM_C604050WA	GO:0005829,GO:0043023,GO:0061630,GO:0072344,GO:1990112,GO:1990116
CAALFM_C604060WA	GO:0005829,GO:0008270,GO:0043023,GO:0061630,GO:0072344,GO:1990112,GO:1990116
CAALFM_C604080WA	GO:0006508,GO:0070006
CAALFM_C604100WA	GO:0005789,GO:0005886,GO:0033149,GO:0061817,GO:0090158
CAALFM_C604110WA	GO:0000329,GO:0003333,GO:0005290,GO:0005302,GO:0005313,GO:0015189,GO:0015194,GO:0061459
CAALFM_C604120CA	GO:0007094,GO:0034501,GO:1990758
CAALFM_C604130CA	GO:0009277,GO:0043709,GO:0043710
CAALFM_C604160CA	GO:0000463,GO:0000466,GO:0005634,GO:0005730,GO:0008650,GO:0016435,GO:0030687,GO:0031167,GO:0031167
CAALFM_C604170CA	GO:0000145,GO:0006887,GO:0006893
CAALFM_C604180WA	GO:0005737,GO:0006508,GO:0006508,GO:0008270,GO:0008270,GO:0042277,GO:0043171,GO:0070006
CAALFM_C604210CA	GO:0005524,GO:0005743,GO:0006879,GO:0016887,GO:0055085,GO:0055085,GO:0140359
CAALFM_C604230WA	GO:0003779,GO:0005737,GO:0005884,GO:0008017,GO:0030041
CAALFM_C604240WA	GO:0003676
CAALFM_C604250WA	GO:0005739,GO:0005739,GO:0045277
CAALFM_C604270WA	GO:0000288,GO:0000932,GO:0030015,GO:0060090
CAALFM_C604280WA	GO:0005515
CAALFM_C604290WA	GO:0003729,GO:0005829,GO:0016579,GO:0034517,GO:1990861,GO:1990904
CAALFM_C604310WA	GO:0005778,GO:0005778,GO:0016559,GO:0016559,GO:0044375
CAALFM_C604330WA	GO:0003723
CAALFM_C604340WA	GO:0005783,GO:0006486,GO:0052925
CAALFM_C604350CA	GO:0005515,GO:0005634
CAALFM_C604360CA	GO:0000972,GO:0003723,GO:0005643,GO:0006405,GO:0043130
CAALFM_C604370WA	GO:0005247,GO:0005247,GO:0005769,GO:0005794,GO:0006821,GO:0016020,GO:0055085
CAALFM_C604380WA	GO:0009277,GO:0043709,GO:0043710
CAALFM_C604410CA	GO:0016651,GO:0016651
CAALFM_C604440CA	GO:0005628,GO:0032120,GO:1902657
CAALFM_C604450WA	GO:0005524,GO:0005525,GO:0005737,GO:0016887,GO:0016887
CAALFM_C604470CA	GO:0046872
CAALFM_C604490WA	GO:0004806,GO:0004806,GO:0016042,GO:0016042
CAALFM_C604500CA	GO:0000976,GO:0003682,GO:0005669,GO:0006367,GO:0016251
CAALFM_C604510CA	GO:0005524,GO:0005524,GO:0008033,GO:0008033,GO:0016879,GO:0016879
CAALFM_C604520WA	GO:0000049,GO:0002161,GO:0004822,GO:0004822,GO:0005524,GO:0006428,GO:0006428
CAALFM_C604530CA	GO:0005515,GO:0005737,GO:0030488
CAALFM_C604540CA	GO:0005634,GO:0005737,GO:0010468,GO:0033698,GO:0042393,GO:0070210
CAALFM_C604550CA	GO:0015116,GO:0016020,GO:0016020,GO:0055085
CAALFM_C604560WA	GO:0005739,GO:0009055,GO:0009055,GO:0050660,GO:0050660
CAALFM_C604570WA	GO:0003924,GO:0005525,GO:0005783,GO:0016320
CAALFM_C604580WA	GO:0001678,GO:0001678,GO:0004340,GO:0005524,GO:0005524,GO:0005536,GO:0005536,GO:0005739,GO:0005829,GO:0006096,GO:0008865,GO:0019158,GO:0051156
CAALFM_C604590CA	GO:0004342,GO:0004342,GO:0005737,GO:0005975,GO:0006043,GO:0006046,GO:0019262,GO:0042802
CAALFM_C604600WA	GO:0006046,GO:0008448,GO:0008448
CAALFM_C604610CA	GO:0022857,GO:0022857,GO:0055085,GO:0055085
CAALFM_C604620CA	GO:0022857,GO:0022857,GO:0055085,GO:0055085
CAALFM_C604650WA	GO:0006508,GO:0008235
CAALFM_C700020CA	GO:0005515,GO:0006897,GO:0008289,GO:0030479,GO:0031097,GO:0043332,GO:0051666,GO:0097320,GO:1990528
CAALFM_C700050CA	GO:0000717,GO:0003678,GO:0003678,GO:0003684,GO:0005524,GO:0005634,GO:0005634,GO:0006289,GO:0006289,GO:0006366,GO:0016818,GO:0045951
CAALFM_C700060CA	GO:0004017,GO:0004017,GO:0005524,GO:0005524,GO:0005737,GO:0005739,GO:0006139,GO:0006139
CAALFM_C700070CA	GO:0005634,GO:0006368,GO:0006368,GO:0016570,GO:0016570,GO:0016593,GO:0016593,GO:0032968,GO:1990269
CAALFM_C700080CA	GO:0005096,GO:0005938,GO:0007165,GO:0060237,GO:0090630
CAALFM_C700100WA	GO:0000293,GO:0005886,GO:0006826,GO:0006879,GO:0015677
CAALFM_C700110WA	GO:0004784,GO:0005739,GO:0006801,GO:0046872
CAALFM_C700120WA	GO:0000266,GO:0000266,GO:0000422,GO:0005515,GO:0005741,GO:0005778,GO:0016559
CAALFM_C700130WA	GO:0002100,GO:0003723,GO:0043829
CAALFM_C700140CA	GO:0005515
CAALFM_C700150WA	GO:0004750,GO:0004750,GO:0005829,GO:0005975,GO:0005975,GO:0006098,GO:0009052,GO:0046872
CAALFM_C700170WA	GO:0004180
CAALFM_C700200WA	GO:0003676,GO:0005634
CAALFM_C700210CA	GO:0005829,GO:0007004,GO:0042162,GO:0050821,GO:0051879,GO:0070209
CAALFM_C700220WA	GO:0003676,GO:0005634
CAALFM_C700230WA	GO:0003333,GO:0005774,GO:0015171
CAALFM_C700250CA	GO:0003723
CAALFM_C700260CA	GO:0000329,GO:0016236
CAALFM_C700270WA	GO:0016020,GO:0016020,GO:1903424,GO:1903425
CAALFM_C700280WA	GO:0005351,GO:0008643,GO:0016020,GO:0016020,GO:0055085
CAALFM_C700290CA	GO:0005351,GO:0008643,GO:0016020,GO:0016020,GO:0055085
CAALFM_C700300WA	GO:0005739,GO:0044877,GO:1901006
CAALFM_C700320CA	GO:0000139,GO:0005388,GO:0005388,GO:0005524,GO:0005783,GO:0005886,GO:0006828,GO:0006874,GO:0016887,GO:0070588
CAALFM_C700330CA	GO:0000049,GO:0003725,GO:0005737,GO:0006450,GO:0016779
CAALFM_C700340CA	GO:0005635,GO:0005829,GO:0006606,GO:0031267
CAALFM_C700370WA	GO:0000775,GO:0000785,GO:0005634,GO:0007064,GO:0007064,GO:0031390,GO:0031390,GO:0034088
CAALFM_C700380WA	GO:0000095,GO:0005743,GO:0055085
CAALFM_C700390WA	GO:0005634,GO:0005739,GO:0005829,GO:0030170,GO:0031071,GO:0031071,GO:0044571
CAALFM_C700400WA	GO:0000287,GO:0003862,GO:0003862,GO:0005829,GO:0009098,GO:0009098,GO:0051287
CAALFM_C700410CA	GO:0005085
CAALFM_C700430WA	GO:0000293,GO:0005886,GO:0006826,GO:0006879,GO:0015677
CAALFM_C700440CA	GO:0003729,GO:0005634,GO:0005737
CAALFM_C700450CA	GO:0000124,GO:0035064,GO:0043966
CAALFM_C700470CA	GO:0005739,GO:0008444,GO:0032049
CAALFM_C700480WA	GO:0022857,GO:0055085
CAALFM_C700490CA	GO:0005737,GO:0006480,GO:0006480,GO:0071885
CAALFM_C700510WA	GO:0000978,GO:0000981,GO:0005507,GO:0005507,GO:0005634,GO:0005634,GO:0006878,GO:0006879,GO:0045944
CAALFM_C700520WA	GO:0000993,GO:0006355,GO:0016570,GO:0016593,GO:0051569
CAALFM_C700530CA	GO:0000811,GO:1902975
CAALFM_C700550CA	GO:0004819,GO:0004819,GO:0005524,GO:0005737,GO:0005829,GO:0006412,GO:0006425,GO:0006425
CAALFM_C700560CA	GO:0000287,GO:0000287,GO:0006400,GO:0006400,GO:0008193,GO:0008193
CAALFM_C700570WA	GO:0003677,GO:0003899,GO:0003899,GO:0005634,GO:0005736,GO:0006351,GO:0006351,GO:0032549,GO:0032549
CAALFM_C700580CA	GO:0005524,GO:0005737,GO:0016301
CAALFM_C700590WA	GO:0005634,GO:0006302
CAALFM_C700600CA	GO:0005634
CAALFM_C700620WA	GO:0004818,GO:0004818,GO:0005524,GO:0005737,GO:0005829,GO:0006412,GO:0006424,GO:0006424,GO:0017102
CAALFM_C700630CA	GO:0003333,GO:0015171,GO:0016020
CAALFM_C700660WA	GO:0000164,GO:0005979,GO:0008157,GO:2001069
CAALFM_C700670CA	GO:0004439,GO:0005737,GO:0016020,GO:0043813,GO:0046856,GO:0046856
CAALFM_C700680WA	GO:0047429,GO:0047429
CAALFM_C700690WA	GO:0000463,GO:0003723,GO:0003723,GO:0005730
CAALFM_C700700WA	GO:0005789,GO:0016126,GO:0020037,GO:0020037,GO:0043231
CAALFM_C700710WA	GO:0000028,GO:0003735,GO:0003735,GO:0005840,GO:0005840,GO:0006412,GO:0006412,GO:0022627,GO:0030490
CAALFM_C700720WA	GO:0003677,GO:0016593,GO:1990269
CAALFM_C700730WA	GO:0000977,GO:0001228,GO:0005634,GO:0006357,GO:0089713
CAALFM_C700740WA	GO:0000160,GO:0004674,GO:0004674,GO:0005524,GO:0005634,GO:0005737,GO:0018105
CAALFM_C700750WA	GO:0006631,GO:0036042
CAALFM_C700760CA	GO:0005783
CAALFM_C700780WA	GO:0005847,GO:0006378
CAALFM_C700790WA	GO:0005768,GO:0006623,GO:0032266,GO:0042147
CAALFM_C700810WA	GO:0003723,GO:0005634
CAALFM_C700820WA	GO:0003677,GO:0003689,GO:0005524,GO:0005634,GO:0005663,GO:0006261,GO:0006281,GO:0016887
CAALFM_C700840CA	GO:0006470,GO:0008138,GO:0008138,GO:0033260
CAALFM_C700870WA	GO:0005829,GO:0008270,GO:0008892,GO:0046098
CAALFM_C700880CA	GO:0005737
CAALFM_C700890CA	GO:0000978,GO:0000981,GO:0000981,GO:0045944,GO:0045944,GO:0046983
CAALFM_C700910CA	GO:0003690,GO:0003712,GO:0005634,GO:0006357
CAALFM_C700920CA	GO:0005515
CAALFM_C700930WA	GO:0005737,GO:0005980,GO:0008184,GO:0008184,GO:0030170,GO:0030170
CAALFM_C700940WA	GO:0004185,GO:0004185,GO:0005802,GO:0006508,GO:0006508,GO:0006915
CAALFM_C700950WA	GO:0003735,GO:0003735,GO:0005840,GO:0006412
CAALFM_C700960WA	GO:0003723,GO:0003735,GO:0005829,GO:0005840,GO:0006412,GO:0015935
CAALFM_C700970CA	GO:0000978,GO:0000981,GO:0006357,GO:0030154
CAALFM_C700980WA	GO:0000298,GO:0000298,GO:0000324,GO:0004309,GO:0006798,GO:0016020
CAALFM_C700990WA	GO:0000027,GO:0002181,GO:0003735,GO:0022625,GO:0042254,GO:0070180
CAALFM_C701020CA	GO:0003735,GO:0003735,GO:0005763,GO:0005840,GO:0005840,GO:0032543
CAALFM_C701040CA	GO:0000151,GO:0005515,GO:0005737
CAALFM_C701050WA	GO:0016616
CAALFM_C701150WA	GO:0006725,GO:0008198,GO:0008270,GO:0016701
CAALFM_C701160CA	GO:0005747
CAALFM_C701170CA	GO:0000166
CAALFM_C701180WA	GO:0007005,GO:0007005,GO:0008289,GO:0015914,GO:0032865,GO:0032865,GO:1990456
CAALFM_C701190WA	GO:0000290,GO:0000290,GO:0000340,GO:0000932,GO:0005634,GO:0016787,GO:0016787
CAALFM_C701200CA	GO:0003676,GO:0003724,GO:0005524,GO:0005634,GO:0042254
CAALFM_C701210CA	GO:0005634,GO:0005634,GO:0005666,GO:0006351,GO:0006351
CAALFM_C701220WA	GO:0003743,GO:0005085,GO:0005851,GO:0006413
CAALFM_C701230CA	GO:0043743
CAALFM_C701250WA	GO:0001934,GO:0005080,GO:0005634,GO:0005829,GO:0043022,GO:0045182,GO:0072344
CAALFM_C701270CA	GO:0003677,GO:0005515,GO:0005634,GO:2000001
CAALFM_C701280CA	GO:0004326,GO:0004326,GO:0005524,GO:0005524,GO:0005737,GO:0005739,GO:0005829,GO:0008841,GO:0009396,GO:0009396
CAALFM_C701290WA	GO:0003712,GO:0006357,GO:0016592
CAALFM_C701300CA	GO:0000811,GO:0000811,GO:0006260,GO:0006260,GO:1902983
CAALFM_C701320WA	GO:0004103,GO:0004305,GO:0005737,GO:0006646,GO:0006656
CAALFM_C701330CA	GO:0000077,GO:0004694,GO:0005515,GO:0005524,GO:0010998
CAALFM_C701340WA	GO:0000723,GO:0000724,GO:0004520,GO:0005634,GO:0006303,GO:0007095,GO:0008296,GO:0030145,GO:0030870,GO:0030870,GO:0031573,GO:0042138,GO:0097552
CAALFM_C701350CA	GO:0005739,GO:0005739,GO:0033615
CAALFM_C701360CA	GO:0005739,GO:0006457,GO:0008270,GO:0030150,GO:0050821,GO:0051087
CAALFM_C701400CA	GO:0000182,GO:0000500,GO:0001181,GO:0006361,GO:0042790
CAALFM_C701410CA	GO:0005515
CAALFM_C701420WA	GO:0002181,GO:0005515,GO:0005844
CAALFM_C701450CA	GO:0003723,GO:0003723,GO:0003743,GO:0003743,GO:0005852,GO:0005852,GO:0006413,GO:0006413,GO:0031369,GO:0031369
CAALFM_C701470CA	GO:0005634,GO:0005839,GO:0006511,GO:0019773,GO:0019773
CAALFM_C701480WA	GO:0005783,GO:0005789,GO:0005794,GO:0006612,GO:0018230,GO:0019706,GO:0019706
CAALFM_C701510WA	GO:0022857,GO:0055085
CAALFM_C701520WA	GO:0022857,GO:0022857,GO:0055085,GO:0055085
CAALFM_C701540WA	GO:0005506,GO:0016712,GO:0020037
CAALFM_C701550WA	GO:0005085,GO:0005096,GO:0007264,GO:0016020,GO:0043547
CAALFM_C701560CA	GO:0003824,GO:0005783,GO:0009116,GO:0055085,GO:0055085
CAALFM_C701570CA	GO:0003824,GO:0005783,GO:0009116,GO:0055085,GO:0055085
CAALFM_C701580WA	GO:0000724,GO:0003684,GO:0003697,GO:0005634,GO:0016887,GO:0030915,GO:0035861
CAALFM_C701600WA	GO:0005743,GO:0032977,GO:0032979,GO:0033617
CAALFM_C701610WA	GO:0005743,GO:0033617
CAALFM_C701620CA	GO:0005886,GO:0005886,GO:0015079,GO:0015079,GO:0071805,GO:0071805
CAALFM_C701630WA	GO:0003723,GO:0004523,GO:0004523,GO:0006298,GO:0032299,GO:0043137
CAALFM_C701640WA	GO:0004742,GO:0004742,GO:0006086,GO:0045254,GO:0045254
CAALFM_C701660CA	GO:0005096,GO:0006886,GO:0006888,GO:0008270,GO:0030127,GO:0030127,GO:0070971,GO:0090110
CAALFM_C701690WA	GO:0005758,GO:0008270,GO:0008270,GO:0045041
CAALFM_C701710WA	GO:0005783
CAALFM_C701720WA	GO:0005739,GO:0016971,GO:0050660
CAALFM_C701730CA	GO:0000750,GO:0005834,GO:0007186,GO:0007186,GO:0031681
CAALFM_C701740CA	GO:0000139,GO:0000139,GO:0005484,GO:0005797,GO:0005801,GO:0005801,GO:0006888,GO:0006888,GO:0006906,GO:0031201
CAALFM_C701750WA	GO:0005741,GO:0007005,GO:0055088
CAALFM_C701760CA	GO:0005737,GO:0005759,GO:0006879,GO:0008198,GO:0016226,GO:0016226,GO:0051537
CAALFM_C701780WA	GO:0005096,GO:0005634,GO:0005829,GO:0006913,GO:0031267,GO:0048471,GO:0090630
CAALFM_C701790CA	GO:0000027,GO:0003735,GO:0003735,GO:0005840,GO:0005840,GO:0006412,GO:0006412,GO:0008097,GO:0008097,GO:0022625
CAALFM_C701800CA	GO:0003872,GO:0003872,GO:0005524,GO:0005524,GO:0005737,GO:0005739,GO:0005945,GO:0006002,GO:0006002,GO:0016208,GO:0030388,GO:0042802,GO:0048029,GO:0061621,GO:0070095
CAALFM_C701810WA	GO:0000492,GO:0000812,GO:0003678,GO:0005524,GO:0006338,GO:0006357,GO:0016573,GO:0016887,GO:0031011,GO:0035267,GO:0097255
CAALFM_C701820CA	GO:0033179,GO:0046961,GO:1902600
CAALFM_C701830WA	GO:0000070,GO:0000070,GO:0000444,GO:0000776,GO:0000776
CAALFM_C701840WA	GO:0005096,GO:0005516,GO:0005737,GO:0032956,GO:0043087,GO:0051015,GO:0110085,GO:1903479
CAALFM_C701850CA	GO:0007015,GO:0051015
CAALFM_C701870WA	GO:0000049,GO:0004824,GO:0004824,GO:0005524,GO:0005737,GO:0005739,GO:0070154
CAALFM_C701880CA	GO:0005739,GO:0006839,GO:0006862,GO:0008517,GO:0015230,GO:0031966,GO:1904947
CAALFM_C701890CA	GO:0005741,GO:0005742,GO:0030150,GO:0030150,GO:0045040
CAALFM_C701900WA	GO:0005747,GO:0006120,GO:0008137,GO:0048038,GO:0051287
CAALFM_C701920WA	GO:0000209,GO:0043161,GO:0061631
CAALFM_C701930CA	GO:0007165,GO:0071986
CAALFM_C701940CA	GO:0022857,GO:0055085
CAALFM_C701950WA	GO:0004252,GO:0004252,GO:0016020
CAALFM_C701960WA	GO:0005780,GO:0045033
CAALFM_C701970CA	GO:0005741,GO:0005741,GO:0005742,GO:0008320,GO:0008320,GO:0030150,GO:0030150
CAALFM_C701990CA	GO:0016020,GO:0022857,GO:0022857,GO:0055085
CAALFM_C702000CA	GO:0016020,GO:0022857,GO:0022857,GO:0055085
CAALFM_C702010CA	GO:0004029,GO:0005737,GO:0006081
CAALFM_C702020WA	GO:0000110,GO:0000715,GO:0003684,GO:0003684,GO:0006284,GO:0070914,GO:1901255
CAALFM_C702030WA	GO:0005524,GO:0005524,GO:0005829,GO:0005886,GO:0006457,GO:0006457,GO:0016887,GO:0016887,GO:0032991,GO:0034605,GO:0048471,GO:0050821,GO:0051082,GO:0051082,GO:0140662,GO:0140662
CAALFM_C702040CA	GO:0003677,GO:0006355
CAALFM_C702050CA	GO:0000145,GO:0005546,GO:0006887
CAALFM_C702060WA	GO:0003972,GO:0003972,GO:0005524,GO:0005637,GO:0006388,GO:0006388,GO:0008081,GO:0051730
CAALFM_C702070WA	GO:0005737,GO:0015038,GO:0034599
CAALFM_C702080WA	GO:0005737,GO:0015038,GO:0034599
CAALFM_C702090CA	GO:0005096,GO:0005829,GO:0043547,GO:1904263
CAALFM_C702110WA	GO:0006357,GO:0016575,GO:0032221
CAALFM_C702130WA	GO:0016616
CAALFM_C702140WA	GO:0016020,GO:0016298
CAALFM_C702150CA	GO:0004042,GO:0004358,GO:0004358,GO:0005759,GO:0006526,GO:0006526,GO:0006592
CAALFM_C702160WA	GO:0001018,GO:0003899,GO:0003899,GO:0006390,GO:0034245
CAALFM_C702170CA	GO:0005737,GO:0006606
CAALFM_C702180CA	GO:0005801,GO:0005802,GO:0006888,GO:0030008,GO:0043087,GO:0043087
CAALFM_C702200WA	GO:0003729
CAALFM_C702220CA	GO:0004674,GO:0005524,GO:0006468,GO:0006468,GO:0035556
CAALFM_C702240WA	GO:0005886,GO:0005886,GO:0005938,GO:0006897,GO:0030866,GO:0031505,GO:0032185,GO:0045121
CAALFM_C702290WA	GO:0005515
CAALFM_C702300WA	GO:0004190,GO:0006508
CAALFM_C702310CA	GO:0005793,GO:0005794,GO:0005801,GO:0015297,GO:0015786
CAALFM_C702320WA	GO:0005886,GO:0006886,GO:0006904,GO:0016192,GO:0016192,GO:0019905,GO:0030141
CAALFM_C702330WA	GO:0005524,GO:0015127,GO:0016020,GO:0016020,GO:0016887,GO:0055085,GO:0055085,GO:0140359
CAALFM_C702340CA	GO:0005515,GO:0005634,GO:0005829,GO:0008176,GO:0036265,GO:0036265,GO:0043527
CAALFM_C702350CA	GO:0005737
CAALFM_C702380CA	GO:0000413,GO:0003755,GO:0006457
CAALFM_C702390WA	GO:0005737,GO:0005739,GO:0005777,GO:0008379,GO:0008379,GO:0034599,GO:0034599,GO:0042744,GO:0045454
CAALFM_C702450WA	GO:0005975
CAALFM_C702460CA	GO:0003924,GO:0003924
CAALFM_C702470CA	GO:0016020,GO:0016020,GO:0034975,GO:0072546
CAALFM_C702480WA	GO:0005739,GO:0005743,GO:0005743,GO:0033617,GO:0033617
CAALFM_C702490WA	GO:0005524,GO:0005777,GO:0005778,GO:0005829,GO:0016558,GO:0016887,GO:0016887
CAALFM_C702500CA	GO:0006644,GO:0008195
CAALFM_C702510WA	GO:0000387,GO:0000398,GO:0000932,GO:0000956,GO:0005688,GO:0017070,GO:0033962,GO:0097526
CAALFM_C702550CA	GO:0016226,GO:0106035
CAALFM_C702570CA	GO:0003755
CAALFM_C702600CA	GO:0003676,GO:0015074
CAALFM_C702630WA	GO:0005737,GO:0005829,GO:0005886,GO:0030674,GO:0031625,GO:0070086
CAALFM_C702640WA	GO:0005515,GO:0005741,GO:0006626
CAALFM_C702650WA	GO:0004725,GO:0004725,GO:0005634,GO:0005829,GO:0005886,GO:0006470,GO:0006470,GO:0008285,GO:0016314,GO:0042995,GO:0043491,GO:0046856,GO:0048870,GO:0051896
CAALFM_C702670WA	GO:0005829,GO:0007010
CAALFM_C702680WA	GO:0005741,GO:0005741,GO:0006886,GO:0006886
CAALFM_C702690CA	GO:0008654,GO:0016020,GO:0016780
CAALFM_C702770WA	GO:0004100,GO:0004100,GO:0006038,GO:0030428,GO:0071944
CAALFM_C702780WA	GO:0005085,GO:0005737
CAALFM_C702790CA	GO:0000166,GO:0003677,GO:0003887,GO:0003887,GO:0006261,GO:0006287,GO:0006297,GO:0008296,GO:0043625,GO:0045004
CAALFM_C702800WA	GO:0000155,GO:0000160,GO:0016020,GO:0016310,GO:0071474
CAALFM_C702810WA	GO:0005739,GO:0005829,GO:0034599,GO:0045454,GO:0051920,GO:0098869
CAALFM_C702830CA	GO:0004806,GO:0004806,GO:0016042,GO:0016042
CAALFM_C702840CA	GO:0004497,GO:0005506,GO:0016125,GO:0016705,GO:0020037
CAALFM_C702860CA	GO:0005789,GO:0008270,GO:0030433
CAALFM_C702870CA	GO:0005669,GO:0006366,GO:0006366,GO:0046982,GO:0051123
CAALFM_C702880CA	GO:0004806,GO:0004806,GO:0016042,GO:0016042
CAALFM_C702890CA	GO:0004169,GO:0005783,GO:0016020,GO:0035269
CAALFM_C702910WA	GO:0005388,GO:0005524,GO:0005886,GO:0006874,GO:0016887,GO:0070588
CAALFM_C702930CA	GO:0005737,GO:0030490
CAALFM_C702940CA	GO:0003743,GO:0003924,GO:0005525,GO:0006413
CAALFM_C702950CA	GO:0003676,GO:0005634,GO:0008270,GO:0010571,GO:0031431,GO:0043539,GO:1901987
CAALFM_C702960CA	GO:0005737
CAALFM_C702970WA	GO:0000009,GO:0005789,GO:0006487
CAALFM_C702990WA	GO:0004672,GO:0004672,GO:0005524,GO:0006468
CAALFM_C703000CA	GO:0003735,GO:0005762,GO:0005840
CAALFM_C703010WA	GO:0005634,GO:0005829,GO:0019888,GO:0019903,GO:0019903,GO:0043666,GO:0043666
CAALFM_C703030WA	GO:0005739,GO:0005739,GO:0016491,GO:0016491
CAALFM_C703040WA	GO:0005789,GO:0018812,GO:0030148,GO:0030497,GO:0042761
CAALFM_C703050WA	GO:0005789,GO:0018812,GO:0030148,GO:0030497,GO:0042761
CAALFM_C703060CA	GO:0005515,GO:0006893,GO:0034044
CAALFM_C703070CA	GO:0000287,GO:0004016,GO:0005515,GO:0006171,GO:0035556
CAALFM_C703090CA	GO:0004499,GO:0050660,GO:0050661
CAALFM_C703120WA	GO:0005737,GO:0016020,GO:0017050,GO:0043231,GO:0046512
CAALFM_C703130CA	GO:0004146,GO:0004146,GO:0005739,GO:0006545,GO:0046452,GO:0046654,GO:0046654,GO:0046655,GO:0050661
CAALFM_C703150WA	GO:0005515
CAALFM_C703180CA	GO:0000786,GO:0003690,GO:0005634,GO:0006334,GO:0030261,GO:0030527,GO:0031492,GO:0045910
CAALFM_C703200CA	GO:0010181
CAALFM_C703220CA	GO:0000981,GO:0000981,GO:0003677,GO:0005634,GO:0006351,GO:0008270,GO:0045944
CAALFM_C703240WA	GO:0005515,GO:0034657,GO:0043161
CAALFM_C703250CA	GO:0003756,GO:0003756,GO:0005783,GO:0006457,GO:0034976
CAALFM_C703260CA	GO:0005778
CAALFM_C703280CA	GO:0005515
CAALFM_C703300CA	GO:0004806,GO:0004806,GO:0016042,GO:0016042
CAALFM_C703320CA	GO:0016592,GO:0016592,GO:0045893
CAALFM_C703330CA	GO:0004372,GO:0004372,GO:0005737,GO:0006565,GO:0008270,GO:0019264,GO:0019264,GO:0030170,GO:0030170,GO:0035999,GO:0035999,GO:0046655,GO:0050897,GO:0070905
CAALFM_C703340CA	GO:0004674,GO:0005524,GO:0005634,GO:0006468,GO:0044773
CAALFM_C703350CA	GO:0016652
CAALFM_C703360WA	GO:0000324,GO:0004185,GO:0004185,GO:0006508,GO:0006508
CAALFM_C703390CA	GO:0005839,GO:0019774,GO:0043161
CAALFM_C703400CA	GO:0000460,GO:0003723,GO:0003724,GO:0003724,GO:0005524,GO:0005634,GO:0006401,GO:0006401
CAALFM_C703420CA	GO:0016020
CAALFM_C703440WA	GO:0016020
CAALFM_C703480WA	GO:0005085,GO:0032012
CAALFM_C703490WA	GO:0005096,GO:0090630
CAALFM_C703500WA	GO:0000298,GO:0005737,GO:0006798,GO:0016791
CAALFM_C703530CA	GO:0000350,GO:0000350,GO:0000389,GO:0000974,GO:0071013,GO:0071014,GO:0071020
CAALFM_C703540CA	GO:0000462,GO:0005515,GO:0005634,GO:0005730,GO:0030686,GO:0032040
CAALFM_C703570WA	GO:0004056,GO:0004056,GO:0005829,GO:0042450,GO:0042450
CAALFM_C703590CA	GO:0015297,GO:0016020,GO:0016020,GO:0042910,GO:1990961
CAALFM_C703600WA	GO:0000026,GO:0005794,GO:0035268,GO:0046354
CAALFM_C703610CA	GO:0046872
CAALFM_C703620CA	GO:0005515,GO:0016573,GO:0035267
CAALFM_C703640CA	GO:0004816,GO:0004816,GO:0005524,GO:0005739,GO:0006421,GO:0006421
CAALFM_C703650WA	GO:0000105,GO:0000105,GO:0004401,GO:0004401,GO:0005737
CAALFM_C703660CA	GO:0002161,GO:0004827,GO:0004827,GO:0005524,GO:0005524,GO:0005737,GO:0005737,GO:0006433,GO:0006433,GO:0017101
CAALFM_C703670WA	GO:0003676,GO:0004816,GO:0004816,GO:0005524,GO:0005737,GO:0006421,GO:0006421
CAALFM_C703700CA	GO:0005730,GO:0005737,GO:0006364,GO:0030515,GO:0030688
CAALFM_C703710CA	GO:0004435,GO:0004435,GO:0006629,GO:0048015
CAALFM_C703720CA	GO:0000105,GO:0000107,GO:0000107,GO:0016833
CAALFM_C703770CA	GO:0000812,GO:0006338,GO:0006357,GO:0016573,GO:0035267,GO:0042393
CAALFM_C703780CA	GO:0018580,GO:0018580
CAALFM_C703790WA	GO:0003735,GO:0003735,GO:0005762,GO:0005840,GO:0005840,GO:0006412,GO:0006412
CAALFM_C703800WA	GO:0000139,GO:0006621,GO:0006890
CAALFM_C703810WA	GO:0006897,GO:0007015,GO:0030136,GO:0030479,GO:0032051,GO:0035615,GO:0043325,GO:0048268,GO:0051015,GO:0080025
CAALFM_C703830CA	GO:0006620,GO:0072380
CAALFM_C703840WA	GO:0000932,GO:0006402,GO:0017148,GO:0030014,GO:0030015
CAALFM_C703850WA	GO:0003682,GO:0005730,GO:0006270
CAALFM_C703860WA	GO:0004252,GO:0004252,GO:0005615,GO:0006508
CAALFM_C703870WA	GO:0000209,GO:0006281,GO:0016574,GO:0033503,GO:0043161,GO:0061631
CAALFM_C703880CA	GO:0005751,GO:0005751,GO:0006123,GO:0006123
CAALFM_C703890CA	GO:0005515
CAALFM_C703910WA	GO:0003684,GO:0005634,GO:0006284,GO:0006285,GO:0006289,GO:0034039
CAALFM_C703920CA	GO:0002181,GO:0003735,GO:0003735,GO:0005840,GO:0006414,GO:0022625,GO:0030295,GO:0043021
CAALFM_C703930CA	GO:0005759,GO:0005759,GO:0042256
CAALFM_C703940CA	GO:0000079,GO:0000307,GO:0005634,GO:0005737,GO:0005813,GO:0016538,GO:0016538,GO:0044772,GO:0044772
CAALFM_C703960CA	GO:0005634,GO:0005737,GO:0010468,GO:0033698,GO:0042393,GO:0070210
CAALFM_C703970CA	GO:0005768,GO:0032511,GO:0034424
CAALFM_C703980WA	GO:0034975,GO:0072546
CAALFM_C703990CA	GO:0003723,GO:0003723,GO:0006400,GO:0006400
CAALFM_C704000WA	GO:0005515
CAALFM_C704010WA	GO:0005524,GO:0005524,GO:0005737,GO:0005739,GO:0016887,GO:0031072,GO:0034620,GO:0042026,GO:0051082,GO:0051085,GO:0051787,GO:0140662,GO:0140662
CAALFM_C704020CA	GO:0005634,GO:0005839,GO:0006511,GO:0019773,GO:0019773
CAALFM_C704030CA	GO:0005635,GO:0005829,GO:0006606,GO:0031267
CAALFM_C704040CA	GO:0004516,GO:0004516,GO:0009435
CAALFM_C704050WA	GO:0005789,GO:0030433,GO:0030544,GO:0051085,GO:0071218
CAALFM_C704090CA	GO:0004623,GO:0005743,GO:0035965
CAALFM_C704100CA	GO:0003712,GO:0006357,GO:0016592
CAALFM_C704110WA	GO:0004674,GO:0005524,GO:0005737,GO:0005794,GO:0006468,GO:0006624,GO:0032889
CAALFM_C704130CA	GO:0001731,GO:0001732,GO:0003729,GO:0003743,GO:0003743,GO:0005850,GO:0006413,GO:0006413,GO:0031369
CAALFM_C704140CA	GO:0005515
CAALFM_C704150WA	GO:0009306
CAALFM_C704160WA	GO:0016020,GO:0022857,GO:0022857,GO:0055085
CAALFM_C704170WA	GO:0005737,GO:0007021,GO:0007023
CAALFM_C704180WA	GO:0001676,GO:0004467,GO:0005783,GO:0016020
CAALFM_C704190CA	GO:0005515,GO:0006364,GO:0032040,GO:0034388
CAALFM_C704200CA	GO:0000049,GO:0005643,GO:0005737,GO:0016363,GO:0031267,GO:0071528
CAALFM_C704210CA	GO:0004124,GO:0005737,GO:0006535,GO:0006535,GO:0030170
CAALFM_C704230WA	GO:0000978,GO:0000981,GO:0006357
CAALFM_C704240CA	GO:0005515
CAALFM_C704250WA	GO:0022857,GO:0022857,GO:0055085,GO:0055085
CAALFM_C704260WA	GO:0003924,GO:0003924,GO:0005525,GO:0006412
CAALFM_C704270CA	GO:0005783,GO:0006890,GO:0016020,GO:0031201
CAALFM_C704280CA	GO:0008171,GO:0008171
CAALFM_C704300WA	GO:0003677,GO:0006368,GO:0008023,GO:0031491,GO:0032968,GO:0034728,GO:0042393,GO:0042789,GO:0140673,GO:0140673
CAALFM_C704310CA	GO:0005739,GO:0016491,GO:0045329
CAALFM_C704330CA	GO:0000139,GO:0005802,GO:0006895,GO:0034067,GO:0043001
CAALFM_CR00010CA	GO:0008270
CAALFM_CR00060CA	GO:0000723,GO:0003678,GO:0005657,GO:0006260,GO:0006281
CAALFM_CR00070WA	GO:0003779,GO:0005935,GO:0031267,GO:0032153,GO:0043332,GO:0051016,GO:0051017,GO:1903475
CAALFM_CR00080WA	GO:0004329,GO:0004477,GO:0004488,GO:0004488,GO:0005524,GO:0005829,GO:0035999
CAALFM_CR00100CA	GO:0006357,GO:0032777
CAALFM_CR00110WA	GO:0005515,GO:0005634,GO:0032153,GO:0045013,GO:0051286
CAALFM_CR00120CA	GO:0004707,GO:0005524,GO:0005634,GO:0005737,GO:0006468,GO:0035556
CAALFM_CR00130CA	GO:0003824,GO:0009058,GO:0030170
CAALFM_CR00140WA	GO:0000228,GO:0003677,GO:0003700,GO:0003700,GO:0045944,GO:0051321
CAALFM_CR00150CA	GO:0003988,GO:0005777,GO:0006635,GO:0010124
CAALFM_CR00170WA	GO:0000981,GO:0003677,GO:0005634,GO:0006351,GO:0006355,GO:0008270
CAALFM_CR00180CA	GO:0004568,GO:0005576,GO:0005975
CAALFM_CR00190WA	GO:0004553,GO:0005975,GO:0009254
CAALFM_CR00200WA	GO:0004612,GO:0004612,GO:0005524,GO:0005524,GO:0005829,GO:0006094,GO:0006094
CAALFM_CR00210WA	GO:0005506,GO:0016712,GO:0020037
CAALFM_CR00220WA	GO:0005506,GO:0016712,GO:0020037
CAALFM_CR00230WA	GO:0005643,GO:0005643,GO:0006999,GO:0017056,GO:0044611
CAALFM_CR00240WA	GO:0000398,GO:0000932,GO:0003723,GO:0003723,GO:0005688,GO:0005730,GO:0005732,GO:0030490,GO:0046540
CAALFM_CR00250WA	GO:0000276,GO:0000276,GO:0015986,GO:0015986
CAALFM_CR00260WA	GO:0000226,GO:0004674,GO:0005524,GO:0005737,GO:0006468,GO:0035556,GO:0050321
CAALFM_CR00300WA	GO:0004099,GO:0005628,GO:0005975,GO:0030476
CAALFM_CR00320CA	GO:0000785,GO:0003682,GO:0005634,GO:0005634,GO:0006334,GO:0006334,GO:0042393
CAALFM_CR00330CA	GO:0005324,GO:0005524,GO:0005778,GO:0006635,GO:0007031,GO:0015910,GO:0016887,GO:0042760,GO:0140359
CAALFM_CR00340CA	GO:0005739,GO:0032981
CAALFM_CR00350WA	GO:0000309,GO:0000309,GO:0004515,GO:0004515,GO:0009435,GO:0009435
CAALFM_CR00360CA	GO:0003861,GO:0009098,GO:0009316,GO:0051539
CAALFM_CR00370WA	GO:0006511,GO:0016567,GO:0031463,GO:0031625,GO:0031625
CAALFM_CR00380WA	GO:0003959,GO:0010181,GO:0010181
CAALFM_CR00390WA	GO:0005634,GO:0006281,GO:0031297
CAALFM_CR00400CA	GO:0000122,GO:0000812,GO:0003714,GO:0005634,GO:0006281,GO:0006338,GO:0035267,GO:0043967,GO:0043968
CAALFM_CR00410WA	GO:0005634,GO:0005634,GO:0006974,GO:0016573,GO:0032931,GO:0043618,GO:0043618
CAALFM_CR00420WA	GO:0016020,GO:0022857,GO:0055085
CAALFM_CR00430CA	GO:0005634,GO:0005829,GO:0006879,GO:0051537,GO:0097428
CAALFM_CR00440CA	GO:0005737,GO:0007165,GO:0030036
CAALFM_CR00460CA	GO:0003735,GO:0006364,GO:0015935,GO:0019843,GO:0019843,GO:0030515,GO:0032040,GO:0034457
CAALFM_CR00480WA	GO:0003735,GO:0003735,GO:0005762,GO:0005840,GO:0005840,GO:0006412,GO:0006412,GO:0019843,GO:0019843
CAALFM_CR00490WA	GO:0003735,GO:0003735,GO:0005762,GO:0005840,GO:0005840,GO:0006412,GO:0006412
CAALFM_CR00510CA	GO:0004639,GO:0004639,GO:0005737,GO:0006189
CAALFM_CR00520CA	GO:0000055,GO:0000056,GO:0005049,GO:0005049,GO:0005634,GO:0005737,GO:0006611,GO:0031267
CAALFM_CR00540CA	GO:0005737,GO:0006099,GO:0006108,GO:0030060,GO:0030060
CAALFM_CR00560WA	GO:0004555,GO:0004555,GO:0005509,GO:0005737,GO:0005993,GO:0005993
CAALFM_CR00570WA	GO:0004659,GO:0006744,GO:0008299,GO:0008299,GO:1990234
CAALFM_CR00580WA	GO:0005096,GO:0005643,GO:0005737,GO:0006606
CAALFM_CR00590WA	GO:0005515,GO:0006629,GO:0008081
CAALFM_CR00600CA	GO:0000147,GO:0006897,GO:0030479,GO:0051666,GO:0071933
CAALFM_CR00620CA	GO:0000050,GO:0000053,GO:0004055,GO:0004055,GO:0005524,GO:0005524,GO:0005737,GO:0006526,GO:0006526
CAALFM_CR00630WA	GO:0004525,GO:0006396
CAALFM_CR00640WA	GO:0003989,GO:0003989,GO:0005524,GO:0006633,GO:0046872
CAALFM_CR00650WA	GO:0004252,GO:0004252,GO:0005615,GO:0006508
CAALFM_CR00660WA	GO:0004252,GO:0004252,GO:0005615,GO:0006508
CAALFM_CR00670CA	GO:0030488,GO:0106050
CAALFM_CR00680WA	GO:0005634,GO:0030490,GO:0030686
CAALFM_CR00690CA	GO:0006491,GO:0017177
CAALFM_CR00710CA	GO:0016616
CAALFM_CR00740CA	GO:0000030
CAALFM_CR00750CA	GO:0003712,GO:0006357,GO:0006482,GO:0032452
CAALFM_CR00780CA	GO:0004373,GO:0004373,GO:0005737,GO:0005978,GO:0005978
CAALFM_CR00800CA	GO:0000028,GO:0000462,GO:0005515,GO:0032040,GO:0034388
CAALFM_CR00820CA	GO:0005515,GO:0005737,GO:0006446
CAALFM_CR00830WA	GO:0005515
CAALFM_CR00850CA	GO:0000148,GO:0003843,GO:0003843,GO:0005886,GO:0006075,GO:0006075,GO:0051278
CAALFM_CR00860CA	GO:0005509,GO:0005737
CAALFM_CR00870CA	GO:0005783,GO:0005794,GO:0006612,GO:0018230,GO:0019706
CAALFM_CR00890CA	GO:0005741,GO:0045040,GO:0045040,GO:0070096,GO:0070096
CAALFM_CR00900WA	GO:0002940,GO:0003723,GO:0003723,GO:0004809,GO:0004809,GO:0005634
CAALFM_CR00920WA	GO:0000002,GO:0000402,GO:0000403,GO:0004520,GO:0005739,GO:0070336
CAALFM_CR00930WA	GO:0005886,GO:0015123
CAALFM_CR00970WA	GO:0005886,GO:0015123
CAALFM_CR00980CA	GO:0004633,GO:0010181,GO:0015937,GO:0071513
CAALFM_CR00990WA	GO:0004252,GO:0005787,GO:0006465,GO:0006465,GO:0016020,GO:0016020
CAALFM_CR01000CA	GO:0000155,GO:0000155,GO:0000160,GO:0009927,GO:0016020,GO:0046777
CAALFM_CR01010WA	GO:0016233,GO:0043047,GO:1990879
CAALFM_CR01030WA	GO:0000981,GO:0001080,GO:0003677,GO:0005634,GO:0006351,GO:0008270
CAALFM_CR01040CA	GO:0005885,GO:0005885,GO:0015629,GO:0015629,GO:0030041,GO:0030041,GO:0034314,GO:0034314,GO:0051015
CAALFM_CR01050CA	GO:0003723,GO:0005515,GO:0005685,GO:0045292,GO:0071004
CAALFM_CR01060WA	GO:0016020,GO:0046513,GO:0046513,GO:0050291,GO:0050291
CAALFM_CR01070WA	GO:0000132,GO:0000776,GO:0005813,GO:0005871,GO:0007020,GO:0007059,GO:0007100,GO:0008017,GO:0016477,GO:0047496,GO:0051303,GO:0051642
CAALFM_CR01080WA	GO:0005794,GO:0006897,GO:0008104,GO:0016020,GO:0030139,GO:0042147
CAALFM_CR01110WA	GO:0003924,GO:0003924,GO:0005525,GO:0005525,GO:0005786,GO:0005829,GO:0006614,GO:0006614,GO:0006616,GO:0008312,GO:0008312,GO:0016887,GO:0030942
CAALFM_CR01120CA	GO:0000124,GO:0005634,GO:0005634,GO:0005669,GO:0006367,GO:0016251,GO:0016573,GO:1990841
CAALFM_CR01130WA	GO:0005515
CAALFM_CR01140CA	GO:0000253,GO:0005741,GO:0005789,GO:0005811,GO:0006696
CAALFM_CR01150CA	GO:0003677,GO:0005524,GO:0005634,GO:0016887
CAALFM_CR01170WA	GO:0000209,GO:0016607,GO:0043161,GO:0061630
CAALFM_CR01180WA	GO:0008290,GO:0008290,GO:0030036,GO:0030479,GO:0051015,GO:0051016,GO:0051016
CAALFM_CR01190CA	GO:0006891
CAALFM_CR01200WA	GO:0003959,GO:0010181,GO:0010181
CAALFM_CR01210CA	GO:0033565,GO:0035091,GO:0043130,GO:0043328
CAALFM_CR01220WA	GO:0016020,GO:0022857,GO:0022857,GO:0055085
CAALFM_CR01230CA	GO:0005515,GO:0051301
CAALFM_CR01240CA	GO:0001881,GO:0005515,GO:0005769,GO:0005802,GO:0007032,GO:0042147,GO:0055037
CAALFM_CR01260WA	GO:0005794,GO:0007034,GO:0016020,GO:0016020,GO:0072657
CAALFM_CR01270CA	GO:0000329,GO:0005886,GO:0015093,GO:0033573,GO:0033573,GO:0034755,GO:0034755
CAALFM_CR01280CA	GO:0032366,GO:0032934
CAALFM_CR01290CA	GO:0005783,GO:0006506,GO:0031505
CAALFM_CR01300WA	GO:0005747
CAALFM_CR01310WA	GO:0015986,GO:0015986,GO:0045261,GO:0045261,GO:0046933,GO:0046933
CAALFM_CR01320CA	GO:0016020
CAALFM_CR01330WA	GO:0004070,GO:0004151,GO:0005524,GO:0005737,GO:0005829,GO:0006207,GO:0006228,GO:0019240,GO:0046872
CAALFM_CR01340WA	GO:0000324,GO:0022857,GO:0022857,GO:0055085,GO:0055085
CAALFM_CR01350CA	GO:0005483,GO:0005774,GO:0006886,GO:0006886,GO:0019905,GO:0031201,GO:0035494
CAALFM_CR01360WA	GO:0000444,GO:0000444,GO:0007059
CAALFM_CR01370CA	GO:0003735,GO:0003735,GO:0005840,GO:0005840,GO:0006412,GO:0006412
CAALFM_CR01390WA	GO:0000774,GO:0000774,GO:0001405,GO:0006457,GO:0006457,GO:0030150,GO:0042803,GO:0042803,GO:0051082,GO:0051087,GO:0051087
CAALFM_CR01400WA	GO:0000287,GO:0004449,GO:0005739,GO:0006099,GO:0006102,GO:0051287
CAALFM_CR01410CA	GO:0005515
CAALFM_CR01420WA	GO:0000126,GO:0000126,GO:0000995,GO:0001156,GO:0006383,GO:0070898
CAALFM_CR01430WA	GO:0000506,GO:0006506
CAALFM_CR01480WA	GO:0004827,GO:0004827,GO:0005524,GO:0005737,GO:0005739,GO:0006433,GO:0006433
CAALFM_CR01490CA	GO:0005784,GO:0005784,GO:0006886,GO:0006886
CAALFM_CR01500WA	GO:0003713,GO:0003723
CAALFM_CR01520WA	GO:0004722,GO:0006470,GO:0043169
CAALFM_CR01540WA	GO:0004402,GO:0006355,GO:0016573
CAALFM_CR01550CA	GO:0005829,GO:0008296
CAALFM_CR01570WA	GO:0004045,GO:0004045,GO:0005739,GO:0005829
CAALFM_CR01590CA	GO:0000162,GO:0000162,GO:0004049
CAALFM_CR01610CA	GO:0000045,GO:0005634,GO:0005829,GO:0007030,GO:0031468,GO:0043130,GO:0043161,GO:0061025
CAALFM_CR01620CA	GO:0003871,GO:0008270,GO:0009086
CAALFM_CR01630CA	GO:0005391,GO:0005524,GO:0006883,GO:0016020,GO:0016887,GO:0030007,GO:0036376,GO:1902600,GO:1990573
CAALFM_CR01640CA	GO:0005391,GO:0006883,GO:0030007,GO:0036376,GO:1902600,GO:1990573
CAALFM_CR01650WA	GO:0004588,GO:0004588,GO:0005737,GO:0006207,GO:0006221,GO:0006221,GO:0046132
CAALFM_CR01660CA	GO:0005786,GO:0006614,GO:0006614,GO:0006617,GO:0008312,GO:0008312
CAALFM_CR01670WA	GO:0005634,GO:0008270
CAALFM_CR01680CA	GO:0005634,GO:0005737,GO:0010992,GO:0043130,GO:0043161
CAALFM_CR01690CA	GO:0002161,GO:0004823,GO:0004823,GO:0005524,GO:0005524,GO:0006429,GO:0006429
CAALFM_CR01700CA	GO:0003723,GO:0005515
CAALFM_CR01720WA	GO:0035091,GO:0035091,GO:0043231
CAALFM_CR01730WA	GO:0005515
CAALFM_CR01740WA	GO:0005747,GO:0022904,GO:0022904
CAALFM_CR01750CA	GO:0003924,GO:0005525,GO:0005768,GO:0005886,GO:0006904,GO:0009306,GO:0017157,GO:0072659
CAALFM_CR01760CA	GO:0000287,GO:0003723,GO:0004826,GO:0004826,GO:0005524,GO:0005737,GO:0006432,GO:0006432,GO:0009328
CAALFM_CR01790CA	GO:0005524,GO:0005524,GO:0005634,GO:0006298,GO:0006298,GO:0007131,GO:0030983,GO:0030983,GO:0140664
CAALFM_CR01800CA	GO:0017136,GO:0070403
CAALFM_CR01810CA	GO:0016616
CAALFM_CR01820WA	GO:0000049,GO:0043023,GO:0072344,GO:1990112,GO:1990116
CAALFM_CR01830CA	GO:0006857,GO:0016020,GO:0055085,GO:0071916
CAALFM_CR01900CA	GO:0016020,GO:0022857,GO:0055085
CAALFM_CR01910CA	GO:0000287,GO:0000287,GO:0004141,GO:0004141,GO:0005524,GO:0005524,GO:0009102,GO:0009102
CAALFM_CR01920WA	GO:0004015,GO:0004015,GO:0009102,GO:0009102,GO:0030170
CAALFM_CR01930CA	GO:0004076,GO:0004076,GO:0005739,GO:0009102,GO:0009102,GO:0051537
CAALFM_CR01950WA	GO:0005736,GO:0006351,GO:0006352
CAALFM_CR01960CA	GO:0005743,GO:0015095,GO:0045016
CAALFM_CR01970CA	GO:0033178,GO:0033178,GO:0046961,GO:0046961,GO:1902600,GO:1902600
CAALFM_CR01980CA	GO:0005740,GO:0006839,GO:0015227,GO:1902603
CAALFM_CR01990CA	GO:0000278,GO:0000922,GO:0000923,GO:0000930,GO:0005813,GO:0007020,GO:0031122,GO:0043015,GO:0043015,GO:0051011,GO:0051225,GO:0051321
CAALFM_CR02000CA	GO:0003870,GO:0003870,GO:0005739,GO:0006783,GO:0030170
CAALFM_CR02020CA	GO:0035673,GO:0035673,GO:0055085,GO:0055085
CAALFM_CR02030CA	GO:0005730,GO:0008168,GO:0070475
CAALFM_CR02040WA	GO:0000147,GO:0004674,GO:0005524,GO:0005737,GO:0007015,GO:0018107,GO:0046777
CAALFM_CR02050CA	GO:0000118,GO:0004407,GO:0006325,GO:0016575
CAALFM_CR02060WA	GO:0005737,GO:0016791
CAALFM_CR02070CA	GO:0008270,GO:0016491
CAALFM_CR02090CA	GO:0004651,GO:0004651,GO:0006370,GO:0031533,GO:0098507
CAALFM_CR02100CA	GO:0000049,GO:0017102
CAALFM_CR02110WA	GO:0000727,GO:0003697,GO:0005524,GO:0005524,GO:0005634,GO:0005634,GO:0006268,GO:0006270,GO:0042555,GO:0042555,GO:1902969,GO:1990518
CAALFM_CR02130WA	GO:0004364,GO:0004364,GO:0005737
CAALFM_CR02140WA	GO:0003924,GO:0003924,GO:0005525,GO:0005525,GO:0005886,GO:0007165,GO:0019003
CAALFM_CR02150WA	GO:0005524,GO:0015421,GO:0016020,GO:0016887,GO:0055085
CAALFM_CR02160WA	GO:0005975,GO:0008194,GO:0016758,GO:0030259
CAALFM_CR02170WA	GO:0004414,GO:0009086,GO:0009092
CAALFM_CR02180WA	GO:0003993,GO:0009277
CAALFM_CR02190CA	GO:0000976,GO:0000981,GO:0000981,GO:0005634,GO:0006351,GO:0006355,GO:0006355,GO:0008270
CAALFM_CR02200CA	GO:0000150,GO:0000150,GO:0000724,GO:0000730,GO:0000794,GO:0003690,GO:0003690,GO:0003697,GO:0003697,GO:0005524,GO:0006312,GO:0007131,GO:0016887,GO:0042148,GO:0070192,GO:0140664,GO:1990426
CAALFM_CR02210WA	GO:0000226,GO:0004674,GO:0005524,GO:0005737,GO:0006468,GO:0035556,GO:0050321
CAALFM_CR02220CA	GO:0035673,GO:0035673,GO:0055085,GO:0055085
CAALFM_CR02240CA	GO:0035673,GO:0035673,GO:0055085,GO:0055085
CAALFM_CR02250CA	GO:0005737,GO:0006409
CAALFM_CR02330CA	GO:0003729,GO:0005634,GO:0036396,GO:0080009
CAALFM_CR02350CA	GO:0005247,GO:0005247,GO:0005769,GO:0005794,GO:0006821,GO:0016020,GO:0055085
CAALFM_CR02360WA	GO:0000287,GO:0004450,GO:0004450,GO:0005739,GO:0006102,GO:0006102,GO:0051287
CAALFM_CR02370WA	GO:0000254,GO:0005506,GO:0006696
CAALFM_CR02380CA	GO:0034975,GO:0072546
CAALFM_CR02390WA	GO:0005737,GO:0008157,GO:0019888
CAALFM_CR02400WA	GO:0003993,GO:0009277
CAALFM_CR02420WA	GO:0005730,GO:0032040,GO:0032040,GO:0070181
CAALFM_CR02430CA	GO:0000122,GO:0000977,GO:0000981,GO:0005634,GO:0005634,GO:0008270
CAALFM_CR02460WA	GO:0005515,GO:0044877
CAALFM_CR02490WA	GO:0035673,GO:0035673,GO:0055085
CAALFM_CR02510WA	GO:0000978,GO:0000981,GO:0006357
CAALFM_CR02520WA	GO:0003677,GO:0003899,GO:0003899,GO:0005666,GO:0005736,GO:0006351,GO:0046983
CAALFM_CR02530WA	GO:0003723,GO:0003724,GO:0003724,GO:0005524,GO:0005634,GO:0005737,GO:0006364,GO:1990904
CAALFM_CR02540WA	GO:0004608,GO:0004608,GO:0006656,GO:0016627
CAALFM_CR02550CA	GO:0000176,GO:0000177,GO:0005730,GO:0016075,GO:0034427,GO:0034475,GO:0071028,GO:0071051
CAALFM_CR02560CA	GO:0000981,GO:0005634,GO:0006351,GO:0008270,GO:0043565,GO:0045944
CAALFM_CR02580WA	GO:0004592,GO:0004592,GO:0015940,GO:0015940
CAALFM_CR02590CA	GO:0000398,GO:0003723,GO:0005524,GO:0005622,GO:0005681
CAALFM_CR02610CA	GO:0005643,GO:0006607,GO:0006999,GO:0017056,GO:0036228,GO:0044613
CAALFM_CR02620CA	GO:0005747,GO:0006120,GO:0006120
CAALFM_CR02640WA	GO:0000122,GO:0000978,GO:0000981,GO:0009653,GO:0030154
CAALFM_CR02650CA	GO:0005737,GO:0005737,GO:0016226,GO:0016226,GO:0051536,GO:0051536
CAALFM_CR02680WA	GO:0031262,GO:0031262,GO:0051315,GO:0051315
CAALFM_CR02690WA	GO:0005515
CAALFM_CR02700WA	GO:0015031
CAALFM_CR02710WA	GO:0005515,GO:0030515,GO:0032040
CAALFM_CR02720CA	GO:0005666,GO:0006383,GO:0006383
CAALFM_CR02760CA	GO:0004407,GO:0016575
CAALFM_CR02770CA	GO:0005737,GO:0016925,GO:0019948,GO:0031510
CAALFM_CR02780WA	GO:0004089,GO:0004089,GO:0008270,GO:0008270
CAALFM_CR02790CA	GO:0005789
CAALFM_CR02800CA	GO:0004567,GO:0006516
CAALFM_CR02810WA	GO:0003677,GO:0003677,GO:0005634
CAALFM_CR02820WA	GO:0000287,GO:0004614,GO:0005829,GO:0005975,GO:0005975
CAALFM_CR02850CA	GO:0000122,GO:0000978,GO:0000981,GO:0008270,GO:0045944
CAALFM_CR02860WA	GO:0003924,GO:0003924,GO:0005525,GO:0005525,GO:0007264
CAALFM_CR02870WA	GO:0005794,GO:0006886,GO:0006896,GO:0006898,GO:0030117,GO:0030121,GO:0030121,GO:0035615
CAALFM_CR02890CA	GO:0003697,GO:0005666,GO:0006351
CAALFM_CR02910WA	GO:0000045,GO:0000407,GO:0000423,GO:0005829,GO:0019898,GO:0034497,GO:0034727,GO:1990316,GO:1990316
CAALFM_CR02920CA	GO:0005886,GO:0015250,GO:0055085
CAALFM_CR02940CA	GO:0006810,GO:0022857
CAALFM_CR02950CA	GO:0003735,GO:0003735,GO:0005763,GO:0005840,GO:0006412,GO:0070124
CAALFM_CR02970CA	GO:0000112,GO:0003677,GO:0005524,GO:0005675,GO:0006289,GO:0006289,GO:0006367,GO:0006367,GO:0016787,GO:0043138,GO:0097550
CAALFM_CR02990CA	GO:0003935,GO:0009231,GO:0009231
CAALFM_CR03010CA	GO:0005739,GO:0016971,GO:0050660
CAALFM_CR03020CA	GO:0002953,GO:0005737
CAALFM_CR03030CA	GO:0003735,GO:0003735,GO:0005840,GO:0006412,GO:0022625
CAALFM_CR03040CA	GO:0015149,GO:0015749,GO:0016020,GO:0016020
CAALFM_CR03050CA	GO:0000977,GO:0000981,GO:0005634,GO:0006355,GO:0008270,GO:0009267
CAALFM_CR03060WA	GO:0000049,GO:0017102
CAALFM_CR03070WA	GO:0005737,GO:0032790,GO:0070481,GO:0070481,GO:0070651,GO:0070966,GO:0070966,GO:0071025,GO:0071025
CAALFM_CR03090CA	GO:0005509,GO:0016460,GO:1903475
CAALFM_CR03100WA	GO:0000724,GO:0005524,GO:0016887,GO:0030915
CAALFM_CR03110WA	GO:0000049,GO:0004818,GO:0004818,GO:0005524,GO:0006424,GO:0006424,GO:0008270
CAALFM_CR03130WA	GO:0005768,GO:0032511,GO:0034424
CAALFM_CR03140CA	GO:0000149,GO:0005484,GO:0006886,GO:0006906,GO:0012505,GO:0031201,GO:0048278
CAALFM_CR03150WA	GO:0005794
CAALFM_CR03160WA	GO:0005737,GO:0008175,GO:0030488
CAALFM_CR03170WA	GO:0003723,GO:0004815,GO:0004815,GO:0005524,GO:0005524,GO:0005737,GO:0005737,GO:0005829,GO:0006422,GO:0006422,GO:0017101
CAALFM_CR03180WA	GO:0000329,GO:0003924,GO:0005525,GO:0005525,GO:0005634,GO:0009267,GO:0010506,GO:0032008,GO:0071230,GO:1990131
CAALFM_CR03200CA	GO:0000172,GO:0001682,GO:0005655
CAALFM_CR03210CA	GO:0005634,GO:0005634,GO:0005847,GO:0006369,GO:0006378,GO:0008420
CAALFM_CR03220CA	GO:0019786
CAALFM_CR03230WA	GO:0003676
CAALFM_CR03240CA	GO:0003676,GO:0005737,GO:0008270
CAALFM_CR03260WA	GO:0005794,GO:0007030,GO:0009306
CAALFM_CR03270WA	GO:0015225,GO:0015295,GO:0016020,GO:1901604,GO:1905135
CAALFM_CR03280WA	GO:0016651,GO:0016651
CAALFM_CR03290CA	GO:0004674,GO:0005524,GO:0005634,GO:0005737,GO:0006468,GO:0035556
CAALFM_CR03300CA	GO:0016651,GO:0016651
CAALFM_CR03310CA	GO:0046872
CAALFM_CR03330WA	GO:0005634,GO:0006355,GO:0008270
CAALFM_CR03340CA	GO:0000727,GO:0003688,GO:0003697,GO:0006260,GO:0006270,GO:0031261,GO:1902977
CAALFM_CR03350CA	GO:0005739,GO:0033615,GO:0048255,GO:0140053
CAALFM_CR03360WA	GO:0005730,GO:0006364,GO:0006364,GO:0032040,GO:0032040
CAALFM_CR03380WA	GO:0003924,GO:0005525,GO:0005739
CAALFM_CR03390CA	GO:0000723,GO:0000723,GO:0003684,GO:0003690,GO:0005634,GO:0006303,GO:0006303,GO:0006310,GO:0042162,GO:0042162,GO:0043564,GO:0043564,GO:0071480,GO:0071481
CAALFM_CR03400WA	GO:0000049,GO:0002161,GO:0004822,GO:0004822,GO:0005524,GO:0005829,GO:0006428,GO:0006428
CAALFM_CR03420CA	GO:0003723,GO:0004842,GO:0016567,GO:0030014,GO:0046872
CAALFM_CR03430WA	GO:0005789,GO:0070072,GO:0070072
CAALFM_CR03440WA	GO:0000012,GO:0003697,GO:0003725,GO:0005634,GO:0006302,GO:0030983,GO:0033699,GO:1990165
CAALFM_CR03450WA	GO:0005366,GO:0016020,GO:0055085
CAALFM_CR03460WA	GO:0046982
CAALFM_CR03490WA	GO:0005634,GO:0005739,GO:0036297,GO:0045145,GO:0045145
CAALFM_CR03500WA	GO:0004108,GO:0004108,GO:0005759,GO:0005975,GO:0006099,GO:0006099,GO:0006101
CAALFM_CR03510WA	GO:0000976,GO:0003700,GO:0005634,GO:0045944
CAALFM_CR03520CA	GO:0030042,GO:0030836,GO:0030864,GO:0051015
CAALFM_CR03530WA	GO:0042407,GO:0061617
CAALFM_CR03540WA	GO:0005811,GO:0005811,GO:0016298,GO:0016298,GO:0019915,GO:0019915
CAALFM_CR03550WA	GO:0000049,GO:0000049,GO:0002143,GO:0005829,GO:0016783
CAALFM_CR03560WA	GO:0005680,GO:0031145
CAALFM_CR03570CA	GO:0005634,GO:0006470,GO:0006470,GO:0008138,GO:0008138
CAALFM_CR03580CA	GO:0005366,GO:0016020,GO:0055085
CAALFM_CR03590CA	GO:0000012,GO:0003697,GO:0003725,GO:0005634,GO:0006302,GO:0030983,GO:0033699,GO:1990165
CAALFM_CR03600CA	GO:0006886,GO:0006890,GO:0006891,GO:0030126
CAALFM_CR03610CA	GO:0000329,GO:0033254
CAALFM_CR03620CA	GO:0000002,GO:0003676,GO:0005743
CAALFM_CR03640CA	GO:0005524,GO:0005741,GO:0016887
CAALFM_CR03650WA	GO:0003723,GO:0003723,GO:0005515,GO:0005730,GO:0042274
CAALFM_CR03660CA	GO:0008033,GO:0030697
CAALFM_CR03680CA	GO:0003677,GO:0005515,GO:0005524,GO:0005634,GO:0005694,GO:0007062,GO:0007062,GO:0008278,GO:0008278,GO:0016887
CAALFM_CR03720WA	GO:0004801,GO:0004801,GO:0005622,GO:0005737,GO:0005975,GO:0005975,GO:0006098,GO:0009052
CAALFM_CR03730CA	GO:0006812,GO:0006874,GO:0008324,GO:0016020,GO:0016020,GO:0055085
CAALFM_CR03740CA	GO:0005739,GO:0008531,GO:0008531,GO:0009231,GO:0009398
CAALFM_CR03750CA	GO:0000243,GO:0000395,GO:0005515,GO:0005685,GO:0006396,GO:0071004
CAALFM_CR03760WA	GO:0016279,GO:0018027
CAALFM_CR03770CA	GO:0003735,GO:0005840,GO:0006412,GO:0022627
CAALFM_CR03790CA	GO:0031505
CAALFM_CR03800CA	GO:0000724,GO:0004722,GO:0005634,GO:0005737,GO:0070262
CAALFM_CR03810WA	GO:0000002,GO:0003676,GO:0005743
CAALFM_CR03820CA	GO:0005634,GO:0016926,GO:0016929
CAALFM_CR03830CA	GO:0000727,GO:0003697,GO:0005524,GO:0005524,GO:0005634,GO:0005634,GO:0006260,GO:0006268,GO:0017116,GO:0042555,GO:0042555,GO:0043138,GO:1902975,GO:1905775
CAALFM_CR03850WA	GO:0005351,GO:0008643,GO:0016020,GO:0016020,GO:0055085
CAALFM_CR03860CA	GO:0006515,GO:0031942,GO:0051787
CAALFM_CR03900WA	GO:0004672,GO:0005524,GO:0006468
CAALFM_CR03910CA	GO:0000124,GO:0003677,GO:0005669,GO:0005669,GO:0006352,GO:0017025,GO:0046695,GO:0046982,GO:0051123
CAALFM_CR03920CA	GO:0000296,GO:0000297,GO:0015606,GO:0015848,GO:0016020,GO:0055085,GO:0055085
CAALFM_CR03930CA	GO:0005635,GO:0006998,GO:0031965,GO:0055088
CAALFM_CR03940WA	GO:0005634,GO:0006364,GO:0097344
CAALFM_CR03950WA	GO:0005739,GO:0006412,GO:0043023
CAALFM_CR03960CA	GO:0000329,GO:0006623,GO:0006623,GO:0016192,GO:0035658
CAALFM_CR03970CA	GO:0000139,GO:0005484,GO:0005789,GO:0005793,GO:0006888,GO:0006890,GO:0012507,GO:0031201,GO:0048280
CAALFM_CR03990CA	GO:0002183,GO:0003743,GO:0005085,GO:0005851,GO:0009058,GO:0032045
CAALFM_CR04000WA	GO:0005524,GO:0008540,GO:0016887,GO:0030433,GO:0031597,GO:0036402,GO:0045899
CAALFM_CR04020CA	GO:0005509,GO:0005509,GO:0005825,GO:0008017,GO:0030474,GO:0044732
CAALFM_CR04030WA	GO:0000132,GO:0000743,GO:0005816,GO:0005819,GO:0005875,GO:0051286
CAALFM_CR04040CA	GO:0000506,GO:0000506,GO:0006506,GO:0006506,GO:0017176,GO:0017176
CAALFM_CR04050CA	GO:0003723,GO:0005515,GO:0005634,GO:0005634,GO:0016973
CAALFM_CR04060CA	GO:0012505,GO:0016020
CAALFM_CR04070WA	GO:0007064,GO:0016573,GO:0016747,GO:0031415
CAALFM_CR04080CA	GO:0003723,GO:0006614,GO:0006620,GO:0008320,GO:0031207
CAALFM_CR04090CA	GO:0003937,GO:0003937,GO:0004643,GO:0004643,GO:0005829,GO:0006189
CAALFM_CR04100CA	GO:0002181,GO:0003723,GO:0003735,GO:0003735,GO:0005840,GO:0005840,GO:0022625
CAALFM_CR04110WA	GO:0000493,GO:0001522,GO:0003723,GO:0005732,GO:0042254,GO:0042254
CAALFM_CR04120CA	GO:0005524,GO:0005524,GO:0005634,GO:0006298,GO:0006298,GO:0030983,GO:0030983,GO:0140664
CAALFM_CR04130CA	GO:0005634,GO:0005634,GO:0006357,GO:0016573,GO:0035267
CAALFM_CR04140WA	GO:0003735,GO:0005763,GO:0019843,GO:0019843,GO:0045903
CAALFM_CR04150WA	GO:0005739,GO:0006479,GO:0008276
CAALFM_CR04160CA	GO:0005634,GO:0030488,GO:0030488,GO:0031515,GO:0031515
CAALFM_CR04170WA	GO:0000470,GO:0003723,GO:0005730,GO:0009383,GO:0070475
CAALFM_CR04180CA	GO:0005737,GO:0006355,GO:0031011
CAALFM_CR04190WA	GO:0003779,GO:0003779,GO:0005737,GO:0007010,GO:0007010,GO:0008179,GO:0019933,GO:0045761
CAALFM_CR04200WA	GO:0005524,GO:0005634,GO:0005737,GO:0005829,GO:0009408,GO:0030544,GO:0042026,GO:0051082
CAALFM_CR04210CA	GO:0022857,GO:0022857,GO:0055085,GO:0055085
CAALFM_CR04230WA	GO:0005524,GO:0005737,GO:0016301
CAALFM_CR04240CA	GO:0000049,GO:0005524,GO:0005730,GO:0030686,GO:1904812,GO:1990883
CAALFM_CR04250WA	GO:0000228,GO:0003677,GO:0003700,GO:0003700,GO:0045944,GO:0051321
CAALFM_CR04260WA	GO:0000398,GO:0000932,GO:0003723,GO:0003723,GO:0005688,GO:0046540,GO:0071011,GO:0071013,GO:1990726
CAALFM_CR04270CA	GO:0003676,GO:0008270
CAALFM_CR04280CA	GO:0005789,GO:0006488,GO:0006488,GO:0034203
CAALFM_CR04290WA	GO:0000978,GO:0001228,GO:0005634,GO:0006357,GO:0016602,GO:0046982
CAALFM_CR04300WA	GO:0000049,GO:0005634,GO:0005737,GO:0016428,GO:0016428,GO:0030488
CAALFM_CR04310CA	GO:0000500,GO:0000500,GO:0001165,GO:0001165,GO:0042790,GO:0042790
CAALFM_CR04340WA	GO:0003697,GO:0004176,GO:0004176,GO:0004252,GO:0004252,GO:0005524,GO:0005524,GO:0005759,GO:0006515,GO:0007005,GO:0016887,GO:0030163,GO:0051131
CAALFM_CR04350CA	GO:0005737,GO:0008270,GO:0008270,GO:0061630
CAALFM_CR04360CA	GO:0005730,GO:0031118,GO:0031120,GO:0031429,GO:0034513
CAALFM_CR04380CA	GO:0005198,GO:0005737,GO:0005737,GO:0006886,GO:0006886,GO:0006888,GO:0006891,GO:0030126,GO:0030126
CAALFM_CR04410WA	GO:0000149,GO:0000323,GO:0005768,GO:0035493
CAALFM_CR04450CA	GO:0005515,GO:0005669,GO:0006367,GO:0016251
CAALFM_CR04470WA	GO:0000506,GO:0006506,GO:0006506,GO:0016020,GO:0016020
CAALFM_CR04480CA	GO:0005737,GO:0006508,GO:0006508,GO:0009636,GO:0043418,GO:0070005,GO:0070005
CAALFM_CR04490CA	GO:0005764,GO:0016790,GO:0098599
CAALFM_CR04500CA	GO:0051213
CAALFM_CR04510WA	GO:0001678,GO:0001678,GO:0004340,GO:0005524,GO:0005524,GO:0005536,GO:0005536,GO:0005739,GO:0005829,GO:0006096,GO:0008865,GO:0019158,GO:0051156
CAALFM_CR04520WA	GO:0005741,GO:0005741,GO:0045040,GO:0070096
CAALFM_CR04530WA	GO:0004333,GO:0004333,GO:0005739,GO:0006099,GO:0006099,GO:0006106,GO:0006106,GO:0006108,GO:0045239,GO:0045239
CAALFM_CR04540CA	GO:0005655,GO:0008033
CAALFM_CR04550WA	GO:0005634,GO:0005839,GO:0006511,GO:0019773,GO:0019773
CAALFM_CR04560CA	GO:0003677,GO:0005634,GO:0005737,GO:0008409,GO:0017108
CAALFM_CR04570CA	GO:0003924,GO:0005525,GO:0005940,GO:0015630,GO:0031105,GO:0032153,GO:0060090,GO:0061640
CAALFM_CR04580WA	GO:0003735,GO:0003735,GO:0005762,GO:0006412
CAALFM_CR04590CA	GO:0004733,GO:0004733,GO:0008615,GO:0008615,GO:0010181,GO:0010181
CAALFM_CR04600WA	GO:0000987,GO:0005515,GO:0005634,GO:0043985
CAALFM_CR04610CA	GO:0032974
CAALFM_CR04620CA	GO:0005275,GO:0015837,GO:0055085,GO:0055085
CAALFM_CR04630CA	GO:0004497,GO:0005506,GO:0016705,GO:0020037
CAALFM_CR04650WA	GO:0005829,GO:0007021,GO:0007021,GO:0007023,GO:0007023,GO:0015630,GO:0048487,GO:0048487
CAALFM_CR04660CA	GO:0003983,GO:0003983,GO:0005737,GO:0005977,GO:0006011,GO:0006011,GO:0016539
CAALFM_CR04720CA	GO:0003677,GO:0005524,GO:0006281,GO:0016887,GO:0031011,GO:0042393,GO:0043618,GO:0140658
CAALFM_CR04730WA	GO:0016020,GO:0016020
CAALFM_CR04740CA	GO:0004642,GO:0006189
CAALFM_CR04760CA	GO:0000329
CAALFM_CR04780WA	GO:0003899,GO:0003899,GO:0005665,GO:0005666,GO:0005736,GO:0006351,GO:0006351
CAALFM_CR04800WA	GO:0000033,GO:0005794,GO:0006493
CAALFM_CR04810WA	GO:0003723,GO:0003735,GO:0003735,GO:0005634,GO:0006412,GO:0022627
CAALFM_CR04830CA	GO:0017022
CAALFM_CR04840CA	GO:0005515
CAALFM_CR04860CA	GO:0005515
CAALFM_CR04870CA	GO:0016620,GO:0016620
CAALFM_CR04880WA	GO:0005829,GO:0006545,GO:0006567,GO:0008732
CAALFM_CR04890WA	GO:0000287,GO:0005829,GO:0008897,GO:0008897,GO:0019878
CAALFM_CR04910WA	GO:0004662,GO:0005953,GO:0005953,GO:0018344,GO:0018344
CAALFM_CR04920WA	GO:0005739,GO:0005743,GO:0015187,GO:0015187,GO:1904983,GO:1904983
CAALFM_CR04930WA	GO:0005102,GO:0005778,GO:0016560,GO:1990429
CAALFM_CR04950WA	GO:0003712,GO:0003712,GO:0006357,GO:0006357,GO:0016592,GO:0016592
CAALFM_CR04960CA	GO:0008168
CAALFM_CR04990CA	GO:0005199,GO:0009277,GO:0031505
CAALFM_CR05010WA	GO:0005634,GO:0005737,GO:0008409,GO:0017108
CAALFM_CR05020WA	GO:0003333,GO:0015171,GO:0016020
CAALFM_CR05050WA	GO:0004356,GO:0004356,GO:0005737,GO:0006542,GO:0006542
CAALFM_CR05080WA	GO:0000221,GO:0000221,GO:0000329,GO:0046961,GO:0046961,GO:1902600,GO:1902600
CAALFM_CR05090CA	GO:0005351,GO:0008643,GO:0016020,GO:0016020,GO:0055085
CAALFM_CR05100WA	GO:0005634,GO:0005737,GO:0005876,GO:0051726
CAALFM_CR05120WA	GO:0005634,GO:0005829,GO:0019888,GO:0019903,GO:0019903,GO:0043666,GO:0043666
CAALFM_CR05130CA	GO:0012505
CAALFM_CR05140WA	GO:0005789,GO:0018812,GO:0030148,GO:0030497,GO:0042761
CAALFM_CR05150WA	GO:0003735,GO:0005762
CAALFM_CR05160CA	GO:0000956,GO:0005634,GO:0005829,GO:0034353,GO:0090305,GO:0110155
CAALFM_CR05170CA	GO:0005829,GO:0008863,GO:0016616,GO:0051287
CAALFM_CR05180CA	GO:0006099,GO:0009055,GO:0009060,GO:0022904,GO:0031966,GO:0051537
CAALFM_CR05190WA	GO:0005199,GO:0009277,GO:0031505
CAALFM_CR05220CA	GO:0004370,GO:0004370,GO:0005739,GO:0006071,GO:0006641,GO:0046167
CAALFM_CR05240CA	GO:0003824
CAALFM_CR05260CA	GO:0000828,GO:0005634,GO:0005737,GO:0032958,GO:0032958,GO:0046854
CAALFM_CR05290WA	GO:0000026,GO:0000032,GO:0005794,GO:0006487,GO:0006493,GO:0016020,GO:0016020,GO:0097502
CAALFM_CR05300CA	GO:0000026,GO:0005794,GO:0035268,GO:0046354
CAALFM_CR05310WA	GO:0015031,GO:0015031,GO:0016192,GO:0016192,GO:0030121,GO:0035615,GO:0043231
CAALFM_CR05340CA	GO:0000721,GO:0005737,GO:0008270,GO:0034079
CAALFM_CR05380CA	GO:0003955,GO:0010181
CAALFM_CR05390WA	GO:0003955,GO:0010181
CAALFM_CR05430WA	GO:0005199,GO:0009277,GO:0031505
CAALFM_CR05440WA	GO:0000334,GO:0000334,GO:0005506,GO:0005506,GO:0005737,GO:0034354,GO:0046874
CAALFM_CR05450CA	GO:0000266,GO:0005739
CAALFM_CR05460WA	GO:0005783,GO:0016485,GO:0044695
CAALFM_CR05480WA	GO:0055085
CAALFM_CR05490WA	GO:0005634,GO:0006355,GO:0006367,GO:0016251,GO:0017025,GO:0017025,GO:0043565,GO:0070897,GO:0070897,GO:0097550
CAALFM_CR05510WA	GO:0006508,GO:0008236,GO:0008239
CAALFM_CR05520WA	GO:0005654,GO:0005730,GO:0030690,GO:0030691,GO:0042273
CAALFM_CR05530CA	GO:0000977,GO:0000981,GO:0005634,GO:0006355,GO:0008270
CAALFM_CR05540CA	GO:0005737,GO:0006511,GO:0061630
CAALFM_CR05550CA	GO:0003677,GO:0003899,GO:0003899,GO:0005666,GO:0006351,GO:0006351,GO:0032549,GO:0032549
CAALFM_CR05560WA	GO:0000439,GO:0000439,GO:0001671,GO:0001671,GO:0003690,GO:0005675,GO:0006289,GO:0006289
CAALFM_CR05570CA	GO:0004748,GO:0004748,GO:0005524,GO:0005524,GO:0005971,GO:0006260,GO:0009263
CAALFM_CR05610CA	GO:0000160
CAALFM_CR05620CA	GO:0003924,GO:0005525,GO:0005525,GO:0005739
CAALFM_CR05630WA	GO:0003676,GO:0003724,GO:0005524
CAALFM_CR05650WA	GO:0000126,GO:0000995,GO:0001006,GO:0005634,GO:0006352,GO:0006352,GO:0006383,GO:0017025,GO:0070897,GO:0070897,GO:0097550
CAALFM_CR05660WA	GO:0000055,GO:0005730,GO:0042273
CAALFM_CR05690WA	GO:0004314,GO:0005739,GO:0006633
CAALFM_CR05700CA	GO:0000139,GO:0005789,GO:0005789,GO:0005793,GO:0006888,GO:0006888,GO:0030134
CAALFM_CR05720WA	GO:0003825,GO:0005829,GO:0005946,GO:0005992,GO:0005992,GO:0034605,GO:0070413
CAALFM_CR05740CA	GO:0004722,GO:0006470,GO:0043169
CAALFM_CR05780WA	GO:0005524,GO:0033180,GO:0046034,GO:0046961,GO:1902600
CAALFM_CR05790CA	GO:0003994,GO:0003994,GO:0005739,GO:0005829,GO:0006099,GO:0051539,GO:0051539
CAALFM_CR05800CA	GO:0030433
CAALFM_CR05830CA	GO:0004767,GO:0005737
CAALFM_CR05840WA	GO:0007059,GO:0007059,GO:0031262,GO:0031262
CAALFM_CR05890CA	GO:0000785,GO:0003682,GO:0005634,GO:0005634,GO:0006334,GO:0006334,GO:0042393
CAALFM_CR05900WA	GO:0005096,GO:0006886,GO:0090630
CAALFM_CR05910WA	GO:0000993,GO:0006368,GO:0008023
CAALFM_CR05940WA	GO:0000750,GO:0004707,GO:0005524,GO:0005634,GO:0005737,GO:0006468,GO:0035556
CAALFM_CR05950CA	GO:0005524,GO:0016020,GO:0016887,GO:0140359
CAALFM_CR05960WA	GO:0046982
CAALFM_CR05970CA	GO:0005524,GO:0005743,GO:0016887,GO:0032979,GO:0034551
CAALFM_CR05980WA	GO:0004843,GO:0004843,GO:0016579,GO:0016579,GO:0043161,GO:0061136,GO:0070628
CAALFM_CR05990CA	GO:0003700,GO:0006355,GO:0043565
CAALFM_CR06000WA	GO:0010737
CAALFM_CR06030CA	GO:0000224,GO:0005634,GO:0005829,GO:0005975,GO:0006515,GO:0006516,GO:0006517,GO:0030246
CAALFM_CR06040WA	GO:0004674,GO:0005524,GO:0006468,GO:0006468,GO:0030003,GO:0035556
CAALFM_CR06050WA	GO:0000082,GO:0000307,GO:0004693,GO:0005524,GO:0005634,GO:0005737,GO:0006468,GO:0006468,GO:0007165,GO:0010389,GO:0010468,GO:0030332
CAALFM_CR06070WA	GO:0005783,GO:0005783,GO:0030497,GO:0030497,GO:0045703
CAALFM_CR06080WA	GO:0005829,GO:0006413,GO:0051082,GO:0051082,GO:0051085,GO:0051087
CAALFM_CR06090WA	GO:0005515,GO:0031929,GO:0031931,GO:0031932,GO:0032956
CAALFM_CR06100CA	GO:0005515,GO:0005634,GO:0034968
CAALFM_CR06110CA	GO:0000978,GO:0000981,GO:0006357
CAALFM_CR06120WA	GO:0000463,GO:0003723,GO:0003735,GO:0022625
CAALFM_CR06150CA	GO:0004018,GO:0004018,GO:0005829,GO:0044208,GO:0070626
CAALFM_CR06160CA	GO:0008608,GO:0008608,GO:0042729,GO:0042729,GO:0072686,GO:0072686
CAALFM_CR06170WA	GO:0005783,GO:0061024,GO:0071786
CAALFM_CR06180WA	GO:0005885,GO:0005885,GO:0015629,GO:0015629,GO:0034314,GO:0034314,GO:0051015
CAALFM_CR06230WA	GO:0006812,GO:0008324,GO:0008324,GO:0016020,GO:0016020,GO:0055085
CAALFM_CR06240CA	GO:0000976,GO:0000981,GO:0000981,GO:0005634,GO:0006355,GO:0006355,GO:0008270
CAALFM_CR06310WA	GO:0016747
CAALFM_CR06340CA	GO:0004347,GO:0004347,GO:0005829,GO:0006094,GO:0006094,GO:0006096,GO:0006096,GO:0048029,GO:0051156,GO:0097367
CAALFM_CR06420WA	GO:0004722,GO:0004722,GO:0005634,GO:0005737
CAALFM_CR06440CA	GO:0000978,GO:0000981,GO:0006357
CAALFM_CR06450WA	GO:0000448,GO:0005634,GO:0051731
CAALFM_CR06470WA	GO:0005737,GO:0008270
CAALFM_CR06480CA	GO:0001164,GO:0001164,GO:0001181,GO:0006361,GO:0017025,GO:0042790,GO:0070860
CAALFM_CR06490CA	GO:0005524,GO:0005743,GO:0005759,GO:0008637,GO:0034514,GO:0042026,GO:0042026,GO:0045041,GO:0051087,GO:0140662,GO:0140662
CAALFM_CR06520CA	GO:0003924,GO:0005525
CAALFM_CR06530WA	GO:0003677,GO:0003677,GO:0005634,GO:0005829
CAALFM_CR06540WA	GO:0005524,GO:0005634,GO:0005876,GO:0007018,GO:0008017,GO:0008574,GO:0090307
CAALFM_CR06560CA	GO:0016020
CAALFM_CR06570CA	GO:0005515
CAALFM_CR06610WA	GO:0000750,GO:0004932,GO:0004932,GO:0005550,GO:0007186,GO:0007186,GO:0016020,GO:0016020,GO:0038038
CAALFM_CR06640CA	GO:0000921,GO:0005789,GO:0032541,GO:0048309,GO:0097038
CAALFM_CR06660WA	GO:0016020,GO:0022857,GO:0022857,GO:0055085
CAALFM_CR06670WA	GO:0000293,GO:0005886,GO:0006826,GO:0006879,GO:0015677
CAALFM_CR06680CA	GO:0000184,GO:0003724,GO:0005737,GO:0016887
CAALFM_CR06690CA	GO:0004113,GO:0009187
CAALFM_CR06700CA	GO:0005975,GO:0006098,GO:0017057
CAALFM_CR06710CA	GO:0000123,GO:0005515,GO:0006338,GO:0010484,GO:0043966,GO:0045944
CAALFM_CR06720WA	GO:0000055,GO:0005634,GO:0005737,GO:0043023
CAALFM_CR06730WA	GO:0000045,GO:0000407,GO:0000422,GO:0005737,GO:0005737,GO:0006501,GO:0006995,GO:0019778,GO:0019779,GO:0032446,GO:0034727,GO:0044805
CAALFM_CR06740WA	GO:0000278,GO:0000922,GO:0000923,GO:0000930,GO:0005813,GO:0007020,GO:0031122,GO:0043015,GO:0043015,GO:0051011,GO:0051225,GO:0051321
CAALFM_CR06750CA	GO:0005634,GO:0005839,GO:0019773,GO:0019773,GO:0043161
CAALFM_CR06760CA	GO:0004775,GO:0005524,GO:0005739,GO:0006099,GO:0006099,GO:0006104,GO:0042709,GO:0046872
CAALFM_CR06770CA	GO:0016747
CAALFM_CR06780WA	GO:0000122,GO:0016575,GO:0042826,GO:0070822
CAALFM_CR06790CA	GO:0016020,GO:0022857,GO:0022857,GO:0055085
CAALFM_CR06800CA	GO:0000786,GO:0003677,GO:0006334,GO:0030527,GO:0046982
CAALFM_CR06810WA	GO:0000786,GO:0000786,GO:0003677,GO:0003677,GO:0009303,GO:0030527,GO:0030527,GO:0046982
CAALFM_CR06820WA	GO:0005739
CAALFM_CR06830CA	GO:0005737,GO:0006470,GO:0016791,GO:0016791,GO:0052840
CAALFM_CR06840WA	GO:0000462,GO:0005730,GO:0005730,GO:0019843,GO:0032040,GO:0034511,GO:0034511
CAALFM_CR06850CA	GO:0009306,GO:0046907
CAALFM_CR06860CA	GO:0016831,GO:0016831,GO:0030976
CAALFM_CR06870CA	GO:0000293,GO:0005886,GO:0006826,GO:0006879,GO:0015677
CAALFM_CR06900CA	GO:0005789,GO:0006487,GO:0006490,GO:0042281
CAALFM_CR06910WA	GO:0005085,GO:0005085,GO:0005515,GO:0005886,GO:0007265,GO:0043547
CAALFM_CR06920WA	GO:0000776,GO:0034501,GO:0051315,GO:0051382
CAALFM_CR06930WA	GO:0005778,GO:0016559
CAALFM_CR06950CA	GO:0005829,GO:0006825,GO:0016531,GO:0046872
CAALFM_CR06960WA	GO:0003688,GO:0005634,GO:0005664,GO:0006260,GO:0006270
CAALFM_CR06970CA	GO:0005515,GO:0005682
CAALFM_CR07000CA	GO:0000166,GO:0000278,GO:0003677,GO:0003677,GO:0003887,GO:0003887,GO:0005634,GO:0006260,GO:0006260,GO:0006272,GO:0006287,GO:0006297,GO:0008270,GO:0008310,GO:0008622,GO:0045004
CAALFM_CR07010WA	GO:0004329,GO:0004477,GO:0004488,GO:0004488,GO:0005524,GO:0005829,GO:0035999
CAALFM_CR07020WA	GO:0004792,GO:0004792,GO:0005739
CAALFM_CR07030CA	GO:0000462,GO:0005730,GO:0030686
CAALFM_CR07040WA	GO:0016747
CAALFM_CR07050CA	GO:0004070,GO:0004070,GO:0004088,GO:0004151,GO:0005524,GO:0005737,GO:0005829,GO:0006207,GO:0006207,GO:0006228,GO:0006541,GO:0006541,GO:0016597,GO:0019240,GO:0046872
CAALFM_CR07070CA	GO:0007155,GO:0007155,GO:0009277
CAALFM_CR07080WA	GO:0000054,GO:0000460,GO:0000470,GO:0005730,GO:0005829,GO:0030687,GO:0042256,GO:0042256,GO:0043023,GO:1902626
CAALFM_CR07090WA	GO:0004430,GO:0005737,GO:0005886,GO:0046854,GO:0048015
CAALFM_CR07100WA	GO:0009272,GO:0055085
CAALFM_CR07130CA	GO:0005506,GO:0016712,GO:0020037
CAALFM_CR07150WA	GO:0001678,GO:0001678,GO:0004340,GO:0005524,GO:0005524,GO:0005536,GO:0005536,GO:0005739,GO:0005829,GO:0006096,GO:0006096,GO:0008865,GO:0019158,GO:0051156
CAALFM_CR07160CA	GO:0005783,GO:0016020,GO:0055085
CAALFM_CR07170WA	GO:0005622,GO:0050664
CAALFM_CR07180WA	GO:0000139,GO:0005537,GO:0005789,GO:0005793,GO:0006888,GO:0007029,GO:0007030,GO:0030134
CAALFM_CR07190WA	GO:0000935,GO:0005096,GO:0005737,GO:0005886,GO:0007010,GO:0007264,GO:0032153
CAALFM_CR07200WA	GO:0005739,GO:0032981,GO:0035243
CAALFM_CR07210WA	GO:0005737,GO:0005885,GO:0005885,GO:0015629,GO:0015629,GO:0030833,GO:0034314,GO:0034314,GO:0051015
CAALFM_CR07240CA	GO:0000079,GO:0000079,GO:0000307,GO:0005634,GO:0016538,GO:0019901,GO:0019901
CAALFM_CR07250CA	GO:0046577,GO:0050660
CAALFM_CR07260CA	GO:0003690,GO:0007131
CAALFM_CR07270CA	GO:0005351,GO:0008643,GO:0016020,GO:0016020,GO:0055085
CAALFM_CR07280WA	GO:0000293,GO:0005886,GO:0006826,GO:0006879,GO:0015677
CAALFM_CR07290WA	GO:0000293,GO:0005886,GO:0006826,GO:0006879,GO:0015677
CAALFM_CR07300WA	GO:0000293,GO:0005886,GO:0006826,GO:0006879,GO:0015677
CAALFM_CR07320CA	GO:0003735,GO:0003735,GO:0005761,GO:0005761,GO:0005762,GO:0032543
CAALFM_CR07330WA	GO:0000398,GO:0000398,GO:0000932,GO:0003723,GO:0003723,GO:0005688,GO:0033962,GO:0046540,GO:0071011,GO:0071013,GO:1990726
CAALFM_CR07350WA	GO:0006890
CAALFM_CR07360WA	GO:0000723,GO:0003678,GO:0006281,GO:0016887
CAALFM_CR07370WA	GO:0042407,GO:0044284,GO:0061617
CAALFM_CR07380CA	GO:0005789,GO:0006666,GO:0006666,GO:0030148,GO:0030148,GO:0047560,GO:0047560
CAALFM_CR07390CA	GO:0003735,GO:0003735,GO:0005762,GO:0005840,GO:0005840,GO:0006412,GO:0006412
CAALFM_CR07400CA	GO:0004148,GO:0004148,GO:0005739,GO:0045252,GO:0050660,GO:0050660
CAALFM_CR07420WA	GO:0004149,GO:0006099,GO:0045252
CAALFM_CR07440WA	GO:0000978,GO:0000981,GO:0006357
CAALFM_CR07450CA	GO:0003700,GO:0005634,GO:0019953,GO:1990526,GO:1990527
CAALFM_CR07460CA	GO:0005515
CAALFM_CR07470WA	GO:0005085,GO:0005085,GO:0005829,GO:0006892,GO:0007264,GO:0007264,GO:0008270,GO:0016020
CAALFM_CR07480WA	GO:0005783,GO:0016020,GO:0055085
CAALFM_CR07490CA	GO:0001678,GO:0001678,GO:0004340,GO:0005524,GO:0005524,GO:0005536,GO:0005536,GO:0005739,GO:0005829,GO:0006096,GO:0006096,GO:0008865,GO:0019158,GO:0051156
CAALFM_CR07510WA	GO:0000398,GO:0003723,GO:0005682,GO:0005685,GO:0005686,GO:0005687,GO:0005737,GO:0046540,GO:0071004,GO:0071013
CAALFM_CR07520CA	GO:0003924,GO:0005525,GO:0006887,GO:0055037
CAALFM_CR07530CA	GO:0000981,GO:0000981,GO:0006357,GO:0008270
CAALFM_CR07560WA	GO:0000935,GO:0005096,GO:0005737,GO:0005886,GO:0007010,GO:0007264,GO:0032153
CAALFM_CR07580CA	GO:0031932,GO:0038203
CAALFM_CR07590WA	GO:0005783,GO:0005793,GO:0005794,GO:0006621,GO:0006886,GO:0006888,GO:0007030,GO:0030134
CAALFM_CR07600WA	GO:0003677,GO:0003682,GO:0005524,GO:0005634,GO:0140658
CAALFM_CR07620WA	GO:0004069,GO:0005829,GO:0006532,GO:0030170
CAALFM_CR07630CA	GO:0000028,GO:0003723,GO:0003735,GO:0003735,GO:0005840,GO:0005840,GO:0006412,GO:0006412,GO:0022627
CAALFM_CR07640CA	GO:0005768,GO:0007034
CAALFM_CR07650WA	GO:0004722,GO:0005634,GO:0005737
CAALFM_CR07660CA	GO:0005525,GO:0005794,GO:0006886,GO:0033365,GO:0043001
CAALFM_CR07670WA	GO:0005506,GO:0005739,GO:0016226,GO:0051536
CAALFM_CR07680CA	GO:0003723
CAALFM_CR07700WA	GO:0004672,GO:0005524,GO:0006468
CAALFM_CR07710WA	GO:0004107,GO:0004107,GO:0005829,GO:0009073,GO:0009073,GO:0009423,GO:0010181
CAALFM_CR07720CA	GO:0000727,GO:0003682,GO:0003688,GO:0003697,GO:0006270,GO:0006270,GO:0031261,GO:1902977
CAALFM_CR07730WA	GO:0005351,GO:0008643,GO:0016020,GO:0016020,GO:0055085
CAALFM_CR07750CA	GO:0003676,GO:0005524,GO:0005634
CAALFM_CR07760WA	GO:0000028,GO:0003723,GO:0003735,GO:0003735,GO:0005840,GO:0005840,GO:0006412,GO:0006412,GO:0022627
CAALFM_CR07770CA	GO:0004722,GO:0006470
CAALFM_CR07790CA	GO:0005622,GO:0008941,GO:0019825,GO:0020037,GO:0046210,GO:0071500,GO:0071949
CAALFM_CR07800WA	GO:0004190,GO:0004190,GO:0006508,GO:0006508
CAALFM_CR07810WA	GO:0005622,GO:0008941,GO:0019825,GO:0020037,GO:0046210,GO:0071500,GO:0071949
CAALFM_CR07820WA	GO:0071949
CAALFM_CR07850WA	GO:0007249
CAALFM_CR07860CA	GO:0005634,GO:0005634,GO:0006334,GO:0006335,GO:0006337,GO:0016573,GO:0042393,GO:0042393
CAALFM_CR07890WA	GO:0003700,GO:0005634,GO:0043565,GO:0045944
CAALFM_CR07910CA	GO:0005524,GO:0005634,GO:0006283,GO:0140658
CAALFM_CR07940WA	GO:0071949
CAALFM_CR07950WA	GO:0005730,GO:0006364,GO:0006364,GO:0030515,GO:0032040,GO:0034457,GO:0042134
CAALFM_CR07960CA	GO:0005886,GO:0005886,GO:0030007,GO:0030007,GO:0140107,GO:1990573
CAALFM_CR08000CA	GO:0006520,GO:0008483,GO:0009058,GO:0030170
CAALFM_CR08010WA	GO:0008608,GO:0008608,GO:0042729,GO:0042729,GO:0072686,GO:0072686
CAALFM_CR08020CA	GO:0031118,GO:0031120,GO:0031429,GO:0034513,GO:0042254,GO:0042254,GO:0070034,GO:0090661,GO:1904874
CAALFM_CR08030CA	GO:0005515
CAALFM_CR08040WA	GO:0008757,GO:0008757
CAALFM_CR08060CA	GO:0003924,GO:0005525
CAALFM_CR08070WA	GO:0004725,GO:0006470
CAALFM_CR08080WA	GO:0003723
CAALFM_CR08090WA	GO:0005524,GO:0005524,GO:0005634,GO:0005737,GO:0005829,GO:0005886,GO:0016192,GO:0016887,GO:0031072,GO:0034620,GO:0042026,GO:0051082,GO:0051085,GO:0051787,GO:0140662,GO:0140662
CAALFM_CR08100CA	GO:0004674,GO:0005524,GO:0005634,GO:0005829,GO:0006468,GO:0030490,GO:0030688
CAALFM_CR08120CA	GO:0000184,GO:0000290,GO:0000290,GO:0000932,GO:0003723,GO:0005737,GO:0030145,GO:0140933
CAALFM_CR08130WA	GO:0005743,GO:0033615
CAALFM_CR08150WA	GO:0003723,GO:0003735,GO:0003735,GO:0005840,GO:0005840,GO:0006412,GO:0006412,GO:0022627
CAALFM_CR08160WA	GO:0004722,GO:0006470,GO:0043169
CAALFM_CR08170CA	GO:0006481,GO:0018423
CAALFM_CR08180CA	GO:0000049,GO:0002098,GO:0005634,GO:0005737,GO:0008757
CAALFM_CR08200CA	GO:0005524,GO:0015127,GO:0016020,GO:0016020,GO:0016887,GO:0055085,GO:0055085,GO:0140359
CAALFM_CR08210CA	GO:0003994,GO:0003994,GO:0005739,GO:0005829,GO:0006099,GO:0006099,GO:0051539,GO:0051539
CAALFM_CR08250CA	GO:0005524,GO:0005737,GO:0005829,GO:0016887,GO:0016887,GO:0034605
CAALFM_CR08290WA	GO:0005096,GO:0005096,GO:0005515,GO:0005794,GO:0006888,GO:0006891,GO:0006897
CAALFM_CR08300CA	GO:0004622,GO:0005783,GO:0006629
CAALFM_CR08310CA	GO:0000907,GO:0005737,GO:0044273
CAALFM_CR08330WA	GO:0005634,GO:0005829,GO:0006606,GO:0061608
CAALFM_CR08340WA	GO:0004123,GO:0005737,GO:0019343,GO:0019346,GO:0019346,GO:0030170,GO:0030170
CAALFM_CR08350WA	GO:0000774,GO:0005783
CAALFM_CR08360CA	GO:0002182,GO:0002182,GO:0003735,GO:0003735,GO:0005840,GO:0006412,GO:0022625,GO:0022625
CAALFM_CR08370WA	GO:0004363,GO:0004363,GO:0005524,GO:0005524,GO:0005829,GO:0006750,GO:0006750,GO:0043295
CAALFM_CR08380CA	GO:0005619,GO:0005628,GO:0005811
CAALFM_CR08400CA	GO:0003723,GO:0003735,GO:0005739,GO:0005840,GO:0006412,GO:0015935
CAALFM_CR08410WA	GO:0003676,GO:0008270,GO:0030687,GO:0042273
CAALFM_CR08420WA	GO:0005634,GO:0005737,GO:0005829,GO:0030544,GO:0042026,GO:0051082
CAALFM_CR08430WA	GO:0000329,GO:0006661,GO:0010008,GO:0033674,GO:0070772
CAALFM_CR08460WA	GO:0000281,GO:0005826,GO:0005884,GO:0007015,GO:0051015
CAALFM_CR08470WA	GO:0005789,GO:0005789,GO:0006487,GO:0034599,GO:0034599
CAALFM_CR08480CA	GO:0003735,GO:0003735,GO:0005840,GO:0006412,GO:0008270,GO:0022627
CAALFM_CR08490WA	GO:0000462,GO:0000479,GO:0003924,GO:0005525,GO:0005634,GO:0030688,GO:0034511,GO:0042254,GO:0042254
CAALFM_CR08500WA	GO:0006606,GO:0042273,GO:0051082
CAALFM_CR08550WA	GO:0003873,GO:0004331,GO:0005524,GO:0005524,GO:0005829,GO:0006003,GO:0006003
CAALFM_CR08560CA	GO:0005634,GO:0016925,GO:0061656
CAALFM_CR08570WA	GO:0003723,GO:0003724,GO:0003724,GO:0005524,GO:0055087,GO:0070478
CAALFM_CR08590WA	GO:0005524,GO:0005737,GO:0016887,GO:0016887
CAALFM_CR08600CA	GO:0005777,GO:0005777,GO:0005778,GO:0033328,GO:0045046
CAALFM_CR08610WA	GO:0005743,GO:0005743,GO:0006850,GO:0006850,GO:0050833
CAALFM_CR08630WA	GO:0005515,GO:0005680,GO:0051301
CAALFM_CR08640CA	GO:0004758,GO:0005783,GO:0030170,GO:0046512,GO:0046513
CAALFM_CR08650CA	GO:0006511,GO:0016567,GO:0061630
CAALFM_CR08660WA	GO:0000244,GO:0000398,GO:0000398,GO:0005515,GO:0005682,GO:0008237,GO:0017070,GO:0017070,GO:0030619,GO:0030620,GO:0030623,GO:0030623,GO:0071013,GO:0097157
CAALFM_CR08670CA	GO:0005782,GO:0006635
CAALFM_CR08680CA	GO:0010508,GO:0034198,GO:0038202,GO:1904262,GO:1990130
CAALFM_CR08690CA	GO:0005782,GO:0006635
CAALFM_CR08700CA	GO:0003924,GO:0005525,GO:0005525,GO:0005737,GO:0005886,GO:0006886,GO:0016192
CAALFM_CR08820CA	GO:0043457
CAALFM_CR08840CA	GO:0006807,GO:0016811
CAALFM_CR08860WA	GO:0004740,GO:0005739,GO:0006468,GO:0010906
CAALFM_CR08870WA	GO:0005515,GO:0005777,GO:0005777,GO:0005778,GO:0016560,GO:0016560,GO:1990429
CAALFM_CR08900CA	GO:0003729,GO:0005847
CAALFM_CR08910CA	GO:0005515,GO:0005838,GO:0043161
CAALFM_CR08920WA	GO:0016627,GO:0050660
CAALFM_CR08930CA	GO:0000290,GO:0000339,GO:0000932,GO:1990726
CAALFM_CR08940WA	GO:0005634,GO:0016429,GO:0016429,GO:0030488,GO:0030488,GO:0031515,GO:0031515
CAALFM_CR08950WA	GO:0005885,GO:0030479,GO:0034314,GO:0051015
CAALFM_CR08960CA	GO:0000776,GO:0004674,GO:0004712,GO:0005524,GO:0005634,GO:0005819,GO:0007059,GO:0007094,GO:0018105,GO:0033316,GO:0034501
CAALFM_CR08990CA	GO:0005886
CAALFM_CR09010CA	GO:0005737,GO:0016846,GO:0019346,GO:0019346,GO:0030170,GO:0030170
CAALFM_CR09020CA	GO:0004100,GO:0004100,GO:0006038,GO:0030428,GO:0071944
CAALFM_CR09050CA	GO:0003677,GO:0005634
CAALFM_CR09100CA	GO:0004033,GO:0005737
CAALFM_CR09110CA	GO:0005783,GO:0005886,GO:0016491,GO:0016491
CAALFM_CR09120CA	GO:0000226,GO:0000278,GO:0000280,GO:0005200,GO:0005200,GO:0005525,GO:0005525,GO:0005634,GO:0005737,GO:0005819,GO:0005874,GO:0005874,GO:0098863
CAALFM_CR09160CA	GO:0004421,GO:0004421,GO:0006084,GO:0006084,GO:0006696,GO:0010142,GO:0010142
CAALFM_CR09170CA	GO:0000316,GO:0000319,GO:0005886,GO:0055085
CAALFM_CR09180WA	GO:0008198,GO:0017172,GO:0019448
CAALFM_CR09200CA	GO:0000981,GO:0000981,GO:0006357,GO:0008270
CAALFM_CR09210WA	GO:0000981,GO:0003677,GO:0006351,GO:0006355,GO:0008270
CAALFM_CR09220CA	GO:0004806,GO:0004806,GO:0016042,GO:0016042
CAALFM_CR09240CA	GO:0005737
CAALFM_CR09270CA	GO:0016491,GO:0016491
CAALFM_CR09290WA	GO:0009228
CAALFM_CR09300CA	GO:0005507,GO:0005743,GO:0006878,GO:0016531,GO:0033617
CAALFM_CR09310WA	GO:0005515,GO:0005634,GO:0016279,GO:0016279,GO:0018026,GO:0018026,GO:0018027
CAALFM_CR09320CA	GO:0005739,GO:0005783,GO:0005783,GO:0045047,GO:0045047
CAALFM_CR09330CA	GO:0003723,GO:0004518,GO:0005634,GO:0005829,GO:0006402,GO:0016442,GO:0031047
CAALFM_CR09340WA	GO:0005783,GO:0005829,GO:0030433
CAALFM_CR09350CA	GO:0005829
CAALFM_CR09360WA	GO:0000329,GO:0005886,GO:0022857,GO:0022857,GO:0055085,GO:0055085
CAALFM_CR09370WA	GO:0005524,GO:0005524,GO:0016887
CAALFM_CR09380WA	GO:0005839,GO:0006511,GO:0019773,GO:0019773
CAALFM_CR09390CA	GO:0022857,GO:0022857,GO:0055085,GO:0055085
CAALFM_CR09410WA	GO:0005515
CAALFM_CR09420CA	GO:0008422,GO:0009251
CAALFM_CR09470WA	GO:0046872
CAALFM_CR09480WA	GO:0000398,GO:0005515,GO:0017070,GO:0030621,GO:0046540
CAALFM_CR09490WA	GO:0005634,GO:0016575,GO:0070823
CAALFM_CR09500CA	GO:0005737
CAALFM_CR09510CA	GO:0005829,GO:0009055,GO:0009055
CAALFM_CR09520CA	GO:0000776,GO:0000922,GO:0005813,GO:0005816,GO:0007052,GO:0030951,GO:0035371,GO:0046785,GO:0051010,GO:0061863
CAALFM_CR09550CA	GO:0005747
CAALFM_CR09570WA	GO:0005737,GO:0016020,GO:0016020
CAALFM_CR09590WA	GO:0005743,GO:0006744,GO:0006744,GO:0008289,GO:0008289
CAALFM_CR09600CA	GO:0005737,GO:0006457,GO:0006457,GO:0016272,GO:0016272,GO:0051082,GO:0051087,GO:0051131
CAALFM_CR09620CA	GO:0005758,GO:0015914,GO:1990050
CAALFM_CR09650WA	GO:0003779
CAALFM_CR09660WA	GO:0005634,GO:0051726
CAALFM_CR09670CA	GO:0005829,GO:0018738,GO:0018738,GO:0046294,GO:0046294
CAALFM_CR09680CA	GO:0000324,GO:0005886
CAALFM_CR09690CA	GO:0004623,GO:0005576,GO:0005829,GO:0005886,GO:0043231,GO:0046475
CAALFM_CR09700WA	GO:0022857,GO:0055085
CAALFM_CR09710WA	GO:0003986,GO:0010945,GO:0010945,GO:0015938
CAALFM_CR09720WA	GO:0042406,GO:0051082,GO:0070072,GO:1990871
CAALFM_CR09730CA	GO:0000027,GO:0006364,GO:0019843,GO:0019843,GO:0030687
CAALFM_CR09740WA	GO:0003676,GO:0003724,GO:0005524
CAALFM_CR09750CA	GO:0046872
CAALFM_CR09760WA	GO:0003712,GO:0006357,GO:0016592,GO:0016592
CAALFM_CR09770CA	GO:0004169,GO:0005783,GO:0016020,GO:0035269
CAALFM_CR09790WA	GO:0003885,GO:0003885,GO:0005739,GO:0016020,GO:0071949
CAALFM_CR09800CA	GO:0005730,GO:0006364,GO:0032040
CAALFM_CR09830WA	GO:0022857,GO:0022857,GO:0055085,GO:0055085
CAALFM_CR09860WA	GO:0005524,GO:0016887,GO:0016887
CAALFM_CR09890CA	GO:0004663,GO:0004663,GO:0005968,GO:0018344,GO:0018344
CAALFM_CR09900CA	GO:0003677,GO:0003677,GO:0006261,GO:0008622,GO:0042276
CAALFM_CR09910WA	GO:0003333,GO:0015171,GO:0016020
CAALFM_CR09920WA	GO:0003333,GO:0015171,GO:0016020
CAALFM_CR09950CA	GO:0030515,GO:0031428,GO:0032040
CAALFM_CR09960CA	GO:0000976,GO:0000981,GO:0005634,GO:0008270,GO:0045944
CAALFM_CR09970WA	GO:0000209,GO:0005634,GO:0006511,GO:0061631
CAALFM_CR09980WA	GO:0000124,GO:0005198,GO:0006357,GO:0016573,GO:0046695,GO:0046982
CAALFM_CR09990WA	GO:0005515
CAALFM_CR10000CA	GO:0003824,GO:0006281
CAALFM_CR10010CA	GO:0031314,GO:0033617
CAALFM_CR10020CA	GO:0005788,GO:0030433,GO:0030968,GO:0030970
CAALFM_CR10060WA	GO:0000398,GO:0005634,GO:0005684,GO:0005686,GO:0071011,GO:0071013
CAALFM_CR10070CA	GO:0000976,GO:0000981,GO:0000981,GO:0005634,GO:0006355,GO:0006355,GO:0008270
CAALFM_CR10100CA	GO:0004512,GO:0004512,GO:0005737,GO:0006021,GO:0006021,GO:0008654,GO:0008654
CAALFM_CR10110WA	GO:0004568,GO:0005576,GO:0005975
CAALFM_CR10120CA	GO:0005739
CAALFM_CR10140WA	GO:0008137,GO:0016020,GO:0042773,GO:0051536
CAALFM_CR10160WA	GO:0001676,GO:0004467,GO:0005783,GO:0005811,GO:0005886,GO:0035336
CAALFM_CR10170CA	GO:0004067,GO:0006528
CAALFM_CR10180WA	GO:0000712,GO:0006281,GO:0006281,GO:0031297,GO:0043240,GO:0046982,GO:0051382,GO:0051382,GO:0071821
CAALFM_CR10190CA	GO:0005869
CAALFM_CR10200WA	GO:0005737,GO:0016791
CAALFM_CR10210WA	GO:0005737,GO:0016791
CAALFM_CR10240WA	GO:0000462,GO:0005515,GO:0005730
CAALFM_CR10250CA	GO:0004024,GO:0005829,GO:0006069,GO:0008270,GO:0008270,GO:0046294,GO:0051903,GO:0051903
CAALFM_CR10260WA	GO:0001510,GO:0001510,GO:0005739,GO:0008650
CAALFM_CR10270CA	GO:0001671,GO:0001671,GO:0005829,GO:0006457,GO:0032781,GO:0051087,GO:0051087
CAALFM_CR10280WA	GO:0005739,GO:0005758,GO:0033617,GO:0045277
CAALFM_CR10290CA	GO:0005802
CAALFM_CR10300WA	GO:0004298,GO:0005839,GO:0051603
CAALFM_CR10340WA	GO:0004725,GO:0006470
CAALFM_CR10350CA	GO:0015035
CAALFM_CR10360CA	GO:0016279,GO:0018023,GO:0018026
CAALFM_CR10370WA	GO:0003743,GO:0003743,GO:0005737,GO:0005737,GO:0005852,GO:0005852
CAALFM_CR10390WA	GO:0006888,GO:1990070,GO:1990071,GO:1990072
CAALFM_CR10400WA	GO:0017198,GO:0018002,GO:0031415,GO:1990189,GO:1990190
CAALFM_CR10410CA	GO:0003723,GO:0005730
CAALFM_CR10420WA	GO:0000001,GO:0000001,GO:0005743,GO:0005743
CAALFM_CR10440WA	GO:0003677,GO:0005634
CAALFM_CR10450CA	GO:0000124,GO:0003712,GO:0006366,GO:0006366,GO:0016573,GO:0046982
CAALFM_CR10470CA	GO:0000462,GO:0005634,GO:0005730
CAALFM_CR10480WA	GO:0031505
CAALFM_CR10490WA	GO:0000340,GO:0003743,GO:0003743,GO:0005737,GO:0006413,GO:0006413,GO:0016281
CAALFM_CR10500CA	GO:0008474,GO:0016020
CAALFM_CR10510WA	GO:0005515,GO:0032008
CAALFM_CR10520CA	GO:0000727,GO:0000811,GO:0006261,GO:0006261
CAALFM_CR10530WA	GO:0005868,GO:0010970,GO:0045503,GO:0045504
CAALFM_CR10540CA	GO:0000795,GO:0003682,GO:0005515,GO:0007064,GO:0007130,GO:0008278,GO:1990414
CAALFM_CR10550WA	GO:0003676,GO:0003724,GO:0005524
CAALFM_CR10570CA	GO:0005622,GO:0008941,GO:0019825,GO:0020037,GO:0046210,GO:0071500,GO:0071949
CAALFM_CR10580WA	GO:0003723,GO:0004349,GO:0004349,GO:0005524,GO:0005737,GO:0005829,GO:0006561,GO:0006561
CAALFM_CR10590WA	GO:0000329,GO:0005515,GO:0005737,GO:0006914,GO:0016192,GO:0034058
CAALFM_CR10600CA	GO:0005743,GO:0006744,GO:0008412
CAALFM_CR10610CA	GO:0005634,GO:0005680,GO:0005680,GO:0008270,GO:0016567,GO:0031145,GO:0045842,GO:0061630,GO:0061630,GO:0097602,GO:0097602
CAALFM_CR10620CA	GO:0004077,GO:0005737,GO:0036211
CAALFM_CR10630WA	GO:0000492,GO:0005737,GO:0006364,GO:0097255,GO:1990904
CAALFM_CR10640WA	GO:0015297,GO:0016020,GO:0016020,GO:0042910,GO:1990961
CAALFM_CR10650WA	GO:0000056,GO:0005634,GO:0005829,GO:0030688,GO:0042274,GO:0042274
CAALFM_CR10660WA	GO:0004674,GO:0004674,GO:0005524,GO:0005634,GO:0005829,GO:0005956,GO:0006356,GO:0006359,GO:0006468,GO:0006468,GO:0006974
CAALFM_CR10670WA	GO:0000413,GO:0003755,GO:0005515,GO:0006457,GO:0043231
CAALFM_CR10680WA	GO:0001055,GO:0003677,GO:0005665,GO:0006366
CAALFM_CR10690WA	GO:0000171,GO:0000172,GO:0000294,GO:0005655,GO:0005829,GO:0006364,GO:0006364,GO:0008033,GO:0008033,GO:0034965
CAALFM_CR10700WA	GO:0003677,GO:0003689,GO:0005524,GO:0005634,GO:0005663,GO:0006261,GO:0006281,GO:0016887,GO:0031389,GO:0031390,GO:0031391
CAALFM_CR10710CA	GO:0000938,GO:0006896,GO:0019905,GO:0032456,GO:0042147
CAALFM_CR10720WA	GO:0000725,GO:0003677,GO:0005524,GO:0005524,GO:0005634,GO:0016787,GO:0043138
CAALFM_CR10730CA	GO:0016591,GO:0031124,GO:0031124,GO:0099122
CAALFM_CR10740WA	GO:0005515,GO:0005730,GO:0033551,GO:0034506,GO:0045143,GO:0045144,GO:0051315,GO:0072686,GO:1990644
CAALFM_CR10750CA	GO:0000122,GO:0003677,GO:0005730,GO:0006364
CAALFM_CR10760CA	GO:0005743,GO:0033617
CAALFM_CR10770WA	GO:0016020,GO:0022857,GO:0022857,GO:0055085
CAALFM_CR10790WA	GO:0004556,GO:0009313
CAALFM_CR10800CA	GO:0006874,GO:0012505,GO:0015369,GO:0016020,GO:0016020,GO:0070588
CAALFM_CR10810CA	GO:0000839,GO:0005789,GO:0030433,GO:0030968,GO:0051787,GO:1990381
CAALFM_CR10820WA	GO:0000243,GO:0000387,GO:0000387,GO:0003723,GO:0003723,GO:0005682,GO:0005685,GO:0005686,GO:0005687,GO:0005689,GO:0006396,GO:0034715,GO:0034719,GO:0071011,GO:0071013,GO:0097526
CAALFM_CR10830CA	GO:0003735,GO:0005762
CAALFM_CR10840CA	GO:0003939,GO:0006062,GO:0008270
CAALFM_CR10850CA	GO:0000275,GO:0015986,GO:0015986,GO:0046933,GO:0046933
