lcl|NC_032089.1_cds_XP_719073.1_1	CAALFM_C100020CA
lcl|NC_032089.1_cds_XP_719072.1_2	CAALFM_C100030CA
lcl|NC_032089.1_cds_XP_719071.2_3	CAALFM_C100040WA
lcl|NC_032089.1_cds_XP_719068.2_4	CAALFM_C100060WA
lcl|NC_032089.1_cds_XP_019330598.1_5	CAALFM_C100070WA
lcl|NC_032089.1_cds_XP_719061.1_6	CAALFM_C100080CA
lcl|NC_032089.1_cds_XP_719062.1_7	CAALFM_C100090WA
lcl|NC_032089.1_cds_XP_719059.1_8	CAALFM_C100100CA
lcl|NC_032089.1_cds_XP_719058.1_9	CAALFM_C100110WA
lcl|NC_032089.1_cds_XP_719055.1_10	CAALFM_C100120CA
lcl|NC_032089.1_cds_XP_719053.1_11	CAALFM_C100130CA
lcl|NC_032089.1_cds_XP_719052.1_12	CAALFM_C100140WA
lcl|NC_032089.1_cds_XP_719051.1_13	CAALFM_C100150CA
lcl|NC_032089.1_cds_XP_719050.1_14	CAALFM_C100160CA
lcl|NC_032089.1_cds_XP_719048.1_15	CAALFM_C100170WA
lcl|NC_032089.1_cds_XP_719047.1_16	CAALFM_C100180WA
lcl|NC_032089.1_cds_XP_719046.1_17	CAALFM_C100190CA
lcl|NC_032089.1_cds_XP_719045.1_18	CAALFM_C100200CA
lcl|NC_032089.1_cds_XP_719044.2_19	CAALFM_C100210CA
lcl|NC_032089.1_cds_XP_719043.1_20	CAALFM_C100220WA
lcl|NC_032089.1_cds_XP_719042.1_21	CAALFM_C100230CA
lcl|NC_032089.1_cds_XP_719041.2_22	CAALFM_C100270WA
lcl|NC_032089.1_cds_XP_019330599.1_23	CAALFM_C100280CA
lcl|NC_032089.1_cds_XP_719040.2_24	CAALFM_C100290WA
lcl|NC_032089.1_cds_XP_719039.1_25	CAALFM_C100310WA
lcl|NC_032089.1_cds_XP_719038.1_26	CAALFM_C100320WA
lcl|NC_032089.1_cds_XP_719037.2_27	CAALFM_C100330CA
lcl|NC_032089.1_cds_XP_719036.1_28	CAALFM_C100340WA
lcl|NC_032089.1_cds_XP_719035.1_29	CAALFM_C100350CA
lcl|NC_032089.1_cds_XP_719034.1_30	CAALFM_C100360WA
lcl|NC_032089.1_cds_XP_019330600.1_31	CAALFM_C100370WA
lcl|NC_032089.1_cds_XP_719033.1_32	CAALFM_C100380CA
lcl|NC_032089.1_cds_XP_719032.1_33	CAALFM_C100390WA
lcl|NC_032089.1_cds_XP_719030.1_34	CAALFM_C100400WA
lcl|NC_032089.1_cds_XP_719028.2_35	CAALFM_C100410CA
lcl|NC_032089.1_cds_XP_719027.1_36	CAALFM_C100420WA
lcl|NC_032089.1_cds_XP_719026.2_37	CAALFM_C100430WA
lcl|NC_032089.1_cds_XP_019330601.1_38	CAALFM_C100440WA
lcl|NC_032089.1_cds_XP_019330602.1_39	CAALFM_C100450CA
lcl|NC_032089.1_cds_XP_719024.1_40	CAALFM_C100460WA
lcl|NC_032089.1_cds_XP_719023.1_41	CAALFM_C100470CA
lcl|NC_032089.1_cds_XP_719022.1_42	CAALFM_C100480CA
lcl|NC_032089.1_cds_XP_719021.1_43	CAALFM_C100490CA
lcl|NC_032089.1_cds_XP_719020.1_44	CAALFM_C100500CA
lcl|NC_032089.1_cds_XP_719019.1_45	CAALFM_C100510WA
lcl|NC_032089.1_cds_XP_719018.1_46	CAALFM_C100520WA
lcl|NC_032089.1_cds_XP_719017.1_47	CAALFM_C100530CA
lcl|NC_032089.1_cds_XP_719016.2_48	CAALFM_C100540CA
lcl|NC_032089.1_cds_XP_719015.2_49	CAALFM_C100550WA
lcl|NC_032089.1_cds_XP_719014.1_50	CAALFM_C100560WA
lcl|NC_032089.1_cds_XP_719011.2_51	CAALFM_C100570CA
lcl|NC_032089.1_cds_XP_719010.1_52	CAALFM_C100580WA
lcl|NC_032089.1_cds_XP_719009.1_53	CAALFM_C100590WA
lcl|NC_032089.1_cds_XP_719008.2_54	CAALFM_C100600WA
lcl|NC_032089.1_cds_XP_719007.1_55	CAALFM_C100610WA
lcl|NC_032089.1_cds_XP_719006.1_56	CAALFM_C100620WA
lcl|NC_032089.1_cds_XP_719005.1_57	CAALFM_C100630WA
lcl|NC_032089.1_cds_XP_719003.2_58	CAALFM_C100640CA
lcl|NC_032089.1_cds_XP_719002.1_59	CAALFM_C100650CA
lcl|NC_032089.1_cds_XP_719001.1_60	CAALFM_C100660CA
lcl|NC_032089.1_cds_XP_719000.1_61	CAALFM_C100670CA
lcl|NC_032089.1_cds_XP_718999.1_62	CAALFM_C100680WA
lcl|NC_032089.1_cds_XP_718998.2_63	CAALFM_C100690WA
lcl|NC_032089.1_cds_XP_718997.1_64	CAALFM_C100700WA
lcl|NC_032089.1_cds_XP_019330603.1_65	CAALFM_C100710CA
lcl|NC_032089.1_cds_XP_718995.2_66	CAALFM_C100730CA
lcl|NC_032089.1_cds_XP_718994.2_67	CAALFM_C100740CA
lcl|NC_032089.1_cds_XP_718993.2_68	CAALFM_C100750CA
lcl|NC_032089.1_cds_XP_718992.1_69	CAALFM_C100760WA
lcl|NC_032089.1_cds_XP_718991.1_70	CAALFM_C100770CA
lcl|NC_032089.1_cds_XP_718990.2_71	CAALFM_C100780CA
lcl|NC_032089.1_cds_XP_718989.2_72	CAALFM_C100790WA
lcl|NC_032089.1_cds_XP_718988.2_73	CAALFM_C100800CA
lcl|NC_032089.1_cds_XP_718987.2_74	CAALFM_C100810WA
lcl|NC_032089.1_cds_XP_718986.1_75	CAALFM_C100820WA
lcl|NC_032089.1_cds_XP_718985.2_76	CAALFM_C100830WA
lcl|NC_032089.1_cds_XP_718984.2_77	CAALFM_C100840CA
lcl|NC_032089.1_cds_XP_718983.1_78	CAALFM_C100850WA
lcl|NC_032089.1_cds_XP_718982.1_79	CAALFM_C100860WA
lcl|NC_032089.1_cds_XP_718980.2_80	CAALFM_C100870WA
lcl|NC_032089.1_cds_XP_718979.2_81	CAALFM_C100880WA
lcl|NC_032089.1_cds_XP_718978.1_82	CAALFM_C100890WA
lcl|NC_032089.1_cds_XP_718976.1_83	CAALFM_C100900WA
lcl|NC_032089.1_cds_XP_019330604.1_84	CAALFM_C100910WA
lcl|NC_032089.1_cds_XP_718974.1_85	CAALFM_C100920WA
lcl|NC_032089.1_cds_XP_019330605.1_86	CAALFM_C100930CA
lcl|NC_032089.1_cds_XP_019330606.1_87	CAALFM_C100940WA
lcl|NC_032089.1_cds_XP_718972.1_88	CAALFM_C100950CA
lcl|NC_032089.1_cds_XP_718971.1_89	CAALFM_C100960CA
lcl|NC_032089.1_cds_XP_019330607.1_90	CAALFM_C100970WA
lcl|NC_032089.1_cds_XP_019330608.1_91	CAALFM_C100980WA
lcl|NC_032089.1_cds_XP_718111.2_92	CAALFM_C100990CA
lcl|NC_032089.1_cds_XP_718112.1_93	CAALFM_C101000CA
lcl|NC_032089.1_cds_XP_718113.2_94	CAALFM_C101010WA
lcl|NC_032089.1_cds_XP_718114.1_95	CAALFM_C101030WA
lcl|NC_032089.1_cds_XP_718115.1_96	CAALFM_C101040WA
lcl|NC_032089.1_cds_XP_718116.1_97	CAALFM_C101050CA
lcl|NC_032089.1_cds_XP_718117.1_98	CAALFM_C101060WA
lcl|NC_032089.1_cds_XP_718118.2_99	CAALFM_C101070CA
lcl|NC_032089.1_cds_XP_718119.1_100	CAALFM_C101080WA
lcl|NC_032089.1_cds_XP_718120.1_101	CAALFM_C101090CA
lcl|NC_032089.1_cds_XP_718121.1_102	CAALFM_C101100WA
lcl|NC_032089.1_cds_XP_718123.1_103	CAALFM_C101110CA
lcl|NC_032089.1_cds_XP_718124.1_104	CAALFM_C101130WA
lcl|NC_032089.1_cds_XP_718125.1_105	CAALFM_C101140CA
lcl|NC_032089.1_cds_XP_718126.1_106	CAALFM_C101150CA
lcl|NC_032089.1_cds_XP_718127.2_107	CAALFM_C101160CA
lcl|NC_032089.1_cds_XP_718128.2_108	CAALFM_C101170CA
lcl|NC_032089.1_cds_XP_718129.1_109	CAALFM_C101180CA
lcl|NC_032089.1_cds_XP_718130.1_110	CAALFM_C101190CA
lcl|NC_032089.1_cds_XP_718131.1_111	CAALFM_C101200WA
lcl|NC_032089.1_cds_XP_718132.1_112	CAALFM_C101210WA
lcl|NC_032089.1_cds_XP_718133.1_113	CAALFM_C101220CA
lcl|NC_032089.1_cds_XP_718134.1_114	CAALFM_C101240WA
lcl|NC_032089.1_cds_XP_718135.2_115	CAALFM_C101250WA
lcl|NC_032089.1_cds_XP_718137.1_116	CAALFM_C101260CA
lcl|NC_032089.1_cds_XP_718138.2_117	CAALFM_C101270WA
lcl|NC_032089.1_cds_XP_718140.2_118	CAALFM_C101280CA
lcl|NC_032089.1_cds_XP_718141.2_119	CAALFM_C101290CA
lcl|NC_032089.1_cds_XP_718142.1_120	CAALFM_C101300WA
lcl|NC_032089.1_cds_XP_718144.1_121	CAALFM_C101320WA
lcl|NC_032089.1_cds_XP_718145.1_122	CAALFM_C101330CA
lcl|NC_032089.1_cds_XP_718146.1_123	CAALFM_C101340CA
lcl|NC_032089.1_cds_XP_718147.1_124	CAALFM_C101350CA
lcl|NC_032089.1_cds_XP_718148.2_125	CAALFM_C101360CA
lcl|NC_032089.1_cds_XP_019330609.1_126	CAALFM_C101370CA
lcl|NC_032089.1_cds_XP_718150.2_127	CAALFM_C101380CA
lcl|NC_032089.1_cds_XP_718151.2_128	CAALFM_C101390CA
lcl|NC_032089.1_cds_XP_718152.1_129	CAALFM_C101400CA
lcl|NC_032089.1_cds_XP_718153.1_130	CAALFM_C101420CA
lcl|NC_032089.1_cds_XP_019330610.1_131	CAALFM_C101440CA
lcl|NC_032089.1_cds_XP_718154.2_132	CAALFM_C101450WA
lcl|NC_032089.1_cds_XP_718155.2_133	CAALFM_C101460WA
lcl|NC_032089.1_cds_XP_718156.2_134	CAALFM_C101470WA
lcl|NC_032089.1_cds_XP_718157.1_135	CAALFM_C101480CA
lcl|NC_032089.1_cds_XP_718158.1_136	CAALFM_C101490WA
lcl|NC_032089.1_cds_XP_718161.2_137	CAALFM_C101510WA
lcl|NC_032089.1_cds_XP_718163.1_138	CAALFM_C101520CA
lcl|NC_032089.1_cds_XP_718164.2_139	CAALFM_C101530CA
lcl|NC_032089.1_cds_XP_718165.1_140	CAALFM_C101540WA
lcl|NC_032089.1_cds_XP_718167.1_141	CAALFM_C101550WA
lcl|NC_032089.1_cds_XP_718168.2_142	CAALFM_C101560WA
lcl|NC_032089.1_cds_XP_718170.1_143	CAALFM_C101570CA
lcl|NC_032089.1_cds_XP_718171.1_144	CAALFM_C101580WA
lcl|NC_032089.1_cds_XP_718172.1_145	CAALFM_C101590CA
lcl|NC_032089.1_cds_XP_718173.2_146	CAALFM_C101600WA
lcl|NC_032089.1_cds_XP_019330611.1_147	CAALFM_C101610CA
lcl|NC_032089.1_cds_XP_718175.2_148	CAALFM_C101620CA
lcl|NC_032089.1_cds_XP_718176.2_149	CAALFM_C101630WA
lcl|NC_032089.1_cds_XP_019330612.1_150	CAALFM_C101640WA
lcl|NC_032089.1_cds_XP_718178.1_151	CAALFM_C101650WA
lcl|NC_032089.1_cds_XP_718179.2_152	CAALFM_C101670CA
lcl|NC_032089.1_cds_XP_718180.1_153	CAALFM_C101680CA
lcl|NC_032089.1_cds_XP_718181.1_154	CAALFM_C101690CA
lcl|NC_032089.1_cds_XP_718182.2_155	CAALFM_C101700WA
lcl|NC_032089.1_cds_XP_718183.1_156	CAALFM_C101710WA
lcl|NC_032089.1_cds_XP_712976.1_157	CAALFM_C101740WA
lcl|NC_032089.1_cds_XP_712975.2_158	CAALFM_C101750WA
lcl|NC_032089.1_cds_XP_712974.2_159	CAALFM_C101760WA
lcl|NC_032089.1_cds_XP_712973.1_160	CAALFM_C101770WA
lcl|NC_032089.1_cds_XP_712971.2_161	CAALFM_C101780CA
lcl|NC_032089.1_cds_XP_019330613.1_162	CAALFM_C101790WA
lcl|NC_032089.1_cds_XP_712969.1_163	CAALFM_C101800WA
lcl|NC_032089.1_cds_XP_712968.1_164	CAALFM_C101810CA
lcl|NC_032089.1_cds_XP_712967.1_165	CAALFM_C101820CA
lcl|NC_032089.1_cds_XP_712965.1_166	CAALFM_C101830CA
lcl|NC_032089.1_cds_XP_712964.1_167	CAALFM_C101840CA
lcl|NC_032089.1_cds_XP_712963.1_168	CAALFM_C101850CA
lcl|NC_032089.1_cds_XP_712962.1_169	CAALFM_C101860WA
lcl|NC_032089.1_cds_XP_712961.1_170	CAALFM_C101870CA
lcl|NC_032089.1_cds_XP_712960.2_171	CAALFM_C101880CA
lcl|NC_032089.1_cds_XP_712959.2_172	CAALFM_C101890CA
lcl|NC_032089.1_cds_XP_712958.2_173	CAALFM_C101900CA
lcl|NC_032089.1_cds_XP_712957.2_174	CAALFM_C101910WA
lcl|NC_032089.1_cds_XP_712956.2_175	CAALFM_C101920WA
lcl|NC_032089.1_cds_XP_019330614.1_176	CAALFM_C101930WA
lcl|NC_032089.1_cds_XP_712954.1_177	CAALFM_C101940CA
lcl|NC_032089.1_cds_XP_712953.1_178	CAALFM_C101950CA
lcl|NC_032089.1_cds_XP_019330615.1_179	CAALFM_C101970WA
lcl|NC_032089.1_cds_XP_712952.2_180	CAALFM_C101980WA
lcl|NC_032089.1_cds_XP_712951.1_181	CAALFM_C101990WA
lcl|NC_032089.1_cds_XP_712950.2_182	CAALFM_C102000WA
lcl|NC_032089.1_cds_XP_019330616.1_183	CAALFM_C102010CA
lcl|NC_032089.1_cds_XP_712948.1_184	CAALFM_C102020WA
lcl|NC_032089.1_cds_XP_712947.1_185	CAALFM_C102030CA
lcl|NC_032089.1_cds_XP_713755.2_186	CAALFM_C102040CA
lcl|NC_032089.1_cds_XP_713757.1_187	CAALFM_C102050CA
lcl|NC_032089.1_cds_XP_019330617.1_188	CAALFM_C102060WA
lcl|NC_032089.1_cds_XP_713758.1_189	CAALFM_C102070WA
lcl|NC_032089.1_cds_XP_713759.1_190	CAALFM_C102080WA
lcl|NC_032089.1_cds_XP_713760.2_191	CAALFM_C102090CA
lcl|NC_032089.1_cds_XP_713761.2_192	CAALFM_C102100WA
lcl|NC_032089.1_cds_XP_713762.1_193	CAALFM_C102110CA
lcl|NC_032089.1_cds_XP_713763.1_194	CAALFM_C102120CA
lcl|NC_032089.1_cds_XP_713764.1_195	CAALFM_C102130CA
lcl|NC_032089.1_cds_XP_713766.2_196	CAALFM_C102150WA
lcl|NC_032089.1_cds_XP_713767.1_197	CAALFM_C102160WA
lcl|NC_032089.1_cds_XP_713768.1_198	CAALFM_C102170CA
lcl|NC_032089.1_cds_XP_713769.2_199	CAALFM_C102180WA
lcl|NC_032089.1_cds_XP_713770.1_200	CAALFM_C102190WA
lcl|NC_032089.1_cds_XP_713771.2_201	CAALFM_C102200CA
lcl|NC_032089.1_cds_XP_713772.2_202	CAALFM_C102210WA
lcl|NC_032089.1_cds_XP_713773.1_203	CAALFM_C102220CA
lcl|NC_032089.1_cds_XP_713774.1_204	CAALFM_C102230WA
lcl|NC_032089.1_cds_XP_713775.1_205	CAALFM_C102240WA
lcl|NC_032089.1_cds_XP_713776.1_206	CAALFM_C102250WA
lcl|NC_032089.1_cds_XP_713777.2_207	CAALFM_C102260CA
lcl|NC_032089.1_cds_XP_713778.2_208	CAALFM_C102270CA
lcl|NC_032089.1_cds_XP_713779.2_209	CAALFM_C102280CA
lcl|NC_032089.1_cds_XP_713780.2_210	CAALFM_C102290CA
lcl|NC_032089.1_cds_XP_713781.1_211	CAALFM_C102300WA
lcl|NC_032089.1_cds_XP_713782.1_212	CAALFM_C102310CA
lcl|NC_032089.1_cds_XP_713784.2_213	CAALFM_C102320CA
lcl|NC_032089.1_cds_XP_019330618.1_214	CAALFM_C102330CA
lcl|NC_032089.1_cds_XP_713785.1_215	CAALFM_C102350WA
lcl|NC_032089.1_cds_XP_713787.2_216	CAALFM_C102360CA
lcl|NC_032089.1_cds_XP_713788.2_217	CAALFM_C102370CA
lcl|NC_032089.1_cds_XP_721425.2_218	CAALFM_C102380CA
lcl|NC_032089.1_cds_XP_721426.2_219	CAALFM_C102390WA
lcl|NC_032089.1_cds_XP_721427.2_220	CAALFM_C102400CA
lcl|NC_032089.1_cds_XP_721428.2_221	CAALFM_C102410CA
lcl|NC_032089.1_cds_XP_721429.2_222	CAALFM_C102420CA
lcl|NC_032089.1_cds_XP_721430.2_223	CAALFM_C102430CA
lcl|NC_032089.1_cds_XP_721432.2_224	CAALFM_C102440CA
lcl|NC_032089.1_cds_XP_721433.2_225	CAALFM_C102450CA
lcl|NC_032089.1_cds_XP_721434.1_226	CAALFM_C102460WA
lcl|NC_032089.1_cds_XP_721435.1_227	CAALFM_C102470WA
lcl|NC_032089.1_cds_XP_721436.1_228	CAALFM_C102480WA
lcl|NC_032089.1_cds_XP_721437.1_229	CAALFM_C102490CA
lcl|NC_032089.1_cds_XP_721438.1_230	CAALFM_C102500WA
lcl|NC_032089.1_cds_XP_721439.1_231	CAALFM_C102510WA
lcl|NC_032089.1_cds_XP_721440.1_232	CAALFM_C102520WA
lcl|NC_032089.1_cds_XP_721441.2_233	CAALFM_C102530CA
lcl|NC_032089.1_cds_XP_721444.1_234	CAALFM_C102570CA
lcl|NC_032089.1_cds_XP_721445.2_235	CAALFM_C102580WA
lcl|NC_032089.1_cds_XP_721446.1_236	CAALFM_C102590CA
lcl|NC_032089.1_cds_XP_721447.1_237	CAALFM_C102600WA
lcl|NC_032089.1_cds_XP_721448.2_238	CAALFM_C102610WA
lcl|NC_032089.1_cds_XP_721450.1_239	CAALFM_C102620CA
lcl|NC_032089.1_cds_XP_721451.2_240	CAALFM_C102630CA
lcl|NC_032089.1_cds_XP_721452.1_241	CAALFM_C102640CA
lcl|NC_032089.1_cds_XP_721453.2_242	CAALFM_C102650WA
lcl|NC_032089.1_cds_XP_721455.2_243	CAALFM_C102660CA
lcl|NC_032089.1_cds_XP_721456.2_244	CAALFM_C102670CA
lcl|NC_032089.1_cds_XP_721457.2_245	CAALFM_C102680CA
lcl|NC_032089.1_cds_XP_721458.1_246	CAALFM_C102690CA
lcl|NC_032089.1_cds_XP_019330619.1_247	CAALFM_C102700CA
lcl|NC_032089.1_cds_XP_721459.2_248	CAALFM_C102710WA
lcl|NC_032089.1_cds_XP_721460.1_249	CAALFM_C102720WA
lcl|NC_032089.1_cds_XP_721461.1_250	CAALFM_C102730WA
lcl|NC_032089.1_cds_XP_721462.1_251	CAALFM_C102740CA
lcl|NC_032089.1_cds_XP_721463.2_252	CAALFM_C102750CA
lcl|NC_032089.1_cds_XP_721464.1_253	CAALFM_C102760WA
lcl|NC_032089.1_cds_XP_019330620.1_254	CAALFM_C102770WA
lcl|NC_032089.1_cds_XP_721465.1_255	CAALFM_C102780WA
lcl|NC_032089.1_cds_XP_721466.1_256	CAALFM_C102790WA
lcl|NC_032089.1_cds_XP_721467.2_257	CAALFM_C102800WA
lcl|NC_032089.1_cds_XP_721468.1_258	CAALFM_C102810WA
lcl|NC_032089.1_cds_XP_721469.2_259	CAALFM_C102820WA
lcl|NC_032089.1_cds_XP_721470.2_260	CAALFM_C102830WA
lcl|NC_032089.1_cds_XP_721471.2_261	CAALFM_C102840WA
lcl|NC_032089.1_cds_XP_721472.2_262	CAALFM_C102850WA
lcl|NC_032089.1_cds_XP_721473.1_263	CAALFM_C102860CA
lcl|NC_032089.1_cds_XP_721474.1_264	CAALFM_C102870WA
lcl|NC_032089.1_cds_XP_721476.1_265	CAALFM_C102880CA
lcl|NC_032089.1_cds_XP_721477.1_266	CAALFM_C102890CA
lcl|NC_032089.1_cds_XP_721479.2_267	CAALFM_C102900CA
lcl|NC_032089.1_cds_XP_721480.1_268	CAALFM_C102910CA
lcl|NC_032089.1_cds_XP_721481.2_269	CAALFM_C102920WA
lcl|NC_032089.1_cds_XP_721482.2_270	CAALFM_C102930CA
lcl|NC_032089.1_cds_XP_721483.1_271	CAALFM_C102940CA
lcl|NC_032089.1_cds_XP_721484.1_272	CAALFM_C102950WA
lcl|NC_032089.1_cds_XP_721485.1_273	CAALFM_C102960CA
lcl|NC_032089.1_cds_XP_721486.2_274	CAALFM_C102970WA
lcl|NC_032089.1_cds_XP_721487.1_275	CAALFM_C102980WA
lcl|NC_032089.1_cds_XP_721488.2_276	CAALFM_C102990CA
lcl|NC_032089.1_cds_XP_721489.2_277	CAALFM_C103000WA
lcl|NC_032089.1_cds_XP_721490.1_278	CAALFM_C103010WA
lcl|NC_032089.1_cds_XP_721492.1_279	CAALFM_C103020CA
lcl|NC_032089.1_cds_XP_019330621.1_280	CAALFM_C103030WA
lcl|NC_032089.1_cds_XP_721493.2_281	CAALFM_C103040WA
lcl|NC_032089.1_cds_XP_721494.2_282	CAALFM_C103050WA
lcl|NC_032089.1_cds_XP_721496.1_283	CAALFM_C103060CA
lcl|NC_032089.1_cds_XP_721498.2_284	CAALFM_C103070CA
lcl|NC_032089.1_cds_XP_019330622.1_285	CAALFM_C103080CA
lcl|NC_032089.1_cds_XP_721500.1_286	CAALFM_C103090WA
lcl|NC_032089.1_cds_XP_019330623.1_287	CAALFM_C103100WA
lcl|NC_032089.1_cds_XP_019330624.1_288	CAALFM_C103110WA
lcl|NC_032089.1_cds_XP_721502.1_289	CAALFM_C103120WA
lcl|NC_032089.1_cds_XP_721504.2_290	CAALFM_C103130CA
lcl|NC_032089.1_cds_XP_721505.1_291	CAALFM_C103140WA
lcl|NC_032089.1_cds_XP_019330625.1_292	CAALFM_C103150CA
lcl|NC_032089.1_cds_XP_721506.2_293	CAALFM_C103160CA
lcl|NC_032089.1_cds_XP_721507.2_294	CAALFM_C103170CA
lcl|NC_032089.1_cds_XP_721508.1_295	CAALFM_C103180WA
lcl|NC_032089.1_cds_XP_019330626.1_296	CAALFM_C103190CA
lcl|NC_032089.1_cds_XP_721510.2_297	CAALFM_C103200CA
lcl|NC_032089.1_cds_XP_019330627.1_298	CAALFM_C103210CA
lcl|NC_032089.1_cds_XP_721512.1_299	CAALFM_C103220CA
lcl|NC_032089.1_cds_XP_721513.1_300	CAALFM_C103230CA
lcl|NC_032089.1_cds_XP_721514.2_301	CAALFM_C103240WA
lcl|NC_032089.1_cds_XP_721516.1_302	CAALFM_C103250CA
lcl|NC_032089.1_cds_XP_721517.2_303	CAALFM_C103260WA
lcl|NC_032089.1_cds_XP_019330628.1_304	CAALFM_C103270WA
lcl|NC_032089.1_cds_XP_721520.1_305	CAALFM_C103280WA
lcl|NC_032089.1_cds_XP_721521.1_306	CAALFM_C103290WA
lcl|NC_032089.1_cds_XP_721524.2_307	CAALFM_C103300CA
lcl|NC_032089.1_cds_XP_721525.2_308	CAALFM_C103310WA
lcl|NC_032089.1_cds_XP_721527.1_309	CAALFM_C103320CA
lcl|NC_032089.1_cds_XP_721528.1_310	CAALFM_C103330CA
lcl|NC_032089.1_cds_XP_721529.1_311	CAALFM_C103340CA
lcl|NC_032089.1_cds_XP_721532.1_312	CAALFM_C103350CA
lcl|NC_032089.1_cds_XP_721533.2_313	CAALFM_C103360WA
lcl|NC_032089.1_cds_XP_721535.1_314	CAALFM_C103370WA
lcl|NC_032089.1_cds_XP_721536.1_315	CAALFM_C103380WA
lcl|NC_032089.1_cds_XP_721538.2_316	CAALFM_C103390WA
lcl|NC_032089.1_cds_XP_721539.2_317	CAALFM_C103400WA
lcl|NC_032089.1_cds_XP_721540.2_318	CAALFM_C103410WA
lcl|NC_032089.1_cds_XP_721541.1_319	CAALFM_C103430WA
lcl|NC_032089.1_cds_XP_721543.1_320	CAALFM_C103440CA
lcl|NC_032089.1_cds_XP_721545.2_321	CAALFM_C103450CA
lcl|NC_032089.1_cds_XP_721546.2_322	CAALFM_C103460CA
lcl|NC_032089.1_cds_XP_721547.2_323	CAALFM_C103470CA
lcl|NC_032089.1_cds_XP_721548.2_324	CAALFM_C103480CA
lcl|NC_032089.1_cds_XP_721549.1_325	CAALFM_C103490WA
lcl|NC_032089.1_cds_XP_721550.1_326	CAALFM_C103500WA
lcl|NC_032089.1_cds_XP_721551.2_327	CAALFM_C103510CA
lcl|NC_032089.1_cds_XP_721552.2_328	CAALFM_C103520WA
lcl|NC_032089.1_cds_XP_019330629.1_329	CAALFM_C103530WA
lcl|NC_032089.1_cds_XP_721555.2_330	CAALFM_C103540CA
lcl|NC_032089.1_cds_XP_721556.1_331	CAALFM_C103550CA
lcl|NC_032089.1_cds_XP_721557.1_332	CAALFM_C103560CA
lcl|NC_032089.1_cds_XP_019330630.1_333	CAALFM_C103580WA
lcl|NC_032089.1_cds_XP_721558.1_334	CAALFM_C103600WA
lcl|NC_032089.1_cds_XP_721559.1_335	CAALFM_C103610CA
lcl|NC_032089.1_cds_XP_019330631.1_336	CAALFM_C103620CA
lcl|NC_032089.1_cds_XP_721560.2_337	CAALFM_C103630WA
lcl|NC_032089.1_cds_XP_721561.1_338	CAALFM_C103640CA
lcl|NC_032089.1_cds_XP_721562.1_339	CAALFM_C103650CA
lcl|NC_032089.1_cds_XP_019330632.1_340	CAALFM_C103660WA
lcl|NC_032089.1_cds_XP_721563.2_341	CAALFM_C103670CA
lcl|NC_032089.1_cds_XP_721564.1_342	CAALFM_C103680WA
lcl|NC_032089.1_cds_XP_709975.2_343	CAALFM_C103690WA
lcl|NC_032089.1_cds_XP_710184.2_344	CAALFM_C103710CA
lcl|NC_032089.1_cds_XP_710182.2_345	CAALFM_C103720CA
lcl|NC_032089.1_cds_XP_713641.2_346	CAALFM_C103730CA
lcl|NC_032089.1_cds_XP_713640.2_347	CAALFM_C103740WA
lcl|NC_032089.1_cds_XP_713639.1_348	CAALFM_C103750WA
lcl|NC_032089.1_cds_XP_713638.1_349	CAALFM_C103760CA
lcl|NC_032089.1_cds_XP_019330633.1_350	CAALFM_C103770WA
lcl|NC_032089.1_cds_XP_713636.2_351	CAALFM_C103780CA
lcl|NC_032089.1_cds_XP_713635.1_352	CAALFM_C103790CA
lcl|NC_032089.1_cds_XP_713634.1_353	CAALFM_C103800WA
lcl|NC_032089.1_cds_XP_713633.2_354	CAALFM_C103810CA
lcl|NC_032089.1_cds_XP_713632.2_355	CAALFM_C103820WA
lcl|NC_032089.1_cds_XP_713631.2_356	CAALFM_C103830CA
lcl|NC_032089.1_cds_XP_019330634.1_357	CAALFM_C103840WA
lcl|NC_032089.1_cds_XP_711953.2_358	CAALFM_C103860CA
lcl|NC_032089.1_cds_XP_711954.2_359	CAALFM_C103870CA
lcl|NC_032089.1_cds_XP_711956.2_360	CAALFM_C103880CA
lcl|NC_032089.1_cds_XP_442675.2_361	CAALFM_C103890WA
lcl|NC_032089.1_cds_XP_711958.2_362	CAALFM_C103900WA
lcl|NC_032089.1_cds_XP_711959.2_363	CAALFM_C103910CA
lcl|NC_032089.1_cds_XP_711960.2_364	CAALFM_C103920CA
lcl|NC_032089.1_cds_XP_711961.2_365	CAALFM_C103930WA
lcl|NC_032089.1_cds_XP_711962.2_366	CAALFM_C103940WA
lcl|NC_032089.1_cds_XP_711964.2_367	CAALFM_C103950CA
lcl|NC_032089.1_cds_XP_711965.2_368	CAALFM_C103960CA
lcl|NC_032089.1_cds_XP_711967.2_369	CAALFM_C103980WA
lcl|NC_032089.1_cds_XP_711968.2_370	CAALFM_C103990WA
lcl|NC_032089.1_cds_XP_711969.1_371	CAALFM_C104000CA
lcl|NC_032089.1_cds_XP_710017.2_372	CAALFM_C104010CA
lcl|NC_032089.1_cds_XP_711971.1_373	CAALFM_C104020CA
lcl|NC_032089.1_cds_XP_711972.2_374	CAALFM_C104030WA
lcl|NC_032089.1_cds_XP_711973.2_375	CAALFM_C104040CA
lcl|NC_032089.1_cds_XP_711975.1_376	CAALFM_C104050CA
lcl|NC_032089.1_cds_XP_713643.2_377	CAALFM_C104060WA
lcl|NC_032089.1_cds_XP_019330635.1_378	CAALFM_C104070CA
lcl|NC_032089.1_cds_XP_713645.1_379	CAALFM_C104080WA
lcl|NC_032089.1_cds_XP_713646.2_380	CAALFM_C104090CA
lcl|NC_032089.1_cds_XP_713647.1_381	CAALFM_C104100CA
lcl|NC_032089.1_cds_XP_713648.2_382	CAALFM_C104110WA
lcl|NC_032089.1_cds_XP_713650.1_383	CAALFM_C104120CA
lcl|NC_032089.1_cds_XP_713651.2_384	CAALFM_C104130WA
lcl|NC_032089.1_cds_XP_713652.2_385	CAALFM_C104140WA
lcl|NC_032089.1_cds_XP_713653.1_386	CAALFM_C104150CA
lcl|NC_032089.1_cds_XP_713654.2_387	CAALFM_C104160CA
lcl|NC_032089.1_cds_XP_713655.1_388	CAALFM_C104170CA
lcl|NC_032089.1_cds_XP_713656.1_389	CAALFM_C104180WA
lcl|NC_032089.1_cds_XP_713657.2_390	CAALFM_C104190CA
lcl|NC_032089.1_cds_XP_713658.2_391	CAALFM_C104200CA
lcl|NC_032089.1_cds_XP_019330636.1_392	CAALFM_C104210CA
lcl|NC_032089.1_cds_XP_713661.1_393	CAALFM_C104220CA
lcl|NC_032089.1_cds_XP_019330637.1_394	CAALFM_C104230WA
lcl|NC_032089.1_cds_XP_713663.1_395	CAALFM_C104240CA
lcl|NC_032089.1_cds_XP_713665.1_396	CAALFM_C104260WA
lcl|NC_032089.1_cds_XP_713666.2_397	CAALFM_C104270CA
lcl|NC_032089.1_cds_XP_713667.1_398	CAALFM_C104280CA
lcl|NC_032089.1_cds_XP_019330638.1_399	CAALFM_C104290CA
lcl|NC_032089.1_cds_XP_713669.2_400	CAALFM_C104300CA
lcl|NC_032089.1_cds_XP_713670.1_401	CAALFM_C104310CA
lcl|NC_032089.1_cds_XP_713671.1_402	CAALFM_C104320WA
lcl|NC_032089.1_cds_XP_713673.1_403	CAALFM_C104330WA
lcl|NC_032089.1_cds_XP_713674.2_404	CAALFM_C104340CA
lcl|NC_032089.1_cds_XP_710411.2_405	CAALFM_C104350CA
lcl|NC_032089.1_cds_XP_019330639.1_406	CAALFM_C104360CA
lcl|NC_032089.1_cds_XP_710409.1_407	CAALFM_C104370CA
lcl|NC_032089.1_cds_XP_710408.1_408	CAALFM_C104380WA
lcl|NC_032089.1_cds_XP_710406.2_409	CAALFM_C104390CA
lcl|NC_032089.1_cds_XP_019330640.1_410	CAALFM_C104400CA
lcl|NC_032089.1_cds_XP_710404.1_411	CAALFM_C104410CA
lcl|NC_032089.1_cds_XP_710403.1_412	CAALFM_C104420CA
lcl|NC_032089.1_cds_XP_019330641.1_413	CAALFM_C104430CA
lcl|NC_032089.1_cds_XP_710402.1_414	CAALFM_C104440WA
lcl|NC_032089.1_cds_XP_019330642.1_415	CAALFM_C104450CA
lcl|NC_032089.1_cds_XP_712226.1_416	CAALFM_C104460CA
lcl|NC_032089.1_cds_XP_712228.1_417	CAALFM_C104470CA
lcl|NC_032089.1_cds_XP_712230.2_418	CAALFM_C104480CA
lcl|NC_032089.1_cds_XP_712231.2_419	CAALFM_C104490WA
lcl|NC_032089.1_cds_XP_712232.1_420	CAALFM_C104500WA
lcl|NC_032089.1_cds_XP_712233.1_421	CAALFM_C104510WA
lcl|NC_032089.1_cds_XP_019330643.1_422	CAALFM_C104520CA
lcl|NC_032089.1_cds_XP_712235.2_423	CAALFM_C104530CA
lcl|NC_032089.1_cds_XP_712236.2_424	CAALFM_C104540CA
lcl|NC_032089.1_cds_XP_712237.1_425	CAALFM_C104550WA
lcl|NC_032089.1_cds_XP_712238.1_426	CAALFM_C104560WA
lcl|NC_032089.1_cds_XP_712239.2_427	CAALFM_C104570CA
lcl|NC_032089.1_cds_XP_712240.1_428	CAALFM_C104580CA
lcl|NC_032089.1_cds_XP_019330644.1_429	CAALFM_C104590WA
lcl|NC_032089.1_cds_XP_712241.2_430	CAALFM_C104600CA
lcl|NC_032089.1_cds_XP_019330645.1_431	CAALFM_C104610WA
lcl|NC_032089.1_cds_XP_712243.1_432	CAALFM_C104620WA
lcl|NC_032089.1_cds_XP_713593.2_433	CAALFM_C104630CA
lcl|NC_032089.1_cds_XP_713592.2_434	CAALFM_C104640WA
lcl|NC_032089.1_cds_XP_713591.2_435	CAALFM_C104650WA
lcl|NC_032089.1_cds_XP_713590.2_436	CAALFM_C104660WA
lcl|NC_032089.1_cds_XP_713589.1_437	CAALFM_C104670WA
lcl|NC_032089.1_cds_XP_713588.2_438	CAALFM_C104680WA
lcl|NC_032089.1_cds_XP_713586.2_439	CAALFM_C104690CA
lcl|NC_032089.1_cds_XP_713585.2_440	CAALFM_C104700CA
lcl|NC_032089.1_cds_XP_713583.2_441	CAALFM_C104710CA
lcl|NC_032089.1_cds_XP_019330646.1_442	CAALFM_C104720WA
lcl|NC_032089.1_cds_XP_713582.1_443	CAALFM_C104730CA
lcl|NC_032089.1_cds_XP_713581.2_444	CAALFM_C104740WA
lcl|NC_032089.1_cds_XP_713579.2_445	CAALFM_C104750WA
lcl|NC_032089.1_cds_XP_713578.2_446	CAALFM_C104760CA
lcl|NC_032089.1_cds_XP_713577.1_447	CAALFM_C104770CA
lcl|NC_032089.1_cds_XP_713575.2_448	CAALFM_C104780CA
lcl|NC_032089.1_cds_XP_713573.1_449	CAALFM_C104790WA
lcl|NC_032089.1_cds_XP_713572.2_450	CAALFM_C104800CA
lcl|NC_032089.1_cds_XP_713571.2_451	CAALFM_C104810WA
lcl|NC_032089.1_cds_XP_713570.1_452	CAALFM_C104820CA
lcl|NC_032089.1_cds_XP_713569.2_453	CAALFM_C104830WA
lcl|NC_032089.1_cds_XP_713568.1_454	CAALFM_C104840CA
lcl|NC_032089.1_cds_XP_713567.1_455	CAALFM_C104860WA
lcl|NC_032089.1_cds_XP_713566.2_456	CAALFM_C104870WA
lcl|NC_032089.1_cds_XP_713565.1_457	CAALFM_C104880CA
lcl|NC_032089.1_cds_XP_713564.2_458	CAALFM_C104890WA
lcl|NC_032089.1_cds_XP_713563.2_459	CAALFM_C104900WA
lcl|NC_032089.1_cds_XP_713562.2_460	CAALFM_C104910CA
lcl|NC_032089.1_cds_XP_713561.1_461	CAALFM_C104930CA
lcl|NC_032089.1_cds_XP_713560.1_462	CAALFM_C104940CA
lcl|NC_032089.1_cds_XP_713559.2_463	CAALFM_C104950CA
lcl|NC_032089.1_cds_XP_710861.2_464	CAALFM_C104960CA
lcl|NC_032089.1_cds_XP_710862.2_465	CAALFM_C104970WA
lcl|NC_032089.1_cds_XP_710863.2_466	CAALFM_C104980CA
lcl|NC_032089.1_cds_XP_710864.2_467	CAALFM_C104990CA
lcl|NC_032089.1_cds_XP_710865.2_468	CAALFM_C105000WA
lcl|NC_032089.1_cds_XP_710866.2_469	CAALFM_C105010CA
lcl|NC_032089.1_cds_XP_710867.2_470	CAALFM_C105020CA
lcl|NC_032089.1_cds_XP_019330647.1_471	CAALFM_C105030CA
lcl|NC_032089.1_cds_XP_710869.2_472	CAALFM_C105050CA
lcl|NC_032089.1_cds_XP_710870.2_473	CAALFM_C105060WA
lcl|NC_032089.1_cds_XP_710733.2_474	CAALFM_C105070CA
lcl|NC_032089.1_cds_XP_710732.2_475	CAALFM_C105080WA
lcl|NC_032089.1_cds_XP_710731.2_476	CAALFM_C105090WA
lcl|NC_032089.1_cds_XP_710730.2_477	CAALFM_C105100WA
lcl|NC_032089.1_cds_XP_710729.1_478	CAALFM_C105110CA
lcl|NC_032089.1_cds_XP_710728.2_479	CAALFM_C105120WA
lcl|NC_032089.1_cds_XP_710725.2_480	CAALFM_C105140WA
lcl|NC_032089.1_cds_XP_715884.2_481	CAALFM_C105150CA
lcl|NC_032089.1_cds_XP_715883.1_482	CAALFM_C105160CA
lcl|NC_032089.1_cds_XP_715882.2_483	CAALFM_C105170CA
lcl|NC_032089.1_cds_XP_019330648.1_484	CAALFM_C105180CA
lcl|NC_032089.1_cds_XP_019330649.1_485	CAALFM_C105190CA
lcl|NC_032089.1_cds_XP_715881.2_486	CAALFM_C105200CA
lcl|NC_032089.1_cds_XP_715880.2_487	CAALFM_C105210CA
lcl|NC_032089.1_cds_XP_715879.1_488	CAALFM_C105220CA
lcl|NC_032089.1_cds_XP_715878.1_489	CAALFM_C105230WA
lcl|NC_032089.1_cds_XP_715876.1_490	CAALFM_C105240CA
lcl|NC_032089.1_cds_XP_715877.1_491	CAALFM_C105250WA
lcl|NC_032089.1_cds_XP_715875.1_492	CAALFM_C105260CA
lcl|NC_032089.1_cds_XP_715874.1_493	CAALFM_C105270CA
lcl|NC_032089.1_cds_XP_715873.2_494	CAALFM_C105280WA
lcl|NC_032089.1_cds_XP_715872.1_495	CAALFM_C105290WA
lcl|NC_032089.1_cds_XP_715869.1_496	CAALFM_C105300CA
lcl|NC_032089.1_cds_XP_715868.2_497	CAALFM_C105320CA
lcl|NC_032089.1_cds_XP_715867.2_498	CAALFM_C105330CA
lcl|NC_032089.1_cds_XP_715866.2_499	CAALFM_C105340CA
lcl|NC_032089.1_cds_XP_715865.1_500	CAALFM_C105350WA
lcl|NC_032089.1_cds_XP_715864.1_501	CAALFM_C105360CA
lcl|NC_032089.1_cds_XP_715863.2_502	CAALFM_C105370CA
lcl|NC_032089.1_cds_XP_715862.2_503	CAALFM_C105380CA
lcl|NC_032089.1_cds_XP_715861.2_504	CAALFM_C105390CA
lcl|NC_032089.1_cds_XP_715860.1_505	CAALFM_C105400CA
lcl|NC_032089.1_cds_XP_715859.1_506	CAALFM_C105410CA
lcl|NC_032089.1_cds_XP_715858.1_507	CAALFM_C105420WA
lcl|NC_032089.1_cds_XP_715857.2_508	CAALFM_C105430WA
lcl|NC_032089.1_cds_XP_715854.2_509	CAALFM_C105440CA
lcl|NC_032089.1_cds_XP_715855.1_510	CAALFM_C105450WA
lcl|NC_032089.1_cds_XP_715853.1_511	CAALFM_C105460WA
lcl|NC_032089.1_cds_XP_715852.2_512	CAALFM_C105470WA
lcl|NC_032089.1_cds_XP_715851.1_513	CAALFM_C105480CA
lcl|NC_032089.1_cds_XP_715850.1_514	CAALFM_C105490CA
lcl|NC_032089.1_cds_XP_715849.1_515	CAALFM_C105500WA
lcl|NC_032089.1_cds_XP_019330650.1_516	CAALFM_C105510CA
lcl|NC_032089.1_cds_XP_715848.2_517	CAALFM_C105520WA
lcl|NC_032089.1_cds_XP_019330651.1_518	CAALFM_C105530CA
lcl|NC_032089.1_cds_XP_715846.2_519	CAALFM_C105540CA
lcl|NC_032089.1_cds_XP_019330652.1_520	CAALFM_C105560WA
lcl|NC_032089.1_cds_XP_718514.2_521	CAALFM_C105600WA
lcl|NC_032089.1_cds_XP_718513.2_522	CAALFM_C105610WA
lcl|NC_032089.1_cds_XP_718511.1_523	CAALFM_C105620CA
lcl|NC_032089.1_cds_XP_718510.2_524	CAALFM_C105630CA
lcl|NC_032089.1_cds_XP_718509.1_525	CAALFM_C105640CA
lcl|NC_032089.1_cds_XP_718508.1_526	CAALFM_C105650WA
lcl|NC_032089.1_cds_XP_718506.2_527	CAALFM_C105660CA
lcl|NC_032089.1_cds_XP_718505.1_528	CAALFM_C105670WA
lcl|NC_032089.1_cds_XP_718504.1_529	CAALFM_C105680CA
lcl|NC_032089.1_cds_XP_718502.1_530	CAALFM_C105690CA
lcl|NC_032089.1_cds_XP_019330653.1_531	CAALFM_C105700WA
lcl|NC_032089.1_cds_XP_718500.1_532	CAALFM_C105710CA
lcl|NC_032089.1_cds_XP_019330654.1_533	CAALFM_C105720WA
lcl|NC_032089.1_cds_XP_718499.2_534	CAALFM_C105740CA
lcl|NC_032089.1_cds_XP_718497.2_535	CAALFM_C105750CA
lcl|NC_032089.1_cds_XP_718496.2_536	CAALFM_C105760CA
lcl|NC_032089.1_cds_XP_718495.2_537	CAALFM_C105770CA
lcl|NC_032089.1_cds_XP_718494.1_538	CAALFM_C105780WA
lcl|NC_032089.1_cds_XP_019330655.1_539	CAALFM_C105790WA
lcl|NC_032089.1_cds_XP_718493.1_540	CAALFM_C105800CA
lcl|NC_032089.1_cds_XP_718492.1_541	CAALFM_C105810WA
lcl|NC_032089.1_cds_XP_718490.1_542	CAALFM_C105820CA
lcl|NC_032089.1_cds_XP_718489.1_543	CAALFM_C105830WA
lcl|NC_032089.1_cds_XP_718488.2_544	CAALFM_C105840WA
lcl|NC_032089.1_cds_XP_718487.2_545	CAALFM_C105850WA
lcl|NC_032089.1_cds_XP_718485.1_546	CAALFM_C105860WA
lcl|NC_032089.1_cds_XP_718484.2_547	CAALFM_C105870WA
lcl|NC_032089.1_cds_XP_718483.1_548	CAALFM_C105880WA
lcl|NC_032089.1_cds_XP_718482.2_549	CAALFM_C105890WA
lcl|NC_032089.1_cds_XP_718481.2_550	CAALFM_C105900WA
lcl|NC_032089.1_cds_XP_718480.2_551	CAALFM_C105910WA
lcl|NC_032089.1_cds_XP_718479.2_552	CAALFM_C105920WA
lcl|NC_032089.1_cds_XP_718477.2_553	CAALFM_C105930CA
lcl|NC_032089.1_cds_XP_718476.1_554	CAALFM_C105940WA
lcl|NC_032089.1_cds_XP_718474.1_555	CAALFM_C105950CA
lcl|NC_032089.1_cds_XP_718473.2_556	CAALFM_C105960WA
lcl|NC_032089.1_cds_XP_718472.1_557	CAALFM_C105970WA
lcl|NC_032089.1_cds_XP_718470.1_558	CAALFM_C105980WA
lcl|NC_032089.1_cds_XP_718469.1_559	CAALFM_C105990CA
lcl|NC_032089.1_cds_XP_718468.2_560	CAALFM_C106000WA
lcl|NC_032089.1_cds_XP_718467.1_561	CAALFM_C106010WA
lcl|NC_032089.1_cds_XP_718466.2_562	CAALFM_C106020WA
lcl|NC_032089.1_cds_XP_718465.1_563	CAALFM_C106030CA
lcl|NC_032089.1_cds_XP_718464.2_564	CAALFM_C106040WA
lcl|NC_032089.1_cds_XP_019330656.1_565	CAALFM_C106050CA
lcl|NC_032089.1_cds_XP_718462.2_566	CAALFM_C106060CA
lcl|NC_032089.1_cds_XP_718461.1_567	CAALFM_C106070WA
lcl|NC_032089.1_cds_XP_718460.1_568	CAALFM_C106080CA
lcl|NC_032089.1_cds_XP_718459.2_569	CAALFM_C106090CA
lcl|NC_032089.1_cds_XP_718458.1_570	CAALFM_C106100CA
lcl|NC_032089.1_cds_XP_718457.1_571	CAALFM_C106110CA
lcl|NC_032089.1_cds_XP_718456.1_572	CAALFM_C106120CA
lcl|NC_032089.1_cds_XP_019330657.1_573	CAALFM_C106130CA
lcl|NC_032089.1_cds_XP_718453.2_574	CAALFM_C106150WA
lcl|NC_032089.1_cds_XP_718452.1_575	CAALFM_C106160WA
lcl|NC_032089.1_cds_XP_710010.2_576	CAALFM_C106180WA
lcl|NC_032089.1_cds_XP_710009.2_577	CAALFM_C106190CA
lcl|NC_032089.1_cds_XP_710103.2_578	CAALFM_C106200WA
lcl|NC_032089.1_cds_XP_710879.1_579	CAALFM_C106210WA
lcl|NC_032089.1_cds_XP_710878.2_580	CAALFM_C106220CA
lcl|NC_032089.1_cds_XP_710877.2_581	CAALFM_C106230CA
lcl|NC_032089.1_cds_XP_710876.2_582	CAALFM_C106250WA
lcl|NC_032089.1_cds_XP_710875.2_583	CAALFM_C106260WA
lcl|NC_032089.1_cds_XP_710874.1_584	CAALFM_C106270WA
lcl|NC_032089.1_cds_XP_710873.2_585	CAALFM_C106280CA
lcl|NC_032089.1_cds_XP_710279.2_586	CAALFM_C106320WA
lcl|NC_032089.1_cds_XP_718864.2_587	CAALFM_C106340WA
lcl|NC_032089.1_cds_XP_718863.1_588	CAALFM_C106350WA
lcl|NC_032089.1_cds_XP_718862.1_589	CAALFM_C106360WA
lcl|NC_032089.1_cds_XP_718861.1_590	CAALFM_C106370CA
lcl|NC_032089.1_cds_XP_718860.1_591	CAALFM_C106380CA
lcl|NC_032089.1_cds_XP_718859.2_592	CAALFM_C106390WA
lcl|NC_032089.1_cds_XP_718858.2_593	CAALFM_C106400CA
lcl|NC_032089.1_cds_XP_718856.2_594	CAALFM_C106410WA
lcl|NC_032089.1_cds_XP_718855.2_595	CAALFM_C106420CA
lcl|NC_032089.1_cds_XP_718854.2_596	CAALFM_C106430CA
lcl|NC_032089.1_cds_XP_718853.2_597	CAALFM_C106440CA
lcl|NC_032089.1_cds_XP_019330658.1_598	CAALFM_C106450CA
lcl|NC_032089.1_cds_XP_718852.1_599	CAALFM_C106460CA
lcl|NC_032089.1_cds_XP_019330659.1_600	CAALFM_C106470WA
lcl|NC_032089.1_cds_XP_019330660.1_601	CAALFM_C106480CA
lcl|NC_032089.1_cds_XP_718851.1_602	CAALFM_C106500WA
lcl|NC_032089.1_cds_XP_718850.1_603	CAALFM_C106510CA
lcl|NC_032089.1_cds_XP_718848.2_604	CAALFM_C106520CA
lcl|NC_032089.1_cds_XP_718847.2_605	CAALFM_C106530CA
lcl|NC_032089.1_cds_XP_718846.2_606	CAALFM_C106540CA
lcl|NC_032089.1_cds_XP_718845.2_607	CAALFM_C106550WA
lcl|NC_032089.1_cds_XP_718843.2_608	CAALFM_C106560WA
lcl|NC_032089.1_cds_XP_718842.1_609	CAALFM_C106570WA
lcl|NC_032089.1_cds_XP_718841.2_610	CAALFM_C106580WA
lcl|NC_032089.1_cds_XP_718840.2_611	CAALFM_C106590CA
lcl|NC_032089.1_cds_XP_718839.1_612	CAALFM_C106600WA
lcl|NC_032089.1_cds_XP_718838.2_613	CAALFM_C106610CA
lcl|NC_032089.1_cds_XP_718837.1_614	CAALFM_C106620CA
lcl|NC_032089.1_cds_XP_718836.2_615	CAALFM_C106630WA
lcl|NC_032089.1_cds_XP_019330661.1_616	CAALFM_C106640CA
lcl|NC_032089.1_cds_XP_718835.1_617	CAALFM_C106650WA
lcl|NC_032089.1_cds_XP_718834.1_618	CAALFM_C106660WA
lcl|NC_032089.1_cds_XP_718833.2_619	CAALFM_C106670WA
lcl|NC_032089.1_cds_XP_718832.2_620	CAALFM_C106680WA
lcl|NC_032089.1_cds_XP_718831.2_621	CAALFM_C106690WA
lcl|NC_032089.1_cds_XP_718829.2_622	CAALFM_C106700WA
lcl|NC_032089.1_cds_XP_718828.1_623	CAALFM_C106710WA
lcl|NC_032089.1_cds_XP_718827.2_624	CAALFM_C106720CA
lcl|NC_032089.1_cds_XP_718826.2_625	CAALFM_C106730WA
lcl|NC_032089.1_cds_XP_718825.1_626	CAALFM_C106740CA
lcl|NC_032089.1_cds_XP_718824.2_627	CAALFM_C106750WA
lcl|NC_032089.1_cds_XP_718822.2_628	CAALFM_C106770WA
lcl|NC_032089.1_cds_XP_718821.2_629	CAALFM_C106780WA
lcl|NC_032089.1_cds_XP_718820.1_630	CAALFM_C106790CA
lcl|NC_032089.1_cds_XP_718819.2_631	CAALFM_C106800WA
lcl|NC_032089.1_cds_XP_718818.1_632	CAALFM_C106810WA
lcl|NC_032089.1_cds_XP_718816.1_633	CAALFM_C106820WA
lcl|NC_032089.1_cds_XP_019330662.1_634	CAALFM_C106840CA
lcl|NC_032089.1_cds_XP_718814.2_635	CAALFM_C106850WA
lcl|NC_032089.1_cds_XP_718813.1_636	CAALFM_C106860WA
lcl|NC_032089.1_cds_XP_019330663.1_637	CAALFM_C106870CA
lcl|NC_032089.1_cds_XP_019330664.1_638	CAALFM_C106880CA
lcl|NC_032089.1_cds_XP_019330665.1_639	CAALFM_C106890CA
lcl|NC_032089.1_cds_XP_019330666.1_640	CAALFM_C106900CA
lcl|NC_032089.1_cds_XP_718809.2_641	CAALFM_C106910CA
lcl|NC_032089.1_cds_XP_718808.2_642	CAALFM_C106920CA
lcl|NC_032089.1_cds_XP_718807.2_643	CAALFM_C106930WA
lcl|NC_032089.1_cds_XP_718804.2_644	CAALFM_C106940CA
lcl|NC_032089.1_cds_XP_718803.1_645	CAALFM_C106960WA
lcl|NC_032089.1_cds_XP_718801.2_646	CAALFM_C106970CA
lcl|NC_032089.1_cds_XP_718799.2_647	CAALFM_C106980CA
lcl|NC_032089.1_cds_XP_718798.2_648	CAALFM_C107000WA
lcl|NC_032089.1_cds_XP_718795.1_649	CAALFM_C107010WA
lcl|NC_032089.1_cds_XP_718793.1_650	CAALFM_C107020CA
lcl|NC_032089.1_cds_XP_718792.2_651	CAALFM_C107030CA
lcl|NC_032089.1_cds_XP_718791.1_652	CAALFM_C107040CA
lcl|NC_032089.1_cds_XP_718790.1_653	CAALFM_C107050CA
lcl|NC_032089.1_cds_XP_019330667.1_654	CAALFM_C107060CA
lcl|NC_032089.1_cds_XP_718788.1_655	CAALFM_C107070CA
lcl|NC_032089.1_cds_XP_718787.1_656	CAALFM_C107080WA
lcl|NC_032089.1_cds_XP_718786.1_657	CAALFM_C107090CA
lcl|NC_032089.1_cds_XP_718785.2_658	CAALFM_C107100CA
lcl|NC_032089.1_cds_XP_718784.2_659	CAALFM_C107110WA
lcl|NC_032089.1_cds_XP_713900.1_660	CAALFM_C107120WA
lcl|NC_032089.1_cds_XP_713899.2_661	CAALFM_C107130CA
lcl|NC_032089.1_cds_XP_713895.1_662	CAALFM_C107140CA
lcl|NC_032089.1_cds_XP_019330668.1_663	CAALFM_C107150WA
lcl|NC_032089.1_cds_XP_019330669.1_664	CAALFM_C107160CA
lcl|NC_032089.1_cds_XP_713894.1_665	CAALFM_C107170CA
lcl|NC_032089.1_cds_XP_713893.1_666	CAALFM_C107180WA
lcl|NC_032089.1_cds_XP_713892.1_667	CAALFM_C107190WA
lcl|NC_032089.1_cds_XP_713891.1_668	CAALFM_C107200WA
lcl|NC_032089.1_cds_XP_713890.1_669	CAALFM_C107210CA
lcl|NC_032089.1_cds_XP_713889.1_670	CAALFM_C107220WA
lcl|NC_032089.1_cds_XP_713888.1_671	CAALFM_C107230WA
lcl|NC_032089.1_cds_XP_713887.1_672	CAALFM_C107240WA
lcl|NC_032089.1_cds_XP_713886.2_673	CAALFM_C107250CA
lcl|NC_032089.1_cds_XP_713885.1_674	CAALFM_C107260CA
lcl|NC_032089.1_cds_XP_713884.1_675	CAALFM_C107270WA
lcl|NC_032089.1_cds_XP_019330670.1_676	CAALFM_C107280CA
lcl|NC_032089.1_cds_XP_713882.1_677	CAALFM_C107330WA
lcl|NC_032089.1_cds_XP_019330671.1_678	CAALFM_C107340WA
lcl|NC_032089.1_cds_XP_713880.1_679	CAALFM_C107350CA
lcl|NC_032089.1_cds_XP_713879.1_680	CAALFM_C107360WA
lcl|NC_032089.1_cds_XP_713877.1_681	CAALFM_C107370CA
lcl|NC_032089.1_cds_XP_713876.1_682	CAALFM_C107380CA
lcl|NC_032089.1_cds_XP_713875.1_683	CAALFM_C107390WA
lcl|NC_032089.1_cds_XP_713873.1_684	CAALFM_C107400CA
lcl|NC_032089.1_cds_XP_713872.1_685	CAALFM_C107410CA
lcl|NC_032089.1_cds_XP_713871.2_686	CAALFM_C107420CA
lcl|NC_032089.1_cds_XP_713870.1_687	CAALFM_C107430WA
lcl|NC_032089.1_cds_XP_713869.2_688	CAALFM_C107440WA
lcl|NC_032089.1_cds_XP_711741.1_689	CAALFM_C107460CA
lcl|NC_032089.1_cds_XP_711740.1_690	CAALFM_C107470CA
lcl|NC_032089.1_cds_XP_711739.1_691	CAALFM_C107480CA
lcl|NC_032089.1_cds_XP_711738.2_692	CAALFM_C107490CA
lcl|NC_032089.1_cds_XP_711737.2_693	CAALFM_C107500CA
lcl|NC_032089.1_cds_XP_711736.2_694	CAALFM_C107510WA
lcl|NC_032089.1_cds_XP_711734.2_695	CAALFM_C107520CA
lcl|NC_032089.1_cds_XP_019330672.1_696	CAALFM_C107530WA
lcl|NC_032089.1_cds_XP_711733.1_697	CAALFM_C107540CA
lcl|NC_032089.1_cds_XP_711732.1_698	CAALFM_C107550WA
lcl|NC_032089.1_cds_XP_711731.2_699	CAALFM_C107560WA
lcl|NC_032089.1_cds_XP_711730.2_700	CAALFM_C107570CA
lcl|NC_032089.1_cds_XP_711729.1_701	CAALFM_C107580CA
lcl|NC_032089.1_cds_XP_711728.2_702	CAALFM_C107590CA
lcl|NC_032089.1_cds_XP_711727.1_703	CAALFM_C107600WA
lcl|NC_032089.1_cds_XP_711726.2_704	CAALFM_C107610CA
lcl|NC_032089.1_cds_XP_711725.2_705	CAALFM_C107620CA
lcl|NC_032089.1_cds_XP_711724.1_706	CAALFM_C107630WA
lcl|NC_032089.1_cds_XP_711723.2_707	CAALFM_C107640CA
lcl|NC_032089.1_cds_XP_711721.1_708	CAALFM_C107650WA
lcl|NC_032089.1_cds_XP_711720.2_709	CAALFM_C107660WA
lcl|NC_032089.1_cds_XP_716535.2_710	CAALFM_C107670WA
lcl|NC_032089.1_cds_XP_716536.1_711	CAALFM_C107680WA
lcl|NC_032089.1_cds_XP_716539.2_712	CAALFM_C107690CA
lcl|NC_032089.1_cds_XP_716540.2_713	CAALFM_C107700CA
lcl|NC_032089.1_cds_XP_716541.2_714	CAALFM_C107710CA
lcl|NC_032089.1_cds_XP_710443.2_715	CAALFM_C107780WA
lcl|NC_032089.1_cds_XP_717587.1_716	CAALFM_C107790CA
lcl|NC_032089.1_cds_XP_717588.1_717	CAALFM_C107800WA
lcl|NC_032089.1_cds_XP_717589.1_718	CAALFM_C107810CA
lcl|NC_032089.1_cds_XP_717590.1_719	CAALFM_C107820WA
lcl|NC_032089.1_cds_XP_717591.2_720	CAALFM_C107830CA
lcl|NC_032089.1_cds_XP_717592.1_721	CAALFM_C107840WA
lcl|NC_032089.1_cds_XP_717594.2_722	CAALFM_C107850CA
lcl|NC_032089.1_cds_XP_717595.1_723	CAALFM_C107860WA
lcl|NC_032089.1_cds_XP_717596.2_724	CAALFM_C107870CA
lcl|NC_032089.1_cds_XP_717597.2_725	CAALFM_C107880CA
lcl|NC_032089.1_cds_XP_717599.2_726	CAALFM_C107890CA
lcl|NC_032089.1_cds_XP_717601.1_727	CAALFM_C107900WA
lcl|NC_032089.1_cds_XP_717602.1_728	CAALFM_C107910CA
lcl|NC_032089.1_cds_XP_019330673.1_729	CAALFM_C107920WA
lcl|NC_032089.1_cds_XP_717603.2_730	CAALFM_C107930CA
lcl|NC_032089.1_cds_XP_717604.1_731	CAALFM_C107950CA
lcl|NC_032089.1_cds_XP_717605.2_732	CAALFM_C107960WA
lcl|NC_032089.1_cds_XP_717606.2_733	CAALFM_C107970CA
lcl|NC_032089.1_cds_XP_717607.2_734	CAALFM_C107980CA
lcl|NC_032089.1_cds_XP_717608.2_735	CAALFM_C107990CA
lcl|NC_032089.1_cds_XP_717609.1_736	CAALFM_C108000WA
lcl|NC_032089.1_cds_XP_717611.2_737	CAALFM_C108010WA
lcl|NC_032089.1_cds_XP_717612.2_738	CAALFM_C108020WA
lcl|NC_032089.1_cds_XP_717614.1_739	CAALFM_C108030WA
lcl|NC_032089.1_cds_XP_019330674.1_740	CAALFM_C108040WA
lcl|NC_032089.1_cds_XP_717615.1_741	CAALFM_C108050WA
lcl|NC_032089.1_cds_XP_717616.1_742	CAALFM_C108060WA
lcl|NC_032089.1_cds_XP_717617.2_743	CAALFM_C108070WA
lcl|NC_032089.1_cds_XP_019330675.1_744	CAALFM_C108080CA
lcl|NC_032089.1_cds_XP_717619.1_745	CAALFM_C108090CA
lcl|NC_032089.1_cds_XP_717620.1_746	CAALFM_C108100WA
lcl|NC_032089.1_cds_XP_717622.2_747	CAALFM_C108110WA
lcl|NC_032089.1_cds_XP_717624.2_748	CAALFM_C108120WA
lcl|NC_032089.1_cds_XP_717626.2_749	CAALFM_C108130CA
lcl|NC_032089.1_cds_XP_717627.2_750	CAALFM_C108140WA
lcl|NC_032089.1_cds_XP_717629.1_751	CAALFM_C108150CA
lcl|NC_032089.1_cds_XP_717630.2_752	CAALFM_C108160WA
lcl|NC_032089.1_cds_XP_717631.1_753	CAALFM_C108170CA
lcl|NC_032089.1_cds_XP_717632.2_754	CAALFM_C108180CA
lcl|NC_032089.1_cds_XP_717634.1_755	CAALFM_C108190CA
lcl|NC_032089.1_cds_XP_717635.2_756	CAALFM_C108200WA
lcl|NC_032089.1_cds_XP_717637.1_757	CAALFM_C108210CA
lcl|NC_032089.1_cds_XP_717638.2_758	CAALFM_C108220WA
lcl|NC_032089.1_cds_XP_717639.2_759	CAALFM_C108230CA
lcl|NC_032089.1_cds_XP_717640.1_760	CAALFM_C108240CA
lcl|NC_032089.1_cds_XP_019330676.1_761	CAALFM_C108260CA
lcl|NC_032089.1_cds_XP_717642.2_762	CAALFM_C108270CA
lcl|NC_032089.1_cds_XP_717643.1_763	CAALFM_C108290CA
lcl|NC_032089.1_cds_XP_717644.2_764	CAALFM_C108300WA
lcl|NC_032089.1_cds_XP_717646.1_765	CAALFM_C108310WA
lcl|NC_032089.1_cds_XP_717648.1_766	CAALFM_C108320WA
lcl|NC_032089.1_cds_XP_717649.1_767	CAALFM_C108330CA
lcl|NC_032089.1_cds_XP_717650.2_768	CAALFM_C108340CA
lcl|NC_032089.1_cds_XP_019330677.1_769	CAALFM_C108350CA
lcl|NC_032089.1_cds_XP_717653.1_770	CAALFM_C108360CA
lcl|NC_032089.1_cds_XP_717654.2_771	CAALFM_C108370WA
lcl|NC_032089.1_cds_XP_717655.2_772	CAALFM_C108380WA
lcl|NC_032089.1_cds_XP_711872.2_773	CAALFM_C108390CA
lcl|NC_032089.1_cds_XP_711873.1_774	CAALFM_C108400CA
lcl|NC_032089.1_cds_XP_711874.2_775	CAALFM_C108410CA
lcl|NC_032089.1_cds_XP_711875.2_776	CAALFM_C108420WA
lcl|NC_032089.1_cds_XP_711876.1_777	CAALFM_C108430WA
lcl|NC_032089.1_cds_XP_711877.2_778	CAALFM_C108440CA
lcl|NC_032089.1_cds_XP_711878.1_779	CAALFM_C108450CA
lcl|NC_032089.1_cds_XP_711879.1_780	CAALFM_C108460CA
lcl|NC_032089.1_cds_XP_711880.1_781	CAALFM_C108470WA
lcl|NC_032089.1_cds_XP_019330678.1_782	CAALFM_C108480CA
lcl|NC_032089.1_cds_XP_711882.1_783	CAALFM_C108490WA
lcl|NC_032089.1_cds_XP_711883.1_784	CAALFM_C108500CA
lcl|NC_032089.1_cds_XP_711884.1_785	CAALFM_C108510WA
lcl|NC_032089.1_cds_XP_711885.1_786	CAALFM_C108520CA
lcl|NC_032089.1_cds_XP_711886.2_787	CAALFM_C108530WA
lcl|NC_032089.1_cds_XP_711887.1_788	CAALFM_C108540CA
lcl|NC_032089.1_cds_XP_711888.1_789	CAALFM_C108550CA
lcl|NC_032089.1_cds_XP_711889.1_790	CAALFM_C108560WA
lcl|NC_032089.1_cds_XP_711891.1_791	CAALFM_C108570CA
lcl|NC_032089.1_cds_XP_711893.1_792	CAALFM_C108580CA
lcl|NC_032089.1_cds_XP_711894.1_793	CAALFM_C108590CA
lcl|NC_032089.1_cds_XP_711895.2_794	CAALFM_C108600CA
lcl|NC_032089.1_cds_XP_711897.1_795	CAALFM_C108610CA
lcl|NC_032089.1_cds_XP_709974.1_796	CAALFM_C108620WA
lcl|NC_032089.1_cds_XP_723408.2_797	CAALFM_C108630WA
lcl|NC_032089.1_cds_XP_723409.1_798	CAALFM_C108640WA
lcl|NC_032089.1_cds_XP_019330679.1_799	CAALFM_C108650CA
lcl|NC_032089.1_cds_XP_723411.1_800	CAALFM_C108660CA
lcl|NC_032089.1_cds_XP_723412.2_801	CAALFM_C108670WA
lcl|NC_032089.1_cds_XP_723413.2_802	CAALFM_C108680CA
lcl|NC_032089.1_cds_XP_723414.2_803	CAALFM_C108690WA
lcl|NC_032089.1_cds_XP_723416.2_804	CAALFM_C108700WA
lcl|NC_032089.1_cds_XP_019330680.1_805	CAALFM_C108710WA
lcl|NC_032089.1_cds_XP_723418.2_806	CAALFM_C108730WA
lcl|NC_032089.1_cds_XP_723419.2_807	CAALFM_C108740CA
lcl|NC_032089.1_cds_XP_723420.1_808	CAALFM_C108750WA
lcl|NC_032089.1_cds_XP_723421.1_809	CAALFM_C108760WA
lcl|NC_032089.1_cds_XP_723422.2_810	CAALFM_C108770WA
lcl|NC_032089.1_cds_XP_723423.1_811	CAALFM_C108780WA
lcl|NC_032089.1_cds_XP_723424.2_812	CAALFM_C108790WA
lcl|NC_032089.1_cds_XP_723425.1_813	CAALFM_C108800WA
lcl|NC_032089.1_cds_XP_723426.2_814	CAALFM_C108810CA
lcl|NC_032089.1_cds_XP_723427.1_815	CAALFM_C108820CA
lcl|NC_032089.1_cds_XP_019330681.1_816	CAALFM_C108830CA
lcl|NC_032089.1_cds_XP_723429.1_817	CAALFM_C108840WA
lcl|NC_032089.1_cds_XP_723430.2_818	CAALFM_C108850CA
lcl|NC_032089.1_cds_XP_723431.2_819	CAALFM_C108860CA
lcl|NC_032089.1_cds_XP_723432.2_820	CAALFM_C108870CA
lcl|NC_032089.1_cds_XP_723433.2_821	CAALFM_C108880WA
lcl|NC_032089.1_cds_XP_723434.2_822	CAALFM_C108890CA
lcl|NC_032089.1_cds_XP_723435.2_823	CAALFM_C108900WA
lcl|NC_032089.1_cds_XP_723436.2_824	CAALFM_C108910CA
lcl|NC_032089.1_cds_XP_723437.2_825	CAALFM_C108920WA
lcl|NC_032089.1_cds_XP_019330682.1_826	CAALFM_C108930CA
lcl|NC_032089.1_cds_XP_723438.2_827	CAALFM_C108940CA
lcl|NC_032089.1_cds_XP_723439.2_828	CAALFM_C108950WA
lcl|NC_032089.1_cds_XP_723440.2_829	CAALFM_C108980CA
lcl|NC_032089.1_cds_XP_723441.2_830	CAALFM_C108990CA
lcl|NC_032089.1_cds_XP_723442.2_831	CAALFM_C109000WA
lcl|NC_032089.1_cds_XP_723443.2_832	CAALFM_C109010WA
lcl|NC_032089.1_cds_XP_723444.2_833	CAALFM_C109020WA
lcl|NC_032089.1_cds_XP_723445.1_834	CAALFM_C109030CA
lcl|NC_032089.1_cds_XP_723447.2_835	CAALFM_C109050WA
lcl|NC_032089.1_cds_XP_723449.1_836	CAALFM_C109060CA
lcl|NC_032089.1_cds_XP_723450.2_837	CAALFM_C109070WA
lcl|NC_032089.1_cds_XP_723451.1_838	CAALFM_C109080CA
lcl|NC_032089.1_cds_XP_723452.2_839	CAALFM_C109090CA
lcl|NC_032089.1_cds_XP_723453.2_840	CAALFM_C109100WA
lcl|NC_032089.1_cds_XP_723454.2_841	CAALFM_C109110WA
lcl|NC_032089.1_cds_XP_723455.2_842	CAALFM_C109120WA
lcl|NC_032089.1_cds_XP_723457.2_843	CAALFM_C109130WA
lcl|NC_032089.1_cds_XP_723458.2_844	CAALFM_C109140CA
lcl|NC_032089.1_cds_XP_723459.2_845	CAALFM_C109150WA
lcl|NC_032089.1_cds_XP_723460.2_846	CAALFM_C109160WA
lcl|NC_032089.1_cds_XP_723461.2_847	CAALFM_C109170WA
lcl|NC_032089.1_cds_XP_723462.2_848	CAALFM_C109180WA
lcl|NC_032089.1_cds_XP_723463.1_849	CAALFM_C109190CA
lcl|NC_032089.1_cds_XP_723464.2_850	CAALFM_C109200WA
lcl|NC_032089.1_cds_XP_723465.1_851	CAALFM_C109210CA
lcl|NC_032089.1_cds_XP_723466.1_852	CAALFM_C109220WA
lcl|NC_032089.1_cds_XP_723467.2_853	CAALFM_C109230CA
lcl|NC_032089.1_cds_XP_723469.2_854	CAALFM_C109240CA
lcl|NC_032089.1_cds_XP_723470.2_855	CAALFM_C109250WA
lcl|NC_032089.1_cds_XP_723471.2_856	CAALFM_C109260CA
lcl|NC_032089.1_cds_XP_723472.1_857	CAALFM_C109270WA
lcl|NC_032089.1_cds_XP_723473.2_858	CAALFM_C109280WA
lcl|NC_032089.1_cds_XP_723474.2_859	CAALFM_C109290CA
lcl|NC_032089.1_cds_XP_723475.2_860	CAALFM_C109300CA
lcl|NC_032089.1_cds_XP_723477.2_861	CAALFM_C109310CA
lcl|NC_032089.1_cds_XP_723478.2_862	CAALFM_C109320CA
lcl|NC_032089.1_cds_XP_723479.1_863	CAALFM_C109330WA
lcl|NC_032089.1_cds_XP_723481.2_864	CAALFM_C109340CA
lcl|NC_032089.1_cds_XP_723482.1_865	CAALFM_C109350WA
lcl|NC_032089.1_cds_XP_723484.2_866	CAALFM_C109360CA
lcl|NC_032089.1_cds_XP_723485.2_867	CAALFM_C109370WA
lcl|NC_032089.1_cds_XP_723486.1_868	CAALFM_C109380WA
lcl|NC_032089.1_cds_XP_723487.2_869	CAALFM_C109390WA
lcl|NC_032089.1_cds_XP_723488.2_870	CAALFM_C109400CA
lcl|NC_032089.1_cds_XP_723490.1_871	CAALFM_C109420WA
lcl|NC_032089.1_cds_XP_723491.2_872	CAALFM_C109430WA
lcl|NC_032089.1_cds_XP_723493.1_873	CAALFM_C109440WA
lcl|NC_032089.1_cds_XP_723494.2_874	CAALFM_C109450CA
lcl|NC_032089.1_cds_XP_723495.2_875	CAALFM_C109460WA
lcl|NC_032089.1_cds_XP_723497.1_876	CAALFM_C109470CA
lcl|NC_032089.1_cds_XP_723498.1_877	CAALFM_C109480WA
lcl|NC_032089.1_cds_XP_723499.1_878	CAALFM_C109490CA
lcl|NC_032089.1_cds_XP_723500.1_879	CAALFM_C109500WA
lcl|NC_032089.1_cds_XP_723501.1_880	CAALFM_C109510WA
lcl|NC_032089.1_cds_XP_723502.1_881	CAALFM_C109520CA
lcl|NC_032089.1_cds_XP_723503.2_882	CAALFM_C109530WA
lcl|NC_032089.1_cds_XP_723504.2_883	CAALFM_C109540WA
lcl|NC_032089.1_cds_XP_723505.1_884	CAALFM_C109550WA
lcl|NC_032089.1_cds_XP_723506.1_885	CAALFM_C109570WA
lcl|NC_032089.1_cds_XP_723507.2_886	CAALFM_C109580CA
lcl|NC_032089.1_cds_XP_723508.1_887	CAALFM_C109590CA
lcl|NC_032089.1_cds_XP_723509.1_888	CAALFM_C109600CA
lcl|NC_032089.1_cds_XP_723510.1_889	CAALFM_C109610WA
lcl|NC_032089.1_cds_XP_723511.1_890	CAALFM_C109620CA
lcl|NC_032089.1_cds_XP_019330683.1_891	CAALFM_C109630WA
lcl|NC_032089.1_cds_XP_723513.1_892	CAALFM_C109640WA
lcl|NC_032089.1_cds_XP_019330684.1_893	CAALFM_C109650WA
lcl|NC_032089.1_cds_XP_723515.2_894	CAALFM_C109660WA
lcl|NC_032089.1_cds_XP_723516.1_895	CAALFM_C109670CA
lcl|NC_032089.1_cds_XP_723517.1_896	CAALFM_C109680WA
lcl|NC_032089.1_cds_XP_723519.1_897	CAALFM_C109690WA
lcl|NC_032089.1_cds_XP_723520.1_898	CAALFM_C109700WA
lcl|NC_032089.1_cds_XP_723521.1_899	CAALFM_C109710CA
lcl|NC_032089.1_cds_XP_723522.1_900	CAALFM_C109720WA
lcl|NC_032089.1_cds_XP_723523.1_901	CAALFM_C109730WA
lcl|NC_032089.1_cds_XP_019330685.1_902	CAALFM_C109740CA
lcl|NC_032089.1_cds_XP_723525.1_903	CAALFM_C109750WA
lcl|NC_032089.1_cds_XP_723527.1_904	CAALFM_C109760CA
lcl|NC_032089.1_cds_XP_723528.1_905	CAALFM_C109770WA
lcl|NC_032089.1_cds_XP_723529.1_906	CAALFM_C109780CA
lcl|NC_032089.1_cds_XP_723530.1_907	CAALFM_C109790CA
lcl|NC_032089.1_cds_XP_723531.1_908	CAALFM_C109800CA
lcl|NC_032089.1_cds_XP_723532.1_909	CAALFM_C109810WA
lcl|NC_032089.1_cds_XP_723533.1_910	CAALFM_C109820CA
lcl|NC_032089.1_cds_XP_723534.1_911	CAALFM_C109830WA
lcl|NC_032089.1_cds_XP_723535.1_912	CAALFM_C109840CA
lcl|NC_032089.1_cds_XP_723536.1_913	CAALFM_C109850CA
lcl|NC_032089.1_cds_XP_723537.1_914	CAALFM_C109860CA
lcl|NC_032089.1_cds_XP_723538.1_915	CAALFM_C109870WA
lcl|NC_032089.1_cds_XP_723540.1_916	CAALFM_C109880CA
lcl|NC_032089.1_cds_XP_723541.2_917	CAALFM_C109900WA
lcl|NC_032089.1_cds_XP_723542.1_918	CAALFM_C109910CA
lcl|NC_032089.1_cds_XP_723544.2_919	CAALFM_C109920WA
lcl|NC_032089.1_cds_XP_723546.1_920	CAALFM_C109930WA
lcl|NC_032089.1_cds_XP_019330686.1_921	CAALFM_C109940WA
lcl|NC_032089.1_cds_XP_723547.2_922	CAALFM_C109950CA
lcl|NC_032089.1_cds_XP_019330687.1_923	CAALFM_C109960WA
lcl|NC_032089.1_cds_XP_723548.2_924	CAALFM_C109970CA
lcl|NC_032089.1_cds_XP_723549.1_925	CAALFM_C109980CA
lcl|NC_032089.1_cds_XP_723550.2_926	CAALFM_C109990WA
lcl|NC_032089.1_cds_XP_723551.2_927	CAALFM_C110000CA
lcl|NC_032089.1_cds_XP_723552.2_928	CAALFM_C110010CA
lcl|NC_032089.1_cds_XP_723553.2_929	CAALFM_C110020WA
lcl|NC_032089.1_cds_XP_723554.1_930	CAALFM_C110030WA
lcl|NC_032089.1_cds_XP_723555.2_931	CAALFM_C110040WA
lcl|NC_032089.1_cds_XP_723556.2_932	CAALFM_C110050WA
lcl|NC_032089.1_cds_XP_723557.1_933	CAALFM_C110060CA
lcl|NC_032089.1_cds_XP_723558.2_934	CAALFM_C110070CA
lcl|NC_032089.1_cds_XP_723559.2_935	CAALFM_C110080WA
lcl|NC_032089.1_cds_XP_723562.2_936	CAALFM_C110090CA
lcl|NC_032089.1_cds_XP_019330688.1_937	CAALFM_C110100CA
lcl|NC_032089.1_cds_XP_723564.2_938	CAALFM_C110110WA
lcl|NC_032089.1_cds_XP_723565.1_939	CAALFM_C110120CA
lcl|NC_032089.1_cds_XP_723566.1_940	CAALFM_C110140CA
lcl|NC_032089.1_cds_XP_723567.2_941	CAALFM_C110150WA
lcl|NC_032089.1_cds_XP_723568.1_942	CAALFM_C110160WA
lcl|NC_032089.1_cds_XP_723569.1_943	CAALFM_C110170WA
lcl|NC_032089.1_cds_XP_723570.2_944	CAALFM_C110180CA
lcl|NC_032089.1_cds_XP_723571.2_945	CAALFM_C110190WA
lcl|NC_032089.1_cds_XP_723572.1_946	CAALFM_C110200CA
lcl|NC_032089.1_cds_XP_723573.1_947	CAALFM_C110210CA
lcl|NC_032089.1_cds_XP_723574.1_948	CAALFM_C110220CA
lcl|NC_032089.1_cds_XP_723575.2_949	CAALFM_C110230CA
lcl|NC_032089.1_cds_XP_723576.1_950	CAALFM_C110240CA
lcl|NC_032089.1_cds_XP_723577.1_951	CAALFM_C110250CA
lcl|NC_032089.1_cds_XP_723578.1_952	CAALFM_C110260CA
lcl|NC_032089.1_cds_XP_723579.1_953	CAALFM_C110270CA
lcl|NC_032089.1_cds_XP_723580.1_954	CAALFM_C110280CA
lcl|NC_032089.1_cds_XP_723581.2_955	CAALFM_C110290WA
lcl|NC_032089.1_cds_XP_723582.2_956	CAALFM_C110300WA
lcl|NC_032089.1_cds_XP_723584.2_957	CAALFM_C110310WA
lcl|NC_032089.1_cds_XP_723585.2_958	CAALFM_C110320WA
lcl|NC_032089.1_cds_XP_723586.1_959	CAALFM_C110330CA
lcl|NC_032089.1_cds_XP_723587.1_960	CAALFM_C110340WA
lcl|NC_032089.1_cds_XP_723588.2_961	CAALFM_C110350CA
lcl|NC_032089.1_cds_XP_723589.2_962	CAALFM_C110360CA
lcl|NC_032089.1_cds_XP_723591.2_963	CAALFM_C110380CA
lcl|NC_032089.1_cds_XP_019330689.1_964	CAALFM_C110390CA
lcl|NC_032089.1_cds_XP_723592.1_965	CAALFM_C110400CA
lcl|NC_032089.1_cds_XP_723593.2_966	CAALFM_C110410WA
lcl|NC_032089.1_cds_XP_711201.1_967	CAALFM_C110420CA
lcl|NC_032089.1_cds_XP_711202.2_968	CAALFM_C110430WA
lcl|NC_032089.1_cds_XP_711203.2_969	CAALFM_C110440WA
lcl|NC_032089.1_cds_XP_711204.1_970	CAALFM_C110450WA
lcl|NC_032089.1_cds_XP_711206.2_971	CAALFM_C110460WA
lcl|NC_032089.1_cds_XP_711207.2_972	CAALFM_C110470WA
lcl|NC_032089.1_cds_XP_711209.2_973	CAALFM_C110480WA
lcl|NC_032089.1_cds_XP_711210.2_974	CAALFM_C110490WA
lcl|NC_032089.1_cds_XP_711211.2_975	CAALFM_C110500WA
lcl|NC_032089.1_cds_XP_711212.2_976	CAALFM_C110510WA
lcl|NC_032089.1_cds_XP_711214.2_977	CAALFM_C110520WA
lcl|NC_032089.1_cds_XP_711215.1_978	CAALFM_C110530WA
lcl|NC_032089.1_cds_XP_711216.2_979	CAALFM_C110540CA
lcl|NC_032089.1_cds_XP_711217.2_980	CAALFM_C110550CA
lcl|NC_032089.1_cds_XP_711219.2_981	CAALFM_C110560CA
lcl|NC_032089.1_cds_XP_710024.2_982	CAALFM_C110570CA
lcl|NC_032089.1_cds_XP_710714.1_983	CAALFM_C110580CA
lcl|NC_032089.1_cds_XP_710716.1_984	CAALFM_C110610WA
lcl|NC_032089.1_cds_XP_710717.1_985	CAALFM_C110620WA
lcl|NC_032089.1_cds_XP_710718.2_986	CAALFM_C110630CA
lcl|NC_032089.1_cds_XP_710719.2_987	CAALFM_C110640CA
lcl|NC_032089.1_cds_XP_710720.2_988	CAALFM_C110650WA
lcl|NC_032089.1_cds_XP_710721.1_989	CAALFM_C110660WA
lcl|NC_032089.1_cds_XP_710723.2_990	CAALFM_C110670CA
lcl|NC_032089.1_cds_XP_019330690.1_991	CAALFM_C110680CA
lcl|NC_032089.1_cds_XP_713956.1_992	CAALFM_C110690WA
lcl|NC_032089.1_cds_XP_713955.1_993	CAALFM_C110700CA
lcl|NC_032089.1_cds_XP_713954.1_994	CAALFM_C110710CA
lcl|NC_032089.1_cds_XP_713952.2_995	CAALFM_C110720CA
lcl|NC_032089.1_cds_XP_713951.2_996	CAALFM_C110730WA
lcl|NC_032089.1_cds_XP_713949.2_997	CAALFM_C110740CA
lcl|NC_032089.1_cds_XP_019330691.1_998	CAALFM_C110750CA
lcl|NC_032089.1_cds_XP_713948.1_999	CAALFM_C110760WA
lcl|NC_032089.1_cds_XP_713947.2_1000	CAALFM_C110770WA
lcl|NC_032089.1_cds_XP_713946.1_1001	CAALFM_C110780CA
lcl|NC_032089.1_cds_XP_713945.1_1002	CAALFM_C110790WA
lcl|NC_032089.1_cds_XP_713942.1_1003	CAALFM_C110800CA
lcl|NC_032089.1_cds_XP_713941.1_1004	CAALFM_C110810WA
lcl|NC_032089.1_cds_XP_713940.1_1005	CAALFM_C110820CA
lcl|NC_032089.1_cds_XP_713939.1_1006	CAALFM_C110830WA
lcl|NC_032089.1_cds_XP_713938.2_1007	CAALFM_C110840CA
lcl|NC_032089.1_cds_XP_713937.2_1008	CAALFM_C110850WA
lcl|NC_032089.1_cds_XP_713936.2_1009	CAALFM_C110860CA
lcl|NC_032089.1_cds_XP_019330692.1_1010	CAALFM_C110870WA
lcl|NC_032089.1_cds_XP_713935.2_1011	CAALFM_C110880WA
lcl|NC_032089.1_cds_XP_713933.2_1012	CAALFM_C110890CA
lcl|NC_032089.1_cds_XP_713931.1_1013	CAALFM_C110910CA
lcl|NC_032089.1_cds_XP_713930.2_1014	CAALFM_C110920WA
lcl|NC_032089.1_cds_XP_713929.1_1015	CAALFM_C110930CA
lcl|NC_032089.1_cds_XP_019330693.1_1016	CAALFM_C110940CA
lcl|NC_032089.1_cds_XP_713925.1_1017	CAALFM_C110950CA
lcl|NC_032089.1_cds_XP_019330694.1_1018	CAALFM_C110960WA
lcl|NC_032089.1_cds_XP_713924.2_1019	CAALFM_C110970WA
lcl|NC_032089.1_cds_XP_713922.1_1020	CAALFM_C110980WA
lcl|NC_032089.1_cds_XP_713920.2_1021	CAALFM_C110990CA
lcl|NC_032089.1_cds_XP_713919.1_1022	CAALFM_C111000CA
lcl|NC_032089.1_cds_XP_713918.2_1023	CAALFM_C111010CA
lcl|NC_032089.1_cds_XP_713917.1_1024	CAALFM_C111020WA
lcl|NC_032089.1_cds_XP_019330695.1_1025	CAALFM_C111030WA
lcl|NC_032089.1_cds_XP_019330696.1_1026	CAALFM_C111040WA
lcl|NC_032089.1_cds_XP_019330697.1_1027	CAALFM_C111050WA
lcl|NC_032089.1_cds_XP_019330698.1_1028	CAALFM_C111060CA
lcl|NC_032089.1_cds_XP_713914.2_1029	CAALFM_C111070WA
lcl|NC_032089.1_cds_XP_713913.1_1030	CAALFM_C111080WA
lcl|NC_032089.1_cds_XP_713912.2_1031	CAALFM_C111090CA
lcl|NC_032089.1_cds_XP_713911.1_1032	CAALFM_C111100WA
lcl|NC_032089.1_cds_XP_713910.2_1033	CAALFM_C111110CA
lcl|NC_032089.1_cds_XP_713909.1_1034	CAALFM_C111120CA
lcl|NC_032089.1_cds_XP_713908.1_1035	CAALFM_C111130WA
lcl|NC_032089.1_cds_XP_713907.2_1036	CAALFM_C111140WA
lcl|NC_032089.1_cds_XP_710041.1_1037	CAALFM_C111150WA
lcl|NC_032089.1_cds_XP_713904.2_1038	CAALFM_C111160CA
lcl|NC_032089.1_cds_XP_713903.2_1039	CAALFM_C111170WA
lcl|NC_032089.1_cds_XP_713902.2_1040	CAALFM_C111190WA
lcl|NC_032089.1_cds_XP_713901.2_1041	CAALFM_C111200WA
lcl|NC_032089.1_cds_XP_713814.1_1042	CAALFM_C111210CA
lcl|NC_032089.1_cds_XP_713813.1_1043	CAALFM_C111220CA
lcl|NC_032089.1_cds_XP_713812.2_1044	CAALFM_C111230WA
lcl|NC_032089.1_cds_XP_713810.2_1045	CAALFM_C111240CA
lcl|NC_032089.1_cds_XP_713809.1_1046	CAALFM_C111250WA
lcl|NC_032089.1_cds_XP_019330699.1_1047	CAALFM_C111260CA
lcl|NC_032089.1_cds_XP_713808.2_1048	CAALFM_C111270WA
lcl|NC_032089.1_cds_XP_713807.1_1049	CAALFM_C111280WA
lcl|NC_032089.1_cds_XP_713806.1_1050	CAALFM_C111290WA
lcl|NC_032089.1_cds_XP_713805.2_1051	CAALFM_C111300CA
lcl|NC_032089.1_cds_XP_713804.2_1052	CAALFM_C111310CA
lcl|NC_032089.1_cds_XP_019330700.1_1053	CAALFM_C111320CA
lcl|NC_032089.1_cds_XP_713803.1_1054	CAALFM_C111330CA
lcl|NC_032089.1_cds_XP_713802.2_1055	CAALFM_C111340WA
lcl|NC_032089.1_cds_XP_713801.2_1056	CAALFM_C111350CA
lcl|NC_032089.1_cds_XP_019330701.1_1057	CAALFM_C111360WA
lcl|NC_032089.1_cds_XP_713800.2_1058	CAALFM_C111370CA
lcl|NC_032089.1_cds_XP_713798.2_1059	CAALFM_C111380WA
lcl|NC_032089.1_cds_XP_713797.1_1060	CAALFM_C111390WA
lcl|NC_032089.1_cds_XP_713796.1_1061	CAALFM_C111400CA
lcl|NC_032089.1_cds_XP_019330702.1_1062	CAALFM_C111410CA
lcl|NC_032089.1_cds_XP_713795.1_1063	CAALFM_C111420WA
lcl|NC_032089.1_cds_XP_713794.2_1064	CAALFM_C111430WA
lcl|NC_032089.1_cds_XP_713792.1_1065	CAALFM_C111440CA
lcl|NC_032089.1_cds_XP_713791.2_1066	CAALFM_C111450CA
lcl|NC_032089.1_cds_XP_713790.1_1067	CAALFM_C111470CA
lcl|NC_032089.1_cds_XP_713038.2_1068	CAALFM_C111480WA
lcl|NC_032089.1_cds_XP_713037.1_1069	CAALFM_C111490CA
lcl|NC_032089.1_cds_XP_713036.1_1070	CAALFM_C111500CA
lcl|NC_032089.1_cds_XP_713035.2_1071	CAALFM_C111510CA
lcl|NC_032089.1_cds_XP_713034.1_1072	CAALFM_C111520CA
lcl|NC_032089.1_cds_XP_713033.1_1073	CAALFM_C111530CA
lcl|NC_032089.1_cds_XP_019330703.1_1074	CAALFM_C111540CA
lcl|NC_032089.1_cds_XP_713031.2_1075	CAALFM_C111550WA
lcl|NC_032089.1_cds_XP_713030.2_1076	CAALFM_C111560CA
lcl|NC_032089.1_cds_XP_019330704.1_1077	CAALFM_C111570WA
lcl|NC_032089.1_cds_XP_713029.1_1078	CAALFM_C111580WA
lcl|NC_032089.1_cds_XP_713028.2_1079	CAALFM_C111590WA
lcl|NC_032089.1_cds_XP_713027.2_1080	CAALFM_C111600WA
lcl|NC_032089.1_cds_XP_713026.2_1081	CAALFM_C111610CA
lcl|NC_032089.1_cds_XP_713025.1_1082	CAALFM_C111620WA
lcl|NC_032089.1_cds_XP_713023.1_1083	CAALFM_C111630CA
lcl|NC_032089.1_cds_XP_713022.1_1084	CAALFM_C111640CA
lcl|NC_032089.1_cds_XP_713021.1_1085	CAALFM_C111650WA
lcl|NC_032089.1_cds_XP_713020.2_1086	CAALFM_C111660WA
lcl|NC_032089.1_cds_XP_713019.2_1087	CAALFM_C111670WA
lcl|NC_032089.1_cds_XP_019330705.1_1088	CAALFM_C111680CA
lcl|NC_032089.1_cds_XP_713017.1_1089	CAALFM_C111690WA
lcl|NC_032089.1_cds_XP_713016.1_1090	CAALFM_C111700CA
lcl|NC_032089.1_cds_XP_713015.2_1091	CAALFM_C111710CA
lcl|NC_032089.1_cds_XP_713014.2_1092	CAALFM_C111720WA
lcl|NC_032089.1_cds_XP_713013.2_1093	CAALFM_C111730WA
lcl|NC_032089.1_cds_XP_713012.1_1094	CAALFM_C111740WA
lcl|NC_032089.1_cds_XP_713011.2_1095	CAALFM_C111750WA
lcl|NC_032089.1_cds_XP_713009.2_1096	CAALFM_C111760CA
lcl|NC_032089.1_cds_XP_713008.2_1097	CAALFM_C111770CA
lcl|NC_032089.1_cds_XP_713007.1_1098	CAALFM_C111790WA
lcl|NC_032089.1_cds_XP_713006.1_1099	CAALFM_C111800CA
lcl|NC_032089.1_cds_XP_710203.2_1100	CAALFM_C111810WA
lcl|NC_032089.1_cds_XP_716351.2_1101	CAALFM_C111850WA
lcl|NC_032089.1_cds_XP_716350.2_1102	CAALFM_C111860WA
lcl|NC_032089.1_cds_XP_716349.1_1103	CAALFM_C111870WA
lcl|NC_032089.1_cds_XP_716348.1_1104	CAALFM_C111880WA
lcl|NC_032089.1_cds_XP_716347.1_1105	CAALFM_C111890WA
lcl|NC_032089.1_cds_XP_716346.1_1106	CAALFM_C111900CA
lcl|NC_032089.1_cds_XP_716345.1_1107	CAALFM_C111910WA
lcl|NC_032089.1_cds_XP_716344.1_1108	CAALFM_C111920WA
lcl|NC_032089.1_cds_XP_716343.2_1109	CAALFM_C111930WA
lcl|NC_032089.1_cds_XP_716340.1_1110	CAALFM_C111940CA
lcl|NC_032089.1_cds_XP_716339.1_1111	CAALFM_C111950WA
lcl|NC_032089.1_cds_XP_019330706.1_1112	CAALFM_C111960CA
lcl|NC_032089.1_cds_XP_716338.1_1113	CAALFM_C111970CA
lcl|NC_032089.1_cds_XP_716337.1_1114	CAALFM_C111980WA
lcl|NC_032089.1_cds_XP_716336.1_1115	CAALFM_C111990WA
lcl|NC_032089.1_cds_XP_716335.1_1116	CAALFM_C112000CA
lcl|NC_032089.1_cds_XP_716334.1_1117	CAALFM_C112010CA
lcl|NC_032089.1_cds_XP_716332.1_1118	CAALFM_C112030WA
lcl|NC_032089.1_cds_XP_716331.1_1119	CAALFM_C112040WA
lcl|NC_032089.1_cds_XP_716329.1_1120	CAALFM_C112050WA
lcl|NC_032089.1_cds_XP_716328.2_1121	CAALFM_C112060CA
lcl|NC_032089.1_cds_XP_716327.2_1122	CAALFM_C112070CA
lcl|NC_032089.1_cds_XP_716326.1_1123	CAALFM_C112080WA
lcl|NC_032089.1_cds_XP_716325.1_1124	CAALFM_C112090CA
lcl|NC_032089.1_cds_XP_716324.2_1125	CAALFM_C112100CA
lcl|NC_032089.1_cds_XP_716323.1_1126	CAALFM_C112110CA
lcl|NC_032089.1_cds_XP_716322.1_1127	CAALFM_C112120WA
lcl|NC_032089.1_cds_XP_716320.1_1128	CAALFM_C112130CA
lcl|NC_032089.1_cds_XP_716319.1_1129	CAALFM_C112140WA
lcl|NC_032089.1_cds_XP_019330707.1_1130	CAALFM_C112150CA
lcl|NC_032089.1_cds_XP_716317.1_1131	CAALFM_C112160WA
lcl|NC_032089.1_cds_XP_716316.1_1132	CAALFM_C112170CA
lcl|NC_032089.1_cds_XP_716315.1_1133	CAALFM_C112180CA
lcl|NC_032089.1_cds_XP_716314.1_1134	CAALFM_C112190WA
lcl|NC_032089.1_cds_XP_716313.1_1135	CAALFM_C112200WA
lcl|NC_032089.1_cds_XP_716312.2_1136	CAALFM_C112210WA
lcl|NC_032089.1_cds_XP_716311.2_1137	CAALFM_C112220WA
lcl|NC_032089.1_cds_XP_716310.2_1138	CAALFM_C112230WA
lcl|NC_032089.1_cds_XP_716308.2_1139	CAALFM_C112240CA
lcl|NC_032089.1_cds_XP_716307.1_1140	CAALFM_C112250CA
lcl|NC_032089.1_cds_XP_716306.2_1141	CAALFM_C112260WA
lcl|NC_032089.1_cds_XP_019330708.1_1142	CAALFM_C112270WA
lcl|NC_032089.1_cds_XP_716304.1_1143	CAALFM_C112280CA
lcl|NC_032089.1_cds_XP_716303.2_1144	CAALFM_C112290CA
lcl|NC_032089.1_cds_XP_716301.1_1145	CAALFM_C112310CA
lcl|NC_032089.1_cds_XP_019330709.1_1146	CAALFM_C112320CA
lcl|NC_032089.1_cds_XP_716300.1_1147	CAALFM_C112330WA
lcl|NC_032089.1_cds_XP_716299.1_1148	CAALFM_C112340CA
lcl|NC_032089.1_cds_XP_716298.1_1149	CAALFM_C112350WA
lcl|NC_032089.1_cds_XP_716297.2_1150	CAALFM_C112360CA
lcl|NC_032089.1_cds_XP_716296.1_1151	CAALFM_C112370WA
lcl|NC_032089.1_cds_XP_716295.1_1152	CAALFM_C112380CA
lcl|NC_032089.1_cds_XP_019330710.1_1153	CAALFM_C112390CA
lcl|NC_032089.1_cds_XP_716294.1_1154	CAALFM_C112400CA
lcl|NC_032089.1_cds_XP_716293.2_1155	CAALFM_C112410CA
lcl|NC_032089.1_cds_XP_716290.2_1156	CAALFM_C112430WA
lcl|NC_032089.1_cds_XP_716289.1_1157	CAALFM_C112440WA
lcl|NC_032089.1_cds_XP_716288.2_1158	CAALFM_C112450CA
lcl|NC_032089.1_cds_XP_710220.2_1159	CAALFM_C112470WA
lcl|NC_032089.1_cds_XP_019330711.1_1160	CAALFM_C112480WA
lcl|NC_032089.1_cds_XP_710797.2_1161	CAALFM_C112490WA
lcl|NC_032089.1_cds_XP_710795.2_1162	CAALFM_C112510WA
lcl|NC_032089.1_cds_XP_710794.2_1163	CAALFM_C112520WA
lcl|NC_032089.1_cds_XP_710793.2_1164	CAALFM_C112530CA
lcl|NC_032089.1_cds_XP_710792.2_1165	CAALFM_C112540WA
lcl|NC_032089.1_cds_XP_710791.1_1166	CAALFM_C112550CA
lcl|NC_032089.1_cds_XP_019330712.1_1167	CAALFM_C112560CA
lcl|NC_032089.1_cds_XP_710789.1_1168	CAALFM_C112570CA
lcl|NC_032089.1_cds_XP_710788.2_1169	CAALFM_C112580WA
lcl|NC_032089.1_cds_XP_710787.1_1170	CAALFM_C112590WA
lcl|NC_032089.1_cds_XP_710786.2_1171	CAALFM_C112600CA
lcl|NC_032089.1_cds_XP_710785.1_1172	CAALFM_C112610WA
lcl|NC_032089.1_cds_XP_711580.2_1173	CAALFM_C112620WA
lcl|NC_032089.1_cds_XP_711578.1_1174	CAALFM_C112630CA
lcl|NC_032089.1_cds_XP_711577.1_1175	CAALFM_C112640WA
lcl|NC_032089.1_cds_XP_019330713.1_1176	CAALFM_C112650CA
lcl|NC_032089.1_cds_XP_711575.2_1177	CAALFM_C112660WA
lcl|NC_032089.1_cds_XP_711574.2_1178	CAALFM_C112670CA
lcl|NC_032089.1_cds_XP_711573.2_1179	CAALFM_C112680WA
lcl|NC_032089.1_cds_XP_711572.1_1180	CAALFM_C112690CA
lcl|NC_032089.1_cds_XP_711571.2_1181	CAALFM_C112700WA
lcl|NC_032089.1_cds_XP_711569.1_1182	CAALFM_C112710CA
lcl|NC_032089.1_cds_XP_711568.1_1183	CAALFM_C112720CA
lcl|NC_032089.1_cds_XP_711567.2_1184	CAALFM_C112730WA
lcl|NC_032089.1_cds_XP_711566.2_1185	CAALFM_C112740WA
lcl|NC_032089.1_cds_XP_711565.2_1186	CAALFM_C112750CA
lcl|NC_032089.1_cds_XP_711564.1_1187	CAALFM_C112760WA
lcl|NC_032089.1_cds_XP_711563.1_1188	CAALFM_C112770WA
lcl|NC_032089.1_cds_XP_711562.2_1189	CAALFM_C112780WA
lcl|NC_032089.1_cds_XP_711561.1_1190	CAALFM_C112790CA
lcl|NC_032089.1_cds_XP_711560.2_1191	CAALFM_C112800WA
lcl|NC_032089.1_cds_XP_711559.2_1192	CAALFM_C112810WA
lcl|NC_032089.1_cds_XP_019330714.1_1193	CAALFM_C112820CA
lcl|NC_032089.1_cds_XP_722124.2_1194	CAALFM_C112830CA
lcl|NC_032089.1_cds_XP_722125.1_1195	CAALFM_C112840WA
lcl|NC_032089.1_cds_XP_019330715.1_1196	CAALFM_C112850WA
lcl|NC_032089.1_cds_XP_722127.2_1197	CAALFM_C112860CA
lcl|NC_032089.1_cds_XP_722128.2_1198	CAALFM_C112870CA
lcl|NC_032089.1_cds_XP_722129.1_1199	CAALFM_C112880CA
lcl|NC_032089.1_cds_XP_722132.2_1200	CAALFM_C112900WA
lcl|NC_032089.1_cds_XP_019330716.1_1201	CAALFM_C112910WA
lcl|NC_032089.1_cds_XP_019330717.1_1202	CAALFM_C112920CA
lcl|NC_032089.1_cds_XP_722134.1_1203	CAALFM_C112930CA
lcl|NC_032089.1_cds_XP_019330718.1_1204	CAALFM_C112940CA
lcl|NC_032089.1_cds_XP_722135.2_1205	CAALFM_C112950WA
lcl|NC_032089.1_cds_XP_722138.1_1206	CAALFM_C112960CA
lcl|NC_032089.1_cds_XP_722139.2_1207	CAALFM_C112970CA
lcl|NC_032089.1_cds_XP_722140.2_1208	CAALFM_C113010WA
lcl|NC_032089.1_cds_XP_722141.1_1209	CAALFM_C113020CA
lcl|NC_032089.1_cds_XP_722142.1_1210	CAALFM_C113030CA
lcl|NC_032089.1_cds_XP_019330719.1_1211	CAALFM_C113050WA
lcl|NC_032089.1_cds_XP_722143.2_1212	CAALFM_C113060CA
lcl|NC_032089.1_cds_XP_722144.2_1213	CAALFM_C113070CA
lcl|NC_032089.1_cds_XP_722145.2_1214	CAALFM_C113080WA
lcl|NC_032089.1_cds_XP_019330720.1_1215	CAALFM_C113100WA
lcl|NC_032089.1_cds_XP_722148.2_1216	CAALFM_C113110CA
lcl|NC_032089.1_cds_XP_722150.2_1217	CAALFM_C113120CA
lcl|NC_032089.1_cds_XP_722151.1_1218	CAALFM_C113130CA
lcl|NC_032089.1_cds_XP_722152.1_1219	CAALFM_C113140CA
lcl|NC_032089.1_cds_XP_722154.1_1220	CAALFM_C113160WA
lcl|NC_032089.1_cds_XP_722156.2_1221	CAALFM_C113170CA
lcl|NC_032089.1_cds_XP_722157.1_1222	CAALFM_C113180WA
lcl|NC_032089.1_cds_XP_722158.1_1223	CAALFM_C113190WA
lcl|NC_032089.1_cds_XP_722159.2_1224	CAALFM_C113200CA
lcl|NC_032089.1_cds_XP_722161.1_1225	CAALFM_C113220CA
lcl|NC_032089.1_cds_XP_722162.2_1226	CAALFM_C113240WA
lcl|NC_032089.1_cds_XP_722163.2_1227	CAALFM_C113250WA
lcl|NC_032089.1_cds_XP_019330721.1_1228	CAALFM_C113260WA
lcl|NC_032089.1_cds_XP_722164.1_1229	CAALFM_C113270WA
lcl|NC_032089.1_cds_XP_722165.1_1230	CAALFM_C113280CA
lcl|NC_032089.1_cds_XP_019330722.1_1231	CAALFM_C113290WA
lcl|NC_032089.1_cds_XP_722167.2_1232	CAALFM_C113300CA
lcl|NC_032089.1_cds_XP_722168.2_1233	CAALFM_C113310WA
lcl|NC_032089.1_cds_XP_722169.1_1234	CAALFM_C113320CA
lcl|NC_032089.1_cds_XP_722170.1_1235	CAALFM_C113330CA
lcl|NC_032089.1_cds_XP_722171.1_1236	CAALFM_C113350WA
lcl|NC_032089.1_cds_XP_722172.2_1237	CAALFM_C113360CA
lcl|NC_032089.1_cds_XP_722173.2_1238	CAALFM_C113370WA
lcl|NC_032089.1_cds_XP_722174.2_1239	CAALFM_C113380WA
lcl|NC_032089.1_cds_XP_722175.2_1240	CAALFM_C113390WA
lcl|NC_032089.1_cds_XP_722176.1_1241	CAALFM_C113400CA
lcl|NC_032089.1_cds_XP_019330723.1_1242	CAALFM_C113410WA
lcl|NC_032089.1_cds_XP_019330724.1_1243	CAALFM_C113420CA
lcl|NC_032089.1_cds_XP_722180.2_1244	CAALFM_C113430CA
lcl|NC_032089.1_cds_XP_722182.2_1245	CAALFM_C113440CA
lcl|NC_032089.1_cds_XP_722183.2_1246	CAALFM_C113450WA
lcl|NC_032089.1_cds_XP_722185.1_1247	CAALFM_C113470WA
lcl|NC_032089.1_cds_XP_722186.1_1248	CAALFM_C113480WA
lcl|NC_032089.1_cds_XP_722187.2_1249	CAALFM_C113490CA
lcl|NC_032089.1_cds_XP_722188.2_1250	CAALFM_C113510CA
lcl|NC_032089.1_cds_XP_722189.1_1251	CAALFM_C113520CA
lcl|NC_032089.1_cds_XP_722191.1_1252	CAALFM_C113540WA
lcl|NC_032089.1_cds_XP_722193.2_1253	CAALFM_C113550CA
lcl|NC_032089.1_cds_XP_722194.1_1254	CAALFM_C113560WA
lcl|NC_032089.1_cds_XP_722196.2_1255	CAALFM_C113570WA
lcl|NC_032089.1_cds_XP_722199.2_1256	CAALFM_C113580WA
lcl|NC_032089.1_cds_XP_722200.2_1257	CAALFM_C113590WA
lcl|NC_032089.1_cds_XP_722201.1_1258	CAALFM_C113600WA
lcl|NC_032089.1_cds_XP_722202.1_1259	CAALFM_C113610CA
lcl|NC_032089.1_cds_XP_019330725.1_1260	CAALFM_C113620WA
lcl|NC_032089.1_cds_XP_722204.1_1261	CAALFM_C113630WA
lcl|NC_032089.1_cds_XP_722205.1_1262	CAALFM_C113640WA
lcl|NC_032089.1_cds_XP_722207.1_1263	CAALFM_C113650CA
lcl|NC_032089.1_cds_XP_722208.1_1264	CAALFM_C113660WA
lcl|NC_032089.1_cds_XP_722209.1_1265	CAALFM_C113670WA
lcl|NC_032089.1_cds_XP_722210.1_1266	CAALFM_C113680CA
lcl|NC_032089.1_cds_XP_019330726.1_1267	CAALFM_C113690CA
lcl|NC_032089.1_cds_XP_019330727.1_1268	CAALFM_C113700WA
lcl|NC_032089.1_cds_XP_019330728.1_1269	CAALFM_C113710CA
lcl|NC_032089.1_cds_XP_722213.1_1270	CAALFM_C113720WA
lcl|NC_032089.1_cds_XP_722214.1_1271	CAALFM_C113730CA
lcl|NC_032089.1_cds_XP_722215.1_1272	CAALFM_C113740WA
lcl|NC_032089.1_cds_XP_722216.1_1273	CAALFM_C113750CA
lcl|NC_032089.1_cds_XP_722217.1_1274	CAALFM_C113760WA
lcl|NC_032089.1_cds_XP_722218.1_1275	CAALFM_C113770CA
lcl|NC_032089.1_cds_XP_722219.1_1276	CAALFM_C113780WA
lcl|NC_032089.1_cds_XP_722220.1_1277	CAALFM_C113790CA
lcl|NC_032089.1_cds_XP_722221.1_1278	CAALFM_C113800CA
lcl|NC_032089.1_cds_XP_722222.1_1279	CAALFM_C113810WA
lcl|NC_032089.1_cds_XP_722223.1_1280	CAALFM_C113820CA
lcl|NC_032089.1_cds_XP_722224.1_1281	CAALFM_C113830CA
lcl|NC_032089.1_cds_XP_722225.2_1282	CAALFM_C113840WA
lcl|NC_032089.1_cds_XP_722226.1_1283	CAALFM_C113850CA
lcl|NC_032089.1_cds_XP_019330729.1_1284	CAALFM_C113860CA
lcl|NC_032089.1_cds_XP_722228.1_1285	CAALFM_C113870WA
lcl|NC_032089.1_cds_XP_722229.1_1286	CAALFM_C113880CA
lcl|NC_032089.1_cds_XP_722230.1_1287	CAALFM_C113900CA
lcl|NC_032089.1_cds_XP_722231.1_1288	CAALFM_C113910CA
lcl|NC_032089.1_cds_XP_722232.1_1289	CAALFM_C113920WA
lcl|NC_032089.1_cds_XP_722233.1_1290	CAALFM_C113930WA
lcl|NC_032089.1_cds_XP_722234.1_1291	CAALFM_C113940WA
lcl|NC_032089.1_cds_XP_722235.1_1292	CAALFM_C113950CA
lcl|NC_032089.1_cds_XP_722236.2_1293	CAALFM_C113960WA
lcl|NC_032089.1_cds_XP_722237.1_1294	CAALFM_C113970CA
lcl|NC_032089.1_cds_XP_715006.2_1295	CAALFM_C113980CA
lcl|NC_032089.1_cds_XP_715007.1_1296	CAALFM_C113990WA
lcl|NC_032089.1_cds_XP_715008.1_1297	CAALFM_C114000CA
lcl|NC_032089.1_cds_XP_019330730.1_1298	CAALFM_C114010WA
lcl|NC_032089.1_cds_XP_715010.1_1299	CAALFM_C114020WA
lcl|NC_032089.1_cds_XP_715011.1_1300	CAALFM_C114030WA
lcl|NC_032089.1_cds_XP_715013.1_1301	CAALFM_C114040WA
lcl|NC_032089.1_cds_XP_715014.1_1302	CAALFM_C114050CA
lcl|NC_032089.1_cds_XP_715015.1_1303	CAALFM_C114060WA
lcl|NC_032089.1_cds_XP_715016.1_1304	CAALFM_C114080WA
lcl|NC_032089.1_cds_XP_019330731.1_1305	CAALFM_C114090WA
lcl|NC_032089.1_cds_XP_715017.1_1306	CAALFM_C114100WA
lcl|NC_032089.1_cds_XP_715018.1_1307	CAALFM_C114110CA
lcl|NC_032089.1_cds_XP_715019.1_1308	CAALFM_C114120CA
lcl|NC_032089.1_cds_XP_715020.1_1309	CAALFM_C114130WA
lcl|NC_032089.1_cds_XP_715022.1_1310	CAALFM_C114140CA
lcl|NC_032089.1_cds_XP_715023.1_1311	CAALFM_C114150CA
lcl|NC_032089.1_cds_XP_715024.1_1312	CAALFM_C114160WA
lcl|NC_032089.1_cds_XP_715025.1_1313	CAALFM_C114170WA
lcl|NC_032089.1_cds_XP_715026.1_1314	CAALFM_C114180WA
lcl|NC_032089.1_cds_XP_715028.1_1315	CAALFM_C114190CA
lcl|NC_032089.1_cds_XP_715029.1_1316	CAALFM_C114200WA
lcl|NC_032089.1_cds_XP_715030.1_1317	CAALFM_C114210CA
lcl|NC_032089.1_cds_XP_715031.1_1318	CAALFM_C114220CA
lcl|NC_032089.1_cds_XP_715033.2_1319	CAALFM_C114230CA
lcl|NC_032089.1_cds_XP_715034.1_1320	CAALFM_C114240WA
lcl|NC_032089.1_cds_XP_715035.1_1321	CAALFM_C114250CA
lcl|NC_032089.1_cds_XP_715036.1_1322	CAALFM_C114260CA
lcl|NC_032089.1_cds_XP_715037.1_1323	CAALFM_C114270WA
lcl|NC_032089.1_cds_XP_715038.1_1324	CAALFM_C114280CA
lcl|NC_032089.1_cds_XP_019330732.1_1325	CAALFM_C114290CA
lcl|NC_032089.1_cds_XP_715042.1_1326	CAALFM_C114300CA
lcl|NC_032089.1_cds_XP_715043.1_1327	CAALFM_C114310WA
lcl|NC_032089.1_cds_XP_715044.1_1328	CAALFM_C114320CA
lcl|NC_032089.1_cds_XP_715045.1_1329	CAALFM_C114330WA
lcl|NC_032089.1_cds_XP_715047.1_1330	CAALFM_C114340CA
lcl|NC_032089.1_cds_XP_715048.1_1331	CAALFM_C114350WA
lcl|NC_032089.1_cds_XP_715049.1_1332	CAALFM_C114360CA
lcl|NC_032089.1_cds_XP_715052.1_1333	CAALFM_C114380CA
lcl|NC_032089.1_cds_XP_715053.2_1334	CAALFM_C114390WA
lcl|NC_032089.1_cds_XP_715055.1_1335	CAALFM_C114400CA
lcl|NC_032089.1_cds_XP_715054.2_1336	CAALFM_C114410WA
lcl|NC_032089.1_cds_XP_715056.1_1337	CAALFM_C114420WA
lcl|NC_032089.1_cds_XP_715058.1_1338	CAALFM_C114430CA
lcl|NC_032089.1_cds_XP_715059.1_1339	CAALFM_C114440CA
lcl|NC_032089.1_cds_XP_715060.1_1340	CAALFM_C114450CA
lcl|NC_032089.1_cds_XP_715061.1_1341	CAALFM_C114460WA
lcl|NC_032089.1_cds_XP_715062.1_1342	CAALFM_C114470WA
lcl|NC_032089.1_cds_XP_715063.1_1343	CAALFM_C114480WA
lcl|NC_032089.1_cds_XP_715064.1_1344	CAALFM_C114490CA
lcl|NC_032089.1_cds_XP_715066.1_1345	CAALFM_C114500CA
lcl|NC_032089.1_cds_XP_715067.2_1346	CAALFM_C114520WA
lcl|NC_032089.1_cds_XP_715068.1_1347	CAALFM_C114530WA
lcl|NC_032089.1_cds_XP_715069.1_1348	CAALFM_C114550CA
lcl|NC_032089.1_cds_XP_710028.2_1349	CAALFM_C114560CA
lcl|NC_032089.1_cds_XP_715072.2_1350	CAALFM_C114570CA
lcl|NC_032089.1_cds_XP_715074.1_1351	CAALFM_C114580CA
lcl|NC_032089.1_cds_XP_019330733.1_1352	CAALFM_C114590CA
lcl|NC_032089.1_cds_XP_715075.2_1353	CAALFM_C114630CA
lcl|NC_032090.1_cds_XP_710489.2_1354	CAALFM_C200010WA
lcl|NC_032090.1_cds_XP_710488.1_1355	CAALFM_C200030WA
lcl|NC_032090.1_cds_XP_710485.2_1356	CAALFM_C200050CA
lcl|NC_032090.1_cds_XP_710482.1_1357	CAALFM_C200060CA
lcl|NC_032090.1_cds_XP_710480.2_1358	CAALFM_C200070CA
lcl|NC_032090.1_cds_XP_710479.2_1359	CAALFM_C200080CA
lcl|NC_032090.1_cds_XP_710478.2_1360	CAALFM_C200090WA
lcl|NC_032090.1_cds_XP_710476.2_1361	CAALFM_C200100CA
lcl|NC_032090.1_cds_XP_710475.2_1362	CAALFM_C200110WA
lcl|NC_032090.1_cds_XP_710472.2_1363	CAALFM_C200120CA
lcl|NC_032090.1_cds_XP_719565.1_1364	CAALFM_C200140WA
lcl|NC_032090.1_cds_XP_719563.2_1365	CAALFM_C200150WA
lcl|NC_032090.1_cds_XP_719562.2_1366	CAALFM_C200160CA
lcl|NC_032090.1_cds_XP_719561.2_1367	CAALFM_C200170CA
lcl|NC_032090.1_cds_XP_719560.1_1368	CAALFM_C200180CA
lcl|NC_032090.1_cds_XP_719559.1_1369	CAALFM_C200190CA
lcl|NC_032090.1_cds_XP_719558.2_1370	CAALFM_C200200WA
lcl|NC_032090.1_cds_XP_019330734.1_1371	CAALFM_C200210WA
lcl|NC_032090.1_cds_XP_719557.2_1372	CAALFM_C200220CA
lcl|NC_032090.1_cds_XP_719556.2_1373	CAALFM_C200230WA
lcl|NC_032090.1_cds_XP_719554.2_1374	CAALFM_C200240CA
lcl|NC_032090.1_cds_XP_019330735.1_1375	CAALFM_C200250WA
lcl|NC_032090.1_cds_XP_019330736.1_1376	CAALFM_C200260CA
lcl|NC_032090.1_cds_XP_719552.2_1377	CAALFM_C200270CA
lcl|NC_032090.1_cds_XP_719551.2_1378	CAALFM_C200280CA
lcl|NC_032090.1_cds_XP_719550.1_1379	CAALFM_C200290WA
lcl|NC_032090.1_cds_XP_719548.1_1380	CAALFM_C200300CA
lcl|NC_032090.1_cds_XP_719549.1_1381	CAALFM_C200310WA
lcl|NC_032090.1_cds_XP_719547.1_1382	CAALFM_C200320WA
lcl|NC_032090.1_cds_XP_019330737.1_1383	CAALFM_C200330CA
lcl|NC_032090.1_cds_XP_719544.1_1384	CAALFM_C200340CA
lcl|NC_032090.1_cds_XP_719543.2_1385	CAALFM_C200350WA
lcl|NC_032090.1_cds_XP_719541.2_1386	CAALFM_C200360CA
lcl|NC_032090.1_cds_XP_719540.2_1387	CAALFM_C200370WA
lcl|NC_032090.1_cds_XP_719539.1_1388	CAALFM_C200380CA
lcl|NC_032090.1_cds_XP_719538.1_1389	CAALFM_C200390CA
lcl|NC_032090.1_cds_XP_719537.2_1390	CAALFM_C200400CA
lcl|NC_032090.1_cds_XP_719536.2_1391	CAALFM_C200410CA
lcl|NC_032090.1_cds_XP_019330738.1_1392	CAALFM_C200420WA
lcl|NC_032090.1_cds_XP_719534.2_1393	CAALFM_C200430CA
lcl|NC_032090.1_cds_XP_719533.1_1394	CAALFM_C200440WA
lcl|NC_032090.1_cds_XP_719530.1_1395	CAALFM_C200450CA
lcl|NC_032090.1_cds_XP_719529.2_1396	CAALFM_C200460WA
lcl|NC_032090.1_cds_XP_719528.2_1397	CAALFM_C200470WA
lcl|NC_032090.1_cds_XP_719526.1_1398	CAALFM_C200480CA
lcl|NC_032090.1_cds_XP_719525.2_1399	CAALFM_C200490WA
lcl|NC_032090.1_cds_XP_719524.2_1400	CAALFM_C200500WA
lcl|NC_032090.1_cds_XP_719523.2_1401	CAALFM_C200510WA
lcl|NC_032090.1_cds_XP_719522.1_1402	CAALFM_C200520WA
lcl|NC_032090.1_cds_XP_719520.1_1403	CAALFM_C200540WA
lcl|NC_032090.1_cds_XP_719519.1_1404	CAALFM_C200550WA
lcl|NC_032090.1_cds_XP_719518.1_1405	CAALFM_C200560WA
lcl|NC_032090.1_cds_XP_019330739.1_1406	CAALFM_C200570WA
lcl|NC_032090.1_cds_XP_719516.1_1407	CAALFM_C200580CA
lcl|NC_032090.1_cds_XP_719515.2_1408	CAALFM_C200590WA
lcl|NC_032090.1_cds_XP_719514.2_1409	CAALFM_C200600CA
lcl|NC_032090.1_cds_XP_019330740.1_1410	CAALFM_C200610CA
lcl|NC_032090.1_cds_XP_719513.1_1411	CAALFM_C200620CA
lcl|NC_032090.1_cds_XP_719512.1_1412	CAALFM_C200630CA
lcl|NC_032090.1_cds_XP_719511.2_1413	CAALFM_C200640WA
lcl|NC_032090.1_cds_XP_719510.1_1414	CAALFM_C200650WA
lcl|NC_032090.1_cds_XP_719509.1_1415	CAALFM_C200660CA
lcl|NC_032090.1_cds_XP_719507.1_1416	CAALFM_C200680CA
lcl|NC_032090.1_cds_XP_719506.1_1417	CAALFM_C200690WA
lcl|NC_032090.1_cds_XP_719505.1_1418	CAALFM_C200700WA
lcl|NC_032090.1_cds_XP_719504.2_1419	CAALFM_C200710WA
lcl|NC_032090.1_cds_XP_719503.2_1420	CAALFM_C200720CA
lcl|NC_032090.1_cds_XP_019330741.1_1421	CAALFM_C200730CA
lcl|NC_032090.1_cds_XP_719499.1_1422	CAALFM_C200740CA
lcl|NC_032090.1_cds_XP_719498.1_1423	CAALFM_C200750WA
lcl|NC_032090.1_cds_XP_719497.1_1424	CAALFM_C200760CA
lcl|NC_032090.1_cds_XP_719496.1_1425	CAALFM_C200770WA
lcl|NC_032090.1_cds_XP_719495.1_1426	CAALFM_C200780WA
lcl|NC_032090.1_cds_XP_719494.1_1427	CAALFM_C200790CA
lcl|NC_032090.1_cds_XP_719493.2_1428	CAALFM_C200800CA
lcl|NC_032090.1_cds_XP_719492.1_1429	CAALFM_C200810CA
lcl|NC_032090.1_cds_XP_719491.2_1430	CAALFM_C200820WA
lcl|NC_032090.1_cds_XP_719490.2_1431	CAALFM_C200830CA
lcl|NC_032090.1_cds_XP_719489.2_1432	CAALFM_C200840WA
lcl|NC_032090.1_cds_XP_719488.1_1433	CAALFM_C200850WA
lcl|NC_032090.1_cds_XP_719487.1_1434	CAALFM_C200860CA
lcl|NC_032090.1_cds_XP_719486.1_1435	CAALFM_C200870WA
lcl|NC_032090.1_cds_XP_719485.1_1436	CAALFM_C200880WA
lcl|NC_032090.1_cds_XP_719484.2_1437	CAALFM_C200890WA
lcl|NC_032090.1_cds_XP_719483.1_1438	CAALFM_C200900WA
lcl|NC_032090.1_cds_XP_719482.2_1439	CAALFM_C200910WA
lcl|NC_032090.1_cds_XP_719481.2_1440	CAALFM_C200920WA
lcl|NC_032090.1_cds_XP_019330742.1_1441	CAALFM_C200930CA
lcl|NC_032090.1_cds_XP_719479.1_1442	CAALFM_C200940WA
lcl|NC_032090.1_cds_XP_719478.2_1443	CAALFM_C200950CA
lcl|NC_032090.1_cds_XP_719477.1_1444	CAALFM_C200960CA
lcl|NC_032090.1_cds_XP_719475.2_1445	CAALFM_C200970CA
lcl|NC_032090.1_cds_XP_719472.2_1446	CAALFM_C201000WA
lcl|NC_032090.1_cds_XP_719471.2_1447	CAALFM_C201010WA
lcl|NC_032090.1_cds_XP_719469.1_1448	CAALFM_C201020WA
lcl|NC_032090.1_cds_XP_719468.2_1449	CAALFM_C201030WA
lcl|NC_032090.1_cds_XP_019330743.1_1450	CAALFM_C201040WA
lcl|NC_032090.1_cds_XP_019330744.1_1451	CAALFM_C201050WA
lcl|NC_032090.1_cds_XP_719467.2_1452	CAALFM_C201060CA
lcl|NC_032090.1_cds_XP_719466.1_1453	CAALFM_C201070WA
lcl|NC_032090.1_cds_XP_719465.1_1454	CAALFM_C201090CA
lcl|NC_032090.1_cds_XP_719464.2_1455	CAALFM_C201110CA
lcl|NC_032090.1_cds_XP_719462.2_1456	CAALFM_C201120WA
lcl|NC_032090.1_cds_XP_019330745.1_1457	CAALFM_C201130WA
lcl|NC_032090.1_cds_XP_719459.1_1458	CAALFM_C201140CA
lcl|NC_032090.1_cds_XP_719458.2_1459	CAALFM_C201150WA
lcl|NC_032090.1_cds_XP_719457.2_1460	CAALFM_C201160WA
lcl|NC_032090.1_cds_XP_719456.2_1461	CAALFM_C201170CA
lcl|NC_032090.1_cds_XP_019330746.1_1462	CAALFM_C201180WA
lcl|NC_032090.1_cds_XP_719455.2_1463	CAALFM_C201190CA
lcl|NC_032090.1_cds_XP_719454.2_1464	CAALFM_C201200CA
lcl|NC_032090.1_cds_XP_719453.2_1465	CAALFM_C201210CA
lcl|NC_032090.1_cds_XP_719452.2_1466	CAALFM_C201220WA
lcl|NC_032090.1_cds_XP_719451.2_1467	CAALFM_C201230WA
lcl|NC_032090.1_cds_XP_719450.1_1468	CAALFM_C201240CA
lcl|NC_032090.1_cds_XP_719449.1_1469	CAALFM_C201250WA
lcl|NC_032090.1_cds_XP_719448.2_1470	CAALFM_C201260WA
lcl|NC_032090.1_cds_XP_719447.2_1471	CAALFM_C201270WA
lcl|NC_032090.1_cds_XP_719445.1_1472	CAALFM_C201300CA
lcl|NC_032090.1_cds_XP_719444.2_1473	CAALFM_C201310WA
lcl|NC_032090.1_cds_XP_719443.2_1474	CAALFM_C201320WA
lcl|NC_032090.1_cds_XP_719442.1_1475	CAALFM_C201330CA
lcl|NC_032090.1_cds_XP_719441.2_1476	CAALFM_C201340WA
lcl|NC_032090.1_cds_XP_719440.2_1477	CAALFM_C201350CA
lcl|NC_032090.1_cds_XP_719439.1_1478	CAALFM_C201360CA
lcl|NC_032090.1_cds_XP_722491.1_1479	CAALFM_C201370CA
lcl|NC_032090.1_cds_XP_722492.2_1480	CAALFM_C201380WA
lcl|NC_032090.1_cds_XP_722494.2_1481	CAALFM_C201390WA
lcl|NC_032090.1_cds_XP_722495.1_1482	CAALFM_C201400CA
lcl|NC_032090.1_cds_XP_722496.1_1483	CAALFM_C201410CA
lcl|NC_032090.1_cds_XP_722497.2_1484	CAALFM_C201420CA
lcl|NC_032090.1_cds_XP_722498.1_1485	CAALFM_C201430WA
lcl|NC_032090.1_cds_XP_019330747.1_1486	CAALFM_C201440CA
lcl|NC_032090.1_cds_XP_722499.1_1487	CAALFM_C201450CA
lcl|NC_032090.1_cds_XP_722500.1_1488	CAALFM_C201460CA
lcl|NC_032090.1_cds_XP_722501.1_1489	CAALFM_C201470WA
lcl|NC_032090.1_cds_XP_722503.1_1490	CAALFM_C201480WA
lcl|NC_032090.1_cds_XP_722507.2_1491	CAALFM_C201490CA
lcl|NC_032090.1_cds_XP_722506.1_1492	CAALFM_C201500WA
lcl|NC_032090.1_cds_XP_722508.2_1493	CAALFM_C201510CA
lcl|NC_032090.1_cds_XP_722509.1_1494	CAALFM_C201520WA
lcl|NC_032090.1_cds_XP_722510.1_1495	CAALFM_C201530CA
lcl|NC_032090.1_cds_XP_722511.2_1496	CAALFM_C201540WA
lcl|NC_032090.1_cds_XP_722512.1_1497	CAALFM_C201550WA
lcl|NC_032090.1_cds_XP_722514.1_1498	CAALFM_C201560WA
lcl|NC_032090.1_cds_XP_722515.1_1499	CAALFM_C201570WA
lcl|NC_032090.1_cds_XP_722516.2_1500	CAALFM_C201580WA
lcl|NC_032090.1_cds_XP_722517.1_1501	CAALFM_C201590WA
lcl|NC_032090.1_cds_XP_722518.1_1502	CAALFM_C201600CA
lcl|NC_032090.1_cds_XP_722520.1_1503	CAALFM_C201610CA
lcl|NC_032090.1_cds_XP_722521.1_1504	CAALFM_C201620WA
lcl|NC_032090.1_cds_XP_722522.1_1505	CAALFM_C201630WA
lcl|NC_032090.1_cds_XP_722523.1_1506	CAALFM_C201640WA
lcl|NC_032090.1_cds_XP_722525.1_1507	CAALFM_C201650WA
lcl|NC_032090.1_cds_XP_722526.1_1508	CAALFM_C201660CA
lcl|NC_032090.1_cds_XP_722527.1_1509	CAALFM_C201670CA
lcl|NC_032090.1_cds_XP_722528.2_1510	CAALFM_C201680CA
lcl|NC_032090.1_cds_XP_722529.1_1511	CAALFM_C201690WA
lcl|NC_032090.1_cds_XP_722530.2_1512	CAALFM_C201700CA
lcl|NC_032090.1_cds_XP_722531.1_1513	CAALFM_C201710WA
lcl|NC_032090.1_cds_XP_722532.1_1514	CAALFM_C201720CA
lcl|NC_032090.1_cds_XP_722533.2_1515	CAALFM_C201730WA
lcl|NC_032090.1_cds_XP_722534.1_1516	CAALFM_C201740CA
lcl|NC_032090.1_cds_XP_722535.1_1517	CAALFM_C201750CA
lcl|NC_032090.1_cds_XP_722537.2_1518	CAALFM_C201760CA
lcl|NC_032090.1_cds_XP_722538.2_1519	CAALFM_C201780WA
lcl|NC_032090.1_cds_XP_019330748.1_1520	CAALFM_C201800WA
lcl|NC_032090.1_cds_XP_722539.2_1521	CAALFM_C201820CA
lcl|NC_032090.1_cds_XP_722540.2_1522	CAALFM_C201830WA
lcl|NC_032090.1_cds_XP_722541.1_1523	CAALFM_C201840CA
lcl|NC_032090.1_cds_XP_019330749.1_1524	CAALFM_C201850WA
lcl|NC_032090.1_cds_XP_722543.1_1525	CAALFM_C201860CA
lcl|NC_032090.1_cds_XP_722544.1_1526	CAALFM_C201870CA
lcl|NC_032090.1_cds_XP_722545.2_1527	CAALFM_C201880CA
lcl|NC_032090.1_cds_XP_722546.2_1528	CAALFM_C201890WA
lcl|NC_032090.1_cds_XP_722547.2_1529	CAALFM_C201900CA
lcl|NC_032090.1_cds_XP_722548.1_1530	CAALFM_C201910WA
lcl|NC_032090.1_cds_XP_722550.2_1531	CAALFM_C201920CA
lcl|NC_032090.1_cds_XP_722551.2_1532	CAALFM_C201930CA
lcl|NC_032090.1_cds_XP_722553.2_1533	CAALFM_C201950CA
lcl|NC_032090.1_cds_XP_722555.2_1534	CAALFM_C201970CA
lcl|NC_032090.1_cds_XP_722556.2_1535	CAALFM_C201980CA
lcl|NC_032090.1_cds_XP_722558.2_1536	CAALFM_C201990CA
lcl|NC_032090.1_cds_XP_722559.2_1537	CAALFM_C202000WA
lcl|NC_032090.1_cds_XP_722560.1_1538	CAALFM_C202010CA
lcl|NC_032090.1_cds_XP_722561.2_1539	CAALFM_C202020WA
lcl|NC_032090.1_cds_XP_019330750.1_1540	CAALFM_C202030WA
lcl|NC_032090.1_cds_XP_722563.2_1541	CAALFM_C202040WA
lcl|NC_032090.1_cds_XP_722566.2_1542	CAALFM_C202050CA
lcl|NC_032090.1_cds_XP_722567.1_1543	CAALFM_C202060CA
lcl|NC_032090.1_cds_XP_722568.2_1544	CAALFM_C202070WA
lcl|NC_032090.1_cds_XP_722569.1_1545	CAALFM_C202090WA
lcl|NC_032090.1_cds_XP_722570.2_1546	CAALFM_C202100WA
lcl|NC_032090.1_cds_XP_722571.1_1547	CAALFM_C202110CA
lcl|NC_032090.1_cds_XP_722572.1_1548	CAALFM_C202120WA
lcl|NC_032090.1_cds_XP_722573.2_1549	CAALFM_C202130CA
lcl|NC_032090.1_cds_XP_722574.1_1550	CAALFM_C202140CA
lcl|NC_032090.1_cds_XP_722575.2_1551	CAALFM_C202150CA
lcl|NC_032090.1_cds_XP_722576.1_1552	CAALFM_C202160WA
lcl|NC_032090.1_cds_XP_722577.2_1553	CAALFM_C202170WA
lcl|NC_032090.1_cds_XP_722578.2_1554	CAALFM_C202180WA
lcl|NC_032090.1_cds_XP_722579.2_1555	CAALFM_C202190CA
lcl|NC_032090.1_cds_XP_722581.2_1556	CAALFM_C202200WA
lcl|NC_032090.1_cds_XP_722582.2_1557	CAALFM_C202210CA
lcl|NC_032090.1_cds_XP_722583.2_1558	CAALFM_C202220CA
lcl|NC_032090.1_cds_XP_722584.2_1559	CAALFM_C202230CA
lcl|NC_032090.1_cds_XP_722585.1_1560	CAALFM_C202240CA
lcl|NC_032090.1_cds_XP_722586.2_1561	CAALFM_C202250CA
lcl|NC_032090.1_cds_XP_722587.1_1562	CAALFM_C202260WA
lcl|NC_032090.1_cds_XP_722588.1_1563	CAALFM_C202270CA
lcl|NC_032090.1_cds_XP_722589.1_1564	CAALFM_C202280WA
lcl|NC_032090.1_cds_XP_722590.2_1565	CAALFM_C202290CA
lcl|NC_032090.1_cds_XP_722591.2_1566	CAALFM_C202300WA
lcl|NC_032090.1_cds_XP_722592.2_1567	CAALFM_C202310WA
lcl|NC_032090.1_cds_XP_722595.1_1568	CAALFM_C202320CA
lcl|NC_032090.1_cds_XP_722594.1_1569	CAALFM_C202330WA
lcl|NC_032090.1_cds_XP_019330751.1_1570	CAALFM_C202340CA
lcl|NC_032090.1_cds_XP_722598.2_1571	CAALFM_C202350CA
lcl|NC_032090.1_cds_XP_722599.2_1572	CAALFM_C202360CA
lcl|NC_032090.1_cds_XP_722601.1_1573	CAALFM_C202370CA
lcl|NC_032090.1_cds_XP_722602.1_1574	CAALFM_C202380WA
lcl|NC_032090.1_cds_XP_722604.1_1575	CAALFM_C202390WA
lcl|NC_032090.1_cds_XP_722605.2_1576	CAALFM_C202400WA
lcl|NC_032090.1_cds_XP_722606.2_1577	CAALFM_C202410WA
lcl|NC_032090.1_cds_XP_722607.2_1578	CAALFM_C202420CA
lcl|NC_032090.1_cds_XP_722608.2_1579	CAALFM_C202430WA
lcl|NC_032090.1_cds_XP_722609.2_1580	CAALFM_C202440WA
lcl|NC_032090.1_cds_XP_722611.2_1581	CAALFM_C202450CA
lcl|NC_032090.1_cds_XP_722612.2_1582	CAALFM_C202460WA
lcl|NC_032090.1_cds_XP_019330752.1_1583	CAALFM_C202470CA
lcl|NC_032090.1_cds_XP_722615.2_1584	CAALFM_C202490CA
lcl|NC_032090.1_cds_XP_722616.2_1585	CAALFM_C202500WA
lcl|NC_032090.1_cds_XP_722617.1_1586	CAALFM_C202510WA
lcl|NC_032090.1_cds_XP_722618.2_1587	CAALFM_C202520WA
lcl|NC_032090.1_cds_XP_722619.1_1588	CAALFM_C202530WA
lcl|NC_032090.1_cds_XP_722620.2_1589	CAALFM_C202540WA
lcl|NC_032090.1_cds_XP_722622.2_1590	CAALFM_C202550CA
lcl|NC_032090.1_cds_XP_019330753.1_1591	CAALFM_C202570WA
lcl|NC_032090.1_cds_XP_722626.1_1592	CAALFM_C202580WA
lcl|NC_032090.1_cds_XP_722627.2_1593	CAALFM_C202590WA
lcl|NC_032090.1_cds_XP_722628.1_1594	CAALFM_C202600CA
lcl|NC_032090.1_cds_XP_722629.1_1595	CAALFM_C202610CA
lcl|NC_032090.1_cds_XP_722630.2_1596	CAALFM_C202620WA
lcl|NC_032090.1_cds_XP_722631.1_1597	CAALFM_C202630WA
lcl|NC_032090.1_cds_XP_019330754.1_1598	CAALFM_C202640CA
lcl|NC_032090.1_cds_XP_715381.1_1599	CAALFM_C202660WA
lcl|NC_032090.1_cds_XP_715380.2_1600	CAALFM_C202670CA
lcl|NC_032090.1_cds_XP_715379.2_1601	CAALFM_C202680WA
lcl|NC_032090.1_cds_XP_715378.1_1602	CAALFM_C202690WA
lcl|NC_032090.1_cds_XP_715377.1_1603	CAALFM_C202700CA
lcl|NC_032090.1_cds_XP_715375.1_1604	CAALFM_C202710CA
lcl|NC_032090.1_cds_XP_715374.2_1605	CAALFM_C202720WA
lcl|NC_032090.1_cds_XP_715373.1_1606	CAALFM_C202730WA
lcl|NC_032090.1_cds_XP_715372.2_1607	CAALFM_C202740CA
lcl|NC_032090.1_cds_XP_715371.1_1608	CAALFM_C202750CA
lcl|NC_032090.1_cds_XP_715370.2_1609	CAALFM_C202760WA
lcl|NC_032090.1_cds_XP_715369.1_1610	CAALFM_C202770WA
lcl|NC_032090.1_cds_XP_715368.2_1611	CAALFM_C202780CA
lcl|NC_032090.1_cds_XP_715367.2_1612	CAALFM_C202790CA
lcl|NC_032090.1_cds_XP_019330755.1_1613	CAALFM_C202800WA
lcl|NC_032090.1_cds_XP_715366.1_1614	CAALFM_C202810CA
lcl|NC_032090.1_cds_XP_715365.1_1615	CAALFM_C202820CA
lcl|NC_032090.1_cds_XP_715364.1_1616	CAALFM_C202830CA
lcl|NC_032090.1_cds_XP_715362.2_1617	CAALFM_C202840CA
lcl|NC_032090.1_cds_XP_715361.2_1618	CAALFM_C202850WA
lcl|NC_032090.1_cds_XP_715359.1_1619	CAALFM_C202860WA
lcl|NC_032090.1_cds_XP_019330756.1_1620	CAALFM_C202870WA
lcl|NC_032090.1_cds_XP_715357.1_1621	CAALFM_C202880CA
lcl|NC_032090.1_cds_XP_715356.1_1622	CAALFM_C202890WA
lcl|NC_032090.1_cds_XP_715355.1_1623	CAALFM_C202900WA
lcl|NC_032090.1_cds_XP_019330757.1_1624	CAALFM_C202910WA
lcl|NC_032090.1_cds_XP_715354.1_1625	CAALFM_C202920WA
lcl|NC_032090.1_cds_XP_715353.1_1626	CAALFM_C202930CA
lcl|NC_032090.1_cds_XP_715352.2_1627	CAALFM_C202940WA
lcl|NC_032090.1_cds_XP_715350.2_1628	CAALFM_C202950WA
lcl|NC_032090.1_cds_XP_715349.2_1629	CAALFM_C202960CA
lcl|NC_032090.1_cds_XP_715347.2_1630	CAALFM_C202970CA
lcl|NC_032090.1_cds_XP_715346.2_1631	CAALFM_C202980CA
lcl|NC_032090.1_cds_XP_715345.2_1632	CAALFM_C202990CA
lcl|NC_032090.1_cds_XP_715343.2_1633	CAALFM_C203000CA
lcl|NC_032090.1_cds_XP_715342.1_1634	CAALFM_C203010CA
lcl|NC_032090.1_cds_XP_715340.1_1635	CAALFM_C203020CA
lcl|NC_032090.1_cds_XP_715339.2_1636	CAALFM_C203030WA
lcl|NC_032090.1_cds_XP_715338.1_1637	CAALFM_C203040WA
lcl|NC_032090.1_cds_XP_715337.1_1638	CAALFM_C203050WA
lcl|NC_032090.1_cds_XP_715334.1_1639	CAALFM_C203060WA
lcl|NC_032090.1_cds_XP_715333.2_1640	CAALFM_C203070CA
lcl|NC_032090.1_cds_XP_715332.2_1641	CAALFM_C203080WA
lcl|NC_032090.1_cds_XP_715330.2_1642	CAALFM_C203090CA
lcl|NC_032090.1_cds_XP_019330758.1_1643	CAALFM_C203100WA
lcl|NC_032090.1_cds_XP_715326.2_1644	CAALFM_C203110WA
lcl|NC_032090.1_cds_XP_715325.1_1645	CAALFM_C203120WA
lcl|NC_032090.1_cds_XP_715324.2_1646	CAALFM_C203130WA
lcl|NC_032090.1_cds_XP_715323.2_1647	CAALFM_C203140CA
lcl|NC_032090.1_cds_XP_715321.2_1648	CAALFM_C203150CA
lcl|NC_032090.1_cds_XP_715320.1_1649	CAALFM_C203160CA
lcl|NC_032090.1_cds_XP_715319.1_1650	CAALFM_C203170WA
lcl|NC_032090.1_cds_XP_715318.2_1651	CAALFM_C203180CA
lcl|NC_032090.1_cds_XP_721029.1_1652	CAALFM_C203200WA
lcl|NC_032090.1_cds_XP_019330759.1_1653	CAALFM_C203210WA
lcl|NC_032090.1_cds_XP_721028.2_1654	CAALFM_C203220CA
lcl|NC_032090.1_cds_XP_721027.1_1655	CAALFM_C203230CA
lcl|NC_032090.1_cds_XP_721025.1_1656	CAALFM_C203240CA
lcl|NC_032090.1_cds_XP_721024.2_1657	CAALFM_C203250WA
lcl|NC_032090.1_cds_XP_721023.1_1658	CAALFM_C203260WA
lcl|NC_032090.1_cds_XP_721022.1_1659	CAALFM_C203270WA
lcl|NC_032090.1_cds_XP_721021.2_1660	CAALFM_C203280WA
lcl|NC_032090.1_cds_XP_721020.2_1661	CAALFM_C203290WA
lcl|NC_032090.1_cds_XP_721019.2_1662	CAALFM_C203300WA
lcl|NC_032090.1_cds_XP_721018.1_1663	CAALFM_C203310CA
lcl|NC_032090.1_cds_XP_721017.2_1664	CAALFM_C203320WA
lcl|NC_032090.1_cds_XP_721016.1_1665	CAALFM_C203330CA
lcl|NC_032090.1_cds_XP_721015.2_1666	CAALFM_C203340WA
lcl|NC_032090.1_cds_XP_721014.2_1667	CAALFM_C203350WA
lcl|NC_032090.1_cds_XP_721012.1_1668	CAALFM_C203360WA
lcl|NC_032090.1_cds_XP_721010.2_1669	CAALFM_C203370WA
lcl|NC_032090.1_cds_XP_721009.2_1670	CAALFM_C203380WA
lcl|NC_032090.1_cds_XP_721005.2_1671	CAALFM_C203390CA
lcl|NC_032090.1_cds_XP_721004.1_1672	CAALFM_C203400CA
lcl|NC_032090.1_cds_XP_721003.2_1673	CAALFM_C203410WA
lcl|NC_032090.1_cds_XP_721002.2_1674	CAALFM_C203420CA
lcl|NC_032090.1_cds_XP_721001.2_1675	CAALFM_C203430WA
lcl|NC_032090.1_cds_XP_720999.1_1676	CAALFM_C203440WA
lcl|NC_032090.1_cds_XP_720998.2_1677	CAALFM_C203450WA
lcl|NC_032090.1_cds_XP_720997.1_1678	CAALFM_C203460CA
lcl|NC_032090.1_cds_XP_019330760.1_1679	CAALFM_C203470CA
lcl|NC_032090.1_cds_XP_720995.1_1680	CAALFM_C203490CA
lcl|NC_032090.1_cds_XP_720994.2_1681	CAALFM_C203500WA
lcl|NC_032090.1_cds_XP_720991.2_1682	CAALFM_C203520CA
lcl|NC_032090.1_cds_XP_720990.2_1683	CAALFM_C203530WA
lcl|NC_032090.1_cds_XP_720989.2_1684	CAALFM_C203540WA
lcl|NC_032090.1_cds_XP_720987.2_1685	CAALFM_C203550CA
lcl|NC_032090.1_cds_XP_720986.1_1686	CAALFM_C203560CA
lcl|NC_032090.1_cds_XP_720985.2_1687	CAALFM_C203570CA
lcl|NC_032090.1_cds_XP_720984.1_1688	CAALFM_C203590CA
lcl|NC_032090.1_cds_XP_720983.1_1689	CAALFM_C203600WA
lcl|NC_032090.1_cds_XP_720981.2_1690	CAALFM_C203610WA
lcl|NC_032090.1_cds_XP_720980.1_1691	CAALFM_C203620WA
lcl|NC_032090.1_cds_XP_720979.1_1692	CAALFM_C203630WA
lcl|NC_032090.1_cds_XP_720978.1_1693	CAALFM_C203640WA
lcl|NC_032090.1_cds_XP_720977.1_1694	CAALFM_C203670WA
lcl|NC_032090.1_cds_XP_720976.2_1695	CAALFM_C203680WA
lcl|NC_032090.1_cds_XP_720975.1_1696	CAALFM_C203690CA
lcl|NC_032090.1_cds_XP_720974.2_1697	CAALFM_C203700WA
lcl|NC_032090.1_cds_XP_720973.2_1698	CAALFM_C203710WA
lcl|NC_032090.1_cds_XP_720972.1_1699	CAALFM_C203720WA
lcl|NC_032090.1_cds_XP_720971.1_1700	CAALFM_C203750WA
lcl|NC_032090.1_cds_XP_720970.2_1701	CAALFM_C203760CA
lcl|NC_032090.1_cds_XP_720968.2_1702	CAALFM_C203770CA
lcl|NC_032090.1_cds_XP_720967.2_1703	CAALFM_C203780CA
lcl|NC_032090.1_cds_XP_720966.2_1704	CAALFM_C203790CA
lcl|NC_032090.1_cds_XP_720965.2_1705	CAALFM_C203800CA
lcl|NC_032090.1_cds_XP_019330761.1_1706	CAALFM_C203810CA
lcl|NC_032090.1_cds_XP_019330762.1_1707	CAALFM_C203820CA
lcl|NC_032090.1_cds_XP_720963.2_1708	CAALFM_C203830WA
lcl|NC_032090.1_cds_XP_019330763.1_1709	CAALFM_C203840CA
lcl|NC_032090.1_cds_XP_720961.1_1710	CAALFM_C203870WA
lcl|NC_032090.1_cds_XP_019330764.1_1711	CAALFM_C203880CA
lcl|NC_032090.1_cds_XP_720960.2_1712	CAALFM_C203890WA
lcl|NC_032090.1_cds_XP_720959.2_1713	CAALFM_C203900CA
lcl|NC_032090.1_cds_XP_720958.2_1714	CAALFM_C203910CA
lcl|NC_032090.1_cds_XP_720956.2_1715	CAALFM_C203920CA
lcl|NC_032090.1_cds_XP_720955.2_1716	CAALFM_C203930CA
lcl|NC_032090.1_cds_XP_720953.2_1717	CAALFM_C203940CA
lcl|NC_032090.1_cds_XP_720952.1_1718	CAALFM_C203950WA
lcl|NC_032090.1_cds_XP_019330765.1_1719	CAALFM_C203960WA
lcl|NC_032090.1_cds_XP_019330766.1_1720	CAALFM_C203970WA
lcl|NC_032090.1_cds_XP_720950.1_1721	CAALFM_C203980CA
lcl|NC_032090.1_cds_XP_720949.2_1722	CAALFM_C203990WA
lcl|NC_032090.1_cds_XP_720947.1_1723	CAALFM_C204000CA
lcl|NC_032090.1_cds_XP_720946.1_1724	CAALFM_C204010CA
lcl|NC_032090.1_cds_XP_720944.1_1725	CAALFM_C204020CA
lcl|NC_032090.1_cds_XP_720943.1_1726	CAALFM_C204030CA
lcl|NC_032090.1_cds_XP_720940.2_1727	CAALFM_C204040CA
lcl|NC_032090.1_cds_XP_720939.2_1728	CAALFM_C204050CA
lcl|NC_032090.1_cds_XP_720938.2_1729	CAALFM_C204060CA
lcl|NC_032090.1_cds_XP_720937.1_1730	CAALFM_C204080WA
lcl|NC_032090.1_cds_XP_720936.2_1731	CAALFM_C204090WA
lcl|NC_032090.1_cds_XP_720935.2_1732	CAALFM_C204100WA
lcl|NC_032090.1_cds_XP_019330767.1_1733	CAALFM_C204110WA
lcl|NC_032090.1_cds_XP_720933.2_1734	CAALFM_C204120CA
lcl|NC_032090.1_cds_XP_720932.1_1735	CAALFM_C204130WA
lcl|NC_032090.1_cds_XP_720931.1_1736	CAALFM_C204140WA
lcl|NC_032090.1_cds_XP_720930.2_1737	CAALFM_C204150CA
lcl|NC_032090.1_cds_XP_720929.1_1738	CAALFM_C204160WA
lcl|NC_032090.1_cds_XP_019330768.1_1739	CAALFM_C204170CA
lcl|NC_032090.1_cds_XP_720928.2_1740	CAALFM_C204180CA
lcl|NC_032090.1_cds_XP_720927.2_1741	CAALFM_C204190CA
lcl|NC_032090.1_cds_XP_720925.2_1742	CAALFM_C204200WA
lcl|NC_032090.1_cds_XP_720923.2_1743	CAALFM_C204210WA
lcl|NC_032090.1_cds_XP_019330769.1_1744	CAALFM_C204220CA
lcl|NC_032090.1_cds_XP_720921.1_1745	CAALFM_C204230WA
lcl|NC_032090.1_cds_XP_720920.1_1746	CAALFM_C204240CA
lcl|NC_032090.1_cds_XP_720919.1_1747	CAALFM_C204250WA
lcl|NC_032090.1_cds_XP_720918.2_1748	CAALFM_C204260WA
lcl|NC_032090.1_cds_XP_720917.2_1749	CAALFM_C204270WA
lcl|NC_032090.1_cds_XP_019330770.1_1750	CAALFM_C204280WA
lcl|NC_032090.1_cds_XP_710126.1_1751	CAALFM_C204290WA
lcl|NC_032090.1_cds_XP_710125.1_1752	CAALFM_C204300CA
lcl|NC_032090.1_cds_XP_710124.1_1753	CAALFM_C204310WA
lcl|NC_032090.1_cds_XP_710123.2_1754	CAALFM_C204320WA
lcl|NC_032090.1_cds_XP_712946.1_1755	CAALFM_C204330CA
lcl|NC_032090.1_cds_XP_712945.1_1756	CAALFM_C204340CA
lcl|NC_032090.1_cds_XP_712944.2_1757	CAALFM_C204350CA
lcl|NC_032090.1_cds_XP_712943.1_1758	CAALFM_C204360WA
lcl|NC_032090.1_cds_XP_712942.1_1759	CAALFM_C204370WA
lcl|NC_032090.1_cds_XP_712941.1_1760	CAALFM_C204380CA
lcl|NC_032090.1_cds_XP_712940.1_1761	CAALFM_C204390WA
lcl|NC_032090.1_cds_XP_712939.1_1762	CAALFM_C204400WA
lcl|NC_032090.1_cds_XP_712937.2_1763	CAALFM_C204410WA
lcl|NC_032090.1_cds_XP_712936.2_1764	CAALFM_C204420WA
lcl|NC_032090.1_cds_XP_712935.1_1765	CAALFM_C204430WA
lcl|NC_032090.1_cds_XP_712934.2_1766	CAALFM_C204440WA
lcl|NC_032090.1_cds_XP_712933.2_1767	CAALFM_C204450WA
lcl|NC_032090.1_cds_XP_712932.1_1768	CAALFM_C204460WA
lcl|NC_032090.1_cds_XP_712931.1_1769	CAALFM_C204470WA
lcl|NC_032090.1_cds_XP_712930.2_1770	CAALFM_C204480WA
lcl|NC_032090.1_cds_XP_712929.2_1771	CAALFM_C204490WA
lcl|NC_032090.1_cds_XP_712928.2_1772	CAALFM_C204500WA
lcl|NC_032090.1_cds_XP_712925.1_1773	CAALFM_C204510WA
lcl|NC_032090.1_cds_XP_712924.1_1774	CAALFM_C204520CA
lcl|NC_032090.1_cds_XP_712923.2_1775	CAALFM_C204530WA
lcl|NC_032090.1_cds_XP_712922.2_1776	CAALFM_C204540CA
lcl|NC_032090.1_cds_XP_712921.1_1777	CAALFM_C204550CA
lcl|NC_032090.1_cds_XP_712920.1_1778	CAALFM_C204560WA
lcl|NC_032090.1_cds_XP_712918.2_1779	CAALFM_C204570WA
lcl|NC_032090.1_cds_XP_712917.2_1780	CAALFM_C204580WA
lcl|NC_032090.1_cds_XP_019330771.1_1781	CAALFM_C204590CA
lcl|NC_032090.1_cds_XP_712916.1_1782	CAALFM_C204600CA
lcl|NC_032090.1_cds_XP_712915.2_1783	CAALFM_C204620WA
lcl|NC_032090.1_cds_XP_710595.2_1784	CAALFM_C204640CA
lcl|NC_032090.1_cds_XP_710597.2_1785	CAALFM_C204650CA
lcl|NC_032090.1_cds_XP_710598.2_1786	CAALFM_C204660CA
lcl|NC_032090.1_cds_XP_710600.2_1787	CAALFM_C204670WA
lcl|NC_032090.1_cds_XP_710601.1_1788	CAALFM_C204680WA
lcl|NC_032090.1_cds_XP_710602.2_1789	CAALFM_C204690CA
lcl|NC_032090.1_cds_XP_710605.2_1790	CAALFM_C204700CA
lcl|NC_032090.1_cds_XP_710606.1_1791	CAALFM_C204710CA
lcl|NC_032090.1_cds_XP_710607.2_1792	CAALFM_C204720CA
lcl|NC_032090.1_cds_XP_710621.1_1793	CAALFM_C204730WA
lcl|NC_032090.1_cds_XP_710620.2_1794	CAALFM_C204740CA
lcl|NC_032090.1_cds_XP_710619.2_1795	CAALFM_C204750WA
lcl|NC_032090.1_cds_XP_710618.1_1796	CAALFM_C204760WA
lcl|NC_032090.1_cds_XP_710617.1_1797	CAALFM_C204770WA
lcl|NC_032090.1_cds_XP_710615.2_1798	CAALFM_C204780WA
lcl|NC_032090.1_cds_XP_710613.2_1799	CAALFM_C204790CA
lcl|NC_032090.1_cds_XP_710612.2_1800	CAALFM_C204800CA
lcl|NC_032090.1_cds_XP_710611.1_1801	CAALFM_C204810WA
lcl|NC_032090.1_cds_XP_710610.2_1802	CAALFM_C204820WA
lcl|NC_032090.1_cds_XP_710286.2_1803	CAALFM_C204830WA
lcl|NC_032090.1_cds_XP_019330772.1_1804	CAALFM_C204850CA
lcl|NC_032090.1_cds_XP_710284.1_1805	CAALFM_C204860WA
lcl|NC_032090.1_cds_XP_710282.2_1806	CAALFM_C204870CA
lcl|NC_032090.1_cds_XP_714880.2_1807	CAALFM_C204880CA
lcl|NC_032090.1_cds_XP_714883.2_1808	CAALFM_C204930CA
lcl|NC_032090.1_cds_XP_714885.1_1809	CAALFM_C204940CA
lcl|NC_032090.1_cds_XP_714886.1_1810	CAALFM_C204950CA
lcl|NC_032090.1_cds_XP_714887.2_1811	CAALFM_C204960CA
lcl|NC_032090.1_cds_XP_714888.2_1812	CAALFM_C204970WA
lcl|NC_032090.1_cds_XP_714889.1_1813	CAALFM_C204980CA
lcl|NC_032090.1_cds_XP_714890.1_1814	CAALFM_C204990WA
lcl|NC_032090.1_cds_XP_714891.1_1815	CAALFM_C205000CA
lcl|NC_032090.1_cds_XP_714892.1_1816	CAALFM_C205020WA
lcl|NC_032090.1_cds_XP_019330773.1_1817	CAALFM_C205030CA
lcl|NC_032090.1_cds_XP_714894.1_1818	CAALFM_C205040CA
lcl|NC_032090.1_cds_XP_714895.1_1819	CAALFM_C205050CA
lcl|NC_032090.1_cds_XP_714896.1_1820	CAALFM_C205060CA
lcl|NC_032090.1_cds_XP_714897.1_1821	CAALFM_C205070WA
lcl|NC_032090.1_cds_XP_714898.1_1822	CAALFM_C205080CA
lcl|NC_032090.1_cds_XP_714899.2_1823	CAALFM_C205090WA
lcl|NC_032090.1_cds_XP_714900.1_1824	CAALFM_C205100CA
lcl|NC_032090.1_cds_XP_714901.2_1825	CAALFM_C205110WA
lcl|NC_032090.1_cds_XP_714903.1_1826	CAALFM_C205130WA
lcl|NC_032090.1_cds_XP_714904.1_1827	CAALFM_C205140WA
lcl|NC_032090.1_cds_XP_714905.1_1828	CAALFM_C205150WA
lcl|NC_032090.1_cds_XP_714906.2_1829	CAALFM_C205160CA
lcl|NC_032090.1_cds_XP_714907.1_1830	CAALFM_C205170WA
lcl|NC_032090.1_cds_XP_019330774.1_1831	CAALFM_C205180WA
lcl|NC_032090.1_cds_XP_714908.1_1832	CAALFM_C205190WA
lcl|NC_032090.1_cds_XP_714909.2_1833	CAALFM_C205200CA
lcl|NC_032090.1_cds_XP_714910.1_1834	CAALFM_C205210WA
lcl|NC_032090.1_cds_XP_714911.2_1835	CAALFM_C205220CA
lcl|NC_032090.1_cds_XP_714912.1_1836	CAALFM_C205230CA
lcl|NC_032090.1_cds_XP_714913.1_1837	CAALFM_C205250CA
lcl|NC_032090.1_cds_XP_714914.2_1838	CAALFM_C205260WA
lcl|NC_032090.1_cds_XP_714915.2_1839	CAALFM_C205270WA
lcl|NC_032090.1_cds_XP_714916.1_1840	CAALFM_C205280CA
lcl|NC_032090.1_cds_XP_714917.1_1841	CAALFM_C205290CA
lcl|NC_032090.1_cds_XP_019330775.1_1842	CAALFM_C205300CA
lcl|NC_032090.1_cds_XP_714920.1_1843	CAALFM_C205320WA
lcl|NC_032090.1_cds_XP_714922.2_1844	CAALFM_C205330CA
lcl|NC_032090.1_cds_XP_714923.2_1845	CAALFM_C205340CA
lcl|NC_032090.1_cds_XP_714924.1_1846	CAALFM_C205350CA
lcl|NC_032090.1_cds_XP_714926.1_1847	CAALFM_C205360CA
lcl|NC_032090.1_cds_XP_714927.2_1848	CAALFM_C205370CA
lcl|NC_032090.1_cds_XP_714928.2_1849	CAALFM_C205380WA
lcl|NC_032090.1_cds_XP_714930.1_1850	CAALFM_C205390CA
lcl|NC_032090.1_cds_XP_714931.2_1851	CAALFM_C205400WA
lcl|NC_032090.1_cds_XP_019330776.1_1852	CAALFM_C205410WA
lcl|NC_032090.1_cds_XP_714932.1_1853	CAALFM_C205440WA
lcl|NC_032090.1_cds_XP_714933.1_1854	CAALFM_C205450CA
lcl|NC_032090.1_cds_XP_714934.1_1855	CAALFM_C205460WA
lcl|NC_032090.1_cds_XP_714936.1_1856	CAALFM_C205470WA
lcl|NC_032090.1_cds_XP_019330777.1_1857	CAALFM_C205480CA
lcl|NC_032090.1_cds_XP_714937.1_1858	CAALFM_C205490WA
lcl|NC_032090.1_cds_XP_714938.1_1859	CAALFM_C205500WA
lcl|NC_032090.1_cds_XP_714940.1_1860	CAALFM_C205510CA
lcl|NC_032090.1_cds_XP_019330778.1_1861	CAALFM_C205520WA
lcl|NC_032090.1_cds_XP_714942.2_1862	CAALFM_C205530CA
lcl|NC_032090.1_cds_XP_019330779.1_1863	CAALFM_C205540CA
lcl|NC_032090.1_cds_XP_712798.1_1864	CAALFM_C205550WA
lcl|NC_032090.1_cds_XP_712799.1_1865	CAALFM_C205560WA
lcl|NC_032090.1_cds_XP_712800.1_1866	CAALFM_C205570CA
lcl|NC_032090.1_cds_XP_712801.1_1867	CAALFM_C205580WA
lcl|NC_032090.1_cds_XP_712802.1_1868	CAALFM_C205590CA
lcl|NC_032090.1_cds_XP_712803.1_1869	CAALFM_C205610CA
lcl|NC_032090.1_cds_XP_019330780.1_1870	CAALFM_C205620WA
lcl|NC_032090.1_cds_XP_712804.1_1871	CAALFM_C205640WA
lcl|NC_032090.1_cds_XP_712805.1_1872	CAALFM_C205650WA
lcl|NC_032090.1_cds_XP_712806.2_1873	CAALFM_C205660WA
lcl|NC_032090.1_cds_XP_712808.1_1874	CAALFM_C205670CA
lcl|NC_032090.1_cds_XP_712809.1_1875	CAALFM_C205680WA
lcl|NC_032090.1_cds_XP_712810.1_1876	CAALFM_C205690CA
lcl|NC_032090.1_cds_XP_712811.1_1877	CAALFM_C205700WA
lcl|NC_032090.1_cds_XP_019330781.1_1878	CAALFM_C205710CA
lcl|NC_032090.1_cds_XP_712812.2_1879	CAALFM_C205720CA
lcl|NC_032090.1_cds_XP_712813.2_1880	CAALFM_C205730CA
lcl|NC_032090.1_cds_XP_712814.1_1881	CAALFM_C205740WA
lcl|NC_032090.1_cds_XP_712815.2_1882	CAALFM_C205750WA
lcl|NC_032090.1_cds_XP_712816.1_1883	CAALFM_C205760CA
lcl|NC_032090.1_cds_XP_019330782.1_1884	CAALFM_C205770WA
lcl|NC_032090.1_cds_XP_712818.1_1885	CAALFM_C205780CA
lcl|NC_032090.1_cds_XP_019330783.1_1886	CAALFM_C205790CA
lcl|NC_032090.1_cds_XP_712822.2_1887	CAALFM_C205800CA
lcl|NC_032090.1_cds_XP_710912.1_1888	CAALFM_C205810WA
lcl|NC_032090.1_cds_XP_710913.2_1889	CAALFM_C205820WA
lcl|NC_032090.1_cds_XP_710914.1_1890	CAALFM_C205830CA
lcl|NC_032090.1_cds_XP_710915.2_1891	CAALFM_C205840WA
lcl|NC_032090.1_cds_XP_710917.2_1892	CAALFM_C205850CA
lcl|NC_032090.1_cds_XP_710918.2_1893	CAALFM_C205860CA
lcl|NC_032090.1_cds_XP_019330784.1_1894	CAALFM_C205870WA
lcl|NC_032090.1_cds_XP_710919.2_1895	CAALFM_C205890CA
lcl|NC_032090.1_cds_XP_019330785.1_1896	CAALFM_C205900WA
lcl|NC_032090.1_cds_XP_710921.2_1897	CAALFM_C205910WA
lcl|NC_032090.1_cds_XP_019330786.1_1898	CAALFM_C205920CA
lcl|NC_032090.1_cds_XP_019330787.1_1899	CAALFM_C205930WA
lcl|NC_032090.1_cds_XP_710922.1_1900	CAALFM_C205940CA
lcl|NC_032090.1_cds_XP_710923.1_1901	CAALFM_C205950CA
lcl|NC_032090.1_cds_XP_710924.2_1902	CAALFM_C205960CA
lcl|NC_032090.1_cds_XP_710925.1_1903	CAALFM_C205970CA
lcl|NC_032090.1_cds_XP_714292.2_1904	CAALFM_C205980CA
lcl|NC_032090.1_cds_XP_714291.1_1905	CAALFM_C205990CA
lcl|NC_032090.1_cds_XP_714290.2_1906	CAALFM_C206000WA
lcl|NC_032090.1_cds_XP_714289.2_1907	CAALFM_C206010WA
lcl|NC_032090.1_cds_XP_714288.1_1908	CAALFM_C206020WA
lcl|NC_032090.1_cds_XP_714287.2_1909	CAALFM_C206030WA
lcl|NC_032090.1_cds_XP_714286.2_1910	CAALFM_C206040CA
lcl|NC_032090.1_cds_XP_714284.2_1911	CAALFM_C206070WA
lcl|NC_032090.1_cds_XP_714282.2_1912	CAALFM_C206080CA
lcl|NC_032090.1_cds_XP_714281.2_1913	CAALFM_C206090WA
lcl|NC_032090.1_cds_XP_714280.2_1914	CAALFM_C206100WA
lcl|NC_032090.1_cds_XP_714278.1_1915	CAALFM_C206110WA
lcl|NC_032090.1_cds_XP_714277.1_1916	CAALFM_C206120CA
lcl|NC_032090.1_cds_XP_714276.1_1917	CAALFM_C206130WA
lcl|NC_032090.1_cds_XP_714275.1_1918	CAALFM_C206140CA
lcl|NC_032090.1_cds_XP_714273.1_1919	CAALFM_C206150CA
lcl|NC_032090.1_cds_XP_714272.1_1920	CAALFM_C206160WA
lcl|NC_032090.1_cds_XP_714270.2_1921	CAALFM_C206170CA
lcl|NC_032090.1_cds_XP_711471.1_1922	CAALFM_C206180CA
lcl|NC_032090.1_cds_XP_711472.1_1923	CAALFM_C206190WA
lcl|NC_032090.1_cds_XP_711475.1_1924	CAALFM_C206200CA
lcl|NC_032090.1_cds_XP_711476.1_1925	CAALFM_C206210CA
lcl|NC_032090.1_cds_XP_711477.1_1926	CAALFM_C206220CA
lcl|NC_032090.1_cds_XP_711478.1_1927	CAALFM_C206230WA
lcl|NC_032090.1_cds_XP_019330788.1_1928	CAALFM_C206240WA
lcl|NC_032090.1_cds_XP_711479.1_1929	CAALFM_C206250CA
lcl|NC_032090.1_cds_XP_711480.1_1930	CAALFM_C206260WA
lcl|NC_032090.1_cds_XP_711481.2_1931	CAALFM_C206270WA
lcl|NC_032090.1_cds_XP_711483.2_1932	CAALFM_C206280CA
lcl|NC_032090.1_cds_XP_019330789.1_1933	CAALFM_C206290CA
lcl|NC_032090.1_cds_XP_711484.1_1934	CAALFM_C206300WA
lcl|NC_032090.1_cds_XP_711485.1_1935	CAALFM_C206310CA
lcl|NC_032090.1_cds_XP_711487.1_1936	CAALFM_C206320WA
lcl|NC_032090.1_cds_XP_711488.1_1937	CAALFM_C206330CA
lcl|NC_032090.1_cds_XP_711489.1_1938	CAALFM_C206340WA
lcl|NC_032090.1_cds_XP_711490.2_1939	CAALFM_C206350CA
lcl|NC_032090.1_cds_XP_711491.1_1940	CAALFM_C206360CA
lcl|NC_032090.1_cds_XP_711824.2_1941	CAALFM_C206370CA
lcl|NC_032090.1_cds_XP_019330790.1_1942	CAALFM_C206390CA
lcl|NC_032090.1_cds_XP_711827.1_1943	CAALFM_C206420CA
lcl|NC_032090.1_cds_XP_711828.1_1944	CAALFM_C206430CA
lcl|NC_032090.1_cds_XP_711829.1_1945	CAALFM_C206440CA
lcl|NC_032090.1_cds_XP_711830.2_1946	CAALFM_C206460WA
lcl|NC_032090.1_cds_XP_711831.1_1947	CAALFM_C206470WA
lcl|NC_032090.1_cds_XP_711832.1_1948	CAALFM_C206480WA
lcl|NC_032090.1_cds_XP_711833.1_1949	CAALFM_C206490WA
lcl|NC_032090.1_cds_XP_019330791.1_1950	CAALFM_C206510WA
lcl|NC_032090.1_cds_XP_711835.1_1951	CAALFM_C206520CA
lcl|NC_032090.1_cds_XP_711836.1_1952	CAALFM_C206530WA
lcl|NC_032090.1_cds_XP_711837.1_1953	CAALFM_C206540CA
lcl|NC_032090.1_cds_XP_711838.1_1954	CAALFM_C206550WA
lcl|NC_032090.1_cds_XP_711840.1_1955	CAALFM_C206570CA
lcl|NC_032090.1_cds_XP_711841.1_1956	CAALFM_C206590CA
lcl|NC_032090.1_cds_XP_711842.2_1957	CAALFM_C206600WA
lcl|NC_032090.1_cds_XP_019330792.1_1958	CAALFM_C206610CA
lcl|NC_032090.1_cds_XP_711843.2_1959	CAALFM_C206620WA
lcl|NC_032090.1_cds_XP_019330793.1_1960	CAALFM_C206630CA
lcl|NC_032090.1_cds_XP_710060.2_1961	CAALFM_C206640CA
lcl|NC_032090.1_cds_XP_709983.2_1962	CAALFM_C206650CA
lcl|NC_032090.1_cds_XP_709982.1_1963	CAALFM_C206660WA
lcl|NC_032090.1_cds_XP_710294.2_1964	CAALFM_C206670CA
lcl|NC_032090.1_cds_XP_710295.1_1965	CAALFM_C206680WA
lcl|NC_032090.1_cds_XP_710296.1_1966	CAALFM_C206690CA
lcl|NC_032090.1_cds_XP_710377.1_1967	CAALFM_C206700WA
lcl|NC_032090.1_cds_XP_710376.2_1968	CAALFM_C206710WA
lcl|NC_032090.1_cds_XP_710375.2_1969	CAALFM_C206720WA
lcl|NC_032090.1_cds_XP_710374.1_1970	CAALFM_C206730WA
lcl|NC_032090.1_cds_XP_710373.2_1971	CAALFM_C206740WA
lcl|NC_032090.1_cds_XP_710372.1_1972	CAALFM_C206750CA
lcl|NC_032090.1_cds_XP_710371.2_1973	CAALFM_C206760CA
lcl|NC_032090.1_cds_XP_714819.2_1974	CAALFM_C206770WA
lcl|NC_032090.1_cds_XP_714820.1_1975	CAALFM_C206780CA
lcl|NC_032090.1_cds_XP_714821.1_1976	CAALFM_C206790WA
lcl|NC_032090.1_cds_XP_714822.1_1977	CAALFM_C206800CA
lcl|NC_032090.1_cds_XP_019330794.1_1978	CAALFM_C206810CA
lcl|NC_032090.1_cds_XP_714824.1_1979	CAALFM_C206820CA
lcl|NC_032090.1_cds_XP_714827.2_1980	CAALFM_C206830CA
lcl|NC_032090.1_cds_XP_714828.2_1981	CAALFM_C206840WA
lcl|NC_032090.1_cds_XP_019330795.1_1982	CAALFM_C206850WA
lcl|NC_032090.1_cds_XP_714829.2_1983	CAALFM_C206860WA
lcl|NC_032090.1_cds_XP_714832.2_1984	CAALFM_C206870CA
lcl|NC_032090.1_cds_XP_714833.1_1985	CAALFM_C206880CA
lcl|NC_032090.1_cds_XP_714834.1_1986	CAALFM_C206890CA
lcl|NC_032090.1_cds_XP_714835.1_1987	CAALFM_C206910WA
lcl|NC_032090.1_cds_XP_714836.1_1988	CAALFM_C206920CA
lcl|NC_032090.1_cds_XP_714837.2_1989	CAALFM_C206930CA
lcl|NC_032090.1_cds_XP_714838.1_1990	CAALFM_C206940CA
lcl|NC_032090.1_cds_XP_714839.2_1991	CAALFM_C206950CA
lcl|NC_032090.1_cds_XP_714840.1_1992	CAALFM_C206960WA
lcl|NC_032090.1_cds_XP_714841.2_1993	CAALFM_C206970WA
lcl|NC_032090.1_cds_XP_714842.1_1994	CAALFM_C206980WA
lcl|NC_032090.1_cds_XP_714843.1_1995	CAALFM_C206990WA
lcl|NC_032090.1_cds_XP_714846.2_1996	CAALFM_C207000WA
lcl|NC_032090.1_cds_XP_019330796.1_1997	CAALFM_C207010WA
lcl|NC_032090.1_cds_XP_714848.2_1998	CAALFM_C207020CA
lcl|NC_032090.1_cds_XP_714849.2_1999	CAALFM_C207030CA
lcl|NC_032090.1_cds_XP_714850.2_2000	CAALFM_C207040WA
lcl|NC_032090.1_cds_XP_714851.2_2001	CAALFM_C207060WA
lcl|NC_032090.1_cds_XP_714852.1_2002	CAALFM_C207070WA
lcl|NC_032090.1_cds_XP_714853.1_2003	CAALFM_C207080CA
lcl|NC_032090.1_cds_XP_714854.2_2004	CAALFM_C207090CA
lcl|NC_032090.1_cds_XP_714855.2_2005	CAALFM_C207100WA
lcl|NC_032090.1_cds_XP_714856.1_2006	CAALFM_C207110CA
lcl|NC_032090.1_cds_XP_714857.1_2007	CAALFM_C207120WA
lcl|NC_032090.1_cds_XP_714858.2_2008	CAALFM_C207130CA
lcl|NC_032090.1_cds_XP_714859.2_2009	CAALFM_C207140WA
lcl|NC_032090.1_cds_XP_714860.2_2010	CAALFM_C207160WA
lcl|NC_032090.1_cds_XP_714862.2_2011	CAALFM_C207170CA
lcl|NC_032090.1_cds_XP_714863.1_2012	CAALFM_C207180WA
lcl|NC_032090.1_cds_XP_714864.1_2013	CAALFM_C207190CA
lcl|NC_032090.1_cds_XP_714865.1_2014	CAALFM_C207200WA
lcl|NC_032090.1_cds_XP_714866.2_2015	CAALFM_C207210CA
lcl|NC_032090.1_cds_XP_714867.2_2016	CAALFM_C207220WA
lcl|NC_032090.1_cds_XP_714869.2_2017	CAALFM_C207230CA
lcl|NC_032090.1_cds_XP_714870.1_2018	CAALFM_C207240CA
lcl|NC_032090.1_cds_XP_714871.1_2019	CAALFM_C207250CA
lcl|NC_032090.1_cds_XP_714872.2_2020	CAALFM_C207260CA
lcl|NC_032090.1_cds_XP_714873.2_2021	CAALFM_C207270WA
lcl|NC_032090.1_cds_XP_714874.2_2022	CAALFM_C207280WA
lcl|NC_032090.1_cds_XP_714875.1_2023	CAALFM_C207290WA
lcl|NC_032090.1_cds_XP_714876.2_2024	CAALFM_C207300CA
lcl|NC_032090.1_cds_XP_714877.1_2025	CAALFM_C207310WA
lcl|NC_032090.1_cds_XP_714878.1_2026	CAALFM_C207320WA
lcl|NC_032090.1_cds_XP_714879.2_2027	CAALFM_C207330WA
lcl|NC_032090.1_cds_XP_713159.2_2028	CAALFM_C207340WA
lcl|NC_032090.1_cds_XP_713158.2_2029	CAALFM_C207350WA
lcl|NC_032090.1_cds_XP_713157.1_2030	CAALFM_C207360WA
lcl|NC_032090.1_cds_XP_713154.1_2031	CAALFM_C207370WA
lcl|NC_032090.1_cds_XP_713153.1_2032	CAALFM_C207380WA
lcl|NC_032090.1_cds_XP_713150.2_2033	CAALFM_C207390CA
lcl|NC_032090.1_cds_XP_713148.1_2034	CAALFM_C207400CA
lcl|NC_032090.1_cds_XP_713147.1_2035	CAALFM_C207410WA
lcl|NC_032090.1_cds_XP_713146.2_2036	CAALFM_C207420WA
lcl|NC_032090.1_cds_XP_713145.2_2037	CAALFM_C207430CA
lcl|NC_032090.1_cds_XP_713144.2_2038	CAALFM_C207440CA
lcl|NC_032090.1_cds_XP_713143.1_2039	CAALFM_C207450CA
lcl|NC_032090.1_cds_XP_713142.2_2040	CAALFM_C207460WA
lcl|NC_032090.1_cds_XP_713140.2_2041	CAALFM_C207470WA
lcl|NC_032090.1_cds_XP_713138.2_2042	CAALFM_C207480WA
lcl|NC_032090.1_cds_XP_713137.1_2043	CAALFM_C207490WA
lcl|NC_032090.1_cds_XP_713135.2_2044	CAALFM_C207500CA
lcl|NC_032090.1_cds_XP_713134.2_2045	CAALFM_C207510WA
lcl|NC_032090.1_cds_XP_713133.2_2046	CAALFM_C207520CA
lcl|NC_032090.1_cds_XP_019330797.1_2047	CAALFM_C207530CA
lcl|NC_032090.1_cds_XP_713130.1_2048	CAALFM_C207540WA
lcl|NC_032090.1_cds_XP_713129.1_2049	CAALFM_C207550WA
lcl|NC_032090.1_cds_XP_713128.2_2050	CAALFM_C207560WA
lcl|NC_032090.1_cds_XP_713125.2_2051	CAALFM_C207570WA
lcl|NC_032090.1_cds_XP_713124.2_2052	CAALFM_C207580WA
lcl|NC_032090.1_cds_XP_713123.1_2053	CAALFM_C207590WA
lcl|NC_032090.1_cds_XP_713122.2_2054	CAALFM_C207600CA
lcl|NC_032090.1_cds_XP_713121.1_2055	CAALFM_C207610CA
lcl|NC_032090.1_cds_XP_713120.2_2056	CAALFM_C207620WA
lcl|NC_032090.1_cds_XP_713119.1_2057	CAALFM_C207630CA
lcl|NC_032090.1_cds_XP_713118.1_2058	CAALFM_C207640WA
lcl|NC_032090.1_cds_XP_716057.2_2059	CAALFM_C207650CA
lcl|NC_032090.1_cds_XP_716056.2_2060	CAALFM_C207660WA
lcl|NC_032090.1_cds_XP_716055.1_2061	CAALFM_C207670CA
lcl|NC_032090.1_cds_XP_716054.2_2062	CAALFM_C207680WA
lcl|NC_032090.1_cds_XP_716053.2_2063	CAALFM_C207690WA
lcl|NC_032090.1_cds_XP_716052.1_2064	CAALFM_C207700CA
lcl|NC_032090.1_cds_XP_716051.1_2065	CAALFM_C207710WA
lcl|NC_032090.1_cds_XP_716050.1_2066	CAALFM_C207720CA
lcl|NC_032090.1_cds_XP_716049.2_2067	CAALFM_C207730WA
lcl|NC_032090.1_cds_XP_716048.2_2068	CAALFM_C207740WA
lcl|NC_032090.1_cds_XP_019330798.1_2069	CAALFM_C207750WA
lcl|NC_032090.1_cds_XP_716044.2_2070	CAALFM_C207760WA
lcl|NC_032090.1_cds_XP_019330799.1_2071	CAALFM_C207770CA
lcl|NC_032090.1_cds_XP_716042.1_2072	CAALFM_C207790CA
lcl|NC_032090.1_cds_XP_716041.1_2073	CAALFM_C207800WA
lcl|NC_032090.1_cds_XP_716040.1_2074	CAALFM_C207810WA
lcl|NC_032090.1_cds_XP_716039.2_2075	CAALFM_C207820CA
lcl|NC_032090.1_cds_XP_716038.2_2076	CAALFM_C207830WA
lcl|NC_032090.1_cds_XP_716037.2_2077	CAALFM_C207840WA
lcl|NC_032090.1_cds_XP_716036.2_2078	CAALFM_C207860WA
lcl|NC_032090.1_cds_XP_716035.1_2079	CAALFM_C207870CA
lcl|NC_032090.1_cds_XP_716034.1_2080	CAALFM_C207880WA
lcl|NC_032090.1_cds_XP_716033.1_2081	CAALFM_C207890WA
lcl|NC_032090.1_cds_XP_716032.2_2082	CAALFM_C207900WA
lcl|NC_032090.1_cds_XP_019330800.1_2083	CAALFM_C207910CA
lcl|NC_032090.1_cds_XP_716031.2_2084	CAALFM_C207920WA
lcl|NC_032090.1_cds_XP_716030.2_2085	CAALFM_C207930CA
lcl|NC_032090.1_cds_XP_716028.2_2086	CAALFM_C207940CA
lcl|NC_032090.1_cds_XP_716027.1_2087	CAALFM_C207950WA
lcl|NC_032090.1_cds_XP_716026.1_2088	CAALFM_C207960CA
lcl|NC_032090.1_cds_XP_716025.1_2089	CAALFM_C207980WA
lcl|NC_032090.1_cds_XP_716024.1_2090	CAALFM_C208000CA
lcl|NC_032090.1_cds_XP_716023.1_2091	CAALFM_C208010WA
lcl|NC_032090.1_cds_XP_716021.1_2092	CAALFM_C208020CA
lcl|NC_032090.1_cds_XP_716022.1_2093	CAALFM_C208030WA
lcl|NC_032090.1_cds_XP_019330801.1_2094	CAALFM_C208040CA
lcl|NC_032090.1_cds_XP_716020.1_2095	CAALFM_C208050CA
lcl|NC_032090.1_cds_XP_019330802.1_2096	CAALFM_C208060WA
lcl|NC_032090.1_cds_XP_716019.1_2097	CAALFM_C208070CA
lcl|NC_032090.1_cds_XP_716017.2_2098	CAALFM_C208080CA
lcl|NC_032090.1_cds_XP_716018.1_2099	CAALFM_C208090WA
lcl|NC_032090.1_cds_XP_716016.2_2100	CAALFM_C208100WA
lcl|NC_032090.1_cds_XP_716015.2_2101	CAALFM_C208110WA
lcl|NC_032090.1_cds_XP_019330803.1_2102	CAALFM_C208120WA
lcl|NC_032090.1_cds_XP_716013.2_2103	CAALFM_C208130WA
lcl|NC_032090.1_cds_XP_716011.2_2104	CAALFM_C208140CA
lcl|NC_032090.1_cds_XP_716010.2_2105	CAALFM_C208150WA
lcl|NC_032090.1_cds_XP_019330804.1_2106	CAALFM_C208160CA
lcl|NC_032090.1_cds_XP_716009.1_2107	CAALFM_C208170WA
lcl|NC_032090.1_cds_XP_019330805.1_2108	CAALFM_C208180CA
lcl|NC_032090.1_cds_XP_716007.1_2109	CAALFM_C208190WA
lcl|NC_032090.1_cds_XP_716006.2_2110	CAALFM_C208200WA
lcl|NC_032090.1_cds_XP_019330806.1_2111	CAALFM_C208210CA
lcl|NC_032090.1_cds_XP_716059.2_2112	CAALFM_C208240WA
lcl|NC_032090.1_cds_XP_716060.2_2113	CAALFM_C208260WA
lcl|NC_032090.1_cds_XP_716062.2_2114	CAALFM_C208270CA
lcl|NC_032090.1_cds_XP_710085.1_2115	CAALFM_C208280WA
lcl|NC_032090.1_cds_XP_710084.1_2116	CAALFM_C208290CA
lcl|NC_032090.1_cds_XP_710236.2_2117	CAALFM_C208310WA
lcl|NC_032090.1_cds_XP_710235.2_2118	CAALFM_C208320CA
lcl|NC_032090.1_cds_XP_710234.1_2119	CAALFM_C208330WA
lcl|NC_032090.1_cds_XP_710233.1_2120	CAALFM_C208340CA
lcl|NC_032090.1_cds_XP_717658.2_2121	CAALFM_C208350CA
lcl|NC_032090.1_cds_XP_717657.1_2122	CAALFM_C208360CA
lcl|NC_032090.1_cds_XP_710148.2_2123	CAALFM_C208370CA
lcl|NC_032090.1_cds_XP_710147.2_2124	CAALFM_C208380CA
lcl|NC_032090.1_cds_XP_710146.1_2125	CAALFM_C208390WA
lcl|NC_032090.1_cds_XP_019330807.1_2126	CAALFM_C208400CA
lcl|NC_032090.1_cds_XP_714480.2_2127	CAALFM_C208420WA
lcl|NC_032090.1_cds_XP_714479.2_2128	CAALFM_C208430CA
lcl|NC_032090.1_cds_XP_714477.2_2129	CAALFM_C208450WA
lcl|NC_032090.1_cds_XP_714475.1_2130	CAALFM_C208460CA
lcl|NC_032090.1_cds_XP_714473.2_2131	CAALFM_C208470CA
lcl|NC_032090.1_cds_XP_714472.2_2132	CAALFM_C208480WA
lcl|NC_032090.1_cds_XP_714471.1_2133	CAALFM_C208490WA
lcl|NC_032090.1_cds_XP_714470.1_2134	CAALFM_C208500WA
lcl|NC_032090.1_cds_XP_714469.2_2135	CAALFM_C208510WA
lcl|NC_032090.1_cds_XP_019330808.1_2136	CAALFM_C208520CA
lcl|NC_032090.1_cds_XP_714468.2_2137	CAALFM_C208530CA
lcl|NC_032090.1_cds_XP_714467.2_2138	CAALFM_C208540CA
lcl|NC_032090.1_cds_XP_714466.2_2139	CAALFM_C208550CA
lcl|NC_032090.1_cds_XP_714465.2_2140	CAALFM_C208560WA
lcl|NC_032090.1_cds_XP_714464.1_2141	CAALFM_C208570WA
lcl|NC_032090.1_cds_XP_714463.2_2142	CAALFM_C208580WA
lcl|NC_032090.1_cds_XP_714462.1_2143	CAALFM_C208590WA
lcl|NC_032090.1_cds_XP_714461.2_2144	CAALFM_C208600WA
lcl|NC_032090.1_cds_XP_714460.2_2145	CAALFM_C208610WA
lcl|NC_032090.1_cds_XP_714459.2_2146	CAALFM_C208620WA
lcl|NC_032090.1_cds_XP_714457.1_2147	CAALFM_C208630CA
lcl|NC_032090.1_cds_XP_714456.1_2148	CAALFM_C208640CA
lcl|NC_032090.1_cds_XP_714455.1_2149	CAALFM_C208650WA
lcl|NC_032090.1_cds_XP_714454.1_2150	CAALFM_C208660CA
lcl|NC_032090.1_cds_XP_714453.1_2151	CAALFM_C208670CA
lcl|NC_032090.1_cds_XP_714452.1_2152	CAALFM_C208680WA
lcl|NC_032090.1_cds_XP_714451.2_2153	CAALFM_C208690CA
lcl|NC_032090.1_cds_XP_714450.1_2154	CAALFM_C208700CA
lcl|NC_032090.1_cds_XP_714449.1_2155	CAALFM_C208710WA
lcl|NC_032090.1_cds_XP_714448.2_2156	CAALFM_C208720WA
lcl|NC_032090.1_cds_XP_714447.2_2157	CAALFM_C208730WA
lcl|NC_032090.1_cds_XP_714445.2_2158	CAALFM_C208740WA
lcl|NC_032090.1_cds_XP_714444.2_2159	CAALFM_C208750WA
lcl|NC_032090.1_cds_XP_714443.1_2160	CAALFM_C208760CA
lcl|NC_032090.1_cds_XP_714441.1_2161	CAALFM_C208770CA
lcl|NC_032090.1_cds_XP_714440.2_2162	CAALFM_C208780WA
lcl|NC_032090.1_cds_XP_714439.2_2163	CAALFM_C208790WA
lcl|NC_032090.1_cds_XP_714438.2_2164	CAALFM_C208800CA
lcl|NC_032090.1_cds_XP_714437.2_2165	CAALFM_C208810CA
lcl|NC_032090.1_cds_XP_714436.2_2166	CAALFM_C208820CA
lcl|NC_032090.1_cds_XP_714435.2_2167	CAALFM_C208830WA
lcl|NC_032090.1_cds_XP_714432.1_2168	CAALFM_C208840WA
lcl|NC_032090.1_cds_XP_712608.1_2169	CAALFM_C208850CA
lcl|NC_032090.1_cds_XP_712606.2_2170	CAALFM_C208860WA
lcl|NC_032090.1_cds_XP_712603.2_2171	CAALFM_C208870CA
lcl|NC_032090.1_cds_XP_712602.1_2172	CAALFM_C208880WA
lcl|NC_032090.1_cds_XP_712601.2_2173	CAALFM_C208890WA
lcl|NC_032090.1_cds_XP_019330809.1_2174	CAALFM_C208900WA
lcl|NC_032090.1_cds_XP_712600.1_2175	CAALFM_C208910CA
lcl|NC_032090.1_cds_XP_712599.1_2176	CAALFM_C208920WA
lcl|NC_032090.1_cds_XP_712597.1_2177	CAALFM_C208930WA
lcl|NC_032090.1_cds_XP_712596.1_2178	CAALFM_C208940CA
lcl|NC_032090.1_cds_XP_712595.1_2179	CAALFM_C208950WA
lcl|NC_032090.1_cds_XP_712594.2_2180	CAALFM_C208960CA
lcl|NC_032090.1_cds_XP_712593.2_2181	CAALFM_C208970CA
lcl|NC_032090.1_cds_XP_712591.2_2182	CAALFM_C208980CA
lcl|NC_032090.1_cds_XP_712590.2_2183	CAALFM_C208990CA
lcl|NC_032090.1_cds_XP_712589.2_2184	CAALFM_C209000CA
lcl|NC_032090.1_cds_XP_712588.1_2185	CAALFM_C209010WA
lcl|NC_032090.1_cds_XP_712587.2_2186	CAALFM_C209020WA
lcl|NC_032090.1_cds_XP_019330810.1_2187	CAALFM_C209030WA
lcl|NC_032090.1_cds_XP_712585.2_2188	CAALFM_C209040WA
lcl|NC_032090.1_cds_XP_712584.2_2189	CAALFM_C209050CA
lcl|NC_032090.1_cds_XP_712583.1_2190	CAALFM_C209060CA
lcl|NC_032090.1_cds_XP_714240.2_2191	CAALFM_C209070CA
lcl|NC_032090.1_cds_XP_019330811.1_2192	CAALFM_C209080CA
lcl|NC_032090.1_cds_XP_714242.1_2193	CAALFM_C209100CA
lcl|NC_032090.1_cds_XP_714243.1_2194	CAALFM_C209110CA
lcl|NC_032090.1_cds_XP_714246.2_2195	CAALFM_C209130CA
lcl|NC_032090.1_cds_XP_714247.2_2196	CAALFM_C209140CA
lcl|NC_032090.1_cds_XP_714248.2_2197	CAALFM_C209150WA
lcl|NC_032090.1_cds_XP_714249.1_2198	CAALFM_C209160WA
lcl|NC_032090.1_cds_XP_714250.1_2199	CAALFM_C209170WA
lcl|NC_032090.1_cds_XP_714251.1_2200	CAALFM_C209180WA
lcl|NC_032090.1_cds_XP_714253.1_2201	CAALFM_C209220WA
lcl|NC_032090.1_cds_XP_714255.1_2202	CAALFM_C209230CA
lcl|NC_032090.1_cds_XP_714256.1_2203	CAALFM_C209240CA
lcl|NC_032090.1_cds_XP_714257.1_2204	CAALFM_C209250WA
lcl|NC_032090.1_cds_XP_714259.2_2205	CAALFM_C209260CA
lcl|NC_032090.1_cds_XP_714260.2_2206	CAALFM_C209270CA
lcl|NC_032090.1_cds_XP_714261.1_2207	CAALFM_C209280CA
lcl|NC_032090.1_cds_XP_019330812.1_2208	CAALFM_C209290WA
lcl|NC_032090.1_cds_XP_714262.1_2209	CAALFM_C209300WA
lcl|NC_032090.1_cds_XP_714263.1_2210	CAALFM_C209310CA
lcl|NC_032090.1_cds_XP_714264.2_2211	CAALFM_C209320CA
lcl|NC_032090.1_cds_XP_714265.2_2212	CAALFM_C209330CA
lcl|NC_032090.1_cds_XP_714266.1_2213	CAALFM_C209340WA
lcl|NC_032090.1_cds_XP_714267.2_2214	CAALFM_C209350WA
lcl|NC_032090.1_cds_XP_714268.1_2215	CAALFM_C209360WA
lcl|NC_032090.1_cds_XP_714271.2_2216	CAALFM_C209370CA
lcl|NC_032090.1_cds_XP_710002.1_2217	CAALFM_C209380WA
lcl|NC_032090.1_cds_XP_710678.2_2218	CAALFM_C209390WA
lcl|NC_032090.1_cds_XP_710679.2_2219	CAALFM_C209400CA
lcl|NC_032090.1_cds_XP_710681.2_2220	CAALFM_C209420WA
lcl|NC_032090.1_cds_XP_710682.1_2221	CAALFM_C209430WA
lcl|NC_032090.1_cds_XP_019330813.1_2222	CAALFM_C209460CA
lcl|NC_032090.1_cds_XP_710686.2_2223	CAALFM_C209470CA
lcl|NC_032090.1_cds_XP_714577.1_2224	CAALFM_C209480WA
lcl|NC_032090.1_cds_XP_714576.2_2225	CAALFM_C209490WA
lcl|NC_032090.1_cds_XP_714575.2_2226	CAALFM_C209500WA
lcl|NC_032090.1_cds_XP_714574.1_2227	CAALFM_C209510CA
lcl|NC_032090.1_cds_XP_714573.1_2228	CAALFM_C209520CA
lcl|NC_032090.1_cds_XP_714572.2_2229	CAALFM_C209530WA
lcl|NC_032090.1_cds_XP_714571.2_2230	CAALFM_C209560CA
lcl|NC_032090.1_cds_XP_714569.2_2231	CAALFM_C209570CA
lcl|NC_032090.1_cds_XP_714568.2_2232	CAALFM_C209580WA
lcl|NC_032090.1_cds_XP_714567.1_2233	CAALFM_C209590CA
lcl|NC_032090.1_cds_XP_714566.1_2234	CAALFM_C209600CA
lcl|NC_032090.1_cds_XP_714565.2_2235	CAALFM_C209610WA
lcl|NC_032090.1_cds_XP_714564.2_2236	CAALFM_C209620WA
lcl|NC_032090.1_cds_XP_714563.1_2237	CAALFM_C209630CA
lcl|NC_032090.1_cds_XP_714562.1_2238	CAALFM_C209640WA
lcl|NC_032090.1_cds_XP_714561.1_2239	CAALFM_C209650WA
lcl|NC_032090.1_cds_XP_714560.2_2240	CAALFM_C209660WA
lcl|NC_032090.1_cds_XP_714559.1_2241	CAALFM_C209670CA
lcl|NC_032090.1_cds_XP_714558.1_2242	CAALFM_C209680WA
lcl|NC_032090.1_cds_XP_714556.2_2243	CAALFM_C209690CA
lcl|NC_032090.1_cds_XP_714554.2_2244	CAALFM_C209700WA
lcl|NC_032090.1_cds_XP_714553.2_2245	CAALFM_C209710CA
lcl|NC_032090.1_cds_XP_714552.1_2246	CAALFM_C209720WA
lcl|NC_032090.1_cds_XP_714551.1_2247	CAALFM_C209730CA
lcl|NC_032090.1_cds_XP_714550.1_2248	CAALFM_C209740WA
lcl|NC_032090.1_cds_XP_714549.2_2249	CAALFM_C209750WA
lcl|NC_032090.1_cds_XP_714548.1_2250	CAALFM_C209760WA
lcl|NC_032090.1_cds_XP_714547.2_2251	CAALFM_C209770CA
lcl|NC_032090.1_cds_XP_714546.1_2252	CAALFM_C209780CA
lcl|NC_032090.1_cds_XP_714545.2_2253	CAALFM_C209790WA
lcl|NC_032090.1_cds_XP_714544.1_2254	CAALFM_C209800CA
lcl|NC_032090.1_cds_XP_714543.2_2255	CAALFM_C209810CA
lcl|NC_032090.1_cds_XP_714542.2_2256	CAALFM_C209820WA
lcl|NC_032090.1_cds_XP_019330814.1_2257	CAALFM_C209830CA
lcl|NC_032090.1_cds_XP_714541.1_2258	CAALFM_C209840WA
lcl|NC_032090.1_cds_XP_714540.1_2259	CAALFM_C209850CA
lcl|NC_032090.1_cds_XP_714539.2_2260	CAALFM_C209860CA
lcl|NC_032090.1_cds_XP_714538.1_2261	CAALFM_C209870WA
lcl|NC_032090.1_cds_XP_714537.2_2262	CAALFM_C209880CA
lcl|NC_032090.1_cds_XP_714536.2_2263	CAALFM_C209890WA
lcl|NC_032090.1_cds_XP_714535.1_2264	CAALFM_C209900CA
lcl|NC_032090.1_cds_XP_019330815.1_2265	CAALFM_C209910CA
lcl|NC_032090.1_cds_XP_714534.1_2266	CAALFM_C209920WA
lcl|NC_032090.1_cds_XP_714533.1_2267	CAALFM_C209930WA
lcl|NC_032090.1_cds_XP_714532.2_2268	CAALFM_C209940WA
lcl|NC_032090.1_cds_XP_714531.2_2269	CAALFM_C209950WA
lcl|NC_032090.1_cds_XP_714530.2_2270	CAALFM_C209960WA
lcl|NC_032090.1_cds_XP_714529.1_2271	CAALFM_C209970CA
lcl|NC_032090.1_cds_XP_714430.2_2272	CAALFM_C209980WA
lcl|NC_032090.1_cds_XP_714429.2_2273	CAALFM_C209990CA
lcl|NC_032090.1_cds_XP_019330816.1_2274	CAALFM_C210000CA
lcl|NC_032090.1_cds_XP_714427.2_2275	CAALFM_C210010CA
lcl|NC_032090.1_cds_XP_714425.1_2276	CAALFM_C210020CA
lcl|NC_032090.1_cds_XP_714424.2_2277	CAALFM_C210030CA
lcl|NC_032090.1_cds_XP_714422.2_2278	CAALFM_C210050WA
lcl|NC_032090.1_cds_XP_714421.2_2279	CAALFM_C210060CA
lcl|NC_032090.1_cds_XP_714419.2_2280	CAALFM_C210070WA
lcl|NC_032090.1_cds_XP_714418.2_2281	CAALFM_C210080WA
lcl|NC_032090.1_cds_XP_714417.2_2282	CAALFM_C210090CA
lcl|NC_032090.1_cds_XP_714416.2_2283	CAALFM_C210100WA
lcl|NC_032090.1_cds_XP_714415.1_2284	CAALFM_C210110WA
lcl|NC_032090.1_cds_XP_714414.1_2285	CAALFM_C210120WA
lcl|NC_032090.1_cds_XP_714413.2_2286	CAALFM_C210130WA
lcl|NC_032090.1_cds_XP_714412.2_2287	CAALFM_C210140WA
lcl|NC_032090.1_cds_XP_714411.2_2288	CAALFM_C210150WA
lcl|NC_032090.1_cds_XP_714410.1_2289	CAALFM_C210160WA
lcl|NC_032090.1_cds_XP_714409.1_2290	CAALFM_C210170CA
lcl|NC_032090.1_cds_XP_714408.2_2291	CAALFM_C210180WA
lcl|NC_032090.1_cds_XP_714407.2_2292	CAALFM_C210190CA
lcl|NC_032090.1_cds_XP_714406.2_2293	CAALFM_C210200WA
lcl|NC_032090.1_cds_XP_714405.2_2294	CAALFM_C210210CA
lcl|NC_032090.1_cds_XP_714404.2_2295	CAALFM_C210220CA
lcl|NC_032090.1_cds_XP_714403.2_2296	CAALFM_C210230WA
lcl|NC_032090.1_cds_XP_714402.1_2297	CAALFM_C210240WA
lcl|NC_032090.1_cds_XP_714401.1_2298	CAALFM_C210250CA
lcl|NC_032090.1_cds_XP_714400.1_2299	CAALFM_C210260CA
lcl|NC_032090.1_cds_XP_714399.2_2300	CAALFM_C210270WA
lcl|NC_032090.1_cds_XP_714397.1_2301	CAALFM_C210280CA
lcl|NC_032090.1_cds_XP_019330817.1_2302	CAALFM_C210290WA
lcl|NC_032090.1_cds_XP_714394.2_2303	CAALFM_C210300CA
lcl|NC_032090.1_cds_XP_714393.2_2304	CAALFM_C210310CA
lcl|NC_032090.1_cds_XP_714392.2_2305	CAALFM_C210320CA
lcl|NC_032090.1_cds_XP_714391.2_2306	CAALFM_C210330CA
lcl|NC_032090.1_cds_XP_714390.2_2307	CAALFM_C210340WA
lcl|NC_032090.1_cds_XP_714389.1_2308	CAALFM_C210350CA
lcl|NC_032090.1_cds_XP_714388.1_2309	CAALFM_C210360CA
lcl|NC_032090.1_cds_XP_019330818.1_2310	CAALFM_C210420WA
lcl|NC_032090.1_cds_XP_717119.1_2311	CAALFM_C210430CA
lcl|NC_032090.1_cds_XP_717121.2_2312	CAALFM_C210440CA
lcl|NC_032090.1_cds_XP_717123.1_2313	CAALFM_C210450WA
lcl|NC_032090.1_cds_XP_717124.1_2314	CAALFM_C210460CA
lcl|NC_032090.1_cds_XP_717125.1_2315	CAALFM_C210470CA
lcl|NC_032090.1_cds_XP_717126.1_2316	CAALFM_C210480WA
lcl|NC_032090.1_cds_XP_717128.1_2317	CAALFM_C210530CA
lcl|NC_032090.1_cds_XP_717129.1_2318	CAALFM_C210540WA
lcl|NC_032090.1_cds_XP_717136.2_2319	CAALFM_C210550CA
lcl|NC_032090.1_cds_XP_717137.1_2320	CAALFM_C210560CA
lcl|NC_032090.1_cds_XP_717138.1_2321	CAALFM_C210570WA
lcl|NC_032090.1_cds_XP_717140.1_2322	CAALFM_C210580WA
lcl|NC_032090.1_cds_XP_717141.1_2323	CAALFM_C210590WA
lcl|NC_032090.1_cds_XP_717142.1_2324	CAALFM_C210600WA
lcl|NC_032090.1_cds_XP_717143.2_2325	CAALFM_C210610WA
lcl|NC_032090.1_cds_XP_717144.1_2326	CAALFM_C210620WA
lcl|NC_032090.1_cds_XP_717145.1_2327	CAALFM_C210630WA
lcl|NC_032090.1_cds_XP_019330819.1_2328	CAALFM_C210640CA
lcl|NC_032090.1_cds_XP_019330820.1_2329	CAALFM_C210650WA
lcl|NC_032090.1_cds_XP_717146.1_2330	CAALFM_C210660WA
lcl|NC_032090.1_cds_XP_717148.1_2331	CAALFM_C210670WA
lcl|NC_032090.1_cds_XP_717149.1_2332	CAALFM_C210680WA
lcl|NC_032090.1_cds_XP_019330821.1_2333	CAALFM_C210690WA
lcl|NC_032090.1_cds_XP_717153.1_2334	CAALFM_C210700CA
lcl|NC_032090.1_cds_XP_717154.1_2335	CAALFM_C210710WA
lcl|NC_032090.1_cds_XP_717155.1_2336	CAALFM_C210720CA
lcl|NC_032090.1_cds_XP_717156.1_2337	CAALFM_C210730WA
lcl|NC_032090.1_cds_XP_717159.1_2338	CAALFM_C210740CA
lcl|NC_032090.1_cds_XP_717160.1_2339	CAALFM_C210750CA
lcl|NC_032090.1_cds_XP_717161.1_2340	CAALFM_C210760CA
lcl|NC_032090.1_cds_XP_717162.1_2341	CAALFM_C210770WA
lcl|NC_032090.1_cds_XP_717164.1_2342	CAALFM_C210780CA
lcl|NC_032090.1_cds_XP_717165.1_2343	CAALFM_C210790CA
lcl|NC_032090.1_cds_XP_717166.1_2344	CAALFM_C210810WA
lcl|NC_032090.1_cds_XP_717168.2_2345	CAALFM_C210820CA
lcl|NC_032090.1_cds_XP_019330822.1_2346	CAALFM_C210830WA
lcl|NC_032090.1_cds_XP_717169.1_2347	CAALFM_C210840WA
lcl|NC_032090.1_cds_XP_717170.1_2348	CAALFM_C210850CA
lcl|NC_032090.1_cds_XP_717171.1_2349	CAALFM_C210860CA
lcl|NC_032090.1_cds_XP_717172.2_2350	CAALFM_C210870WA
lcl|NC_032091.1_cds_XP_717845.2_2351	CAALFM_C300010CA
lcl|NC_032091.1_cds_XP_717840.2_2352	CAALFM_C300030CA
lcl|NC_032091.1_cds_XP_717839.1_2353	CAALFM_C300050CA
lcl|NC_032091.1_cds_XP_717838.2_2354	CAALFM_C300060WA
lcl|NC_032091.1_cds_XP_717837.1_2355	CAALFM_C300090WA
lcl|NC_032091.1_cds_XP_717836.1_2356	CAALFM_C300100WA
lcl|NC_032091.1_cds_XP_717834.1_2357	CAALFM_C300110CA
lcl|NC_032091.1_cds_XP_717835.1_2358	CAALFM_C300120WA
lcl|NC_032091.1_cds_XP_717830.1_2359	CAALFM_C300130CA
lcl|NC_032091.1_cds_XP_717833.1_2360	CAALFM_C300140WA
lcl|NC_032091.1_cds_XP_717832.1_2361	CAALFM_C300150WA
lcl|NC_032091.1_cds_XP_717828.1_2362	CAALFM_C300160CA
lcl|NC_032091.1_cds_XP_717826.1_2363	CAALFM_C300170CA
lcl|NC_032091.1_cds_XP_717825.1_2364	CAALFM_C300180CA
lcl|NC_032091.1_cds_XP_717823.1_2365	CAALFM_C300190WA
lcl|NC_032091.1_cds_XP_717822.2_2366	CAALFM_C300200CA
lcl|NC_032091.1_cds_XP_717821.1_2367	CAALFM_C300210CA
lcl|NC_032091.1_cds_XP_717819.1_2368	CAALFM_C300220WA
lcl|NC_032091.1_cds_XP_717818.1_2369	CAALFM_C300230CA
lcl|NC_032091.1_cds_XP_717817.1_2370	CAALFM_C300240CA
lcl|NC_032091.1_cds_XP_717816.1_2371	CAALFM_C300250CA
lcl|NC_032091.1_cds_XP_717815.1_2372	CAALFM_C300260CA
lcl|NC_032091.1_cds_XP_717814.1_2373	CAALFM_C300270CA
lcl|NC_032091.1_cds_XP_717813.2_2374	CAALFM_C300280CA
lcl|NC_032091.1_cds_XP_717812.2_2375	CAALFM_C300290WA
lcl|NC_032091.1_cds_XP_717811.1_2376	CAALFM_C300300WA
lcl|NC_032091.1_cds_XP_717810.1_2377	CAALFM_C300310CA
lcl|NC_032091.1_cds_XP_717809.1_2378	CAALFM_C300320WA
lcl|NC_032091.1_cds_XP_717808.2_2379	CAALFM_C300330WA
lcl|NC_032091.1_cds_XP_717805.1_2380	CAALFM_C300340WA
lcl|NC_032091.1_cds_XP_717804.1_2381	CAALFM_C300350WA
lcl|NC_032091.1_cds_XP_717803.1_2382	CAALFM_C300360WA
lcl|NC_032091.1_cds_XP_717802.1_2383	CAALFM_C300370CA
lcl|NC_032091.1_cds_XP_717801.1_2384	CAALFM_C300380CA
lcl|NC_032091.1_cds_XP_717800.1_2385	CAALFM_C300390WA
lcl|NC_032091.1_cds_XP_717798.2_2386	CAALFM_C300400CA
lcl|NC_032091.1_cds_XP_717796.1_2387	CAALFM_C300410CA
lcl|NC_032091.1_cds_XP_717797.1_2388	CAALFM_C300420WA
lcl|NC_032091.1_cds_XP_717795.1_2389	CAALFM_C300430WA
lcl|NC_032091.1_cds_XP_717794.1_2390	CAALFM_C300440WA
lcl|NC_032091.1_cds_XP_717792.1_2391	CAALFM_C300450CA
lcl|NC_032091.1_cds_XP_717791.1_2392	CAALFM_C300460WA
lcl|NC_032091.1_cds_XP_717790.1_2393	CAALFM_C300470WA
lcl|NC_032091.1_cds_XP_717789.1_2394	CAALFM_C300480CA
lcl|NC_032091.1_cds_XP_717788.1_2395	CAALFM_C300490WA
lcl|NC_032091.1_cds_XP_717785.1_2396	CAALFM_C300500CA
lcl|NC_032091.1_cds_XP_717784.1_2397	CAALFM_C300510WA
lcl|NC_032091.1_cds_XP_717783.1_2398	CAALFM_C300520WA
lcl|NC_032091.1_cds_XP_717782.1_2399	CAALFM_C300530CA
lcl|NC_032091.1_cds_XP_717781.1_2400	CAALFM_C300540CA
lcl|NC_032091.1_cds_XP_717780.1_2401	CAALFM_C300550CA
lcl|NC_032091.1_cds_XP_717779.1_2402	CAALFM_C300560CA
lcl|NC_032091.1_cds_XP_717778.1_2403	CAALFM_C300570CA
lcl|NC_032091.1_cds_XP_717775.2_2404	CAALFM_C300580WA
lcl|NC_032091.1_cds_XP_436573.1_2405	CAALFM_C300590WA
lcl|NC_032091.1_cds_XP_717774.1_2406	CAALFM_C300600WA
lcl|NC_032091.1_cds_XP_717772.1_2407	CAALFM_C300610WA
lcl|NC_032091.1_cds_XP_019330823.1_2408	CAALFM_C300620CA
lcl|NC_032091.1_cds_XP_717770.1_2409	CAALFM_C300630WA
lcl|NC_032091.1_cds_XP_717768.1_2410	CAALFM_C300640WA
lcl|NC_032091.1_cds_XP_717767.1_2411	CAALFM_C300650WA
lcl|NC_032091.1_cds_XP_717766.1_2412	CAALFM_C300660WA
lcl|NC_032091.1_cds_XP_019330824.1_2413	CAALFM_C300670CA
lcl|NC_032091.1_cds_XP_717765.1_2414	CAALFM_C300680CA
lcl|NC_032091.1_cds_XP_717763.1_2415	CAALFM_C300690CA
lcl|NC_032091.1_cds_XP_717762.2_2416	CAALFM_C300700WA
lcl|NC_032091.1_cds_XP_717760.2_2417	CAALFM_C300710WA
lcl|NC_032091.1_cds_XP_717759.2_2418	CAALFM_C300720WA
lcl|NC_032091.1_cds_XP_717758.1_2419	CAALFM_C300730WA
lcl|NC_032091.1_cds_XP_717757.2_2420	CAALFM_C300750WA
lcl|NC_032091.1_cds_XP_717756.2_2421	CAALFM_C300760WA
lcl|NC_032091.1_cds_XP_717755.2_2422	CAALFM_C300770CA
lcl|NC_032091.1_cds_XP_717754.2_2423	CAALFM_C300780WA
lcl|NC_032091.1_cds_XP_717753.2_2424	CAALFM_C300790WA
lcl|NC_032091.1_cds_XP_710215.1_2425	CAALFM_C300800WA
lcl|NC_032091.1_cds_XP_710072.1_2426	CAALFM_C300810CA
lcl|NC_032091.1_cds_XP_710056.2_2427	CAALFM_C300820WA
lcl|NC_032091.1_cds_XP_710637.2_2428	CAALFM_C300830CA
lcl|NC_032091.1_cds_XP_710638.1_2429	CAALFM_C300840CA
lcl|NC_032091.1_cds_XP_710642.2_2430	CAALFM_C300850CA
lcl|NC_032091.1_cds_XP_710644.1_2431	CAALFM_C300860WA
lcl|NC_032091.1_cds_XP_710646.1_2432	CAALFM_C300880WA
lcl|NC_032091.1_cds_XP_710647.2_2433	CAALFM_C300890CA
lcl|NC_032091.1_cds_XP_710648.2_2434	CAALFM_C300900CA
lcl|NC_032091.1_cds_XP_710649.2_2435	CAALFM_C300910WA
lcl|NC_032091.1_cds_XP_710650.1_2436	CAALFM_C300920WA
lcl|NC_032091.1_cds_XP_718515.2_2437	CAALFM_C300930WA
lcl|NC_032091.1_cds_XP_718516.1_2438	CAALFM_C300940WA
lcl|NC_032091.1_cds_XP_718517.2_2439	CAALFM_C300950CA
lcl|NC_032091.1_cds_XP_718518.2_2440	CAALFM_C300960WA
lcl|NC_032091.1_cds_XP_718519.2_2441	CAALFM_C300980WA
lcl|NC_032091.1_cds_XP_718521.1_2442	CAALFM_C300990CA
lcl|NC_032091.1_cds_XP_718522.2_2443	CAALFM_C301000WA
lcl|NC_032091.1_cds_XP_718524.1_2444	CAALFM_C301020WA
lcl|NC_032091.1_cds_XP_718525.1_2445	CAALFM_C301030WA
lcl|NC_032091.1_cds_XP_019330825.1_2446	CAALFM_C301040CA
lcl|NC_032091.1_cds_XP_718527.2_2447	CAALFM_C301050CA
lcl|NC_032091.1_cds_XP_019330826.1_2448	CAALFM_C301060WA
lcl|NC_032091.1_cds_XP_718528.2_2449	CAALFM_C301070CA
lcl|NC_032091.1_cds_XP_019330827.1_2450	CAALFM_C301080WA
lcl|NC_032091.1_cds_XP_019330828.1_2451	CAALFM_C301090WA
lcl|NC_032091.1_cds_XP_718530.1_2452	CAALFM_C301100WA
lcl|NC_032091.1_cds_XP_718531.2_2453	CAALFM_C301110CA
lcl|NC_032091.1_cds_XP_718532.1_2454	CAALFM_C301120WA
lcl|NC_032091.1_cds_XP_718533.2_2455	CAALFM_C301130CA
lcl|NC_032091.1_cds_XP_718534.2_2456	CAALFM_C301140WA
lcl|NC_032091.1_cds_XP_710000.1_2457	CAALFM_C301150CA
lcl|NC_032091.1_cds_XP_710436.2_2458	CAALFM_C301160WA
lcl|NC_032091.1_cds_XP_710437.2_2459	CAALFM_C301170WA
lcl|NC_032091.1_cds_XP_710439.2_2460	CAALFM_C301180CA
lcl|NC_032091.1_cds_XP_710440.2_2461	CAALFM_C301190CA
lcl|NC_032091.1_cds_XP_710441.2_2462	CAALFM_C301200WA
lcl|NC_032091.1_cds_XP_019330829.1_2463	CAALFM_C301210CA
lcl|NC_032091.1_cds_XP_721800.1_2464	CAALFM_C301220WA
lcl|NC_032091.1_cds_XP_721799.1_2465	CAALFM_C301230CA
lcl|NC_032091.1_cds_XP_721798.1_2466	CAALFM_C301250WA
lcl|NC_032091.1_cds_XP_721796.1_2467	CAALFM_C301260CA
lcl|NC_032091.1_cds_XP_721794.1_2468	CAALFM_C301280WA
lcl|NC_032091.1_cds_XP_721792.1_2469	CAALFM_C301300CA
lcl|NC_032091.1_cds_XP_721791.1_2470	CAALFM_C301310WA
lcl|NC_032091.1_cds_XP_721790.1_2471	CAALFM_C301320CA
lcl|NC_032091.1_cds_XP_721789.2_2472	CAALFM_C301330WA
lcl|NC_032091.1_cds_XP_721788.1_2473	CAALFM_C301340WA
lcl|NC_032091.1_cds_XP_721787.2_2474	CAALFM_C301350CA
lcl|NC_032091.1_cds_XP_721786.1_2475	CAALFM_C301360CA
lcl|NC_032091.1_cds_XP_721785.2_2476	CAALFM_C301370CA
lcl|NC_032091.1_cds_XP_721784.2_2477	CAALFM_C301390CA
lcl|NC_032091.1_cds_XP_721782.1_2478	CAALFM_C301400WA
lcl|NC_032091.1_cds_XP_721781.2_2479	CAALFM_C301410CA
lcl|NC_032091.1_cds_XP_721780.1_2480	CAALFM_C301420CA
lcl|NC_032091.1_cds_XP_721779.2_2481	CAALFM_C301430WA
lcl|NC_032091.1_cds_XP_721778.2_2482	CAALFM_C301440CA
lcl|NC_032091.1_cds_XP_721777.2_2483	CAALFM_C301450CA
lcl|NC_032091.1_cds_XP_721775.1_2484	CAALFM_C301460CA
lcl|NC_032091.1_cds_XP_019330830.1_2485	CAALFM_C301470WA
lcl|NC_032091.1_cds_XP_721773.2_2486	CAALFM_C301480CA
lcl|NC_032091.1_cds_XP_721772.1_2487	CAALFM_C301490WA
lcl|NC_032091.1_cds_XP_721771.1_2488	CAALFM_C301500CA
lcl|NC_032091.1_cds_XP_721770.2_2489	CAALFM_C301510WA
lcl|NC_032091.1_cds_XP_721769.2_2490	CAALFM_C301520CA
lcl|NC_032091.1_cds_XP_721767.2_2491	CAALFM_C301530CA
lcl|NC_032091.1_cds_XP_721766.1_2492	CAALFM_C301540WA
lcl|NC_032091.1_cds_XP_721765.2_2493	CAALFM_C301550CA
lcl|NC_032091.1_cds_XP_721764.1_2494	CAALFM_C301560WA
lcl|NC_032091.1_cds_XP_721763.1_2495	CAALFM_C301570WA
lcl|NC_032091.1_cds_XP_721762.2_2496	CAALFM_C301580WA
lcl|NC_032091.1_cds_XP_721761.2_2497	CAALFM_C301590WA
lcl|NC_032091.1_cds_XP_721760.1_2498	CAALFM_C301600WA
lcl|NC_032091.1_cds_XP_721759.2_2499	CAALFM_C301610WA
lcl|NC_032091.1_cds_XP_721758.2_2500	CAALFM_C301620WA
lcl|NC_032091.1_cds_XP_019330831.1_2501	CAALFM_C301630WA
lcl|NC_032091.1_cds_XP_721756.2_2502	CAALFM_C301640CA
lcl|NC_032091.1_cds_XP_721755.1_2503	CAALFM_C301660WA
lcl|NC_032091.1_cds_XP_721754.2_2504	CAALFM_C301670WA
lcl|NC_032091.1_cds_XP_721753.2_2505	CAALFM_C301680CA
lcl|NC_032091.1_cds_XP_721752.2_2506	CAALFM_C301690WA
lcl|NC_032091.1_cds_XP_721751.1_2507	CAALFM_C301700WA
lcl|NC_032091.1_cds_XP_721750.2_2508	CAALFM_C301710CA
lcl|NC_032091.1_cds_XP_721749.2_2509	CAALFM_C301720CA
lcl|NC_032091.1_cds_XP_721748.1_2510	CAALFM_C301730CA
lcl|NC_032091.1_cds_XP_019330832.1_2511	CAALFM_C301740CA
lcl|NC_032091.1_cds_XP_721747.2_2512	CAALFM_C301750CA
lcl|NC_032091.1_cds_XP_721746.1_2513	CAALFM_C301760WA
lcl|NC_032091.1_cds_XP_721745.1_2514	CAALFM_C301770CA
lcl|NC_032091.1_cds_XP_019330833.1_2515	CAALFM_C301780CA
lcl|NC_032091.1_cds_XP_721744.1_2516	CAALFM_C301790CA
lcl|NC_032091.1_cds_XP_721743.1_2517	CAALFM_C301800CA
lcl|NC_032091.1_cds_XP_721742.1_2518	CAALFM_C301810CA
lcl|NC_032091.1_cds_XP_721741.2_2519	CAALFM_C301820WA
lcl|NC_032091.1_cds_XP_721740.2_2520	CAALFM_C301830CA
lcl|NC_032091.1_cds_XP_721739.2_2521	CAALFM_C301850WA
lcl|NC_032091.1_cds_XP_721738.2_2522	CAALFM_C301860CA
lcl|NC_032091.1_cds_XP_721736.2_2523	CAALFM_C301880WA
lcl|NC_032091.1_cds_XP_019330834.1_2524	CAALFM_C301890CA
lcl|NC_032091.1_cds_XP_721733.2_2525	CAALFM_C301900CA
lcl|NC_032091.1_cds_XP_019330835.1_2526	CAALFM_C301910CA
lcl|NC_032091.1_cds_XP_721732.1_2527	CAALFM_C301930WA
lcl|NC_032091.1_cds_XP_721731.2_2528	CAALFM_C301940CA
lcl|NC_032091.1_cds_XP_721730.1_2529	CAALFM_C301950CA
lcl|NC_032091.1_cds_XP_721729.1_2530	CAALFM_C301960CA
lcl|NC_032091.1_cds_XP_721728.1_2531	CAALFM_C301970CA
lcl|NC_032091.1_cds_XP_721727.2_2532	CAALFM_C301980CA
lcl|NC_032091.1_cds_XP_721726.2_2533	CAALFM_C301990WA
lcl|NC_032091.1_cds_XP_721725.2_2534	CAALFM_C302000WA
lcl|NC_032091.1_cds_XP_019330836.1_2535	CAALFM_C302010CA
lcl|NC_032091.1_cds_XP_721723.2_2536	CAALFM_C302020WA
lcl|NC_032091.1_cds_XP_721720.1_2537	CAALFM_C302030WA
lcl|NC_032091.1_cds_XP_721719.1_2538	CAALFM_C302040CA
lcl|NC_032091.1_cds_XP_721718.1_2539	CAALFM_C302060WA
lcl|NC_032091.1_cds_XP_721716.2_2540	CAALFM_C302070CA
lcl|NC_032091.1_cds_XP_721715.1_2541	CAALFM_C302080WA
lcl|NC_032091.1_cds_XP_721714.2_2542	CAALFM_C302090CA
lcl|NC_032091.1_cds_XP_721713.2_2543	CAALFM_C302100WA
lcl|NC_032091.1_cds_XP_721712.1_2544	CAALFM_C302110WA
lcl|NC_032091.1_cds_XP_019330837.1_2545	CAALFM_C302120WA
lcl|NC_032091.1_cds_XP_721710.2_2546	CAALFM_C302130WA
lcl|NC_032091.1_cds_XP_721709.2_2547	CAALFM_C302140CA
lcl|NC_032091.1_cds_XP_721708.2_2548	CAALFM_C302150CA
lcl|NC_032091.1_cds_XP_019330838.1_2549	CAALFM_C302160CA
lcl|NC_032091.1_cds_XP_721706.2_2550	CAALFM_C302170CA
lcl|NC_032091.1_cds_XP_721705.2_2551	CAALFM_C302180CA
lcl|NC_032091.1_cds_XP_721704.1_2552	CAALFM_C302190CA
lcl|NC_032091.1_cds_XP_019330839.1_2553	CAALFM_C302200WA
lcl|NC_032091.1_cds_XP_019330840.1_2554	CAALFM_C302210CA
lcl|NC_032091.1_cds_XP_721702.2_2555	CAALFM_C302220WA
lcl|NC_032091.1_cds_XP_721701.2_2556	CAALFM_C302230CA
lcl|NC_032091.1_cds_XP_721700.2_2557	CAALFM_C302240CA
lcl|NC_032091.1_cds_XP_721699.1_2558	CAALFM_C302250CA
lcl|NC_032091.1_cds_XP_721698.1_2559	CAALFM_C302260CA
lcl|NC_032091.1_cds_XP_019330841.1_2560	CAALFM_C302270WA
lcl|NC_032091.1_cds_XP_721697.2_2561	CAALFM_C302280CA
lcl|NC_032091.1_cds_XP_721696.1_2562	CAALFM_C302290WA
lcl|NC_032091.1_cds_XP_721695.2_2563	CAALFM_C302300WA
lcl|NC_032091.1_cds_XP_721693.1_2564	CAALFM_C302310WA
lcl|NC_032091.1_cds_XP_721692.1_2565	CAALFM_C302320WA
lcl|NC_032091.1_cds_XP_721690.2_2566	CAALFM_C302330CA
lcl|NC_032091.1_cds_XP_721689.2_2567	CAALFM_C302340WA
lcl|NC_032091.1_cds_XP_721688.2_2568	CAALFM_C302350WA
lcl|NC_032091.1_cds_XP_721687.2_2569	CAALFM_C302360CA
lcl|NC_032091.1_cds_XP_721686.1_2570	CAALFM_C302370CA
lcl|NC_032091.1_cds_XP_721685.2_2571	CAALFM_C302390WA
lcl|NC_032091.1_cds_XP_719926.2_2572	CAALFM_C302400CA
lcl|NC_032091.1_cds_XP_019330842.1_2573	CAALFM_C302410CA
lcl|NC_032091.1_cds_XP_719930.2_2574	CAALFM_C302430WA
lcl|NC_032091.1_cds_XP_719931.1_2575	CAALFM_C302440CA
lcl|NC_032091.1_cds_XP_019330843.1_2576	CAALFM_C302450WA
lcl|NC_032091.1_cds_XP_019330844.1_2577	CAALFM_C302460CA
lcl|NC_032091.1_cds_XP_719935.1_2578	CAALFM_C302470CA
lcl|NC_032091.1_cds_XP_719937.2_2579	CAALFM_C302480CA
lcl|NC_032091.1_cds_XP_719938.2_2580	CAALFM_C302490CA
lcl|NC_032091.1_cds_XP_719939.2_2581	CAALFM_C302500WA
lcl|NC_032091.1_cds_XP_719941.1_2582	CAALFM_C302510CA
lcl|NC_032091.1_cds_XP_019330845.1_2583	CAALFM_C302530WA
lcl|NC_032091.1_cds_XP_719942.2_2584	CAALFM_C302540CA
lcl|NC_032091.1_cds_XP_719943.2_2585	CAALFM_C302550CA
lcl|NC_032091.1_cds_XP_719944.2_2586	CAALFM_C302560WA
lcl|NC_032091.1_cds_XP_719945.2_2587	CAALFM_C302570WA
lcl|NC_032091.1_cds_XP_719946.2_2588	CAALFM_C302580CA
lcl|NC_032091.1_cds_XP_719947.2_2589	CAALFM_C302590WA
lcl|NC_032091.1_cds_XP_719949.1_2590	CAALFM_C302600CA
lcl|NC_032091.1_cds_XP_719950.2_2591	CAALFM_C302610CA
lcl|NC_032091.1_cds_XP_719951.2_2592	CAALFM_C302620CA
lcl|NC_032091.1_cds_XP_719953.2_2593	CAALFM_C302630CA
lcl|NC_032091.1_cds_XP_719954.2_2594	CAALFM_C302640CA
lcl|NC_032091.1_cds_XP_719956.2_2595	CAALFM_C302660WA
lcl|NC_032091.1_cds_XP_719957.1_2596	CAALFM_C302670WA
lcl|NC_032091.1_cds_XP_719958.2_2597	CAALFM_C302680CA
lcl|NC_032091.1_cds_XP_719959.2_2598	CAALFM_C302690CA
lcl|NC_032091.1_cds_XP_719960.2_2599	CAALFM_C302700WA
lcl|NC_032091.1_cds_XP_019330846.1_2600	CAALFM_C302710WA
lcl|NC_032091.1_cds_XP_719962.1_2601	CAALFM_C302720WA
lcl|NC_032091.1_cds_XP_719963.2_2602	CAALFM_C302750WA
lcl|NC_032091.1_cds_XP_719965.2_2603	CAALFM_C302760CA
lcl|NC_032091.1_cds_XP_719966.2_2604	CAALFM_C302770CA
lcl|NC_032091.1_cds_XP_719967.2_2605	CAALFM_C302780WA
lcl|NC_032091.1_cds_XP_719968.2_2606	CAALFM_C302790WA
lcl|NC_032091.1_cds_XP_719969.1_2607	CAALFM_C302800WA
lcl|NC_032091.1_cds_XP_719970.2_2608	CAALFM_C302810CA
lcl|NC_032091.1_cds_XP_719971.2_2609	CAALFM_C302820CA
lcl|NC_032091.1_cds_XP_719972.2_2610	CAALFM_C302830WA
lcl|NC_032091.1_cds_XP_719973.1_2611	CAALFM_C302840WA
lcl|NC_032091.1_cds_XP_719974.2_2612	CAALFM_C302850CA
lcl|NC_032091.1_cds_XP_719975.1_2613	CAALFM_C302860WA
lcl|NC_032091.1_cds_XP_719976.1_2614	CAALFM_C302870CA
lcl|NC_032091.1_cds_XP_719977.1_2615	CAALFM_C302880WA
lcl|NC_032091.1_cds_XP_719978.1_2616	CAALFM_C302890CA
lcl|NC_032091.1_cds_XP_719979.2_2617	CAALFM_C302900WA
lcl|NC_032091.1_cds_XP_719981.2_2618	CAALFM_C302910WA
lcl|NC_032091.1_cds_XP_719982.1_2619	CAALFM_C302920WA
lcl|NC_032091.1_cds_XP_719983.1_2620	CAALFM_C302930WA
lcl|NC_032091.1_cds_XP_719984.1_2621	CAALFM_C302940CA
lcl|NC_032091.1_cds_XP_719985.1_2622	CAALFM_C302950CA
lcl|NC_032091.1_cds_XP_719987.2_2623	CAALFM_C302960CA
lcl|NC_032091.1_cds_XP_719988.1_2624	CAALFM_C302970CA
lcl|NC_032091.1_cds_XP_719989.1_2625	CAALFM_C302980CA
lcl|NC_032091.1_cds_XP_719991.1_2626	CAALFM_C302990CA
lcl|NC_032091.1_cds_XP_719992.1_2627	CAALFM_C303000WA
lcl|NC_032091.1_cds_XP_019330847.1_2628	CAALFM_C303010CA
lcl|NC_032091.1_cds_XP_719994.1_2629	CAALFM_C303020WA
lcl|NC_032091.1_cds_XP_719995.2_2630	CAALFM_C303030CA
lcl|NC_032091.1_cds_XP_719996.2_2631	CAALFM_C303040WA
lcl|NC_032091.1_cds_XP_719997.2_2632	CAALFM_C303050CA
lcl|NC_032091.1_cds_XP_719998.1_2633	CAALFM_C303060WA
lcl|NC_032091.1_cds_XP_719999.2_2634	CAALFM_C303070WA
lcl|NC_032091.1_cds_XP_720000.1_2635	CAALFM_C303080WA
lcl|NC_032091.1_cds_XP_720001.2_2636	CAALFM_C303090WA
lcl|NC_032091.1_cds_XP_720002.1_2637	CAALFM_C303100CA
lcl|NC_032091.1_cds_XP_720003.2_2638	CAALFM_C303110WA
lcl|NC_032091.1_cds_XP_720004.1_2639	CAALFM_C303120CA
lcl|NC_032091.1_cds_XP_720007.2_2640	CAALFM_C303130CA
lcl|NC_032091.1_cds_XP_720008.2_2641	CAALFM_C303140CA
lcl|NC_032091.1_cds_XP_720009.2_2642	CAALFM_C303150WA
lcl|NC_032091.1_cds_XP_720010.1_2643	CAALFM_C303160CA
lcl|NC_032091.1_cds_XP_720011.2_2644	CAALFM_C303170WA
lcl|NC_032091.1_cds_XP_720012.2_2645	CAALFM_C303180CA
lcl|NC_032091.1_cds_XP_720013.2_2646	CAALFM_C303190CA
lcl|NC_032091.1_cds_XP_720014.2_2647	CAALFM_C303200CA
lcl|NC_032091.1_cds_XP_720015.1_2648	CAALFM_C303210WA
lcl|NC_032091.1_cds_XP_720016.2_2649	CAALFM_C303230CA
lcl|NC_032091.1_cds_XP_720018.2_2650	CAALFM_C303250WA
lcl|NC_032091.1_cds_XP_720020.2_2651	CAALFM_C303260WA
lcl|NC_032091.1_cds_XP_720021.1_2652	CAALFM_C303270WA
lcl|NC_032091.1_cds_XP_720022.1_2653	CAALFM_C303280CA
lcl|NC_032091.1_cds_XP_720023.2_2654	CAALFM_C303290CA
lcl|NC_032091.1_cds_XP_720024.1_2655	CAALFM_C303300CA
lcl|NC_032091.1_cds_XP_720026.2_2656	CAALFM_C303310CA
lcl|NC_032091.1_cds_XP_019330848.1_2657	CAALFM_C303320WA
lcl|NC_032091.1_cds_XP_720027.2_2658	CAALFM_C303330CA
lcl|NC_032091.1_cds_XP_019330849.1_2659	CAALFM_C303340CA
lcl|NC_032091.1_cds_XP_720028.2_2660	CAALFM_C303360WA
lcl|NC_032091.1_cds_XP_720029.2_2661	CAALFM_C303370CA
lcl|NC_032091.1_cds_XP_720030.2_2662	CAALFM_C303380WA
lcl|NC_032091.1_cds_XP_720031.2_2663	CAALFM_C303390CA
lcl|NC_032091.1_cds_XP_019330850.1_2664	CAALFM_C303400CA
lcl|NC_032091.1_cds_XP_720033.1_2665	CAALFM_C303410CA
lcl|NC_032091.1_cds_XP_720034.1_2666	CAALFM_C303420CA
lcl|NC_032091.1_cds_XP_720035.1_2667	CAALFM_C303430CA
lcl|NC_032091.1_cds_XP_720036.2_2668	CAALFM_C303440CA
lcl|NC_032091.1_cds_XP_720037.1_2669	CAALFM_C303450CA
lcl|NC_032091.1_cds_XP_720039.1_2670	CAALFM_C303460CA
lcl|NC_032091.1_cds_XP_720040.1_2671	CAALFM_C303470WA
lcl|NC_032091.1_cds_XP_720041.2_2672	CAALFM_C303480CA
lcl|NC_032091.1_cds_XP_720042.1_2673	CAALFM_C303490WA
lcl|NC_032091.1_cds_XP_720043.1_2674	CAALFM_C303500WA
lcl|NC_032091.1_cds_XP_720044.2_2675	CAALFM_C303510CA
lcl|NC_032091.1_cds_XP_720045.1_2676	CAALFM_C303520CA
lcl|NC_032091.1_cds_XP_720046.1_2677	CAALFM_C303530WA
lcl|NC_032091.1_cds_XP_720047.2_2678	CAALFM_C303540WA
lcl|NC_032091.1_cds_XP_720048.1_2679	CAALFM_C303550CA
lcl|NC_032091.1_cds_XP_720049.1_2680	CAALFM_C303560WA
lcl|NC_032091.1_cds_XP_720050.1_2681	CAALFM_C303570CA
lcl|NC_032091.1_cds_XP_019330851.1_2682	CAALFM_C303580CA
lcl|NC_032091.1_cds_XP_720052.2_2683	CAALFM_C303590WA
lcl|NC_032091.1_cds_XP_019330852.1_2684	CAALFM_C303600CA
lcl|NC_032091.1_cds_XP_720055.2_2685	CAALFM_C303610WA
lcl|NC_032091.1_cds_XP_712758.2_2686	CAALFM_C303620CA
lcl|NC_032091.1_cds_XP_712759.2_2687	CAALFM_C303630WA
lcl|NC_032091.1_cds_XP_712757.1_2688	CAALFM_C303640WA
lcl|NC_032091.1_cds_XP_712756.1_2689	CAALFM_C303650WA
lcl|NC_032091.1_cds_XP_712754.2_2690	CAALFM_C303660WA
lcl|NC_032091.1_cds_XP_712753.1_2691	CAALFM_C303670WA
lcl|NC_032091.1_cds_XP_712752.1_2692	CAALFM_C303680WA
lcl|NC_032091.1_cds_XP_712751.2_2693	CAALFM_C303690WA
lcl|NC_032091.1_cds_XP_712749.1_2694	CAALFM_C303710WA
lcl|NC_032091.1_cds_XP_019330853.1_2695	CAALFM_C303720WA
lcl|NC_032091.1_cds_XP_712745.1_2696	CAALFM_C303730CA
lcl|NC_032091.1_cds_XP_712744.1_2697	CAALFM_C303740WA
lcl|NC_032091.1_cds_XP_712743.1_2698	CAALFM_C303750CA
lcl|NC_032091.1_cds_XP_712742.1_2699	CAALFM_C303760WA
lcl|NC_032091.1_cds_XP_712740.1_2700	CAALFM_C303770CA
lcl|NC_032091.1_cds_XP_712741.1_2701	CAALFM_C303780WA
lcl|NC_032091.1_cds_XP_712739.1_2702	CAALFM_C303790WA
lcl|NC_032091.1_cds_XP_712738.1_2703	CAALFM_C303800WA
lcl|NC_032091.1_cds_XP_712737.2_2704	CAALFM_C303810WA
lcl|NC_032091.1_cds_XP_712735.2_2705	CAALFM_C303820CA
lcl|NC_032091.1_cds_XP_712734.1_2706	CAALFM_C303830WA
lcl|NC_032091.1_cds_XP_712732.1_2707	CAALFM_C303840CA
lcl|NC_032091.1_cds_XP_712731.1_2708	CAALFM_C303850CA
lcl|NC_032091.1_cds_XP_712730.1_2709	CAALFM_C303860WA
lcl|NC_032091.1_cds_XP_712729.2_2710	CAALFM_C303870CA
lcl|NC_032091.1_cds_XP_712728.2_2711	CAALFM_C303880CA
lcl|NC_032091.1_cds_XP_712727.2_2712	CAALFM_C303890WA
lcl|NC_032091.1_cds_XP_712726.1_2713	CAALFM_C303900CA
lcl|NC_032091.1_cds_XP_712725.1_2714	CAALFM_C303910WA
lcl|NC_032091.1_cds_XP_019330854.1_2715	CAALFM_C303920WA
lcl|NC_032091.1_cds_XP_712724.1_2716	CAALFM_C303930WA
lcl|NC_032091.1_cds_XP_711008.2_2717	CAALFM_C303980CA
lcl|NC_032091.1_cds_XP_711006.2_2718	CAALFM_C303990CA
lcl|NC_032091.1_cds_XP_711005.1_2719	CAALFM_C304000CA
lcl|NC_032091.1_cds_XP_711004.2_2720	CAALFM_C304020CA
lcl|NC_032091.1_cds_XP_711002.2_2721	CAALFM_C304030CA
lcl|NC_032091.1_cds_XP_019330855.1_2722	CAALFM_C304040WA
lcl|NC_032091.1_cds_XP_710999.1_2723	CAALFM_C304060CA
lcl|NC_032091.1_cds_XP_710998.2_2724	CAALFM_C304070CA
lcl|NC_032091.1_cds_XP_019330856.1_2725	CAALFM_C304080WA
lcl|NC_032091.1_cds_XP_723070.1_2726	CAALFM_C304090WA
lcl|NC_032091.1_cds_XP_019330857.1_2727	CAALFM_C304100WA
lcl|NC_032091.1_cds_XP_723071.2_2728	CAALFM_C304110CA
lcl|NC_032091.1_cds_XP_723072.1_2729	CAALFM_C304120CA
lcl|NC_032091.1_cds_XP_723073.1_2730	CAALFM_C304130WA
lcl|NC_032091.1_cds_XP_723074.1_2731	CAALFM_C304140CA
lcl|NC_032091.1_cds_XP_723075.1_2732	CAALFM_C304160WA
lcl|NC_032091.1_cds_XP_723076.2_2733	CAALFM_C304170WA
lcl|NC_032091.1_cds_XP_723077.1_2734	CAALFM_C304180WA
lcl|NC_032091.1_cds_XP_019330858.1_2735	CAALFM_C304190WA
lcl|NC_032091.1_cds_XP_723078.1_2736	CAALFM_C304200WA
lcl|NC_032091.1_cds_XP_723079.2_2737	CAALFM_C304210WA
lcl|NC_032091.1_cds_XP_723080.1_2738	CAALFM_C304220CA
lcl|NC_032091.1_cds_XP_723081.1_2739	CAALFM_C304230WA
lcl|NC_032091.1_cds_XP_723083.2_2740	CAALFM_C304250WA
lcl|NC_032091.1_cds_XP_019330859.1_2741	CAALFM_C304260WA
lcl|NC_032091.1_cds_XP_019330860.1_2742	CAALFM_C304270CA
lcl|NC_032091.1_cds_XP_710105.2_2743	CAALFM_C304290CA
lcl|NC_032091.1_cds_XP_723089.2_2744	CAALFM_C304300CA
lcl|NC_032091.1_cds_XP_723090.1_2745	CAALFM_C304310CA
lcl|NC_032091.1_cds_XP_723091.2_2746	CAALFM_C304320WA
lcl|NC_032091.1_cds_XP_019330861.1_2747	CAALFM_C304330CA
lcl|NC_032091.1_cds_XP_723093.2_2748	CAALFM_C304340WA
lcl|NC_032091.1_cds_XP_723095.2_2749	CAALFM_C304350CA
lcl|NC_032091.1_cds_XP_723096.2_2750	CAALFM_C304360WA
lcl|NC_032091.1_cds_XP_723100.1_2751	CAALFM_C304370CA
lcl|NC_032091.1_cds_XP_723101.1_2752	CAALFM_C304380CA
lcl|NC_032091.1_cds_XP_019330862.1_2753	CAALFM_C304390WA
lcl|NC_032091.1_cds_XP_723103.1_2754	CAALFM_C304400CA
lcl|NC_032091.1_cds_XP_723106.1_2755	CAALFM_C304410CA
lcl|NC_032091.1_cds_XP_723108.1_2756	CAALFM_C304420WA
lcl|NC_032091.1_cds_XP_019330863.1_2757	CAALFM_C304430WA
lcl|NC_032091.1_cds_XP_019330864.1_2758	CAALFM_C304440CA
lcl|NC_032091.1_cds_XP_723112.1_2759	CAALFM_C304450CA
lcl|NC_032091.1_cds_XP_723113.1_2760	CAALFM_C304460WA
lcl|NC_032091.1_cds_XP_723115.1_2761	CAALFM_C304470WA
lcl|NC_032091.1_cds_XP_723116.1_2762	CAALFM_C304480CA
lcl|NC_032091.1_cds_XP_723117.1_2763	CAALFM_C304490WA
lcl|NC_032091.1_cds_XP_019330865.1_2764	CAALFM_C304500CA
lcl|NC_032091.1_cds_XP_723119.1_2765	CAALFM_C304510WA
lcl|NC_032091.1_cds_XP_723120.1_2766	CAALFM_C304520CA
lcl|NC_032091.1_cds_XP_723122.1_2767	CAALFM_C304530CA
lcl|NC_032091.1_cds_XP_723123.1_2768	CAALFM_C304540CA
lcl|NC_032091.1_cds_XP_723124.1_2769	CAALFM_C304550CA
lcl|NC_032091.1_cds_XP_723125.1_2770	CAALFM_C304560WA
lcl|NC_032091.1_cds_XP_723128.2_2771	CAALFM_C304570CA
lcl|NC_032091.1_cds_XP_723130.1_2772	CAALFM_C304580CA
lcl|NC_032091.1_cds_XP_019330866.1_2773	CAALFM_C304590WA
lcl|NC_032091.1_cds_XP_723132.1_2774	CAALFM_C304610WA
lcl|NC_032091.1_cds_XP_723133.1_2775	CAALFM_C304620CA
lcl|NC_032091.1_cds_XP_723134.1_2776	CAALFM_C304630WA
lcl|NC_032091.1_cds_XP_723136.1_2777	CAALFM_C304640WA
lcl|NC_032091.1_cds_XP_723137.1_2778	CAALFM_C304650WA
lcl|NC_032091.1_cds_XP_723138.1_2779	CAALFM_C304660CA
lcl|NC_032091.1_cds_XP_019330867.1_2780	CAALFM_C304670CA
lcl|NC_032091.1_cds_XP_723140.1_2781	CAALFM_C304680WA
lcl|NC_032091.1_cds_XP_723141.1_2782	CAALFM_C304690CA
lcl|NC_032091.1_cds_XP_723142.1_2783	CAALFM_C304700WA
lcl|NC_032091.1_cds_XP_723143.1_2784	CAALFM_C304710WA
lcl|NC_032091.1_cds_XP_723144.1_2785	CAALFM_C304720CA
lcl|NC_032091.1_cds_XP_723145.1_2786	CAALFM_C304730CA
lcl|NC_032091.1_cds_XP_723146.1_2787	CAALFM_C304740CA
lcl|NC_032091.1_cds_XP_723147.1_2788	CAALFM_C304750WA
lcl|NC_032091.1_cds_XP_723150.1_2789	CAALFM_C304760CA
lcl|NC_032091.1_cds_XP_723152.1_2790	CAALFM_C304770CA
lcl|NC_032091.1_cds_XP_723153.1_2791	CAALFM_C304780CA
lcl|NC_032091.1_cds_XP_723154.1_2792	CAALFM_C304790WA
lcl|NC_032091.1_cds_XP_723155.1_2793	CAALFM_C304800CA
lcl|NC_032091.1_cds_XP_019330868.1_2794	CAALFM_C304810CA
lcl|NC_032091.1_cds_XP_723159.1_2795	CAALFM_C304820CA
lcl|NC_032091.1_cds_XP_723161.2_2796	CAALFM_C304830CA
lcl|NC_032091.1_cds_XP_723163.1_2797	CAALFM_C304840CA
lcl|NC_032091.1_cds_XP_723164.1_2798	CAALFM_C304860WA
lcl|NC_032091.1_cds_XP_019330869.1_2799	CAALFM_C304870WA
lcl|NC_032091.1_cds_XP_723167.1_2800	CAALFM_C304880WA
lcl|NC_032091.1_cds_XP_723169.1_2801	CAALFM_C304890WA
lcl|NC_032091.1_cds_XP_723170.1_2802	CAALFM_C304900WA
lcl|NC_032091.1_cds_XP_723171.1_2803	CAALFM_C304910CA
lcl|NC_032091.1_cds_XP_723172.1_2804	CAALFM_C304920CA
lcl|NC_032091.1_cds_XP_723173.1_2805	CAALFM_C304930CA
lcl|NC_032091.1_cds_XP_723174.1_2806	CAALFM_C304940WA
lcl|NC_032091.1_cds_XP_723175.1_2807	CAALFM_C304950WA
lcl|NC_032091.1_cds_XP_019330870.1_2808	CAALFM_C304960WA
lcl|NC_032091.1_cds_XP_723176.1_2809	CAALFM_C304970CA
lcl|NC_032091.1_cds_XP_723178.1_2810	CAALFM_C304990WA
lcl|NC_032091.1_cds_XP_723179.1_2811	CAALFM_C305000WA
lcl|NC_032091.1_cds_XP_723181.1_2812	CAALFM_C305010CA
lcl|NC_032091.1_cds_XP_723182.1_2813	CAALFM_C305020WA
lcl|NC_032091.1_cds_XP_723184.1_2814	CAALFM_C305030WA
lcl|NC_032091.1_cds_XP_723185.1_2815	CAALFM_C305040CA
lcl|NC_032091.1_cds_XP_723186.1_2816	CAALFM_C305050WA
lcl|NC_032091.1_cds_XP_723187.1_2817	CAALFM_C305060WA
lcl|NC_032091.1_cds_XP_723188.1_2818	CAALFM_C305070WA
lcl|NC_032091.1_cds_XP_723189.1_2819	CAALFM_C305080WA
lcl|NC_032091.1_cds_XP_723191.1_2820	CAALFM_C305090CA
lcl|NC_032091.1_cds_XP_019330871.1_2821	CAALFM_C305100CA
lcl|NC_032091.1_cds_XP_723195.1_2822	CAALFM_C305110WA
lcl|NC_032091.1_cds_XP_019330872.1_2823	CAALFM_C305120CA
lcl|NC_032091.1_cds_XP_723197.1_2824	CAALFM_C305130CA
lcl|NC_032091.1_cds_XP_723198.1_2825	CAALFM_C305140CA
lcl|NC_032091.1_cds_XP_723199.1_2826	CAALFM_C305150WA
lcl|NC_032091.1_cds_XP_723201.1_2827	CAALFM_C305160CA
lcl|NC_032091.1_cds_XP_723202.1_2828	CAALFM_C305170WA
lcl|NC_032091.1_cds_XP_723204.1_2829	CAALFM_C305180WA
lcl|NC_032091.1_cds_XP_723205.1_2830	CAALFM_C305190CA
lcl|NC_032091.1_cds_XP_019330873.1_2831	CAALFM_C305200WA
lcl|NC_032091.1_cds_XP_723208.2_2832	CAALFM_C305210CA
lcl|NC_032091.1_cds_XP_723209.2_2833	CAALFM_C305220WA
lcl|NC_032091.1_cds_XP_723210.1_2834	CAALFM_C305230WA
lcl|NC_032091.1_cds_XP_723211.1_2835	CAALFM_C305240CA
lcl|NC_032091.1_cds_XP_723212.1_2836	CAALFM_C305250CA
lcl|NC_032091.1_cds_XP_723214.1_2837	CAALFM_C305270CA
lcl|NC_032091.1_cds_XP_723215.1_2838	CAALFM_C305280CA
lcl|NC_032091.1_cds_XP_723216.1_2839	CAALFM_C305290CA
lcl|NC_032091.1_cds_XP_714672.1_2840	CAALFM_C305300CA
lcl|NC_032091.1_cds_XP_714673.1_2841	CAALFM_C305310WA
lcl|NC_032091.1_cds_XP_714674.1_2842	CAALFM_C305320WA
lcl|NC_032091.1_cds_XP_714676.1_2843	CAALFM_C305330CA
lcl|NC_032091.1_cds_XP_714677.2_2844	CAALFM_C305340WA
lcl|NC_032091.1_cds_XP_714678.1_2845	CAALFM_C305350CA
lcl|NC_032091.1_cds_XP_714679.1_2846	CAALFM_C305360CA
lcl|NC_032091.1_cds_XP_019330874.1_2847	CAALFM_C305370CA
lcl|NC_032091.1_cds_XP_714682.1_2848	CAALFM_C305380WA
lcl|NC_032091.1_cds_XP_714683.2_2849	CAALFM_C305390CA
lcl|NC_032091.1_cds_XP_714684.1_2850	CAALFM_C305400CA
lcl|NC_032091.1_cds_XP_714685.1_2851	CAALFM_C305410WA
lcl|NC_032091.1_cds_XP_714686.1_2852	CAALFM_C305420WA
lcl|NC_032091.1_cds_XP_714687.1_2853	CAALFM_C305430WA
lcl|NC_032091.1_cds_XP_714688.2_2854	CAALFM_C305440CA
lcl|NC_032091.1_cds_XP_714689.1_2855	CAALFM_C305450CA
lcl|NC_032091.1_cds_XP_714690.1_2856	CAALFM_C305460WA
lcl|NC_032091.1_cds_XP_714691.1_2857	CAALFM_C305470WA
lcl|NC_032091.1_cds_XP_714692.1_2858	CAALFM_C305510WA
lcl|NC_032091.1_cds_XP_714693.1_2859	CAALFM_C305520CA
lcl|NC_032091.1_cds_XP_714694.1_2860	CAALFM_C305530WA
lcl|NC_032091.1_cds_XP_714695.1_2861	CAALFM_C305540CA
lcl|NC_032091.1_cds_XP_714696.1_2862	CAALFM_C305550CA
lcl|NC_032091.1_cds_XP_714697.1_2863	CAALFM_C305560WA
lcl|NC_032091.1_cds_XP_714698.1_2864	CAALFM_C305570WA
lcl|NC_032091.1_cds_XP_714699.1_2865	CAALFM_C305580CA
lcl|NC_032091.1_cds_XP_714700.1_2866	CAALFM_C305590CA
lcl|NC_032091.1_cds_XP_714701.1_2867	CAALFM_C305600WA
lcl|NC_032091.1_cds_XP_714702.1_2868	CAALFM_C305610WA
lcl|NC_032091.1_cds_XP_714703.1_2869	CAALFM_C305620WA
lcl|NC_032091.1_cds_XP_714704.1_2870	CAALFM_C305630WA
lcl|NC_032091.1_cds_XP_714705.1_2871	CAALFM_C305640WA
lcl|NC_032091.1_cds_XP_714706.1_2872	CAALFM_C305650WA
lcl|NC_032091.1_cds_XP_714707.1_2873	CAALFM_C305660CA
lcl|NC_032091.1_cds_XP_716588.1_2874	CAALFM_C305680WA
lcl|NC_032091.1_cds_XP_716590.1_2875	CAALFM_C305700WA
lcl|NC_032091.1_cds_XP_716591.1_2876	CAALFM_C305710WA
lcl|NC_032091.1_cds_XP_716594.1_2877	CAALFM_C305720CA
lcl|NC_032091.1_cds_XP_716595.1_2878	CAALFM_C305730CA
lcl|NC_032091.1_cds_XP_716596.1_2879	CAALFM_C305740CA
lcl|NC_032091.1_cds_XP_716597.1_2880	CAALFM_C305750CA
lcl|NC_032091.1_cds_XP_716598.2_2881	CAALFM_C305760WA
lcl|NC_032091.1_cds_XP_716599.1_2882	CAALFM_C305770CA
lcl|NC_032091.1_cds_XP_716600.1_2883	CAALFM_C305780CA
lcl|NC_032091.1_cds_XP_019330875.1_2884	CAALFM_C305790CA
lcl|NC_032091.1_cds_XP_716602.1_2885	CAALFM_C305800WA
lcl|NC_032091.1_cds_XP_716603.2_2886	CAALFM_C305810CA
lcl|NC_032091.1_cds_XP_716604.1_2887	CAALFM_C305830WA
lcl|NC_032091.1_cds_XP_716605.1_2888	CAALFM_C305840WA
lcl|NC_032091.1_cds_XP_716606.1_2889	CAALFM_C305850WA
lcl|NC_032091.1_cds_XP_716607.1_2890	CAALFM_C305860CA
lcl|NC_032091.1_cds_XP_716608.1_2891	CAALFM_C305870CA
lcl|NC_032091.1_cds_XP_716609.1_2892	CAALFM_C305880CA
lcl|NC_032091.1_cds_XP_716610.1_2893	CAALFM_C305890WA
lcl|NC_032091.1_cds_XP_716611.1_2894	CAALFM_C305900WA
lcl|NC_032091.1_cds_XP_716612.1_2895	CAALFM_C305910WA
lcl|NC_032091.1_cds_XP_716613.1_2896	CAALFM_C305920WA
lcl|NC_032091.1_cds_XP_716615.1_2897	CAALFM_C305930WA
lcl|NC_032091.1_cds_XP_716616.1_2898	CAALFM_C305940CA
lcl|NC_032091.1_cds_XP_716617.1_2899	CAALFM_C305950WA
lcl|NC_032091.1_cds_XP_716618.1_2900	CAALFM_C305960WA
lcl|NC_032091.1_cds_XP_716619.1_2901	CAALFM_C305970CA
lcl|NC_032091.1_cds_XP_716620.1_2902	CAALFM_C305980CA
lcl|NC_032091.1_cds_XP_716621.1_2903	CAALFM_C305990CA
lcl|NC_032091.1_cds_XP_716622.1_2904	CAALFM_C306000WA
lcl|NC_032091.1_cds_XP_019330876.1_2905	CAALFM_C306010WA
lcl|NC_032091.1_cds_XP_716624.1_2906	CAALFM_C306020WA
lcl|NC_032091.1_cds_XP_716625.1_2907	CAALFM_C306030WA
lcl|NC_032091.1_cds_XP_716626.1_2908	CAALFM_C306040WA
lcl|NC_032091.1_cds_XP_716627.1_2909	CAALFM_C306050CA
lcl|NC_032091.1_cds_XP_716628.1_2910	CAALFM_C306060WA
lcl|NC_032091.1_cds_XP_716629.1_2911	CAALFM_C306070CA
lcl|NC_032091.1_cds_XP_716630.2_2912	CAALFM_C306080WA
lcl|NC_032091.1_cds_XP_716632.1_2913	CAALFM_C306090CA
lcl|NC_032091.1_cds_XP_716633.1_2914	CAALFM_C306100CA
lcl|NC_032091.1_cds_XP_716634.1_2915	CAALFM_C306110CA
lcl|NC_032091.1_cds_XP_716635.1_2916	CAALFM_C306120CA
lcl|NC_032091.1_cds_XP_716637.1_2917	CAALFM_C306140WA
lcl|NC_032091.1_cds_XP_716638.1_2918	CAALFM_C306150WA
lcl|NC_032091.1_cds_XP_716639.2_2919	CAALFM_C306160CA
lcl|NC_032091.1_cds_XP_716085.2_2920	CAALFM_C306170CA
lcl|NC_032091.1_cds_XP_716082.1_2921	CAALFM_C306180CA
lcl|NC_032091.1_cds_XP_716079.2_2922	CAALFM_C306190CA
lcl|NC_032091.1_cds_XP_716078.1_2923	CAALFM_C306200CA
lcl|NC_032091.1_cds_XP_716077.1_2924	CAALFM_C306210CA
lcl|NC_032091.1_cds_XP_716076.1_2925	CAALFM_C306220CA
lcl|NC_032091.1_cds_XP_716075.1_2926	CAALFM_C306230WA
lcl|NC_032091.1_cds_XP_019330877.1_2927	CAALFM_C306240CA
lcl|NC_032091.1_cds_XP_716074.1_2928	CAALFM_C306250WA
lcl|NC_032091.1_cds_XP_716071.1_2929	CAALFM_C306260CA
lcl|NC_032091.1_cds_XP_716070.1_2930	CAALFM_C306270CA
lcl|NC_032091.1_cds_XP_716069.1_2931	CAALFM_C306280WA
lcl|NC_032091.1_cds_XP_716068.1_2932	CAALFM_C306290WA
lcl|NC_032091.1_cds_XP_716067.1_2933	CAALFM_C306300WA
lcl|NC_032091.1_cds_XP_716066.1_2934	CAALFM_C306310CA
lcl|NC_032091.1_cds_XP_716065.2_2935	CAALFM_C306320WA
lcl|NC_032091.1_cds_XP_019330878.1_2936	CAALFM_C306330WA
lcl|NC_032091.1_cds_XP_716084.1_2937	CAALFM_C306340WA
lcl|NC_032091.1_cds_XP_019330879.1_2938	CAALFM_C306350WA
lcl|NC_032091.1_cds_XP_716086.2_2939	CAALFM_C306360CA
lcl|NC_032091.1_cds_XP_716087.1_2940	CAALFM_C306370CA
lcl|NC_032091.1_cds_XP_716088.1_2941	CAALFM_C306380WA
lcl|NC_032091.1_cds_XP_019330880.1_2942	CAALFM_C306390WA
lcl|NC_032091.1_cds_XP_716089.2_2943	CAALFM_C306400CA
lcl|NC_032091.1_cds_XP_716090.1_2944	CAALFM_C306410CA
lcl|NC_032091.1_cds_XP_716091.1_2945	CAALFM_C306420CA
lcl|NC_032091.1_cds_XP_019330881.1_2946	CAALFM_C306430WA
lcl|NC_032091.1_cds_XP_716094.1_2947	CAALFM_C306440WA
lcl|NC_032091.1_cds_XP_716095.1_2948	CAALFM_C306450WA
lcl|NC_032091.1_cds_XP_716097.1_2949	CAALFM_C306470WA
lcl|NC_032091.1_cds_XP_019330882.1_2950	CAALFM_C306480CA
lcl|NC_032091.1_cds_XP_716098.1_2951	CAALFM_C306490WA
lcl|NC_032091.1_cds_XP_716099.1_2952	CAALFM_C306500WA
lcl|NC_032091.1_cds_XP_716101.1_2953	CAALFM_C306510CA
lcl|NC_032091.1_cds_XP_716102.1_2954	CAALFM_C306520CA
lcl|NC_032091.1_cds_XP_716103.1_2955	CAALFM_C306530WA
lcl|NC_032091.1_cds_XP_716104.1_2956	CAALFM_C306540CA
lcl|NC_032091.1_cds_XP_716105.1_2957	CAALFM_C306550CA
lcl|NC_032091.1_cds_XP_716106.1_2958	CAALFM_C306560WA
lcl|NC_032091.1_cds_XP_716107.1_2959	CAALFM_C306570CA
lcl|NC_032091.1_cds_XP_716108.1_2960	CAALFM_C306580WA
lcl|NC_032091.1_cds_XP_716109.1_2961	CAALFM_C306590WA
lcl|NC_032091.1_cds_XP_716110.1_2962	CAALFM_C306600CA
lcl|NC_032091.1_cds_XP_716111.1_2963	CAALFM_C306610WA
lcl|NC_032091.1_cds_XP_716112.1_2964	CAALFM_C306620WA
lcl|NC_032091.1_cds_XP_716113.2_2965	CAALFM_C306630WA
lcl|NC_032091.1_cds_XP_716114.1_2966	CAALFM_C306640WA
lcl|NC_032091.1_cds_XP_716115.1_2967	CAALFM_C306650CA
lcl|NC_032091.1_cds_XP_716116.1_2968	CAALFM_C306660CA
lcl|NC_032091.1_cds_XP_716117.1_2969	CAALFM_C306670CA
lcl|NC_032091.1_cds_XP_716118.1_2970	CAALFM_C306680CA
lcl|NC_032091.1_cds_XP_716119.1_2971	CAALFM_C306690CA
lcl|NC_032091.1_cds_XP_716120.1_2972	CAALFM_C306700CA
lcl|NC_032091.1_cds_XP_719924.2_2973	CAALFM_C306710WA
lcl|NC_032091.1_cds_XP_719923.1_2974	CAALFM_C306720WA
lcl|NC_032091.1_cds_XP_719922.1_2975	CAALFM_C306730WA
lcl|NC_032091.1_cds_XP_719921.1_2976	CAALFM_C306740WA
lcl|NC_032091.1_cds_XP_019330883.1_2977	CAALFM_C306750WA
lcl|NC_032091.1_cds_XP_719920.2_2978	CAALFM_C306760WA
lcl|NC_032091.1_cds_XP_719919.1_2979	CAALFM_C306770WA
lcl|NC_032091.1_cds_XP_719918.1_2980	CAALFM_C306780CA
lcl|NC_032091.1_cds_XP_719917.1_2981	CAALFM_C306790WA
lcl|NC_032091.1_cds_XP_019330884.1_2982	CAALFM_C306800CA
lcl|NC_032091.1_cds_XP_719914.1_2983	CAALFM_C306810WA
lcl|NC_032091.1_cds_XP_719913.1_2984	CAALFM_C306820CA
lcl|NC_032091.1_cds_XP_719912.1_2985	CAALFM_C306830CA
lcl|NC_032091.1_cds_XP_719911.1_2986	CAALFM_C306850WA
lcl|NC_032091.1_cds_XP_719910.1_2987	CAALFM_C306860CA
lcl|NC_032091.1_cds_XP_719909.1_2988	CAALFM_C306870WA
lcl|NC_032091.1_cds_XP_719908.1_2989	CAALFM_C306880WA
lcl|NC_032091.1_cds_XP_719907.1_2990	CAALFM_C306890WA
lcl|NC_032091.1_cds_XP_719906.1_2991	CAALFM_C306900WA
lcl|NC_032091.1_cds_XP_719905.1_2992	CAALFM_C306910CA
lcl|NC_032091.1_cds_XP_719904.1_2993	CAALFM_C306920WA
lcl|NC_032091.1_cds_XP_719902.1_2994	CAALFM_C306940WA
lcl|NC_032091.1_cds_XP_719900.1_2995	CAALFM_C306950WA
lcl|NC_032091.1_cds_XP_719899.1_2996	CAALFM_C306970WA
lcl|NC_032091.1_cds_XP_719898.1_2997	CAALFM_C306980WA
lcl|NC_032091.1_cds_XP_719897.2_2998	CAALFM_C306990WA
lcl|NC_032091.1_cds_XP_719896.1_2999	CAALFM_C307000WA
lcl|NC_032091.1_cds_XP_719895.1_3000	CAALFM_C307010WA
lcl|NC_032091.1_cds_XP_719894.1_3001	CAALFM_C307020WA
lcl|NC_032091.1_cds_XP_719893.1_3002	CAALFM_C307030CA
lcl|NC_032091.1_cds_XP_719892.1_3003	CAALFM_C307040CA
lcl|NC_032091.1_cds_XP_719891.1_3004	CAALFM_C307050WA
lcl|NC_032091.1_cds_XP_719890.1_3005	CAALFM_C307060WA
lcl|NC_032091.1_cds_XP_719889.1_3006	CAALFM_C307070CA
lcl|NC_032091.1_cds_XP_719888.1_3007	CAALFM_C307080WA
lcl|NC_032091.1_cds_XP_719887.1_3008	CAALFM_C307090WA
lcl|NC_032091.1_cds_XP_719886.1_3009	CAALFM_C307100CA
lcl|NC_032091.1_cds_XP_719885.1_3010	CAALFM_C307110WA
lcl|NC_032091.1_cds_XP_719884.1_3011	CAALFM_C307120WA
lcl|NC_032091.1_cds_XP_019330885.1_3012	CAALFM_C307130WA
lcl|NC_032091.1_cds_XP_019330886.1_3013	CAALFM_C307140CA
lcl|NC_032091.1_cds_XP_719881.1_3014	CAALFM_C307150CA
lcl|NC_032091.1_cds_XP_719880.1_3015	CAALFM_C307160WA
lcl|NC_032091.1_cds_XP_719879.1_3016	CAALFM_C307170CA
lcl|NC_032091.1_cds_XP_719878.1_3017	CAALFM_C307180CA
lcl|NC_032091.1_cds_XP_019330887.1_3018	CAALFM_C307200CA
lcl|NC_032091.1_cds_XP_719876.1_3019	CAALFM_C307210WA
lcl|NC_032091.1_cds_XP_719875.1_3020	CAALFM_C307220CA
lcl|NC_032091.1_cds_XP_719874.1_3021	CAALFM_C307230WA
lcl|NC_032091.1_cds_XP_719873.1_3022	CAALFM_C307240WA
lcl|NC_032091.1_cds_XP_719872.1_3023	CAALFM_C307250WA
lcl|NC_032091.1_cds_XP_719868.2_3024	CAALFM_C307260CA
lcl|NC_032091.1_cds_XP_719867.1_3025	CAALFM_C307270CA
lcl|NC_032091.1_cds_XP_719866.1_3026	CAALFM_C307280CA
lcl|NC_032091.1_cds_XP_719865.1_3027	CAALFM_C307290WA
lcl|NC_032091.1_cds_XP_719862.1_3028	CAALFM_C307300WA
lcl|NC_032091.1_cds_XP_719859.1_3029	CAALFM_C307310CA
lcl|NC_032091.1_cds_XP_719857.2_3030	CAALFM_C307320WA
lcl|NC_032091.1_cds_XP_719855.1_3031	CAALFM_C307330WA
lcl|NC_032091.1_cds_XP_719854.1_3032	CAALFM_C307340WA
lcl|NC_032091.1_cds_XP_719853.1_3033	CAALFM_C307350WA
lcl|NC_032091.1_cds_XP_719852.1_3034	CAALFM_C307360WA
lcl|NC_032091.1_cds_XP_719851.1_3035	CAALFM_C307370WA
lcl|NC_032091.1_cds_XP_019330888.1_3036	CAALFM_C307380WA
lcl|NC_032091.1_cds_XP_719849.1_3037	CAALFM_C307390CA
lcl|NC_032091.1_cds_XP_719848.1_3038	CAALFM_C307400WA
lcl|NC_032091.1_cds_XP_719846.1_3039	CAALFM_C307410CA
lcl|NC_032091.1_cds_XP_719845.1_3040	CAALFM_C307420WA
lcl|NC_032091.1_cds_XP_019330889.1_3041	CAALFM_C307430WA
lcl|NC_032091.1_cds_XP_719842.1_3042	CAALFM_C307440WA
lcl|NC_032091.1_cds_XP_719841.1_3043	CAALFM_C307450CA
lcl|NC_032091.1_cds_XP_719840.1_3044	CAALFM_C307460WA
lcl|NC_032091.1_cds_XP_719839.2_3045	CAALFM_C307470WA
lcl|NC_032091.1_cds_XP_719838.1_3046	CAALFM_C307480WA
lcl|NC_032091.1_cds_XP_719837.1_3047	CAALFM_C307490WA
lcl|NC_032091.1_cds_XP_019330890.1_3048	CAALFM_C307500WA
lcl|NC_032091.1_cds_XP_719835.1_3049	CAALFM_C307540CA
lcl|NC_032091.1_cds_XP_719834.1_3050	CAALFM_C307550CA
lcl|NC_032091.1_cds_XP_719833.2_3051	CAALFM_C307560WA
lcl|NC_032091.1_cds_XP_719831.2_3052	CAALFM_C307570CA
lcl|NC_032091.1_cds_XP_019330891.1_3053	CAALFM_C307580WA
lcl|NC_032091.1_cds_XP_719830.1_3054	CAALFM_C307590WA
lcl|NC_032091.1_cds_XP_719829.1_3055	CAALFM_C307600WA
lcl|NC_032091.1_cds_XP_719828.2_3056	CAALFM_C307610WA
lcl|NC_032091.1_cds_XP_719826.1_3057	CAALFM_C307620CA
lcl|NC_032091.1_cds_XP_719825.1_3058	CAALFM_C307630CA
lcl|NC_032091.1_cds_XP_719823.2_3059	CAALFM_C307640CA
lcl|NC_032091.1_cds_XP_719822.2_3060	CAALFM_C307650CA
lcl|NC_032091.1_cds_XP_719821.1_3061	CAALFM_C307660WA
lcl|NC_032091.1_cds_XP_719819.1_3062	CAALFM_C307670WA
lcl|NC_032091.1_cds_XP_019330892.1_3063	CAALFM_C307680WA
lcl|NC_032091.1_cds_XP_019330893.1_3064	CAALFM_C307690CA
lcl|NC_032091.1_cds_XP_719816.1_3065	CAALFM_C307700WA
lcl|NC_032091.1_cds_XP_719815.1_3066	CAALFM_C307710WA
lcl|NC_032091.1_cds_XP_719813.1_3067	CAALFM_C307730WA
lcl|NC_032091.1_cds_XP_719812.1_3068	CAALFM_C307740WA
lcl|NC_032091.1_cds_XP_719810.1_3069	CAALFM_C307750WA
lcl|NC_032091.1_cds_XP_719809.1_3070	CAALFM_C307760CA
lcl|NC_032091.1_cds_XP_710927.2_3071	CAALFM_C307770CA
lcl|NC_032091.1_cds_XP_710928.1_3072	CAALFM_C307780CA
lcl|NC_032091.1_cds_XP_710929.1_3073	CAALFM_C307790WA
lcl|NC_032091.1_cds_XP_710931.1_3074	CAALFM_C307800CA
lcl|NC_032091.1_cds_XP_710932.1_3075	CAALFM_C307810CA
lcl|NC_032091.1_cds_XP_710933.1_3076	CAALFM_C307820WA
lcl|NC_032091.1_cds_XP_710934.1_3077	CAALFM_C307830WA
lcl|NC_032091.1_cds_XP_710935.1_3078	CAALFM_C307840CA
lcl|NC_032091.1_cds_XP_710936.1_3079	CAALFM_C307850WA
lcl|NC_032091.1_cds_XP_710938.1_3080	CAALFM_C307860CA
lcl|NC_032091.1_cds_XP_710940.1_3081	CAALFM_C307880CA
lcl|NC_032091.1_cds_XP_710939.2_3082	CAALFM_C307890WA
lcl|NC_032091.1_cds_XP_710942.1_3083	CAALFM_C307900CA
lcl|NC_032091.1_cds_XP_019330894.1_3084	CAALFM_C307920WA
lcl|NC_032091.1_cds_XP_710941.1_3085	CAALFM_C307910WA
lcl|NC_032091.1_cds_XP_710944.1_3086	CAALFM_C307930CA
lcl|NC_032091.1_cds_XP_710945.2_3087	CAALFM_C307940WA
lcl|NC_032091.1_cds_XP_710946.1_3088	CAALFM_C307950CA
lcl|NC_032091.1_cds_XP_710947.1_3089	CAALFM_C307970CA
lcl|NC_032092.1_cds_XP_710330.1_3090	CAALFM_C400010WA
lcl|NC_032092.1_cds_XP_710332.2_3091	CAALFM_C400020WA
lcl|NC_032092.1_cds_XP_710334.2_3092	CAALFM_C400030CA
lcl|NC_032092.1_cds_XP_710335.2_3093	CAALFM_C400040WA
lcl|NC_032092.1_cds_XP_710339.2_3094	CAALFM_C400050WA
lcl|NC_032092.1_cds_XP_710340.2_3095	CAALFM_C400060WA
lcl|NC_032092.1_cds_XP_710342.2_3096	CAALFM_C400070CA
lcl|NC_032092.1_cds_XP_710344.2_3097	CAALFM_C400080CA
lcl|NC_032092.1_cds_XP_019330895.1_3098	CAALFM_C400090WA
lcl|NC_032092.1_cds_XP_713314.2_3099	CAALFM_C400100CA
lcl|NC_032092.1_cds_XP_713315.2_3100	CAALFM_C400110CA
lcl|NC_032092.1_cds_XP_713316.1_3101	CAALFM_C400120WA
lcl|NC_032092.1_cds_XP_713317.1_3102	CAALFM_C400130WA
lcl|NC_032092.1_cds_XP_713320.2_3103	CAALFM_C400140CA
lcl|NC_032092.1_cds_XP_713321.1_3104	CAALFM_C400150CA
lcl|NC_032092.1_cds_XP_713322.2_3105	CAALFM_C400160CA
lcl|NC_032092.1_cds_XP_713323.1_3106	CAALFM_C400170WA
lcl|NC_032092.1_cds_XP_713324.1_3107	CAALFM_C400180WA
lcl|NC_032092.1_cds_XP_713325.1_3108	CAALFM_C400190WA
lcl|NC_032092.1_cds_XP_713326.1_3109	CAALFM_C400200CA
lcl|NC_032092.1_cds_XP_713327.1_3110	CAALFM_C400210WA
lcl|NC_032092.1_cds_XP_019330896.1_3111	CAALFM_C400220CA
lcl|NC_032092.1_cds_XP_713329.1_3112	CAALFM_C400230WA
lcl|NC_032092.1_cds_XP_713331.1_3113	CAALFM_C400240CA
lcl|NC_032092.1_cds_XP_713330.1_3114	CAALFM_C400250WA
lcl|NC_032092.1_cds_XP_713332.2_3115	CAALFM_C400260WA
lcl|NC_032092.1_cds_XP_019330897.1_3116	CAALFM_C400270WA
lcl|NC_032092.1_cds_XP_019330898.1_3117	CAALFM_C400280WA
lcl|NC_032092.1_cds_XP_019330899.1_3118	CAALFM_C400290CA
lcl|NC_032092.1_cds_XP_713338.1_3119	CAALFM_C400300CA
lcl|NC_032092.1_cds_XP_713339.1_3120	CAALFM_C400310CA
lcl|NC_032092.1_cds_XP_019330900.1_3121	CAALFM_C400320CA
lcl|NC_032092.1_cds_XP_019330901.1_3122	CAALFM_C400330CA
lcl|NC_032092.1_cds_XP_713342.2_3123	CAALFM_C400340WA
lcl|NC_032092.1_cds_XP_713343.1_3124	CAALFM_C400350WA
lcl|NC_032092.1_cds_XP_713344.1_3125	CAALFM_C400360CA
lcl|NC_032092.1_cds_XP_713345.1_3126	CAALFM_C400370WA
lcl|NC_032092.1_cds_XP_713346.2_3127	CAALFM_C400380WA
lcl|NC_032092.1_cds_XP_713347.1_3128	CAALFM_C400390WA
lcl|NC_032092.1_cds_XP_713348.1_3129	CAALFM_C400400WA
lcl|NC_032092.1_cds_XP_713350.1_3130	CAALFM_C400410WA
lcl|NC_032092.1_cds_XP_713352.2_3131	CAALFM_C400420CA
lcl|NC_032092.1_cds_XP_713353.1_3132	CAALFM_C400430WA
lcl|NC_032092.1_cds_XP_713354.2_3133	CAALFM_C400440CA
lcl|NC_032092.1_cds_XP_713355.2_3134	CAALFM_C400450CA
lcl|NC_032092.1_cds_XP_713356.2_3135	CAALFM_C400460CA
lcl|NC_032092.1_cds_XP_713357.1_3136	CAALFM_C400470CA
lcl|NC_032092.1_cds_XP_713358.1_3137	CAALFM_C400480WA
lcl|NC_032092.1_cds_XP_713359.2_3138	CAALFM_C400490WA
lcl|NC_032092.1_cds_XP_710021.2_3139	CAALFM_C400500WA
lcl|NC_032092.1_cds_XP_712645.1_3140	CAALFM_C400510CA
lcl|NC_032092.1_cds_XP_712644.1_3141	CAALFM_C400520WA
lcl|NC_032092.1_cds_XP_712643.1_3142	CAALFM_C400530CA
lcl|NC_032092.1_cds_XP_712642.1_3143	CAALFM_C400540CA
lcl|NC_032092.1_cds_XP_712641.2_3144	CAALFM_C400560CA
lcl|NC_032092.1_cds_XP_712640.1_3145	CAALFM_C400570CA
lcl|NC_032092.1_cds_XP_712639.2_3146	CAALFM_C400580WA
lcl|NC_032092.1_cds_XP_712638.2_3147	CAALFM_C400590CA
lcl|NC_032092.1_cds_XP_712637.2_3148	CAALFM_C400600CA
lcl|NC_032092.1_cds_XP_019330902.1_3149	CAALFM_C400610WA
lcl|NC_032092.1_cds_XP_712635.1_3150	CAALFM_C400620CA
lcl|NC_032092.1_cds_XP_712634.1_3151	CAALFM_C400630CA
lcl|NC_032092.1_cds_XP_712633.1_3152	CAALFM_C400640WA
lcl|NC_032092.1_cds_XP_712631.2_3153	CAALFM_C400650WA
lcl|NC_032092.1_cds_XP_712630.1_3154	CAALFM_C400660WA
lcl|NC_032092.1_cds_XP_712629.2_3155	CAALFM_C400670WA
lcl|NC_032092.1_cds_XP_712628.2_3156	CAALFM_C400680WA
lcl|NC_032092.1_cds_XP_712627.2_3157	CAALFM_C400690CA
lcl|NC_032092.1_cds_XP_712626.1_3158	CAALFM_C400700CA
lcl|NC_032092.1_cds_XP_712625.2_3159	CAALFM_C400710WA
lcl|NC_032092.1_cds_XP_712624.2_3160	CAALFM_C400720WA
lcl|NC_032092.1_cds_XP_712623.2_3161	CAALFM_C400730CA
lcl|NC_032092.1_cds_XP_712622.2_3162	CAALFM_C400740WA
lcl|NC_032092.1_cds_XP_712621.2_3163	CAALFM_C400750CA
lcl|NC_032092.1_cds_XP_712620.2_3164	CAALFM_C400760WA
lcl|NC_032092.1_cds_XP_712618.1_3165	CAALFM_C400770CA
lcl|NC_032092.1_cds_XP_712617.2_3166	CAALFM_C400780CA
lcl|NC_032092.1_cds_XP_712616.1_3167	CAALFM_C400790CA
lcl|NC_032092.1_cds_XP_712615.2_3168	CAALFM_C400800WA
lcl|NC_032092.1_cds_XP_712614.2_3169	CAALFM_C400810CA
lcl|NC_032092.1_cds_XP_712613.1_3170	CAALFM_C400820WA
lcl|NC_032092.1_cds_XP_712611.1_3171	CAALFM_C400830WA
lcl|NC_032092.1_cds_XP_722776.2_3172	CAALFM_C400840WA
lcl|NC_032092.1_cds_XP_722772.1_3173	CAALFM_C400850CA
lcl|NC_032092.1_cds_XP_722771.1_3174	CAALFM_C400860CA
lcl|NC_032092.1_cds_XP_722770.2_3175	CAALFM_C400880WA
lcl|NC_032092.1_cds_XP_722769.2_3176	CAALFM_C400890WA
lcl|NC_032092.1_cds_XP_722768.2_3177	CAALFM_C400910CA
lcl|NC_032092.1_cds_XP_722767.2_3178	CAALFM_C400920CA
lcl|NC_032092.1_cds_XP_722766.2_3179	CAALFM_C400940WA
lcl|NC_032092.1_cds_XP_722764.2_3180	CAALFM_C400950CA
lcl|NC_032092.1_cds_XP_722763.1_3181	CAALFM_C400960WA
lcl|NC_032092.1_cds_XP_722762.2_3182	CAALFM_C400970CA
lcl|NC_032092.1_cds_XP_722758.2_3183	CAALFM_C400980CA
lcl|NC_032092.1_cds_XP_722757.1_3184	CAALFM_C400990WA
lcl|NC_032092.1_cds_XP_722756.1_3185	CAALFM_C401000CA
lcl|NC_032092.1_cds_XP_722755.1_3186	CAALFM_C401010CA
lcl|NC_032092.1_cds_XP_722754.1_3187	CAALFM_C401020CA
lcl|NC_032092.1_cds_XP_019330903.1_3188	CAALFM_C401050CA
lcl|NC_032092.1_cds_XP_722752.2_3189	CAALFM_C401060WA
lcl|NC_032092.1_cds_XP_722751.2_3190	CAALFM_C401070WA
lcl|NC_032092.1_cds_XP_722750.2_3191	CAALFM_C401080WA
lcl|NC_032092.1_cds_XP_722749.1_3192	CAALFM_C401090CA
lcl|NC_032092.1_cds_XP_722748.1_3193	CAALFM_C401100CA
lcl|NC_032092.1_cds_XP_722747.2_3194	CAALFM_C401120CA
lcl|NC_032092.1_cds_XP_722746.1_3195	CAALFM_C401130CA
lcl|NC_032092.1_cds_XP_722745.1_3196	CAALFM_C401140CA
lcl|NC_032092.1_cds_XP_722744.1_3197	CAALFM_C401150WA
lcl|NC_032092.1_cds_XP_019330904.1_3198	CAALFM_C401160WA
lcl|NC_032092.1_cds_XP_722742.2_3199	CAALFM_C401170CA
lcl|NC_032092.1_cds_XP_722740.1_3200	CAALFM_C401190WA
lcl|NC_032092.1_cds_XP_722739.2_3201	CAALFM_C401200CA
lcl|NC_032092.1_cds_XP_722738.2_3202	CAALFM_C401220CA
lcl|NC_032092.1_cds_XP_722736.1_3203	CAALFM_C401230CA
lcl|NC_032092.1_cds_XP_722735.2_3204	CAALFM_C401240CA
lcl|NC_032092.1_cds_XP_722734.2_3205	CAALFM_C401250WA
lcl|NC_032092.1_cds_XP_722733.2_3206	CAALFM_C401260WA
lcl|NC_032092.1_cds_XP_019330905.1_3207	CAALFM_C401270WA
lcl|NC_032092.1_cds_XP_722730.2_3208	CAALFM_C401280CA
lcl|NC_032092.1_cds_XP_722729.2_3209	CAALFM_C401290WA
lcl|NC_032092.1_cds_XP_722728.2_3210	CAALFM_C401300WA
lcl|NC_032092.1_cds_XP_722727.2_3211	CAALFM_C401310WA
lcl|NC_032092.1_cds_XP_722726.2_3212	CAALFM_C401320CA
lcl|NC_032092.1_cds_XP_722724.2_3213	CAALFM_C401340WA
lcl|NC_032092.1_cds_XP_722722.2_3214	CAALFM_C401360WA
lcl|NC_032092.1_cds_XP_722721.2_3215	CAALFM_C401370WA
lcl|NC_032092.1_cds_XP_722720.2_3216	CAALFM_C401380WA
lcl|NC_032092.1_cds_XP_019330906.1_3217	CAALFM_C401390WA
lcl|NC_032092.1_cds_XP_722717.1_3218	CAALFM_C401400WA
lcl|NC_032092.1_cds_XP_722716.2_3219	CAALFM_C401410WA
lcl|NC_032092.1_cds_XP_722715.2_3220	CAALFM_C401420WA
lcl|NC_032092.1_cds_XP_722714.1_3221	CAALFM_C401430CA
lcl|NC_032092.1_cds_XP_722713.1_3222	CAALFM_C401440WA
lcl|NC_032092.1_cds_XP_722712.2_3223	CAALFM_C401450WA
lcl|NC_032092.1_cds_XP_722711.1_3224	CAALFM_C401460CA
lcl|NC_032092.1_cds_XP_722710.2_3225	CAALFM_C401470WA
lcl|NC_032092.1_cds_XP_722707.2_3226	CAALFM_C401490WA
lcl|NC_032092.1_cds_XP_722706.2_3227	CAALFM_C401500WA
lcl|NC_032092.1_cds_XP_722705.1_3228	CAALFM_C401510WA
lcl|NC_032092.1_cds_XP_722704.1_3229	CAALFM_C401520CA
lcl|NC_032092.1_cds_XP_722703.1_3230	CAALFM_C401530CA
lcl|NC_032092.1_cds_XP_722702.1_3231	CAALFM_C401550CA
lcl|NC_032092.1_cds_XP_722701.2_3232	CAALFM_C401560CA
lcl|NC_032092.1_cds_XP_722700.2_3233	CAALFM_C401650CA
lcl|NC_032092.1_cds_XP_722699.2_3234	CAALFM_C401660WA
lcl|NC_032092.1_cds_XP_722698.2_3235	CAALFM_C401670CA
lcl|NC_032092.1_cds_XP_722697.1_3236	CAALFM_C401680WA
lcl|NC_032092.1_cds_XP_722696.2_3237	CAALFM_C401690CA
lcl|NC_032092.1_cds_XP_019330907.1_3238	CAALFM_C401700CA
lcl|NC_032092.1_cds_XP_722695.2_3239	CAALFM_C401710CA
lcl|NC_032092.1_cds_XP_722694.2_3240	CAALFM_C401720CA
lcl|NC_032092.1_cds_XP_722693.2_3241	CAALFM_C401730CA
lcl|NC_032092.1_cds_XP_722692.1_3242	CAALFM_C401740WA
lcl|NC_032092.1_cds_XP_722690.1_3243	CAALFM_C401750CA
lcl|NC_032092.1_cds_XP_722689.1_3244	CAALFM_C401760WA
lcl|NC_032092.1_cds_XP_722688.1_3245	CAALFM_C401770WA
lcl|NC_032092.1_cds_XP_722687.1_3246	CAALFM_C401780CA
lcl|NC_032092.1_cds_XP_722686.1_3247	CAALFM_C401790WA
lcl|NC_032092.1_cds_XP_722684.1_3248	CAALFM_C401800WA
lcl|NC_032092.1_cds_XP_722683.1_3249	CAALFM_C401820CA
lcl|NC_032092.1_cds_XP_722682.2_3250	CAALFM_C401830CA
lcl|NC_032092.1_cds_XP_722681.2_3251	CAALFM_C401840CA
lcl|NC_032092.1_cds_XP_019330908.1_3252	CAALFM_C401850CA
lcl|NC_032092.1_cds_XP_722679.1_3253	CAALFM_C401860CA
lcl|NC_032092.1_cds_XP_722678.1_3254	CAALFM_C401870CA
lcl|NC_032092.1_cds_XP_722677.1_3255	CAALFM_C401880WA
lcl|NC_032092.1_cds_XP_722675.1_3256	CAALFM_C401890CA
lcl|NC_032092.1_cds_XP_722674.1_3257	CAALFM_C401900CA
lcl|NC_032092.1_cds_XP_722673.1_3258	CAALFM_C401910WA
lcl|NC_032092.1_cds_XP_019330909.1_3259	CAALFM_C401920WA
lcl|NC_032092.1_cds_XP_722672.1_3260	CAALFM_C401930CA
lcl|NC_032092.1_cds_XP_722671.1_3261	CAALFM_C401940WA
lcl|NC_032092.1_cds_XP_722669.1_3262	CAALFM_C401950WA
lcl|NC_032092.1_cds_XP_722668.2_3263	CAALFM_C401960CA
lcl|NC_032092.1_cds_XP_722667.1_3264	CAALFM_C401970WA
lcl|NC_032092.1_cds_XP_722666.1_3265	CAALFM_C401980CA
lcl|NC_032092.1_cds_XP_019330910.1_3266	CAALFM_C401990WA
lcl|NC_032092.1_cds_XP_722665.1_3267	CAALFM_C402000CA
lcl|NC_032092.1_cds_XP_722664.1_3268	CAALFM_C402010CA
lcl|NC_032092.1_cds_XP_722663.1_3269	CAALFM_C402020WA
lcl|NC_032092.1_cds_XP_722662.2_3270	CAALFM_C402030WA
lcl|NC_032092.1_cds_XP_722661.1_3271	CAALFM_C402040WA
lcl|NC_032092.1_cds_XP_722659.1_3272	CAALFM_C402050WA
lcl|NC_032092.1_cds_XP_722657.1_3273	CAALFM_C402060CA
lcl|NC_032092.1_cds_XP_722656.1_3274	CAALFM_C402070WA
lcl|NC_032092.1_cds_XP_722655.1_3275	CAALFM_C402080WA
lcl|NC_032092.1_cds_XP_722654.1_3276	CAALFM_C402090CA
lcl|NC_032092.1_cds_XP_722653.1_3277	CAALFM_C402100CA
lcl|NC_032092.1_cds_XP_722652.1_3278	CAALFM_C402110WA
lcl|NC_032092.1_cds_XP_722651.1_3279	CAALFM_C402120WA
lcl|NC_032092.1_cds_XP_722650.1_3280	CAALFM_C402130WA
lcl|NC_032092.1_cds_XP_019330911.1_3281	CAALFM_C402140CA
lcl|NC_032092.1_cds_XP_722649.1_3282	CAALFM_C402150CA
lcl|NC_032092.1_cds_XP_019330912.1_3283	CAALFM_C402160CA
lcl|NC_032092.1_cds_XP_722646.1_3284	CAALFM_C402170CA
lcl|NC_032092.1_cds_XP_722645.1_3285	CAALFM_C402180CA
lcl|NC_032092.1_cds_XP_722643.1_3286	CAALFM_C402190CA
lcl|NC_032092.1_cds_XP_722642.2_3287	CAALFM_C402200CA
lcl|NC_032092.1_cds_XP_722641.1_3288	CAALFM_C402210WA
lcl|NC_032092.1_cds_XP_722640.1_3289	CAALFM_C402220CA
lcl|NC_032092.1_cds_XP_722639.1_3290	CAALFM_C402230CA
lcl|NC_032092.1_cds_XP_722638.1_3291	CAALFM_C402240CA
lcl|NC_032092.1_cds_XP_722637.2_3292	CAALFM_C402250CA
lcl|NC_032092.1_cds_XP_722636.1_3293	CAALFM_C402260CA
lcl|NC_032092.1_cds_XP_722633.1_3294	CAALFM_C402270CA
lcl|NC_032092.1_cds_XP_720525.2_3295	CAALFM_C402280WA
lcl|NC_032092.1_cds_XP_720524.1_3296	CAALFM_C402290WA
lcl|NC_032092.1_cds_XP_720522.2_3297	CAALFM_C402300WA
lcl|NC_032092.1_cds_XP_720521.2_3298	CAALFM_C402310WA
lcl|NC_032092.1_cds_XP_019330913.1_3299	CAALFM_C402320CA
lcl|NC_032092.1_cds_XP_720520.1_3300	CAALFM_C402330CA
lcl|NC_032092.1_cds_XP_720519.1_3301	CAALFM_C402340WA
lcl|NC_032092.1_cds_XP_720518.1_3302	CAALFM_C402360WA
lcl|NC_032092.1_cds_XP_720517.1_3303	CAALFM_C402370CA
lcl|NC_032092.1_cds_XP_720515.1_3304	CAALFM_C402390WA
lcl|NC_032092.1_cds_XP_720513.1_3305	CAALFM_C402400CA
lcl|NC_032092.1_cds_XP_720512.1_3306	CAALFM_C402410CA
lcl|NC_032092.1_cds_XP_720511.1_3307	CAALFM_C402420CA
lcl|NC_032092.1_cds_XP_720510.2_3308	CAALFM_C402430WA
lcl|NC_032092.1_cds_XP_720508.2_3309	CAALFM_C402440CA
lcl|NC_032092.1_cds_XP_720507.2_3310	CAALFM_C402450WA
lcl|NC_032092.1_cds_XP_720506.1_3311	CAALFM_C402460WA
lcl|NC_032092.1_cds_XP_720505.2_3312	CAALFM_C402470CA
lcl|NC_032092.1_cds_XP_720504.2_3313	CAALFM_C402480CA
lcl|NC_032092.1_cds_XP_720503.1_3314	CAALFM_C402490WA
lcl|NC_032092.1_cds_XP_720502.2_3315	CAALFM_C402500CA
lcl|NC_032092.1_cds_XP_720501.2_3316	CAALFM_C402510WA
lcl|NC_032092.1_cds_XP_720499.2_3317	CAALFM_C402520CA
lcl|NC_032092.1_cds_XP_720498.2_3318	CAALFM_C402530WA
lcl|NC_032092.1_cds_XP_720497.2_3319	CAALFM_C402540WA
lcl|NC_032092.1_cds_XP_720496.1_3320	CAALFM_C402550CA
lcl|NC_032092.1_cds_XP_720495.2_3321	CAALFM_C402560CA
lcl|NC_032092.1_cds_XP_720493.2_3322	CAALFM_C402570CA
lcl|NC_032092.1_cds_XP_720492.2_3323	CAALFM_C402580WA
lcl|NC_032092.1_cds_XP_720490.2_3324	CAALFM_C402590CA
lcl|NC_032092.1_cds_XP_720489.1_3325	CAALFM_C402600CA
lcl|NC_032092.1_cds_XP_720488.2_3326	CAALFM_C402610CA
lcl|NC_032092.1_cds_XP_720487.1_3327	CAALFM_C402620CA
lcl|NC_032092.1_cds_XP_720486.2_3328	CAALFM_C402630CA
lcl|NC_032092.1_cds_XP_720485.1_3329	CAALFM_C402640CA
lcl|NC_032092.1_cds_XP_720484.2_3330	CAALFM_C402660WA
lcl|NC_032092.1_cds_XP_720483.2_3331	CAALFM_C402670WA
lcl|NC_032092.1_cds_XP_720481.2_3332	CAALFM_C402680CA
lcl|NC_032092.1_cds_XP_720480.2_3333	CAALFM_C402690WA
lcl|NC_032092.1_cds_XP_720478.1_3334	CAALFM_C402700WA
lcl|NC_032092.1_cds_XP_720477.1_3335	CAALFM_C402710CA
lcl|NC_032092.1_cds_XP_720476.2_3336	CAALFM_C402720CA
lcl|NC_032092.1_cds_XP_720474.2_3337	CAALFM_C402740WA
lcl|NC_032092.1_cds_XP_720473.2_3338	CAALFM_C402750WA
lcl|NC_032092.1_cds_XP_720472.2_3339	CAALFM_C402760CA
lcl|NC_032092.1_cds_XP_720471.2_3340	CAALFM_C402770CA
lcl|NC_032092.1_cds_XP_720470.1_3341	CAALFM_C402780WA
lcl|NC_032092.1_cds_XP_720467.2_3342	CAALFM_C402790CA
lcl|NC_032092.1_cds_XP_720466.2_3343	CAALFM_C402800WA
lcl|NC_032092.1_cds_XP_019330914.1_3344	CAALFM_C402820WA
lcl|NC_032092.1_cds_XP_720463.1_3345	CAALFM_C402830CA
lcl|NC_032092.1_cds_XP_019330915.1_3346	CAALFM_C402840CA
lcl|NC_032092.1_cds_XP_720462.2_3347	CAALFM_C402850WA
lcl|NC_032092.1_cds_XP_720461.2_3348	CAALFM_C402860WA
lcl|NC_032092.1_cds_XP_720460.1_3349	CAALFM_C402870CA
lcl|NC_032092.1_cds_XP_720459.1_3350	CAALFM_C402880CA
lcl|NC_032092.1_cds_XP_019330916.1_3351	CAALFM_C402890CA
lcl|NC_032092.1_cds_XP_720457.1_3352	CAALFM_C402900CA
lcl|NC_032092.1_cds_XP_720455.1_3353	CAALFM_C402920WA
lcl|NC_032092.1_cds_XP_720453.1_3354	CAALFM_C402930WA
lcl|NC_032092.1_cds_XP_720452.1_3355	CAALFM_C402940WA
lcl|NC_032092.1_cds_XP_720451.1_3356	CAALFM_C402950CA
lcl|NC_032092.1_cds_XP_720450.1_3357	CAALFM_C402960WA
lcl|NC_032092.1_cds_XP_720448.2_3358	CAALFM_C402970CA
lcl|NC_032092.1_cds_XP_720447.1_3359	CAALFM_C402980WA
lcl|NC_032092.1_cds_XP_720446.1_3360	CAALFM_C402990CA
lcl|NC_032092.1_cds_XP_720444.1_3361	CAALFM_C403000CA
lcl|NC_032092.1_cds_XP_720443.1_3362	CAALFM_C403020WA
lcl|NC_032092.1_cds_XP_720441.1_3363	CAALFM_C403030CA
lcl|NC_032092.1_cds_XP_019330917.1_3364	CAALFM_C403040WA
lcl|NC_032092.1_cds_XP_720439.2_3365	CAALFM_C403050CA
lcl|NC_032092.1_cds_XP_720438.2_3366	CAALFM_C403070WA
lcl|NC_032092.1_cds_XP_720437.2_3367	CAALFM_C403080WA
lcl|NC_032092.1_cds_XP_720435.1_3368	CAALFM_C403090WA
lcl|NC_032092.1_cds_XP_720434.1_3369	CAALFM_C403100WA
lcl|NC_032092.1_cds_XP_720433.2_3370	CAALFM_C403110WA
lcl|NC_032092.1_cds_XP_720431.2_3371	CAALFM_C403120CA
lcl|NC_032092.1_cds_XP_720430.2_3372	CAALFM_C403130WA
lcl|NC_032092.1_cds_XP_720429.1_3373	CAALFM_C403140CA
lcl|NC_032092.1_cds_XP_720428.1_3374	CAALFM_C403150WA
lcl|NC_032092.1_cds_XP_720427.1_3375	CAALFM_C403160CA
lcl|NC_032092.1_cds_XP_720426.2_3376	CAALFM_C403170WA
lcl|NC_032092.1_cds_XP_720425.2_3377	CAALFM_C403180WA
lcl|NC_032092.1_cds_XP_720424.2_3378	CAALFM_C403190WA
lcl|NC_032092.1_cds_XP_720423.2_3379	CAALFM_C403200CA
lcl|NC_032092.1_cds_XP_720422.2_3380	CAALFM_C403230CA
lcl|NC_032092.1_cds_XP_720421.1_3381	CAALFM_C403250CA
lcl|NC_032092.1_cds_XP_720420.1_3382	CAALFM_C403270WA
lcl|NC_032092.1_cds_XP_720419.2_3383	CAALFM_C403280WA
lcl|NC_032092.1_cds_XP_720417.2_3384	CAALFM_C403290WA
lcl|NC_032092.1_cds_XP_019330918.1_3385	CAALFM_C403300CA
lcl|NC_032092.1_cds_XP_019330919.1_3386	CAALFM_C403310CA
lcl|NC_032092.1_cds_XP_710308.1_3387	CAALFM_C403320WA
lcl|NC_032092.1_cds_XP_710307.1_3388	CAALFM_C403330WA
lcl|NC_032092.1_cds_XP_710306.1_3389	CAALFM_C403340CA
lcl|NC_032092.1_cds_XP_711582.2_3390	CAALFM_C403350CA
lcl|NC_032092.1_cds_XP_711583.1_3391	CAALFM_C403360CA
lcl|NC_032092.1_cds_XP_711584.2_3392	CAALFM_C403370CA
lcl|NC_032092.1_cds_XP_711585.2_3393	CAALFM_C403380CA
lcl|NC_032092.1_cds_XP_711586.2_3394	CAALFM_C403390WA
lcl|NC_032092.1_cds_XP_019330920.1_3395	CAALFM_C403400WA
lcl|NC_032092.1_cds_XP_711587.2_3396	CAALFM_C403410WA
lcl|NC_032092.1_cds_XP_711589.1_3397	CAALFM_C403430WA
lcl|NC_032092.1_cds_XP_711590.2_3398	CAALFM_C403440CA
lcl|NC_032092.1_cds_XP_711591.2_3399	CAALFM_C403450CA
lcl|NC_032092.1_cds_XP_711593.2_3400	CAALFM_C403460CA
lcl|NC_032092.1_cds_XP_711594.1_3401	CAALFM_C403470CA
lcl|NC_032092.1_cds_XP_711595.1_3402	CAALFM_C403480CA
lcl|NC_032092.1_cds_XP_711596.2_3403	CAALFM_C403490CA
lcl|NC_032092.1_cds_XP_711598.2_3404	CAALFM_C403500CA
lcl|NC_032092.1_cds_XP_711600.2_3405	CAALFM_C403510CA
lcl|NC_032092.1_cds_XP_709966.2_3406	CAALFM_C403520CA
lcl|NC_032092.1_cds_XP_709965.2_3407	CAALFM_C403530WA
lcl|NC_032092.1_cds_XP_709964.2_3408	CAALFM_C403540CA
lcl|NC_032092.1_cds_XP_709963.2_3409	CAALFM_C403550WA
lcl|NC_032092.1_cds_XP_709962.2_3410	CAALFM_C403560WA
lcl|NC_032092.1_cds_XP_709961.2_3411	CAALFM_C403570WA
lcl|NC_032092.1_cds_XP_709958.1_3412	CAALFM_C403580WA
lcl|NC_032092.1_cds_XP_709957.1_3413	CAALFM_C403590CA
lcl|NC_032092.1_cds_XP_716063.1_3414	CAALFM_C403600CA
lcl|NC_032092.1_cds_XP_709954.2_3415	CAALFM_C403620CA
lcl|NC_032092.1_cds_XP_709952.1_3416	CAALFM_C403670WA
lcl|NC_032092.1_cds_XP_709951.2_3417	CAALFM_C403680CA
lcl|NC_032092.1_cds_XP_709950.1_3418	CAALFM_C403690CA
lcl|NC_032092.1_cds_XP_709949.1_3419	CAALFM_C403700WA
lcl|NC_032092.1_cds_XP_709948.2_3420	CAALFM_C403710CA
lcl|NC_032092.1_cds_XP_709947.2_3421	CAALFM_C403720CA
lcl|NC_032092.1_cds_XP_709946.2_3422	CAALFM_C403730CA
lcl|NC_032092.1_cds_XP_709945.1_3423	CAALFM_C403740WA
lcl|NC_032092.1_cds_XP_709944.1_3424	CAALFM_C403750CA
lcl|NC_032092.1_cds_XP_709943.1_3425	CAALFM_C403760WA
lcl|NC_032092.1_cds_XP_709942.2_3426	CAALFM_C403770WA
lcl|NC_032092.1_cds_XP_709941.2_3427	CAALFM_C403780CA
lcl|NC_032092.1_cds_XP_709940.1_3428	CAALFM_C403790WA
lcl|NC_032092.1_cds_XP_709939.1_3429	CAALFM_C403800CA
lcl|NC_032092.1_cds_XP_709938.2_3430	CAALFM_C403810WA
lcl|NC_032092.1_cds_XP_710539.2_3431	CAALFM_C403820CA
lcl|NC_032092.1_cds_XP_710540.2_3432	CAALFM_C403830WA
lcl|NC_032092.1_cds_XP_710541.2_3433	CAALFM_C403840CA
lcl|NC_032092.1_cds_XP_710542.2_3434	CAALFM_C403850WA
lcl|NC_032092.1_cds_XP_710543.1_3435	CAALFM_C403860CA
lcl|NC_032092.1_cds_XP_710545.1_3436	CAALFM_C403880WA
lcl|NC_032092.1_cds_XP_710547.2_3437	CAALFM_C403890WA
lcl|NC_032092.1_cds_XP_710548.2_3438	CAALFM_C403900CA
lcl|NC_032092.1_cds_XP_710087.2_3439	CAALFM_C403910WA
lcl|NC_032092.1_cds_XP_710086.2_3440	CAALFM_C403920WA
lcl|NC_032092.1_cds_XP_019330921.1_3441	CAALFM_C403930CA
lcl|NC_032092.1_cds_XP_720913.2_3442	CAALFM_C403940CA
lcl|NC_032092.1_cds_XP_019330922.1_3443	CAALFM_C403950CA
lcl|NC_032092.1_cds_XP_019330923.1_3444	CAALFM_C403960WA
lcl|NC_032092.1_cds_XP_710107.2_3445	CAALFM_C403990CA
lcl|NC_032092.1_cds_XP_717115.1_3446	CAALFM_C404000WA
lcl|NC_032092.1_cds_XP_717114.2_3447	CAALFM_C404010WA
lcl|NC_032092.1_cds_XP_717111.1_3448	CAALFM_C404020CA
lcl|NC_032092.1_cds_XP_717110.1_3449	CAALFM_C404030WA
lcl|NC_032092.1_cds_XP_717109.2_3450	CAALFM_C404040WA
lcl|NC_032092.1_cds_XP_717108.1_3451	CAALFM_C404050CA
lcl|NC_032092.1_cds_XP_717106.1_3452	CAALFM_C404070CA
lcl|NC_032092.1_cds_XP_717105.1_3453	CAALFM_C404080CA
lcl|NC_032092.1_cds_XP_717104.2_3454	CAALFM_C404090CA
lcl|NC_032092.1_cds_XP_717103.2_3455	CAALFM_C404100CA
lcl|NC_032092.1_cds_XP_019330924.1_3456	CAALFM_C404110WA
lcl|NC_032092.1_cds_XP_717101.2_3457	CAALFM_C404120CA
lcl|NC_032092.1_cds_XP_717100.1_3458	CAALFM_C404130WA
lcl|NC_032092.1_cds_XP_717099.2_3459	CAALFM_C404140WA
lcl|NC_032092.1_cds_XP_717098.1_3460	CAALFM_C404150CA
lcl|NC_032092.1_cds_XP_717097.1_3461	CAALFM_C404160WA
lcl|NC_032092.1_cds_XP_717096.2_3462	CAALFM_C404170CA
lcl|NC_032092.1_cds_XP_717095.2_3463	CAALFM_C404180CA
lcl|NC_032092.1_cds_XP_711557.2_3464	CAALFM_C404190CA
lcl|NC_032092.1_cds_XP_717094.2_3465	CAALFM_C404200CA
lcl|NC_032092.1_cds_XP_711556.1_3466	CAALFM_C404210CA
lcl|NC_032092.1_cds_XP_711555.1_3467	CAALFM_C404220WA
lcl|NC_032092.1_cds_XP_711554.1_3468	CAALFM_C404230WA
lcl|NC_032092.1_cds_XP_711553.2_3469	CAALFM_C404240CA
lcl|NC_032092.1_cds_XP_711552.1_3470	CAALFM_C404250WA
lcl|NC_032092.1_cds_XP_711550.1_3471	CAALFM_C404260CA
lcl|NC_032092.1_cds_XP_711549.1_3472	CAALFM_C404270WA
lcl|NC_032092.1_cds_XP_711548.1_3473	CAALFM_C404280CA
lcl|NC_032092.1_cds_XP_711547.2_3474	CAALFM_C404290WA
lcl|NC_032092.1_cds_XP_711545.1_3475	CAALFM_C404300CA
lcl|NC_032092.1_cds_XP_711544.1_3476	CAALFM_C404310WA
lcl|NC_032092.1_cds_XP_711543.1_3477	CAALFM_C404320WA
lcl|NC_032092.1_cds_XP_711542.2_3478	CAALFM_C404330CA
lcl|NC_032092.1_cds_XP_711541.1_3479	CAALFM_C404340CA
lcl|NC_032092.1_cds_XP_711540.1_3480	CAALFM_C404350WA
lcl|NC_032092.1_cds_XP_711539.2_3481	CAALFM_C404360WA
lcl|NC_032092.1_cds_XP_711537.1_3482	CAALFM_C404370CA
lcl|NC_032092.1_cds_XP_019330925.1_3483	CAALFM_C404380CA
lcl|NC_032092.1_cds_XP_019330926.1_3484	CAALFM_C404390WA
lcl|NC_032092.1_cds_XP_019330927.1_3485	CAALFM_C404400CA
lcl|NC_032092.1_cds_XP_717250.1_3486	CAALFM_C404410CA
lcl|NC_032092.1_cds_XP_717249.1_3487	CAALFM_C404420WA
lcl|NC_032092.1_cds_XP_717248.1_3488	CAALFM_C404430WA
lcl|NC_032092.1_cds_XP_717247.1_3489	CAALFM_C404440WA
lcl|NC_032092.1_cds_XP_717245.2_3490	CAALFM_C404450CA
lcl|NC_032092.1_cds_XP_717244.1_3491	CAALFM_C404460CA
lcl|NC_032092.1_cds_XP_717243.1_3492	CAALFM_C404470WA
lcl|NC_032092.1_cds_XP_019330928.1_3493	CAALFM_C404480CA
lcl|NC_032092.1_cds_XP_717240.1_3494	CAALFM_C404500CA
lcl|NC_032092.1_cds_XP_717237.2_3495	CAALFM_C404510WA
lcl|NC_032092.1_cds_XP_717235.1_3496	CAALFM_C404520WA
lcl|NC_032092.1_cds_XP_717233.2_3497	CAALFM_C404530CA
lcl|NC_032092.1_cds_XP_717231.1_3498	CAALFM_C404550CA
lcl|NC_032092.1_cds_XP_717230.2_3499	CAALFM_C404560CA
lcl|NC_032092.1_cds_XP_717229.2_3500	CAALFM_C404570WA
lcl|NC_032092.1_cds_XP_717228.2_3501	CAALFM_C404580WA
lcl|NC_032092.1_cds_XP_717227.1_3502	CAALFM_C404590WA
lcl|NC_032092.1_cds_XP_717226.1_3503	CAALFM_C404600CA
lcl|NC_032092.1_cds_XP_717225.2_3504	CAALFM_C404620CA
lcl|NC_032092.1_cds_XP_717224.1_3505	CAALFM_C404630CA
lcl|NC_032092.1_cds_XP_717223.1_3506	CAALFM_C404640CA
lcl|NC_032092.1_cds_XP_717222.2_3507	CAALFM_C404650WA
lcl|NC_032092.1_cds_XP_717220.1_3508	CAALFM_C404660CA
lcl|NC_032092.1_cds_XP_717218.2_3509	CAALFM_C404670CA
lcl|NC_032092.1_cds_XP_717217.1_3510	CAALFM_C404700WA
lcl|NC_032092.1_cds_XP_717216.1_3511	CAALFM_C404710WA
lcl|NC_032092.1_cds_XP_717215.2_3512	CAALFM_C404720WA
lcl|NC_032092.1_cds_XP_717214.1_3513	CAALFM_C404730WA
lcl|NC_032092.1_cds_XP_717211.2_3514	CAALFM_C404750WA
lcl|NC_032092.1_cds_XP_717209.1_3515	CAALFM_C404760CA
lcl|NC_032092.1_cds_XP_717208.1_3516	CAALFM_C404770CA
lcl|NC_032092.1_cds_XP_717207.1_3517	CAALFM_C404780WA
lcl|NC_032092.1_cds_XP_717206.2_3518	CAALFM_C404790WA
lcl|NC_032092.1_cds_XP_717204.2_3519	CAALFM_C404800WA
lcl|NC_032092.1_cds_XP_717203.2_3520	CAALFM_C404810CA
lcl|NC_032092.1_cds_XP_717202.1_3521	CAALFM_C404820CA
lcl|NC_032092.1_cds_XP_717201.1_3522	CAALFM_C404830WA
lcl|NC_032092.1_cds_XP_717200.1_3523	CAALFM_C404840CA
lcl|NC_032092.1_cds_XP_717199.2_3524	CAALFM_C404850CA
lcl|NC_032092.1_cds_XP_717198.2_3525	CAALFM_C404860WA
lcl|NC_032092.1_cds_XP_717197.2_3526	CAALFM_C404870CA
lcl|NC_032092.1_cds_XP_717196.2_3527	CAALFM_C404880WA
lcl|NC_032092.1_cds_XP_717194.1_3528	CAALFM_C404890CA
lcl|NC_032092.1_cds_XP_019330929.1_3529	CAALFM_C404900WA
lcl|NC_032092.1_cds_XP_717193.2_3530	CAALFM_C404910CA
lcl|NC_032092.1_cds_XP_717192.1_3531	CAALFM_C404920WA
lcl|NC_032092.1_cds_XP_717190.1_3532	CAALFM_C404930CA
lcl|NC_032092.1_cds_XP_717188.2_3533	CAALFM_C404950WA
lcl|NC_032092.1_cds_XP_019330930.1_3534	CAALFM_C404970CA
lcl|NC_032092.1_cds_XP_717187.1_3535	CAALFM_C404980WA
lcl|NC_032092.1_cds_XP_717186.2_3536	CAALFM_C404990CA
lcl|NC_032092.1_cds_XP_717185.2_3537	CAALFM_C405000WA
lcl|NC_032092.1_cds_XP_717184.2_3538	CAALFM_C405010WA
lcl|NC_032092.1_cds_XP_717182.2_3539	CAALFM_C405020WA
lcl|NC_032092.1_cds_XP_717180.2_3540	CAALFM_C405030CA
lcl|NC_032092.1_cds_XP_019330931.1_3541	CAALFM_C405040WA
lcl|NC_032092.1_cds_XP_717179.1_3542	CAALFM_C405050CA
lcl|NC_032092.1_cds_XP_717177.2_3543	CAALFM_C405060WA
lcl|NC_032092.1_cds_XP_717176.2_3544	CAALFM_C405070CA
lcl|NC_032092.1_cds_XP_717174.1_3545	CAALFM_C405080CA
lcl|NC_032092.1_cds_XP_717173.2_3546	CAALFM_C405090CA
lcl|NC_032092.1_cds_XP_710986.2_3547	CAALFM_C405100CA
lcl|NC_032092.1_cds_XP_019330932.1_3548	CAALFM_C405110CA
lcl|NC_032092.1_cds_XP_710989.2_3549	CAALFM_C405130CA
lcl|NC_032092.1_cds_XP_710991.1_3550	CAALFM_C405140CA
lcl|NC_032092.1_cds_XP_710992.1_3551	CAALFM_C405150WA
lcl|NC_032092.1_cds_XP_710993.2_3552	CAALFM_C405160CA
lcl|NC_032092.1_cds_XP_710995.2_3553	CAALFM_C405180CA
lcl|NC_032092.1_cds_XP_712246.1_3554	CAALFM_C405190CA
lcl|NC_032092.1_cds_XP_712247.1_3555	CAALFM_C405200CA
lcl|NC_032092.1_cds_XP_712248.1_3556	CAALFM_C405210WA
lcl|NC_032092.1_cds_XP_712249.2_3557	CAALFM_C405220CA
lcl|NC_032092.1_cds_XP_712250.2_3558	CAALFM_C405230CA
lcl|NC_032092.1_cds_XP_712251.1_3559	CAALFM_C405240CA
lcl|NC_032092.1_cds_XP_712252.1_3560	CAALFM_C405250WA
lcl|NC_032092.1_cds_XP_710122.1_3561	CAALFM_C405260WA
lcl|NC_032092.1_cds_XP_710121.1_3562	CAALFM_C405270CA
lcl|NC_032092.1_cds_XP_710120.2_3563	CAALFM_C405280WA
lcl|NC_032092.1_cds_XP_710092.2_3564	CAALFM_C405290WA
lcl|NC_032092.1_cds_XP_710091.2_3565	CAALFM_C405300WA
lcl|NC_032092.1_cds_XP_711438.2_3566	CAALFM_C405310WA
lcl|NC_032092.1_cds_XP_443225.2_3567	CAALFM_C405320WA
lcl|NC_032092.1_cds_XP_711439.2_3568	CAALFM_C405330CA
lcl|NC_032092.1_cds_XP_711440.2_3569	CAALFM_C405340WA
lcl|NC_032092.1_cds_XP_711441.1_3570	CAALFM_C405350WA
lcl|NC_032092.1_cds_XP_711442.2_3571	CAALFM_C405360CA
lcl|NC_032092.1_cds_XP_711443.2_3572	CAALFM_C405370WA
lcl|NC_032092.1_cds_XP_019330933.1_3573	CAALFM_C405380CA
lcl|NC_032092.1_cds_XP_711444.1_3574	CAALFM_C405390WA
lcl|NC_032092.1_cds_XP_711445.2_3575	CAALFM_C405400CA
lcl|NC_032092.1_cds_XP_711446.2_3576	CAALFM_C405420CA
lcl|NC_032092.1_cds_XP_711447.2_3577	CAALFM_C405430CA
lcl|NC_032092.1_cds_XP_711448.2_3578	CAALFM_C405440CA
lcl|NC_032092.1_cds_XP_711449.1_3579	CAALFM_C405450CA
lcl|NC_032092.1_cds_XP_711450.1_3580	CAALFM_C405460CA
lcl|NC_032092.1_cds_XP_716542.2_3581	CAALFM_C405530WA
lcl|NC_032092.1_cds_XP_716543.2_3582	CAALFM_C405540WA
lcl|NC_032092.1_cds_XP_716544.1_3583	CAALFM_C405550CA
lcl|NC_032092.1_cds_XP_716545.2_3584	CAALFM_C405560CA
lcl|NC_032092.1_cds_XP_019330934.1_3585	CAALFM_C405570CA
lcl|NC_032092.1_cds_XP_716547.1_3586	CAALFM_C405580CA
lcl|NC_032092.1_cds_XP_716548.2_3587	CAALFM_C405590WA
lcl|NC_032092.1_cds_XP_716552.2_3588	CAALFM_C405600WA
lcl|NC_032092.1_cds_XP_716554.2_3589	CAALFM_C405610CA
lcl|NC_032092.1_cds_XP_716555.2_3590	CAALFM_C405620CA
lcl|NC_032092.1_cds_XP_716556.1_3591	CAALFM_C405630WA
lcl|NC_032092.1_cds_XP_716557.2_3592	CAALFM_C405640CA
lcl|NC_032092.1_cds_XP_716558.1_3593	CAALFM_C405650WA
lcl|NC_032092.1_cds_XP_716559.2_3594	CAALFM_C405660CA
lcl|NC_032092.1_cds_XP_716560.2_3595	CAALFM_C405670WA
lcl|NC_032092.1_cds_XP_716561.2_3596	CAALFM_C405680WA
lcl|NC_032092.1_cds_XP_716562.2_3597	CAALFM_C405690WA
lcl|NC_032092.1_cds_XP_716563.2_3598	CAALFM_C405700WA
lcl|NC_032092.1_cds_XP_716566.2_3599	CAALFM_C405730WA
lcl|NC_032092.1_cds_XP_716567.2_3600	CAALFM_C405740CA
lcl|NC_032092.1_cds_XP_716568.1_3601	CAALFM_C405750CA
lcl|NC_032092.1_cds_XP_716569.2_3602	CAALFM_C405760WA
lcl|NC_032092.1_cds_XP_716571.2_3603	CAALFM_C405770CA
lcl|NC_032092.1_cds_XP_716572.2_3604	CAALFM_C405780CA
lcl|NC_032092.1_cds_XP_716573.2_3605	CAALFM_C405790WA
lcl|NC_032092.1_cds_XP_716574.2_3606	CAALFM_C405800CA
lcl|NC_032092.1_cds_XP_716575.1_3607	CAALFM_C405810WA
lcl|NC_032092.1_cds_XP_019330935.1_3608	CAALFM_C405820WA
lcl|NC_032092.1_cds_XP_716576.2_3609	CAALFM_C405830WA
lcl|NC_032092.1_cds_XP_716578.2_3610	CAALFM_C405840WA
lcl|NC_032092.1_cds_XP_716580.2_3611	CAALFM_C405850CA
lcl|NC_032092.1_cds_XP_716581.1_3612	CAALFM_C405860WA
lcl|NC_032092.1_cds_XP_716582.2_3613	CAALFM_C405870CA
lcl|NC_032092.1_cds_XP_716583.1_3614	CAALFM_C405880WA
lcl|NC_032092.1_cds_XP_716584.1_3615	CAALFM_C405890WA
lcl|NC_032092.1_cds_XP_716585.2_3616	CAALFM_C405900CA
lcl|NC_032092.1_cds_XP_711851.1_3617	CAALFM_C405910CA
lcl|NC_032092.1_cds_XP_711852.2_3618	CAALFM_C405920CA
lcl|NC_032092.1_cds_XP_711853.2_3619	CAALFM_C405940WA
lcl|NC_032092.1_cds_XP_019330936.1_3620	CAALFM_C405960WA
lcl|NC_032092.1_cds_XP_711855.1_3621	CAALFM_C405970WA
lcl|NC_032092.1_cds_XP_711857.2_3622	CAALFM_C405980CA
lcl|NC_032092.1_cds_XP_711858.1_3623	CAALFM_C406000WA
lcl|NC_032092.1_cds_XP_711859.2_3624	CAALFM_C406010CA
lcl|NC_032092.1_cds_XP_711860.1_3625	CAALFM_C406020CA
lcl|NC_032092.1_cds_XP_019330937.1_3626	CAALFM_C406030WA
lcl|NC_032092.1_cds_XP_711862.2_3627	CAALFM_C406040WA
lcl|NC_032092.1_cds_XP_711863.2_3628	CAALFM_C406050WA
lcl|NC_032092.1_cds_XP_711864.2_3629	CAALFM_C406060WA
lcl|NC_032092.1_cds_XP_711866.2_3630	CAALFM_C406070CA
lcl|NC_032092.1_cds_XP_019330938.1_3631	CAALFM_C406080WA
lcl|NC_032092.1_cds_XP_711868.2_3632	CAALFM_C406090CA
lcl|NC_032092.1_cds_XP_711869.2_3633	CAALFM_C406100WA
lcl|NC_032092.1_cds_XP_710312.1_3634	CAALFM_C406110CA
lcl|NC_032092.1_cds_XP_710311.1_3635	CAALFM_C406120WA
lcl|NC_032092.1_cds_XP_710310.2_3636	CAALFM_C406130WA
lcl|NC_032092.1_cds_XP_715577.2_3637	CAALFM_C406140CA
lcl|NC_032092.1_cds_XP_019330939.1_3638	CAALFM_C406150CA
lcl|NC_032092.1_cds_XP_715575.2_3639	CAALFM_C406160WA
lcl|NC_032092.1_cds_XP_715574.1_3640	CAALFM_C406170CA
lcl|NC_032092.1_cds_XP_715573.2_3641	CAALFM_C406190CA
lcl|NC_032092.1_cds_XP_019330940.1_3642	CAALFM_C406200WA
lcl|NC_032092.1_cds_XP_715571.2_3643	CAALFM_C406210CA
lcl|NC_032092.1_cds_XP_715570.1_3644	CAALFM_C406220CA
lcl|NC_032092.1_cds_XP_715569.1_3645	CAALFM_C406230CA
lcl|NC_032092.1_cds_XP_715568.1_3646	CAALFM_C406240WA
lcl|NC_032092.1_cds_XP_715567.2_3647	CAALFM_C406250CA
lcl|NC_032092.1_cds_XP_715565.1_3648	CAALFM_C406260WA
lcl|NC_032092.1_cds_XP_715564.1_3649	CAALFM_C406270CA
lcl|NC_032092.1_cds_XP_715563.1_3650	CAALFM_C406280CA
lcl|NC_032092.1_cds_XP_019330941.1_3651	CAALFM_C406290WA
lcl|NC_032092.1_cds_XP_715562.2_3652	CAALFM_C406300CA
lcl|NC_032092.1_cds_XP_715561.2_3653	CAALFM_C406310CA
lcl|NC_032092.1_cds_XP_715558.2_3654	CAALFM_C406340WA
lcl|NC_032092.1_cds_XP_715556.2_3655	CAALFM_C406350CA
lcl|NC_032092.1_cds_XP_715555.1_3656	CAALFM_C406360CA
lcl|NC_032092.1_cds_XP_715554.1_3657	CAALFM_C406370CA
lcl|NC_032092.1_cds_XP_715553.2_3658	CAALFM_C406380WA
lcl|NC_032092.1_cds_XP_715552.1_3659	CAALFM_C406390WA
lcl|NC_032092.1_cds_XP_715551.1_3660	CAALFM_C406400CA
lcl|NC_032092.1_cds_XP_715549.2_3661	CAALFM_C406410WA
lcl|NC_032092.1_cds_XP_715548.1_3662	CAALFM_C406420WA
lcl|NC_032092.1_cds_XP_715547.2_3663	CAALFM_C406430CA
lcl|NC_032092.1_cds_XP_715546.2_3664	CAALFM_C406440CA
lcl|NC_032092.1_cds_XP_715545.2_3665	CAALFM_C406450WA
lcl|NC_032092.1_cds_XP_715544.2_3666	CAALFM_C406460CA
lcl|NC_032092.1_cds_XP_715543.2_3667	CAALFM_C406470WA
lcl|NC_032092.1_cds_XP_715542.2_3668	CAALFM_C406480CA
lcl|NC_032092.1_cds_XP_715541.2_3669	CAALFM_C406490CA
lcl|NC_032092.1_cds_XP_715540.2_3670	CAALFM_C406500WA
lcl|NC_032092.1_cds_XP_715539.2_3671	CAALFM_C406510CA
lcl|NC_032092.1_cds_XP_715538.1_3672	CAALFM_C406530CA
lcl|NC_032092.1_cds_XP_715537.2_3673	CAALFM_C406540WA
lcl|NC_032092.1_cds_XP_715535.1_3674	CAALFM_C406550CA
lcl|NC_032092.1_cds_XP_715534.1_3675	CAALFM_C406560WA
lcl|NC_032092.1_cds_XP_715533.1_3676	CAALFM_C406570CA
lcl|NC_032092.1_cds_XP_019330942.1_3677	CAALFM_C406580WA
lcl|NC_032092.1_cds_XP_715531.1_3678	CAALFM_C406590WA
lcl|NC_032092.1_cds_XP_715530.2_3679	CAALFM_C406600WA
lcl|NC_032092.1_cds_XP_715528.1_3680	CAALFM_C406610CA
lcl|NC_032092.1_cds_XP_715527.2_3681	CAALFM_C406620CA
lcl|NC_032092.1_cds_XP_715526.1_3682	CAALFM_C406630CA
lcl|NC_032092.1_cds_XP_715525.1_3683	CAALFM_C406640CA
lcl|NC_032092.1_cds_XP_715524.1_3684	CAALFM_C406650WA
lcl|NC_032092.1_cds_XP_715523.2_3685	CAALFM_C406660WA
lcl|NC_032092.1_cds_XP_715451.1_3686	CAALFM_C406670WA
lcl|NC_032092.1_cds_XP_715450.2_3687	CAALFM_C406680CA
lcl|NC_032092.1_cds_XP_019330943.1_3688	CAALFM_C406690CA
lcl|NC_032092.1_cds_XP_715448.2_3689	CAALFM_C406710WA
lcl|NC_032092.1_cds_XP_715447.1_3690	CAALFM_C406720WA
lcl|NC_032092.1_cds_XP_715445.1_3691	CAALFM_C406730CA
lcl|NC_032092.1_cds_XP_715444.1_3692	CAALFM_C406740CA
lcl|NC_032092.1_cds_XP_715442.2_3693	CAALFM_C406760WA
lcl|NC_032092.1_cds_XP_715441.1_3694	CAALFM_C406770WA
lcl|NC_032092.1_cds_XP_715440.2_3695	CAALFM_C406780CA
lcl|NC_032092.1_cds_XP_715439.2_3696	CAALFM_C406790WA
lcl|NC_032092.1_cds_XP_715438.1_3697	CAALFM_C406800WA
lcl|NC_032092.1_cds_XP_715437.2_3698	CAALFM_C406810CA
lcl|NC_032092.1_cds_XP_715436.1_3699	CAALFM_C406820CA
lcl|NC_032092.1_cds_XP_715435.2_3700	CAALFM_C406830CA
lcl|NC_032092.1_cds_XP_715434.2_3701	CAALFM_C406840WA
lcl|NC_032092.1_cds_XP_715433.2_3702	CAALFM_C406850CA
lcl|NC_032092.1_cds_XP_019330944.1_3703	CAALFM_C406860CA
lcl|NC_032092.1_cds_XP_715432.2_3704	CAALFM_C406870WA
lcl|NC_032092.1_cds_XP_019330945.1_3705	CAALFM_C406880CA
lcl|NC_032092.1_cds_XP_715431.2_3706	CAALFM_C406890WA
lcl|NC_032092.1_cds_XP_715430.2_3707	CAALFM_C406900WA
lcl|NC_032092.1_cds_XP_715429.1_3708	CAALFM_C406910WA
lcl|NC_032092.1_cds_XP_715426.1_3709	CAALFM_C406920CA
lcl|NC_032092.1_cds_XP_715425.1_3710	CAALFM_C406930CA
lcl|NC_032092.1_cds_XP_715424.2_3711	CAALFM_C406940CA
lcl|NC_032092.1_cds_XP_715423.2_3712	CAALFM_C406950WA
lcl|NC_032092.1_cds_XP_715422.2_3713	CAALFM_C406960WA
lcl|NC_032092.1_cds_XP_715421.2_3714	CAALFM_C406970CA
lcl|NC_032092.1_cds_XP_715420.2_3715	CAALFM_C406980WA
lcl|NC_032092.1_cds_XP_715419.2_3716	CAALFM_C406990WA
lcl|NC_032092.1_cds_XP_715418.1_3717	CAALFM_C407000WA
lcl|NC_032092.1_cds_XP_715417.1_3718	CAALFM_C407010CA
lcl|NC_032092.1_cds_XP_715416.1_3719	CAALFM_C407020CA
lcl|NC_032092.1_cds_XP_715415.1_3720	CAALFM_C407030WA
lcl|NC_032092.1_cds_XP_715414.2_3721	CAALFM_C407040WA
lcl|NC_032092.1_cds_XP_715413.1_3722	CAALFM_C407050WA
lcl|NC_032092.1_cds_XP_715412.1_3723	CAALFM_C407060WA
lcl|NC_032092.1_cds_XP_715411.2_3724	CAALFM_C407070WA
lcl|NC_032092.1_cds_XP_715409.2_3725	CAALFM_C407080CA
lcl|NC_032092.1_cds_XP_715408.1_3726	CAALFM_C407090CA
lcl|NC_032092.1_cds_XP_715407.2_3727	CAALFM_C407100CA
lcl|NC_032092.1_cds_XP_715406.1_3728	CAALFM_C407110CA
lcl|NC_032092.1_cds_XP_715402.1_3729	CAALFM_C407120CA
lcl|NC_032092.1_cds_XP_715401.2_3730	CAALFM_C407130WA
lcl|NC_032092.1_cds_XP_715399.1_3731	CAALFM_C407140WA
lcl|NC_032092.1_cds_XP_715398.1_3732	CAALFM_C407150WA
lcl|NC_032092.1_cds_XP_019330946.1_3733	CAALFM_C407160WA
lcl|NC_032092.1_cds_XP_019330947.1_3734	CAALFM_C407170CA
lcl|NC_032092.1_cds_XP_715397.1_3735	CAALFM_C407180WA
lcl|NC_032092.1_cds_XP_715396.2_3736	CAALFM_C407190WA
lcl|NC_032092.1_cds_XP_715393.2_3737	CAALFM_C407200CA
lcl|NC_032092.1_cds_XP_715394.2_3738	CAALFM_C407210WA
lcl|NC_032092.1_cds_XP_715390.2_3739	CAALFM_C407220CA
lcl|NC_032092.1_cds_XP_715387.2_3740	CAALFM_C407230CA
lcl|NC_032092.1_cds_XP_715386.2_3741	CAALFM_C407240WA
lcl|NC_032092.1_cds_XP_715384.2_3742	CAALFM_C407250CA
lcl|NC_032092.1_cds_XP_715383.2_3743	CAALFM_C407260WA
lcl|NC_032093.1_cds_XP_710528.1_3744	CAALFM_C500010WA
lcl|NC_032093.1_cds_XP_710527.1_3745	CAALFM_C500030WA
lcl|NC_032093.1_cds_XP_710522.2_3746	CAALFM_C500040CA
lcl|NC_032093.1_cds_XP_710523.2_3747	CAALFM_C500050WA
lcl|NC_032093.1_cds_XP_710521.1_3748	CAALFM_C500060CA
lcl|NC_032093.1_cds_XP_710520.1_3749	CAALFM_C500070WA
lcl|NC_032093.1_cds_XP_710518.1_3750	CAALFM_C500080CA
lcl|NC_032093.1_cds_XP_710517.1_3751	CAALFM_C500090CA
lcl|NC_032093.1_cds_XP_710515.1_3752	CAALFM_C500100CA
lcl|NC_032093.1_cds_XP_710514.1_3753	CAALFM_C500110CA
lcl|NC_032093.1_cds_XP_019330948.1_3754	CAALFM_C500120WA
lcl|NC_032093.1_cds_XP_710513.1_3755	CAALFM_C500130CA
lcl|NC_032093.1_cds_XP_710512.2_3756	CAALFM_C500140CA
lcl|NC_032093.1_cds_XP_710511.1_3757	CAALFM_C500150CA
lcl|NC_032093.1_cds_XP_710510.1_3758	CAALFM_C500160WA
lcl|NC_032093.1_cds_XP_710509.2_3759	CAALFM_C500170WA
lcl|NC_032093.1_cds_XP_716818.2_3760	CAALFM_C500180WA
lcl|NC_032093.1_cds_XP_716817.1_3761	CAALFM_C500190CA
lcl|NC_032093.1_cds_XP_716816.2_3762	CAALFM_C500200CA
lcl|NC_032093.1_cds_XP_716814.1_3763	CAALFM_C500210CA
lcl|NC_032093.1_cds_XP_716812.1_3764	CAALFM_C500220WA
lcl|NC_032093.1_cds_XP_716810.1_3765	CAALFM_C500230CA
lcl|NC_032093.1_cds_XP_716809.1_3766	CAALFM_C500240WA
lcl|NC_032093.1_cds_XP_716808.1_3767	CAALFM_C500250CA
lcl|NC_032093.1_cds_XP_716807.1_3768	CAALFM_C500260WA
lcl|NC_032093.1_cds_XP_716806.1_3769	CAALFM_C500270WA
lcl|NC_032093.1_cds_XP_716805.1_3770	CAALFM_C500280CA
lcl|NC_032093.1_cds_XP_716804.1_3771	CAALFM_C500290WA
lcl|NC_032093.1_cds_XP_716802.1_3772	CAALFM_C500300CA
lcl|NC_032093.1_cds_XP_716800.1_3773	CAALFM_C500310CA
lcl|NC_032093.1_cds_XP_019330949.1_3774	CAALFM_C500320WA
lcl|NC_032093.1_cds_XP_716794.1_3775	CAALFM_C500330CA
lcl|NC_032093.1_cds_XP_716793.1_3776	CAALFM_C500340WA
lcl|NC_032093.1_cds_XP_716792.1_3777	CAALFM_C500350CA
lcl|NC_032093.1_cds_XP_019330950.1_3778	CAALFM_C500370WA
lcl|NC_032093.1_cds_XP_716791.1_3779	CAALFM_C500380WA
lcl|NC_032093.1_cds_XP_716790.1_3780	CAALFM_C500390CA
lcl|NC_032093.1_cds_XP_716788.1_3781	CAALFM_C500400CA
lcl|NC_032093.1_cds_XP_716786.1_3782	CAALFM_C500420CA
lcl|NC_032093.1_cds_XP_716785.1_3783	CAALFM_C500430WA
lcl|NC_032093.1_cds_XP_716784.1_3784	CAALFM_C500440CA
lcl|NC_032093.1_cds_XP_019330951.1_3785	CAALFM_C500450CA
lcl|NC_032093.1_cds_XP_716782.1_3786	CAALFM_C500460CA
lcl|NC_032093.1_cds_XP_716781.1_3787	CAALFM_C500470CA
lcl|NC_032093.1_cds_XP_716780.1_3788	CAALFM_C500480CA
lcl|NC_032093.1_cds_XP_716779.1_3789	CAALFM_C500490CA
lcl|NC_032093.1_cds_XP_716778.1_3790	CAALFM_C500500WA
lcl|NC_032093.1_cds_XP_716777.1_3791	CAALFM_C500510WA
lcl|NC_032093.1_cds_XP_716775.1_3792	CAALFM_C500530WA
lcl|NC_032093.1_cds_XP_716774.2_3793	CAALFM_C500540CA
lcl|NC_032093.1_cds_XP_710133.2_3794	CAALFM_C500550CA
lcl|NC_032093.1_cds_XP_710134.2_3795	CAALFM_C500560WA
lcl|NC_032093.1_cds_XP_716771.2_3796	CAALFM_C500570WA
lcl|NC_032093.1_cds_XP_716770.1_3797	CAALFM_C500580WA
lcl|NC_032093.1_cds_XP_716769.1_3798	CAALFM_C500590WA
lcl|NC_032093.1_cds_XP_716768.2_3799	CAALFM_C500600CA
lcl|NC_032093.1_cds_XP_716767.2_3800	CAALFM_C500610CA
lcl|NC_032093.1_cds_XP_716766.1_3801	CAALFM_C500620WA
lcl|NC_032093.1_cds_XP_716765.2_3802	CAALFM_C500630CA
lcl|NC_032093.1_cds_XP_716764.2_3803	CAALFM_C500640CA
lcl|NC_032093.1_cds_XP_716762.2_3804	CAALFM_C500650CA
lcl|NC_032093.1_cds_XP_716761.1_3805	CAALFM_C500660CA
lcl|NC_032093.1_cds_XP_716760.1_3806	CAALFM_C500670CA
lcl|NC_032093.1_cds_XP_716759.2_3807	CAALFM_C500680WA
lcl|NC_032093.1_cds_XP_019330952.1_3808	CAALFM_C500690CA
lcl|NC_032093.1_cds_XP_714200.2_3809	CAALFM_C500700CA
lcl|NC_032093.1_cds_XP_714201.2_3810	CAALFM_C500710WA
lcl|NC_032093.1_cds_XP_714203.1_3811	CAALFM_C500730WA
lcl|NC_032093.1_cds_XP_714204.1_3812	CAALFM_C500740WA
lcl|NC_032093.1_cds_XP_714205.2_3813	CAALFM_C500750CA
lcl|NC_032093.1_cds_XP_714206.2_3814	CAALFM_C500760WA
lcl|NC_032093.1_cds_XP_714207.2_3815	CAALFM_C500770CA
lcl|NC_032093.1_cds_XP_714208.2_3816	CAALFM_C500780CA
lcl|NC_032093.1_cds_XP_714209.2_3817	CAALFM_C500790CA
lcl|NC_032093.1_cds_XP_714210.1_3818	CAALFM_C500800CA
lcl|NC_032093.1_cds_XP_714211.2_3819	CAALFM_C500810CA
lcl|NC_032093.1_cds_XP_714212.1_3820	CAALFM_C500820WA
lcl|NC_032093.1_cds_XP_714213.1_3821	CAALFM_C500830CA
lcl|NC_032093.1_cds_XP_714214.1_3822	CAALFM_C500840WA
lcl|NC_032093.1_cds_XP_714215.1_3823	CAALFM_C500850CA
lcl|NC_032093.1_cds_XP_715743.2_3824	CAALFM_C500860WA
lcl|NC_032093.1_cds_XP_715742.2_3825	CAALFM_C500870CA
lcl|NC_032093.1_cds_XP_715741.1_3826	CAALFM_C500880CA
lcl|NC_032093.1_cds_XP_715740.2_3827	CAALFM_C500890CA
lcl|NC_032093.1_cds_XP_715739.1_3828	CAALFM_C500900CA
lcl|NC_032093.1_cds_XP_715738.1_3829	CAALFM_C500910CA
lcl|NC_032093.1_cds_XP_715737.1_3830	CAALFM_C500920WA
lcl|NC_032093.1_cds_XP_715736.1_3831	CAALFM_C500930CA
lcl|NC_032093.1_cds_XP_715735.2_3832	CAALFM_C500940CA
lcl|NC_032093.1_cds_XP_715734.2_3833	CAALFM_C500950CA
lcl|NC_032093.1_cds_XP_715733.2_3834	CAALFM_C500980WA
lcl|NC_032093.1_cds_XP_715732.1_3835	CAALFM_C501000CA
lcl|NC_032093.1_cds_XP_715731.1_3836	CAALFM_C501010WA
lcl|NC_032093.1_cds_XP_019330953.1_3837	CAALFM_C501020CA
lcl|NC_032093.1_cds_XP_715730.2_3838	CAALFM_C501040WA
lcl|NC_032093.1_cds_XP_019330954.1_3839	CAALFM_C501050CA
lcl|NC_032093.1_cds_XP_715728.1_3840	CAALFM_C501060CA
lcl|NC_032093.1_cds_XP_715726.1_3841	CAALFM_C501070CA
lcl|NC_032093.1_cds_XP_715725.2_3842	CAALFM_C501080CA
lcl|NC_032093.1_cds_XP_715724.1_3843	CAALFM_C501090CA
lcl|NC_032093.1_cds_XP_715723.1_3844	CAALFM_C501100CA
lcl|NC_032093.1_cds_XP_715722.1_3845	CAALFM_C501110WA
lcl|NC_032093.1_cds_XP_715720.2_3846	CAALFM_C501130WA
lcl|NC_032093.1_cds_XP_715719.2_3847	CAALFM_C501140CA
lcl|NC_032093.1_cds_XP_019330955.1_3848	CAALFM_C501170WA
lcl|NC_032093.1_cds_XP_715717.2_3849	CAALFM_C501180WA
lcl|NC_032093.1_cds_XP_715715.2_3850	CAALFM_C501190WA
lcl|NC_032093.1_cds_XP_715713.2_3851	CAALFM_C501200WA
lcl|NC_032093.1_cds_XP_715712.1_3852	CAALFM_C501210WA
lcl|NC_032093.1_cds_XP_715711.2_3853	CAALFM_C501220WA
lcl|NC_032093.1_cds_XP_715709.1_3854	CAALFM_C501230CA
lcl|NC_032093.1_cds_XP_715708.1_3855	CAALFM_C501240WA
lcl|NC_032093.1_cds_XP_715707.2_3856	CAALFM_C501250WA
lcl|NC_032093.1_cds_XP_715706.2_3857	CAALFM_C501260WA
lcl|NC_032093.1_cds_XP_715705.2_3858	CAALFM_C501270WA
lcl|NC_032093.1_cds_XP_715704.2_3859	CAALFM_C501280CA
lcl|NC_032093.1_cds_XP_715703.2_3860	CAALFM_C501290CA
lcl|NC_032093.1_cds_XP_715702.2_3861	CAALFM_C501300CA
lcl|NC_032093.1_cds_XP_715701.2_3862	CAALFM_C501310WA
lcl|NC_032093.1_cds_XP_715699.1_3863	CAALFM_C501320WA
lcl|NC_032093.1_cds_XP_715697.2_3864	CAALFM_C501340WA
lcl|NC_032093.1_cds_XP_715696.2_3865	CAALFM_C501350WA
lcl|NC_032093.1_cds_XP_715695.2_3866	CAALFM_C501360WA
lcl|NC_032093.1_cds_XP_715694.2_3867	CAALFM_C501380WA
lcl|NC_032093.1_cds_XP_715691.2_3868	CAALFM_C501390CA
lcl|NC_032093.1_cds_XP_711333.2_3869	CAALFM_C501400WA
lcl|NC_032093.1_cds_XP_711335.2_3870	CAALFM_C501410CA
lcl|NC_032093.1_cds_XP_019330956.1_3871	CAALFM_C501420WA
lcl|NC_032093.1_cds_XP_711337.2_3872	CAALFM_C501430CA
lcl|NC_032093.1_cds_XP_711338.2_3873	CAALFM_C501440CA
lcl|NC_032093.1_cds_XP_711339.1_3874	CAALFM_C501450WA
lcl|NC_032093.1_cds_XP_711340.2_3875	CAALFM_C501460WA
lcl|NC_032093.1_cds_XP_711345.2_3876	CAALFM_C501470CA
lcl|NC_032093.1_cds_XP_711347.1_3877	CAALFM_C501480WA
lcl|NC_032093.1_cds_XP_711348.2_3878	CAALFM_C501490CA
lcl|NC_032093.1_cds_XP_711349.2_3879	CAALFM_C501500CA
lcl|NC_032093.1_cds_XP_711350.1_3880	CAALFM_C501510WA
lcl|NC_032093.1_cds_XP_711351.1_3881	CAALFM_C501520CA
lcl|NC_032093.1_cds_XP_711352.2_3882	CAALFM_C501530CA
lcl|NC_032093.1_cds_XP_019330957.1_3883	CAALFM_C501540WA
lcl|NC_032093.1_cds_XP_711353.2_3884	CAALFM_C501550CA
lcl|NC_032093.1_cds_XP_711354.1_3885	CAALFM_C501560CA
lcl|NC_032093.1_cds_XP_019330958.1_3886	CAALFM_C501570CA
lcl|NC_032093.1_cds_XP_711356.2_3887	CAALFM_C501580CA
lcl|NC_032093.1_cds_XP_711357.2_3888	CAALFM_C501590WA
lcl|NC_032093.1_cds_XP_711358.2_3889	CAALFM_C501600CA
lcl|NC_032093.1_cds_XP_711154.1_3890	CAALFM_C501610WA
lcl|NC_032093.1_cds_XP_711153.1_3891	CAALFM_C501620CA
lcl|NC_032093.1_cds_XP_711152.2_3892	CAALFM_C501640WA
lcl|NC_032093.1_cds_XP_711151.2_3893	CAALFM_C501650CA
lcl|NC_032093.1_cds_XP_714624.2_3894	CAALFM_C501670WA
lcl|NC_032093.1_cds_XP_714623.2_3895	CAALFM_C501680CA
lcl|NC_032093.1_cds_XP_714622.1_3896	CAALFM_C501690CA
lcl|NC_032093.1_cds_XP_714621.1_3897	CAALFM_C501700WA
lcl|NC_032093.1_cds_XP_714620.2_3898	CAALFM_C501710CA
lcl|NC_032093.1_cds_XP_714619.2_3899	CAALFM_C501720CA
lcl|NC_032093.1_cds_XP_714618.2_3900	CAALFM_C501730WA
lcl|NC_032093.1_cds_XP_019330959.1_3901	CAALFM_C501740CA
lcl|NC_032093.1_cds_XP_019330960.1_3902	CAALFM_C501750CA
lcl|NC_032093.1_cds_XP_714615.1_3903	CAALFM_C501760CA
lcl|NC_032093.1_cds_XP_714614.1_3904	CAALFM_C501770CA
lcl|NC_032093.1_cds_XP_714613.1_3905	CAALFM_C501780WA
lcl|NC_032093.1_cds_XP_714611.2_3906	CAALFM_C501800CA
lcl|NC_032093.1_cds_XP_714610.1_3907	CAALFM_C501810WA
lcl|NC_032093.1_cds_XP_714608.2_3908	CAALFM_C501820WA
lcl|NC_032093.1_cds_XP_714607.1_3909	CAALFM_C501830CA
lcl|NC_032093.1_cds_XP_714605.2_3910	CAALFM_C501840CA
lcl|NC_032093.1_cds_XP_714604.1_3911	CAALFM_C501850CA
lcl|NC_032093.1_cds_XP_714602.2_3912	CAALFM_C501870WA
lcl|NC_032093.1_cds_XP_714601.2_3913	CAALFM_C501880CA
lcl|NC_032093.1_cds_XP_714600.2_3914	CAALFM_C501890WA
lcl|NC_032093.1_cds_XP_019330961.1_3915	CAALFM_C501900CA
lcl|NC_032093.1_cds_XP_714599.1_3916	CAALFM_C501910WA
lcl|NC_032093.1_cds_XP_714597.2_3917	CAALFM_C501920CA
lcl|NC_032093.1_cds_XP_714596.2_3918	CAALFM_C501930WA
lcl|NC_032093.1_cds_XP_714595.2_3919	CAALFM_C501940WA
lcl|NC_032093.1_cds_XP_714594.1_3920	CAALFM_C501950CA
lcl|NC_032093.1_cds_XP_714593.1_3921	CAALFM_C501960CA
lcl|NC_032093.1_cds_XP_714592.2_3922	CAALFM_C501970CA
lcl|NC_032093.1_cds_XP_714591.2_3923	CAALFM_C501980CA
lcl|NC_032093.1_cds_XP_714590.2_3924	CAALFM_C501990WA
lcl|NC_032093.1_cds_XP_714589.2_3925	CAALFM_C502000CA
lcl|NC_032093.1_cds_XP_714588.2_3926	CAALFM_C502010CA
lcl|NC_032093.1_cds_XP_714587.2_3927	CAALFM_C502020CA
lcl|NC_032093.1_cds_XP_714586.2_3928	CAALFM_C502030WA
lcl|NC_032093.1_cds_XP_714585.2_3929	CAALFM_C502040WA
lcl|NC_032093.1_cds_XP_714584.2_3930	CAALFM_C502050WA
lcl|NC_032093.1_cds_XP_714581.2_3931	CAALFM_C502060WA
lcl|NC_032093.1_cds_XP_714579.2_3932	CAALFM_C502070CA
lcl|NC_032093.1_cds_XP_714578.2_3933	CAALFM_C502080CA
lcl|NC_032093.1_cds_XP_720527.2_3934	CAALFM_C502110WA
lcl|NC_032093.1_cds_XP_720530.2_3935	CAALFM_C502120CA
lcl|NC_032093.1_cds_XP_720528.2_3936	CAALFM_C502130WA
lcl|NC_032093.1_cds_XP_720531.1_3937	CAALFM_C502140CA
lcl|NC_032093.1_cds_XP_720532.2_3938	CAALFM_C502150CA
lcl|NC_032093.1_cds_XP_720533.2_3939	CAALFM_C502160WA
lcl|NC_032093.1_cds_XP_720534.1_3940	CAALFM_C502170CA
lcl|NC_032093.1_cds_XP_720536.2_3941	CAALFM_C502180CA
lcl|NC_032093.1_cds_XP_019330962.1_3942	CAALFM_C502190CA
lcl|NC_032093.1_cds_XP_720537.2_3943	CAALFM_C502200WA
lcl|NC_032093.1_cds_XP_720538.2_3944	CAALFM_C502210WA
lcl|NC_032093.1_cds_XP_720539.1_3945	CAALFM_C502220CA
lcl|NC_032093.1_cds_XP_720540.1_3946	CAALFM_C502230WA
lcl|NC_032093.1_cds_XP_720541.1_3947	CAALFM_C502240WA
lcl|NC_032093.1_cds_XP_720542.2_3948	CAALFM_C502260CA
lcl|NC_032093.1_cds_XP_720543.2_3949	CAALFM_C502270WA
lcl|NC_032093.1_cds_XP_720544.2_3950	CAALFM_C502280CA
lcl|NC_032093.1_cds_XP_720545.1_3951	CAALFM_C502290WA
lcl|NC_032093.1_cds_XP_720546.2_3952	CAALFM_C502300CA
lcl|NC_032093.1_cds_XP_019330963.1_3953	CAALFM_C502310CA
lcl|NC_032093.1_cds_XP_720549.1_3954	CAALFM_C502320CA
lcl|NC_032093.1_cds_XP_720550.1_3955	CAALFM_C502330WA
lcl|NC_032093.1_cds_XP_720551.1_3956	CAALFM_C502340CA
lcl|NC_032093.1_cds_XP_720552.1_3957	CAALFM_C502350CA
lcl|NC_032093.1_cds_XP_720553.2_3958	CAALFM_C502360CA
lcl|NC_032093.1_cds_XP_720554.2_3959	CAALFM_C502370CA
lcl|NC_032093.1_cds_XP_720555.2_3960	CAALFM_C502380WA
lcl|NC_032093.1_cds_XP_720556.2_3961	CAALFM_C502390CA
lcl|NC_032093.1_cds_XP_720557.2_3962	CAALFM_C502400WA
lcl|NC_032093.1_cds_XP_720559.2_3963	CAALFM_C502410CA
lcl|NC_032093.1_cds_XP_720560.2_3964	CAALFM_C502430WA
lcl|NC_032093.1_cds_XP_720561.1_3965	CAALFM_C502440CA
lcl|NC_032093.1_cds_XP_720562.1_3966	CAALFM_C502450WA
lcl|NC_032093.1_cds_XP_720564.2_3967	CAALFM_C502460CA
lcl|NC_032093.1_cds_XP_019330964.1_3968	CAALFM_C502470WA
lcl|NC_032093.1_cds_XP_720566.1_3969	CAALFM_C502480WA
lcl|NC_032093.1_cds_XP_720569.2_3970	CAALFM_C502490CA
lcl|NC_032093.1_cds_XP_720570.2_3971	CAALFM_C502500CA
lcl|NC_032093.1_cds_XP_720571.2_3972	CAALFM_C502510CA
lcl|NC_032093.1_cds_XP_720572.1_3973	CAALFM_C502520WA
lcl|NC_032093.1_cds_XP_720573.2_3974	CAALFM_C502530WA
lcl|NC_032093.1_cds_XP_019330965.1_3975	CAALFM_C502540CA
lcl|NC_032093.1_cds_XP_720576.2_3976	CAALFM_C502550CA
lcl|NC_032093.1_cds_XP_720577.1_3977	CAALFM_C502560CA
lcl|NC_032093.1_cds_XP_720578.2_3978	CAALFM_C502570WA
lcl|NC_032093.1_cds_XP_720579.1_3979	CAALFM_C502580WA
lcl|NC_032093.1_cds_XP_720581.2_3980	CAALFM_C502590CA
lcl|NC_032093.1_cds_XP_720582.1_3981	CAALFM_C502600WA
lcl|NC_032093.1_cds_XP_720583.2_3982	CAALFM_C502610CA
lcl|NC_032093.1_cds_XP_720586.1_3983	CAALFM_C502620CA
lcl|NC_032093.1_cds_XP_720587.1_3984	CAALFM_C502630CA
lcl|NC_032093.1_cds_XP_720588.1_3985	CAALFM_C502640WA
lcl|NC_032093.1_cds_XP_720590.2_3986	CAALFM_C502650CA
lcl|NC_032093.1_cds_XP_720591.1_3987	CAALFM_C502660CA
lcl|NC_032093.1_cds_XP_720592.1_3988	CAALFM_C502670WA
lcl|NC_032093.1_cds_XP_720594.2_3989	CAALFM_C502680WA
lcl|NC_032093.1_cds_XP_720595.2_3990	CAALFM_C502690WA
lcl|NC_032093.1_cds_XP_720596.2_3991	CAALFM_C502700WA
lcl|NC_032093.1_cds_XP_720598.1_3992	CAALFM_C502710WA
lcl|NC_032093.1_cds_XP_720600.2_3993	CAALFM_C502720WA
lcl|NC_032093.1_cds_XP_720601.2_3994	CAALFM_C502730CA
lcl|NC_032093.1_cds_XP_720602.1_3995	CAALFM_C502740WA
lcl|NC_032093.1_cds_XP_720603.2_3996	CAALFM_C502750CA
lcl|NC_032093.1_cds_XP_720604.2_3997	CAALFM_C502760WA
lcl|NC_032093.1_cds_XP_720606.1_3998	CAALFM_C502770WA
lcl|NC_032093.1_cds_XP_720608.2_3999	CAALFM_C502780WA
lcl|NC_032093.1_cds_XP_720611.1_4000	CAALFM_C502790CA
lcl|NC_032093.1_cds_XP_720612.1_4001	CAALFM_C502800CA
lcl|NC_032093.1_cds_XP_019330966.1_4002	CAALFM_C502810WA
lcl|NC_032093.1_cds_XP_720613.1_4003	CAALFM_C502820CA
lcl|NC_032093.1_cds_XP_720614.2_4004	CAALFM_C502830WA
lcl|NC_032093.1_cds_XP_720615.2_4005	CAALFM_C502840CA
lcl|NC_032093.1_cds_XP_720616.1_4006	CAALFM_C502860CA
lcl|NC_032093.1_cds_XP_720618.1_4007	CAALFM_C502890WA
lcl|NC_032093.1_cds_XP_720619.2_4008	CAALFM_C502900WA
lcl|NC_032093.1_cds_XP_720622.2_4009	CAALFM_C502910CA
lcl|NC_032093.1_cds_XP_720623.2_4010	CAALFM_C502920WA
lcl|NC_032093.1_cds_XP_720624.2_4011	CAALFM_C502930CA
lcl|NC_032093.1_cds_XP_720625.2_4012	CAALFM_C502940CA
lcl|NC_032093.1_cds_XP_720628.2_4013	CAALFM_C502970WA
lcl|NC_032093.1_cds_XP_720629.1_4014	CAALFM_C502980CA
lcl|NC_032093.1_cds_XP_720630.1_4015	CAALFM_C502990WA
lcl|NC_032093.1_cds_XP_720631.2_4016	CAALFM_C503000CA
lcl|NC_032093.1_cds_XP_720632.2_4017	CAALFM_C503010WA
lcl|NC_032093.1_cds_XP_720634.1_4018	CAALFM_C503020WA
lcl|NC_032093.1_cds_XP_720635.1_4019	CAALFM_C503030WA
lcl|NC_032093.1_cds_XP_720637.1_4020	CAALFM_C503040WA
lcl|NC_032093.1_cds_XP_720639.1_4021	CAALFM_C503050CA
lcl|NC_032093.1_cds_XP_720640.2_4022	CAALFM_C503060CA
lcl|NC_032093.1_cds_XP_720641.1_4023	CAALFM_C503070WA
lcl|NC_032093.1_cds_XP_720642.2_4024	CAALFM_C503080CA
lcl|NC_032093.1_cds_XP_720644.1_4025	CAALFM_C503090WA
lcl|NC_032093.1_cds_XP_720645.1_4026	CAALFM_C503100CA
lcl|NC_032093.1_cds_XP_019330967.1_4027	CAALFM_C503110CA
lcl|NC_032093.1_cds_XP_720646.2_4028	CAALFM_C503120WA
lcl|NC_032093.1_cds_XP_720647.2_4029	CAALFM_C503130WA
lcl|NC_032093.1_cds_XP_720651.2_4030	CAALFM_C503140CA
lcl|NC_032093.1_cds_XP_720652.2_4031	CAALFM_C503150WA
lcl|NC_032093.1_cds_XP_720653.2_4032	CAALFM_C503160WA
lcl|NC_032093.1_cds_XP_720654.2_4033	CAALFM_C503170CA
lcl|NC_032093.1_cds_XP_712039.2_4034	CAALFM_C503210CA
lcl|NC_032093.1_cds_XP_712037.1_4035	CAALFM_C503240WA
lcl|NC_032093.1_cds_XP_712036.2_4036	CAALFM_C503250WA
lcl|NC_032093.1_cds_XP_712035.2_4037	CAALFM_C503260CA
lcl|NC_032093.1_cds_XP_712034.1_4038	CAALFM_C503270WA
lcl|NC_032093.1_cds_XP_712033.2_4039	CAALFM_C503280WA
lcl|NC_032093.1_cds_XP_019330968.1_4040	CAALFM_C503290CA
lcl|NC_032093.1_cds_XP_712032.2_4041	CAALFM_C503300CA
lcl|NC_032093.1_cds_XP_712031.2_4042	CAALFM_C503310CA
lcl|NC_032093.1_cds_XP_712030.2_4043	CAALFM_C503320CA
lcl|NC_032093.1_cds_XP_712029.2_4044	CAALFM_C503330CA
lcl|NC_032093.1_cds_XP_712027.1_4045	CAALFM_C503350WA
lcl|NC_032093.1_cds_XP_712026.1_4046	CAALFM_C503360WA
lcl|NC_032093.1_cds_XP_712025.1_4047	CAALFM_C503370CA
lcl|NC_032093.1_cds_XP_712024.1_4048	CAALFM_C503380WA
lcl|NC_032093.1_cds_XP_712023.1_4049	CAALFM_C503390CA
lcl|NC_032093.1_cds_XP_019330969.1_4050	CAALFM_C503400CA
lcl|NC_032093.1_cds_XP_712022.1_4051	CAALFM_C503410CA
lcl|NC_032093.1_cds_XP_712021.1_4052	CAALFM_C503430WA
lcl|NC_032093.1_cds_XP_019330970.1_4053	CAALFM_C503440WA
lcl|NC_032093.1_cds_XP_712020.1_4054	CAALFM_C503460CA
lcl|NC_032093.1_cds_XP_711407.2_4055	CAALFM_C503470CA
lcl|NC_032093.1_cds_XP_711409.1_4056	CAALFM_C503480CA
lcl|NC_032093.1_cds_XP_711411.1_4057	CAALFM_C503490CA
lcl|NC_032093.1_cds_XP_711412.2_4058	CAALFM_C503500WA
lcl|NC_032093.1_cds_XP_711413.1_4059	CAALFM_C503510CA
lcl|NC_032093.1_cds_XP_711414.1_4060	CAALFM_C503520WA
lcl|NC_032093.1_cds_XP_711415.1_4061	CAALFM_C503530CA
lcl|NC_032093.1_cds_XP_711416.1_4062	CAALFM_C503540CA
lcl|NC_032093.1_cds_XP_711417.2_4063	CAALFM_C503550WA
lcl|NC_032093.1_cds_XP_711419.1_4064	CAALFM_C503560WA
lcl|NC_032093.1_cds_XP_711420.2_4065	CAALFM_C503570WA
lcl|NC_032093.1_cds_XP_711422.1_4066	CAALFM_C503580CA
lcl|NC_032093.1_cds_XP_711423.1_4067	CAALFM_C503590WA
lcl|NC_032093.1_cds_XP_711424.1_4068	CAALFM_C503600WA
lcl|NC_032093.1_cds_XP_711425.1_4069	CAALFM_C503610WA
lcl|NC_032093.1_cds_XP_711426.1_4070	CAALFM_C503620WA
lcl|NC_032093.1_cds_XP_711427.1_4071	CAALFM_C503630CA
lcl|NC_032093.1_cds_XP_711428.2_4072	CAALFM_C503640WA
lcl|NC_032093.1_cds_XP_711430.2_4073	CAALFM_C503650CA
lcl|NC_032093.1_cds_XP_711431.1_4074	CAALFM_C503670CA
lcl|NC_032093.1_cds_XP_711432.1_4075	CAALFM_C503680WA
lcl|NC_032093.1_cds_XP_711433.1_4076	CAALFM_C503690WA
lcl|NC_032093.1_cds_XP_711434.2_4077	CAALFM_C503700CA
lcl|NC_032093.1_cds_XP_711176.1_4078	CAALFM_C503710CA
lcl|NC_032093.1_cds_XP_711174.2_4079	CAALFM_C503730WA
lcl|NC_032093.1_cds_XP_711173.1_4080	CAALFM_C503740WA
lcl|NC_032093.1_cds_XP_711172.1_4081	CAALFM_C503750WA
lcl|NC_032093.1_cds_XP_711171.1_4082	CAALFM_C503760CA
lcl|NC_032093.1_cds_XP_711169.1_4083	CAALFM_C503770CA
lcl|NC_032093.1_cds_XP_711168.1_4084	CAALFM_C503780CA
lcl|NC_032093.1_cds_XP_711167.2_4085	CAALFM_C503790WA
lcl|NC_032093.1_cds_XP_019330971.1_4086	CAALFM_C503800WA
lcl|NC_032093.1_cds_XP_711165.2_4087	CAALFM_C503810CA
lcl|NC_032093.1_cds_XP_711164.1_4088	CAALFM_C503820CA
lcl|NC_032093.1_cds_XP_711163.2_4089	CAALFM_C503830CA
lcl|NC_032093.1_cds_XP_711162.2_4090	CAALFM_C503840WA
lcl|NC_032093.1_cds_XP_711161.1_4091	CAALFM_C503850WA
lcl|NC_032093.1_cds_XP_711160.1_4092	CAALFM_C503860WA
lcl|NC_032093.1_cds_XP_711159.1_4093	CAALFM_C503870CA
lcl|NC_032093.1_cds_XP_711158.2_4094	CAALFM_C503880CA
lcl|NC_032093.1_cds_XP_019330972.1_4095	CAALFM_C503890CA
lcl|NC_032093.1_cds_XP_019330973.1_4096	CAALFM_C503900WA
lcl|NC_032093.1_cds_XP_711157.1_4097	CAALFM_C503910CA
lcl|NC_032093.1_cds_XP_710959.1_4098	CAALFM_C503920CA
lcl|NC_032093.1_cds_XP_710958.2_4099	CAALFM_C503930CA
lcl|NC_032093.1_cds_XP_710957.2_4100	CAALFM_C503940CA
lcl|NC_032093.1_cds_XP_710956.2_4101	CAALFM_C503950WA
lcl|NC_032093.1_cds_XP_710955.1_4102	CAALFM_C503960WA
lcl|NC_032093.1_cds_XP_710954.2_4103	CAALFM_C503970WA
lcl|NC_032093.1_cds_XP_710953.1_4104	CAALFM_C503980WA
lcl|NC_032093.1_cds_XP_710952.2_4105	CAALFM_C503990WA
lcl|NC_032093.1_cds_XP_019330974.1_4106	CAALFM_C504000WA
lcl|NC_032093.1_cds_XP_710950.2_4107	CAALFM_C504010CA
lcl|NC_032093.1_cds_XP_710949.1_4108	CAALFM_C504020CA
lcl|NC_032093.1_cds_XP_710668.2_4109	CAALFM_C504030WA
lcl|NC_032093.1_cds_XP_710666.2_4110	CAALFM_C504050WA
lcl|NC_032093.1_cds_XP_710664.2_4111	CAALFM_C504060CA
lcl|NC_032093.1_cds_XP_710663.1_4112	CAALFM_C504070CA
lcl|NC_032093.1_cds_XP_710662.2_4113	CAALFM_C504080CA
lcl|NC_032093.1_cds_XP_710661.1_4114	CAALFM_C504090CA
lcl|NC_032093.1_cds_XP_710660.2_4115	CAALFM_C504100WA
lcl|NC_032093.1_cds_XP_721805.2_4116	CAALFM_C504110WA
lcl|NC_032093.1_cds_XP_721806.2_4117	CAALFM_C504120CA
lcl|NC_032093.1_cds_XP_721807.2_4118	CAALFM_C504130CA
lcl|NC_032093.1_cds_XP_721808.1_4119	CAALFM_C504140WA
lcl|NC_032093.1_cds_XP_721809.1_4120	CAALFM_C504150CA
lcl|NC_032093.1_cds_XP_721810.1_4121	CAALFM_C504160WA
lcl|NC_032093.1_cds_XP_721811.1_4122	CAALFM_C504170WA
lcl|NC_032093.1_cds_XP_721812.2_4123	CAALFM_C504180WA
lcl|NC_032093.1_cds_XP_721813.2_4124	CAALFM_C504190WA
lcl|NC_032093.1_cds_XP_721814.1_4125	CAALFM_C504200WA
lcl|NC_032093.1_cds_XP_721815.1_4126	CAALFM_C504210CA
lcl|NC_032093.1_cds_XP_721816.2_4127	CAALFM_C504220WA
lcl|NC_032093.1_cds_XP_721817.2_4128	CAALFM_C504230WA
lcl|NC_032093.1_cds_XP_721819.2_4129	CAALFM_C504250WA
lcl|NC_032093.1_cds_XP_721820.1_4130	CAALFM_C504260WA
lcl|NC_032093.1_cds_XP_721821.1_4131	CAALFM_C504270CA
lcl|NC_032093.1_cds_XP_721822.2_4132	CAALFM_C504280CA
lcl|NC_032093.1_cds_XP_721824.2_4133	CAALFM_C504290CA
lcl|NC_032093.1_cds_XP_721825.2_4134	CAALFM_C504300CA
lcl|NC_032093.1_cds_XP_721826.2_4135	CAALFM_C504310WA
lcl|NC_032093.1_cds_XP_721829.1_4136	CAALFM_C504320CA
lcl|NC_032093.1_cds_XP_019330975.1_4137	CAALFM_C504330WA
lcl|NC_032093.1_cds_XP_721830.1_4138	CAALFM_C504340WA
lcl|NC_032093.1_cds_XP_721831.1_4139	CAALFM_C504350CA
lcl|NC_032093.1_cds_XP_721832.1_4140	CAALFM_C504360CA
lcl|NC_032093.1_cds_XP_721833.1_4141	CAALFM_C504370CA
lcl|NC_032093.1_cds_XP_721834.2_4142	CAALFM_C504380CA
lcl|NC_032093.1_cds_XP_721835.2_4143	CAALFM_C504390CA
lcl|NC_032093.1_cds_XP_721836.2_4144	CAALFM_C504400WA
lcl|NC_032093.1_cds_XP_721838.2_4145	CAALFM_C504410CA
lcl|NC_032093.1_cds_XP_721839.2_4146	CAALFM_C504420WA
lcl|NC_032093.1_cds_XP_019330976.1_4147	CAALFM_C504430CA
lcl|NC_032093.1_cds_XP_721841.2_4148	CAALFM_C504440CA
lcl|NC_032093.1_cds_XP_019330977.1_4149	CAALFM_C504460CA
lcl|NC_032093.1_cds_XP_721842.1_4150	CAALFM_C504470CA
lcl|NC_032093.1_cds_XP_019330978.1_4151	CAALFM_C504480CA
lcl|NC_032093.1_cds_XP_721843.1_4152	CAALFM_C504490CA
lcl|NC_032093.1_cds_XP_721845.1_4153	CAALFM_C504510WA
lcl|NC_032093.1_cds_XP_721846.2_4154	CAALFM_C504520WA
lcl|NC_032093.1_cds_XP_721847.1_4155	CAALFM_C504530WA
lcl|NC_032093.1_cds_XP_721849.1_4156	CAALFM_C504540CA
lcl|NC_032093.1_cds_XP_721848.2_4157	CAALFM_C504550WA
lcl|NC_032093.1_cds_XP_019330979.1_4158	CAALFM_C504560CA
lcl|NC_032093.1_cds_XP_721850.1_4159	CAALFM_C504570CA
lcl|NC_032093.1_cds_XP_721851.1_4160	CAALFM_C504580CA
lcl|NC_032093.1_cds_XP_019330980.1_4161	CAALFM_C504590CA
lcl|NC_032093.1_cds_XP_721853.2_4162	CAALFM_C504600CA
lcl|NC_032093.1_cds_XP_721854.2_4163	CAALFM_C504610WA
lcl|NC_032093.1_cds_XP_721855.2_4164	CAALFM_C504620CA
lcl|NC_032093.1_cds_XP_721856.1_4165	CAALFM_C504630WA
lcl|NC_032093.1_cds_XP_721858.2_4166	CAALFM_C504640CA
lcl|NC_032093.1_cds_XP_721859.2_4167	CAALFM_C504650CA
lcl|NC_032093.1_cds_XP_721860.1_4168	CAALFM_C504660CA
lcl|NC_032093.1_cds_XP_721861.1_4169	CAALFM_C504670WA
lcl|NC_032093.1_cds_XP_721863.2_4170	CAALFM_C504680WA
lcl|NC_032093.1_cds_XP_019330981.1_4171	CAALFM_C504690CA
lcl|NC_032093.1_cds_XP_721864.2_4172	CAALFM_C504700CA
lcl|NC_032093.1_cds_XP_721865.2_4173	CAALFM_C504710WA
lcl|NC_032093.1_cds_XP_721866.2_4174	CAALFM_C504720CA
lcl|NC_032093.1_cds_XP_721868.2_4175	CAALFM_C504730CA
lcl|NC_032093.1_cds_XP_721869.1_4176	CAALFM_C504740CA
lcl|NC_032093.1_cds_XP_721871.1_4177	CAALFM_C504750CA
lcl|NC_032093.1_cds_XP_721872.1_4178	CAALFM_C504770WA
lcl|NC_032093.1_cds_XP_721873.1_4179	CAALFM_C504780WA
lcl|NC_032093.1_cds_XP_721874.2_4180	CAALFM_C504790CA
lcl|NC_032093.1_cds_XP_721875.1_4181	CAALFM_C504800WA
lcl|NC_032093.1_cds_XP_721876.1_4182	CAALFM_C504810WA
lcl|NC_032093.1_cds_XP_721878.2_4183	CAALFM_C504830WA
lcl|NC_032093.1_cds_XP_721879.2_4184	CAALFM_C504840CA
lcl|NC_032093.1_cds_XP_721880.1_4185	CAALFM_C504850WA
lcl|NC_032093.1_cds_XP_019330982.1_4186	CAALFM_C504860CA
lcl|NC_032093.1_cds_XP_721882.2_4187	CAALFM_C504870WA
lcl|NC_032093.1_cds_XP_721883.1_4188	CAALFM_C504880CA
lcl|NC_032093.1_cds_XP_721885.2_4189	CAALFM_C504890CA
lcl|NC_032093.1_cds_XP_721886.1_4190	CAALFM_C504900CA
lcl|NC_032093.1_cds_XP_721887.1_4191	CAALFM_C504910WA
lcl|NC_032093.1_cds_XP_721889.2_4192	CAALFM_C504920CA
lcl|NC_032093.1_cds_XP_721890.1_4193	CAALFM_C504930CA
lcl|NC_032093.1_cds_XP_721891.2_4194	CAALFM_C504940WA
lcl|NC_032093.1_cds_XP_721892.2_4195	CAALFM_C504950CA
lcl|NC_032093.1_cds_XP_721893.2_4196	CAALFM_C504960WA
lcl|NC_032093.1_cds_XP_721895.2_4197	CAALFM_C504970CA
lcl|NC_032093.1_cds_XP_721896.2_4198	CAALFM_C504980WA
lcl|NC_032093.1_cds_XP_721898.1_4199	CAALFM_C504990WA
lcl|NC_032093.1_cds_XP_721899.2_4200	CAALFM_C505000CA
lcl|NC_032093.1_cds_XP_721900.1_4201	CAALFM_C505010WA
lcl|NC_032093.1_cds_XP_721902.1_4202	CAALFM_C505020CA
lcl|NC_032093.1_cds_XP_721903.1_4203	CAALFM_C505030CA
lcl|NC_032093.1_cds_XP_721904.2_4204	CAALFM_C505040WA
lcl|NC_032093.1_cds_XP_721905.2_4205	CAALFM_C505050WA
lcl|NC_032093.1_cds_XP_721906.1_4206	CAALFM_C505060CA
lcl|NC_032093.1_cds_XP_721907.2_4207	CAALFM_C505070WA
lcl|NC_032093.1_cds_XP_721908.2_4208	CAALFM_C505080WA
lcl|NC_032093.1_cds_XP_721909.2_4209	CAALFM_C505090WA
lcl|NC_032093.1_cds_XP_019330983.1_4210	CAALFM_C505100CA
lcl|NC_032093.1_cds_XP_721911.2_4211	CAALFM_C505110CA
lcl|NC_032093.1_cds_XP_721912.1_4212	CAALFM_C505120WA
lcl|NC_032093.1_cds_XP_721913.1_4213	CAALFM_C505130CA
lcl|NC_032093.1_cds_XP_721914.2_4214	CAALFM_C505140WA
lcl|NC_032093.1_cds_XP_721915.2_4215	CAALFM_C505150CA
lcl|NC_032093.1_cds_XP_721917.2_4216	CAALFM_C505160CA
lcl|NC_032093.1_cds_XP_721918.2_4217	CAALFM_C505170WA
lcl|NC_032093.1_cds_XP_721919.1_4218	CAALFM_C505180WA
lcl|NC_032093.1_cds_XP_721920.1_4219	CAALFM_C505190WA
lcl|NC_032093.1_cds_XP_721921.2_4220	CAALFM_C505200CA
lcl|NC_032093.1_cds_XP_721922.2_4221	CAALFM_C505210WA
lcl|NC_032093.1_cds_XP_721923.1_4222	CAALFM_C505220WA
lcl|NC_032093.1_cds_XP_721924.2_4223	CAALFM_C505230CA
lcl|NC_032093.1_cds_XP_721925.1_4224	CAALFM_C505240CA
lcl|NC_032093.1_cds_XP_721926.1_4225	CAALFM_C505250CA
lcl|NC_032093.1_cds_XP_721927.1_4226	CAALFM_C505260WA
lcl|NC_032093.1_cds_XP_721929.1_4227	CAALFM_C505270CA
lcl|NC_032093.1_cds_XP_721930.1_4228	CAALFM_C505280CA
lcl|NC_032093.1_cds_XP_721931.1_4229	CAALFM_C505290CA
lcl|NC_032093.1_cds_XP_721932.2_4230	CAALFM_C505300WA
lcl|NC_032093.1_cds_XP_721933.1_4231	CAALFM_C505310WA
lcl|NC_032093.1_cds_XP_721934.1_4232	CAALFM_C505320CA
lcl|NC_032093.1_cds_XP_721936.1_4233	CAALFM_C505330CA
lcl|NC_032093.1_cds_XP_721937.2_4234	CAALFM_C505340WA
lcl|NC_032093.1_cds_XP_721938.2_4235	CAALFM_C505350WA
lcl|NC_032093.1_cds_XP_721939.1_4236	CAALFM_C505360CA
lcl|NC_032093.1_cds_XP_721941.2_4237	CAALFM_C505370CA
lcl|NC_032093.1_cds_XP_721942.2_4238	CAALFM_C505380WA
lcl|NC_032093.1_cds_XP_721943.1_4239	CAALFM_C505390CA
lcl|NC_032093.1_cds_XP_721944.1_4240	CAALFM_C505400WA
lcl|NC_032093.1_cds_XP_721948.1_4241	CAALFM_C505410CA
lcl|NC_032093.1_cds_XP_721949.1_4242	CAALFM_C505430WA
lcl|NC_032093.1_cds_XP_721951.1_4243	CAALFM_C505440CA
lcl|NC_032093.1_cds_XP_721952.1_4244	CAALFM_C505450CA
lcl|NC_032093.1_cds_XP_721954.1_4245	CAALFM_C505460CA
lcl|NC_032093.1_cds_XP_721953.2_4246	CAALFM_C505470WA
lcl|NC_032093.1_cds_XP_721956.1_4247	CAALFM_C505480WA
lcl|NC_032093.1_cds_XP_721959.1_4248	CAALFM_C505490CA
lcl|NC_032093.1_cds_XP_721962.2_4249	CAALFM_C505500CA
lcl|NC_032093.1_cds_XP_721963.2_4250	CAALFM_C505510CA
lcl|NC_032094.1_cds_XP_710507.2_4251	CAALFM_C600010WA
lcl|NC_032094.1_cds_XP_710505.2_4252	CAALFM_C600030WA
lcl|NC_032094.1_cds_XP_710504.1_4253	CAALFM_C600070CA
lcl|NC_032094.1_cds_XP_710500.1_4254	CAALFM_C600080CA
lcl|NC_032094.1_cds_XP_710499.1_4255	CAALFM_C600090WA
lcl|NC_032094.1_cds_XP_710498.1_4256	CAALFM_C600100CA
lcl|NC_032094.1_cds_XP_710497.1_4257	CAALFM_C600110CA
lcl|NC_032094.1_cds_XP_019330984.1_4258	CAALFM_C600120WA
lcl|NC_032094.1_cds_XP_710495.2_4259	CAALFM_C600130CA
lcl|NC_032094.1_cds_XP_710494.2_4260	CAALFM_C600140CA
lcl|NC_032094.1_cds_XP_710493.1_4261	CAALFM_C600150WA
lcl|NC_032094.1_cds_XP_710492.2_4262	CAALFM_C600160WA
lcl|NC_032094.1_cds_XP_710490.2_4263	CAALFM_C600170CA
lcl|NC_032094.1_cds_XP_712296.1_4264	CAALFM_C600180CA
lcl|NC_032094.1_cds_XP_712295.2_4265	CAALFM_C600190WA
lcl|NC_032094.1_cds_XP_712297.2_4266	CAALFM_C600200CA
lcl|NC_032094.1_cds_XP_712298.1_4267	CAALFM_C600210WA
lcl|NC_032094.1_cds_XP_712299.2_4268	CAALFM_C600230WA
lcl|NC_032094.1_cds_XP_712300.1_4269	CAALFM_C600240CA
lcl|NC_032094.1_cds_XP_712301.1_4270	CAALFM_C600250WA
lcl|NC_032094.1_cds_XP_712303.2_4271	CAALFM_C600260WA
lcl|NC_032094.1_cds_XP_712304.2_4272	CAALFM_C600270WA
lcl|NC_032094.1_cds_XP_712305.1_4273	CAALFM_C600280WA
lcl|NC_032094.1_cds_XP_712307.1_4274	CAALFM_C600290WA
lcl|NC_032094.1_cds_XP_712308.1_4275	CAALFM_C600300CA
lcl|NC_032094.1_cds_XP_712309.2_4276	CAALFM_C600310WA
lcl|NC_032094.1_cds_XP_712310.2_4277	CAALFM_C600320CA
lcl|NC_032094.1_cds_XP_712311.1_4278	CAALFM_C600330CA
lcl|NC_032094.1_cds_XP_712312.2_4279	CAALFM_C600340CA
lcl|NC_032094.1_cds_XP_712313.2_4280	CAALFM_C600350WA
lcl|NC_032094.1_cds_XP_712315.1_4281	CAALFM_C600360CA
lcl|NC_032094.1_cds_XP_712316.1_4282	CAALFM_C600370CA
lcl|NC_032094.1_cds_XP_712317.1_4283	CAALFM_C600380CA
lcl|NC_032094.1_cds_XP_712318.1_4284	CAALFM_C600390WA
lcl|NC_032094.1_cds_XP_712319.1_4285	CAALFM_C600400CA
lcl|NC_032094.1_cds_XP_712320.1_4286	CAALFM_C600410CA
lcl|NC_032094.1_cds_XP_019330985.1_4287	CAALFM_C600420WA
lcl|NC_032094.1_cds_XP_712321.1_4288	CAALFM_C600430CA
lcl|NC_032094.1_cds_XP_711267.2_4289	CAALFM_C600440CA
lcl|NC_032094.1_cds_XP_711265.2_4290	CAALFM_C600460CA
lcl|NC_032094.1_cds_XP_711264.1_4291	CAALFM_C600470CA
lcl|NC_032094.1_cds_XP_711263.2_4292	CAALFM_C600480CA
lcl|NC_032094.1_cds_XP_711262.2_4293	CAALFM_C600490WA
lcl|NC_032094.1_cds_XP_711261.2_4294	CAALFM_C600500CA
lcl|NC_032094.1_cds_XP_711260.1_4295	CAALFM_C600510CA
lcl|NC_032094.1_cds_XP_711259.1_4296	CAALFM_C600520WA
lcl|NC_032094.1_cds_XP_019330986.1_4297	CAALFM_C600530CA
lcl|NC_032094.1_cds_XP_711258.1_4298	CAALFM_C600540WA
lcl|NC_032094.1_cds_XP_711256.1_4299	CAALFM_C600550WA
lcl|NC_032094.1_cds_XP_711255.2_4300	CAALFM_C600560WA
lcl|NC_032094.1_cds_XP_711253.1_4301	CAALFM_C600570CA
lcl|NC_032094.1_cds_XP_711251.2_4302	CAALFM_C600590WA
lcl|NC_032094.1_cds_XP_711249.1_4303	CAALFM_C600600CA
lcl|NC_032094.1_cds_XP_019330987.1_4304	CAALFM_C600620WA
lcl|NC_032094.1_cds_XP_711247.2_4305	CAALFM_C600630WA
lcl|NC_032094.1_cds_XP_711246.2_4306	CAALFM_C600640CA
lcl|NC_032094.1_cds_XP_019330988.1_4307	CAALFM_C600650CA
lcl|NC_032094.1_cds_XP_019330989.1_4308	CAALFM_C600660CA
lcl|NC_032094.1_cds_XP_019330990.1_4309	CAALFM_C600670WA
lcl|NC_032094.1_cds_XP_019330991.1_4310	CAALFM_C600680CA
lcl|NC_032094.1_cds_XP_711332.2_4311	CAALFM_C600690WA
lcl|NC_032094.1_cds_XP_711331.2_4312	CAALFM_C600700CA
lcl|NC_032094.1_cds_XP_711330.2_4313	CAALFM_C600710WA
lcl|NC_032094.1_cds_XP_711328.2_4314	CAALFM_C600720CA
lcl|NC_032094.1_cds_XP_711327.1_4315	CAALFM_C600730WA
lcl|NC_032094.1_cds_XP_711325.1_4316	CAALFM_C600740WA
lcl|NC_032094.1_cds_XP_711323.1_4317	CAALFM_C600750CA
lcl|NC_032094.1_cds_XP_711322.2_4318	CAALFM_C600760WA
lcl|NC_032094.1_cds_XP_019330992.1_4319	CAALFM_C600770CA
lcl|NC_032094.1_cds_XP_711320.2_4320	CAALFM_C600780WA
lcl|NC_032094.1_cds_XP_711319.1_4321	CAALFM_C600790CA
lcl|NC_032094.1_cds_XP_711317.2_4322	CAALFM_C600800CA
lcl|NC_032094.1_cds_XP_711316.1_4323	CAALFM_C600810CA
lcl|NC_032094.1_cds_XP_711315.2_4324	CAALFM_C600820WA
lcl|NC_032094.1_cds_XP_019330993.1_4325	CAALFM_C600830CA
lcl|NC_032094.1_cds_XP_714294.1_4326	CAALFM_C600840WA
lcl|NC_032094.1_cds_XP_714295.1_4327	CAALFM_C600850WA
lcl|NC_032094.1_cds_XP_714296.2_4328	CAALFM_C600860WA
lcl|NC_032094.1_cds_XP_714297.2_4329	CAALFM_C600870CA
lcl|NC_032094.1_cds_XP_714298.1_4330	CAALFM_C600880WA
lcl|NC_032094.1_cds_XP_714299.2_4331	CAALFM_C600890WA
lcl|NC_032094.1_cds_XP_714300.1_4332	CAALFM_C600900CA
lcl|NC_032094.1_cds_XP_714301.2_4333	CAALFM_C600910CA
lcl|NC_032094.1_cds_XP_714302.1_4334	CAALFM_C600920WA
lcl|NC_032094.1_cds_XP_714303.1_4335	CAALFM_C600930CA
lcl|NC_032094.1_cds_XP_714304.1_4336	CAALFM_C600940CA
lcl|NC_032094.1_cds_XP_714305.1_4337	CAALFM_C600950CA
lcl|NC_032094.1_cds_XP_714306.1_4338	CAALFM_C600960WA
lcl|NC_032094.1_cds_XP_714308.2_4339	CAALFM_C600970CA
lcl|NC_032094.1_cds_XP_714309.2_4340	CAALFM_C600980CA
lcl|NC_032094.1_cds_XP_714310.2_4341	CAALFM_C600990WA
lcl|NC_032094.1_cds_XP_714311.2_4342	CAALFM_C601000CA
lcl|NC_032094.1_cds_XP_714312.2_4343	CAALFM_C601010WA
lcl|NC_032094.1_cds_XP_714313.1_4344	CAALFM_C601020WA
lcl|NC_032094.1_cds_XP_714314.2_4345	CAALFM_C601030WA
lcl|NC_032094.1_cds_XP_714316.2_4346	CAALFM_C601040CA
lcl|NC_032094.1_cds_XP_714317.1_4347	CAALFM_C601050WA
lcl|NC_032094.1_cds_XP_714319.1_4348	CAALFM_C601060CA
lcl|NC_032094.1_cds_XP_714320.2_4349	CAALFM_C601070CA
lcl|NC_032094.1_cds_XP_714321.2_4350	CAALFM_C601080CA
lcl|NC_032094.1_cds_XP_019330994.1_4351	CAALFM_C601090CA
lcl|NC_032094.1_cds_XP_714323.2_4352	CAALFM_C601100WA
lcl|NC_032094.1_cds_XP_714324.1_4353	CAALFM_C601110WA
lcl|NC_032094.1_cds_XP_714325.2_4354	CAALFM_C601120CA
lcl|NC_032094.1_cds_XP_714326.1_4355	CAALFM_C601130WA
lcl|NC_032094.1_cds_XP_714327.1_4356	CAALFM_C601140CA
lcl|NC_032094.1_cds_XP_714328.2_4357	CAALFM_C601150WA
lcl|NC_032094.1_cds_XP_714329.1_4358	CAALFM_C601160WA
lcl|NC_032094.1_cds_XP_714330.1_4359	CAALFM_C601170WA
lcl|NC_032094.1_cds_XP_714331.2_4360	CAALFM_C601180CA
lcl|NC_032094.1_cds_XP_714336.2_4361	CAALFM_C601190CA
lcl|NC_032094.1_cds_XP_714337.1_4362	CAALFM_C601200WA
lcl|NC_032094.1_cds_XP_019330995.1_4363	CAALFM_C601210WA
lcl|NC_032094.1_cds_XP_714338.2_4364	CAALFM_C601220CA
lcl|NC_032094.1_cds_XP_714341.2_4365	CAALFM_C601280WA
lcl|NC_032094.1_cds_XP_714342.2_4366	CAALFM_C601290CA
lcl|NC_032094.1_cds_XP_714343.1_4367	CAALFM_C601300WA
lcl|NC_032094.1_cds_XP_714344.1_4368	CAALFM_C601310WA
lcl|NC_032094.1_cds_XP_716758.2_4369	CAALFM_C601320WA
lcl|NC_032094.1_cds_XP_019330996.1_4370	CAALFM_C601330CA
lcl|NC_032094.1_cds_XP_019330997.1_4371	CAALFM_C601340CA
lcl|NC_032094.1_cds_XP_716756.2_4372	CAALFM_C601350WA
lcl|NC_032094.1_cds_XP_716755.2_4373	CAALFM_C601360WA
lcl|NC_032094.1_cds_XP_716754.1_4374	CAALFM_C601370WA
lcl|NC_032094.1_cds_XP_716753.1_4375	CAALFM_C601380CA
lcl|NC_032094.1_cds_XP_716752.2_4376	CAALFM_C601390WA
lcl|NC_032094.1_cds_XP_716751.1_4377	CAALFM_C601400WA
lcl|NC_032094.1_cds_XP_716750.2_4378	CAALFM_C601410CA
lcl|NC_032094.1_cds_XP_716749.1_4379	CAALFM_C601420CA
lcl|NC_032094.1_cds_XP_716748.1_4380	CAALFM_C601430CA
lcl|NC_032094.1_cds_XP_716747.2_4381	CAALFM_C601440CA
lcl|NC_032094.1_cds_XP_716746.2_4382	CAALFM_C601450CA
lcl|NC_032094.1_cds_XP_716745.2_4383	CAALFM_C601460CA
lcl|NC_032094.1_cds_XP_716744.2_4384	CAALFM_C601470WA
lcl|NC_032094.1_cds_XP_716743.1_4385	CAALFM_C601480WA
lcl|NC_032094.1_cds_XP_716742.2_4386	CAALFM_C601490CA
lcl|NC_032094.1_cds_XP_716741.2_4387	CAALFM_C601500CA
lcl|NC_032094.1_cds_XP_716740.1_4388	CAALFM_C601510WA
lcl|NC_032094.1_cds_XP_716739.1_4389	CAALFM_C601520WA
lcl|NC_032094.1_cds_XP_019330998.1_4390	CAALFM_C601530CA
lcl|NC_032094.1_cds_XP_716738.2_4391	CAALFM_C601550CA
lcl|NC_032094.1_cds_XP_716737.1_4392	CAALFM_C601560WA
lcl|NC_032094.1_cds_XP_716736.2_4393	CAALFM_C601570CA
lcl|NC_032094.1_cds_XP_716735.1_4394	CAALFM_C601590WA
lcl|NC_032094.1_cds_XP_019330999.1_4395	CAALFM_C601610WA
lcl|NC_032094.1_cds_XP_716732.2_4396	CAALFM_C601620WA
lcl|NC_032094.1_cds_XP_716731.2_4397	CAALFM_C601630WA
lcl|NC_032094.1_cds_XP_019331000.1_4398	CAALFM_C601640WA
lcl|NC_032094.1_cds_XP_716730.2_4399	CAALFM_C601650CA
lcl|NC_032094.1_cds_XP_716728.1_4400	CAALFM_C601670WA
lcl|NC_032094.1_cds_XP_716727.2_4401	CAALFM_C601680CA
lcl|NC_032094.1_cds_XP_716726.2_4402	CAALFM_C601690WA
lcl|NC_032094.1_cds_XP_019331001.1_4403	CAALFM_C601700WA
lcl|NC_032094.1_cds_XP_716724.1_4404	CAALFM_C601710CA
lcl|NC_032094.1_cds_XP_716723.1_4405	CAALFM_C601720CA
lcl|NC_032094.1_cds_XP_716722.1_4406	CAALFM_C601730WA
lcl|NC_032094.1_cds_XP_716721.1_4407	CAALFM_C601740CA
lcl|NC_032094.1_cds_XP_716720.1_4408	CAALFM_C601750CA
lcl|NC_032094.1_cds_XP_716719.2_4409	CAALFM_C601760WA
lcl|NC_032094.1_cds_XP_716717.2_4410	CAALFM_C601770WA
lcl|NC_032094.1_cds_XP_716716.1_4411	CAALFM_C601780CA
lcl|NC_032094.1_cds_XP_019331002.1_4412	CAALFM_C601790CA
lcl|NC_032094.1_cds_XP_716714.2_4413	CAALFM_C601810WA
lcl|NC_032094.1_cds_XP_019331003.1_4414	CAALFM_C601820CA
lcl|NC_032094.1_cds_XP_716711.1_4415	CAALFM_C601830WA
lcl|NC_032094.1_cds_XP_716710.1_4416	CAALFM_C601840CA
lcl|NC_032094.1_cds_XP_716709.2_4417	CAALFM_C601850WA
lcl|NC_032094.1_cds_XP_019331004.1_4418	CAALFM_C601860CA
lcl|NC_032094.1_cds_XP_716705.1_4419	CAALFM_C601870CA
lcl|NC_032094.1_cds_XP_716704.1_4420	CAALFM_C601880WA
lcl|NC_032094.1_cds_XP_716703.2_4421	CAALFM_C601890CA
lcl|NC_032094.1_cds_XP_716702.2_4422	CAALFM_C601900CA
lcl|NC_032094.1_cds_XP_716701.2_4423	CAALFM_C601910WA
lcl|NC_032094.1_cds_XP_713817.2_4424	CAALFM_C601920CA
lcl|NC_032094.1_cds_XP_713818.2_4425	CAALFM_C601930WA
lcl|NC_032094.1_cds_XP_019331005.1_4426	CAALFM_C601940WA
lcl|NC_032094.1_cds_XP_713819.1_4427	CAALFM_C601950CA
lcl|NC_032094.1_cds_XP_713820.1_4428	CAALFM_C601960WA
lcl|NC_032094.1_cds_XP_019331006.1_4429	CAALFM_C601970CA
lcl|NC_032094.1_cds_XP_713821.1_4430	CAALFM_C601980CA
lcl|NC_032094.1_cds_XP_713822.1_4431	CAALFM_C601990WA
lcl|NC_032094.1_cds_XP_713823.2_4432	CAALFM_C602000WA
lcl|NC_032094.1_cds_XP_713824.1_4433	CAALFM_C602010CA
lcl|NC_032094.1_cds_XP_710847.2_4434	CAALFM_C602020CA
lcl|NC_032094.1_cds_XP_710846.2_4435	CAALFM_C602030CA
lcl|NC_032094.1_cds_XP_710845.1_4436	CAALFM_C602040WA
lcl|NC_032094.1_cds_XP_710844.2_4437	CAALFM_C602050WA
lcl|NC_032094.1_cds_XP_710843.2_4438	CAALFM_C602060WA
lcl|NC_032094.1_cds_XP_019331007.1_4439	CAALFM_C602070CA
lcl|NC_032094.1_cds_XP_443846.2_4440	CAALFM_C602090CA
lcl|NC_032094.1_cds_XP_710838.1_4441	CAALFM_C602100WA
lcl|NC_032094.1_cds_XP_710837.1_4442	CAALFM_C602110WA
lcl|NC_032094.1_cds_XP_710836.2_4443	CAALFM_C602120WA
lcl|NC_032094.1_cds_XP_710834.2_4444	CAALFM_C602130CA
lcl|NC_032094.1_cds_XP_712493.2_4445	CAALFM_C602140WA
lcl|NC_032094.1_cds_XP_712495.2_4446	CAALFM_C602150CA
lcl|NC_032094.1_cds_XP_712496.1_4447	CAALFM_C602160WA
lcl|NC_032094.1_cds_XP_712497.1_4448	CAALFM_C602170CA
lcl|NC_032094.1_cds_XP_712498.1_4449	CAALFM_C602180WA
lcl|NC_032094.1_cds_XP_712499.1_4450	CAALFM_C602190CA
lcl|NC_032094.1_cds_XP_712500.2_4451	CAALFM_C602200CA
lcl|NC_032094.1_cds_XP_712501.2_4452	CAALFM_C602210WA
lcl|NC_032094.1_cds_XP_019331008.1_4453	CAALFM_C602220WA
lcl|NC_032094.1_cds_XP_712503.1_4454	CAALFM_C602230WA
lcl|NC_032094.1_cds_XP_712505.1_4455	CAALFM_C602240CA
lcl|NC_032094.1_cds_XP_712506.1_4456	CAALFM_C602250WA
lcl|NC_032094.1_cds_XP_712507.2_4457	CAALFM_C602260CA
lcl|NC_032094.1_cds_XP_712508.2_4458	CAALFM_C602270CA
lcl|NC_032094.1_cds_XP_712509.2_4459	CAALFM_C602280WA
lcl|NC_032094.1_cds_XP_712510.2_4460	CAALFM_C602290CA
lcl|NC_032094.1_cds_XP_712511.1_4461	CAALFM_C602300CA
lcl|NC_032094.1_cds_XP_712512.2_4462	CAALFM_C602310WA
lcl|NC_032094.1_cds_XP_712513.2_4463	CAALFM_C602320CA
lcl|NC_032094.1_cds_XP_712514.2_4464	CAALFM_C602330WA
lcl|NC_032094.1_cds_XP_712515.1_4465	CAALFM_C602340WA
lcl|NC_032094.1_cds_XP_019331009.1_4466	CAALFM_C602350CA
lcl|NC_032094.1_cds_XP_712517.2_4467	CAALFM_C602360WA
lcl|NC_032094.1_cds_XP_712519.2_4468	CAALFM_C602370CA
lcl|NC_032094.1_cds_XP_712520.2_4469	CAALFM_C602380WA
lcl|NC_032094.1_cds_XP_712521.2_4470	CAALFM_C602410WA
lcl|NC_032094.1_cds_XP_712522.1_4471	CAALFM_C602420WA
lcl|NC_032094.1_cds_XP_719075.2_4472	CAALFM_C602430WA
lcl|NC_032094.1_cds_XP_719078.1_4473	CAALFM_C602440CA
lcl|NC_032094.1_cds_XP_719079.2_4474	CAALFM_C602450WA
lcl|NC_032094.1_cds_XP_719080.1_4475	CAALFM_C602460CA
lcl|NC_032094.1_cds_XP_719081.2_4476	CAALFM_C602470WA
lcl|NC_032094.1_cds_XP_719082.1_4477	CAALFM_C602480WA
lcl|NC_032094.1_cds_XP_719083.1_4478	CAALFM_C602490CA
lcl|NC_032094.1_cds_XP_719084.2_4479	CAALFM_C602500CA
lcl|NC_032094.1_cds_XP_719085.1_4480	CAALFM_C602510CA
lcl|NC_032094.1_cds_XP_719086.1_4481	CAALFM_C602520WA
lcl|NC_032094.1_cds_XP_719087.1_4482	CAALFM_C602530CA
lcl|NC_032094.1_cds_XP_719088.1_4483	CAALFM_C602540CA
lcl|NC_032094.1_cds_XP_719089.1_4484	CAALFM_C602550WA
lcl|NC_032094.1_cds_XP_719090.2_4485	CAALFM_C602560WA
lcl|NC_032094.1_cds_XP_719091.2_4486	CAALFM_C602570CA
lcl|NC_032094.1_cds_XP_719092.2_4487	CAALFM_C602580WA
lcl|NC_032094.1_cds_XP_719093.1_4488	CAALFM_C602590CA
lcl|NC_032094.1_cds_XP_719094.1_4489	CAALFM_C602600WA
lcl|NC_032094.1_cds_XP_719095.1_4490	CAALFM_C602610CA
lcl|NC_032094.1_cds_XP_719096.2_4491	CAALFM_C602620CA
lcl|NC_032094.1_cds_XP_719097.2_4492	CAALFM_C602630CA
lcl|NC_032094.1_cds_XP_719098.2_4493	CAALFM_C602640CA
lcl|NC_032094.1_cds_XP_719099.2_4494	CAALFM_C602650CA
lcl|NC_032094.1_cds_XP_719100.2_4495	CAALFM_C602660CA
lcl|NC_032094.1_cds_XP_719101.2_4496	CAALFM_C602670CA
lcl|NC_032094.1_cds_XP_719102.2_4497	CAALFM_C602680WA
lcl|NC_032094.1_cds_XP_719104.1_4498	CAALFM_C602690CA
lcl|NC_032094.1_cds_XP_719105.1_4499	CAALFM_C602710CA
lcl|NC_032094.1_cds_XP_719106.2_4500	CAALFM_C602720CA
lcl|NC_032094.1_cds_XP_719107.2_4501	CAALFM_C602730WA
lcl|NC_032094.1_cds_XP_719110.1_4502	CAALFM_C602740WA
lcl|NC_032094.1_cds_XP_719111.1_4503	CAALFM_C602750CA
lcl|NC_032094.1_cds_XP_719112.1_4504	CAALFM_C602760WA
lcl|NC_032094.1_cds_XP_719113.1_4505	CAALFM_C602770WA
lcl|NC_032094.1_cds_XP_719114.2_4506	CAALFM_C602780CA
lcl|NC_032094.1_cds_XP_719115.2_4507	CAALFM_C602790CA
lcl|NC_032094.1_cds_XP_719116.2_4508	CAALFM_C602800WA
lcl|NC_032094.1_cds_XP_719118.2_4509	CAALFM_C602810CA
lcl|NC_032094.1_cds_XP_719120.2_4510	CAALFM_C602830WA
lcl|NC_032094.1_cds_XP_719121.1_4511	CAALFM_C602840CA
lcl|NC_032094.1_cds_XP_719122.2_4512	CAALFM_C602850WA
lcl|NC_032094.1_cds_XP_719124.2_4513	CAALFM_C602860WA
lcl|NC_032094.1_cds_XP_719125.1_4514	CAALFM_C602870WA
lcl|NC_032094.1_cds_XP_719126.2_4515	CAALFM_C602880WA
lcl|NC_032094.1_cds_XP_719127.2_4516	CAALFM_C602890CA
lcl|NC_032094.1_cds_XP_719128.2_4517	CAALFM_C602900CA
lcl|NC_032094.1_cds_XP_719129.2_4518	CAALFM_C602910WA
lcl|NC_032094.1_cds_XP_719130.2_4519	CAALFM_C602920CA
lcl|NC_032094.1_cds_XP_019331010.1_4520	CAALFM_C602930WA
lcl|NC_032094.1_cds_XP_719134.2_4521	CAALFM_C602940CA
lcl|NC_032094.1_cds_XP_719135.1_4522	CAALFM_C602950CA
lcl|NC_032094.1_cds_XP_719136.2_4523	CAALFM_C602960WA
lcl|NC_032094.1_cds_XP_719137.2_4524	CAALFM_C602970CA
lcl|NC_032094.1_cds_XP_719139.2_4525	CAALFM_C602980CA
lcl|NC_032094.1_cds_XP_719140.2_4526	CAALFM_C602990WA
lcl|NC_032094.1_cds_XP_719141.2_4527	CAALFM_C603000CA
lcl|NC_032094.1_cds_XP_719142.2_4528	CAALFM_C603010WA
lcl|NC_032094.1_cds_XP_719146.2_4529	CAALFM_C603020WA
lcl|NC_032094.1_cds_XP_719147.1_4530	CAALFM_C603030WA
lcl|NC_032094.1_cds_XP_719148.2_4531	CAALFM_C603040CA
lcl|NC_032094.1_cds_XP_719149.2_4532	CAALFM_C603050CA
lcl|NC_032094.1_cds_XP_719150.2_4533	CAALFM_C603060WA
lcl|NC_032094.1_cds_XP_719151.1_4534	CAALFM_C603070CA
lcl|NC_032094.1_cds_XP_719153.2_4535	CAALFM_C603080CA
lcl|NC_032094.1_cds_XP_719154.2_4536	CAALFM_C603090WA
lcl|NC_032094.1_cds_XP_719156.2_4537	CAALFM_C603100WA
lcl|NC_032094.1_cds_XP_719157.2_4538	CAALFM_C603110CA
lcl|NC_032094.1_cds_XP_719159.2_4539	CAALFM_C603120WA
lcl|NC_032094.1_cds_XP_019331011.1_4540	CAALFM_C603130WA
lcl|NC_032094.1_cds_XP_719161.2_4541	CAALFM_C603140CA
lcl|NC_032094.1_cds_XP_719162.1_4542	CAALFM_C603150CA
lcl|NC_032094.1_cds_XP_719163.2_4543	CAALFM_C603160CA
lcl|NC_032094.1_cds_XP_719165.2_4544	CAALFM_C603170CA
lcl|NC_032094.1_cds_XP_719166.2_4545	CAALFM_C603180CA
lcl|NC_032094.1_cds_XP_719168.2_4546	CAALFM_C603200WA
lcl|NC_032094.1_cds_XP_719169.2_4547	CAALFM_C603210CA
lcl|NC_032094.1_cds_XP_719170.1_4548	CAALFM_C603220WA
lcl|NC_032094.1_cds_XP_719171.1_4549	CAALFM_C603230WA
lcl|NC_032094.1_cds_XP_719172.1_4550	CAALFM_C603240WA
lcl|NC_032094.1_cds_XP_719173.2_4551	CAALFM_C603250WA
lcl|NC_032094.1_cds_XP_719174.2_4552	CAALFM_C603260WA
lcl|NC_032094.1_cds_XP_719175.2_4553	CAALFM_C603270CA
lcl|NC_032094.1_cds_XP_719176.1_4554	CAALFM_C603280WA
lcl|NC_032094.1_cds_XP_719177.2_4555	CAALFM_C603290WA
lcl|NC_032094.1_cds_XP_719178.2_4556	CAALFM_C603300CA
lcl|NC_032094.1_cds_XP_719179.2_4557	CAALFM_C603310WA
lcl|NC_032094.1_cds_XP_719180.2_4558	CAALFM_C603320WA
lcl|NC_032094.1_cds_XP_719181.2_4559	CAALFM_C603330CA
lcl|NC_032094.1_cds_XP_719182.2_4560	CAALFM_C603340CA
lcl|NC_032094.1_cds_XP_719183.2_4561	CAALFM_C603350CA
lcl|NC_032094.1_cds_XP_719185.2_4562	CAALFM_C603360CA
lcl|NC_032094.1_cds_XP_719186.2_4563	CAALFM_C603370WA
lcl|NC_032094.1_cds_XP_719187.1_4564	CAALFM_C603380WA
lcl|NC_032094.1_cds_XP_019331012.1_4565	CAALFM_C603390WA
lcl|NC_032094.1_cds_XP_719189.1_4566	CAALFM_C603400CA
lcl|NC_032094.1_cds_XP_719190.1_4567	CAALFM_C603410CA
lcl|NC_032094.1_cds_XP_719191.2_4568	CAALFM_C603420WA
lcl|NC_032094.1_cds_XP_718045.1_4569	CAALFM_C603430CA
lcl|NC_032094.1_cds_XP_718046.1_4570	CAALFM_C603440WA
lcl|NC_032094.1_cds_XP_718047.2_4571	CAALFM_C603450CA
lcl|NC_032094.1_cds_XP_718049.2_4572	CAALFM_C603460WA
lcl|NC_032094.1_cds_XP_718050.2_4573	CAALFM_C603470WA
lcl|NC_032094.1_cds_XP_718052.2_4574	CAALFM_C603480WA
lcl|NC_032094.1_cds_XP_718053.2_4575	CAALFM_C603490CA
lcl|NC_032094.1_cds_XP_718054.1_4576	CAALFM_C603500CA
lcl|NC_032094.1_cds_XP_710069.2_4577	CAALFM_C603520CA
lcl|NC_032094.1_cds_XP_710070.2_4578	CAALFM_C603530CA
lcl|NC_032094.1_cds_XP_718058.2_4579	CAALFM_C603540WA
lcl|NC_032094.1_cds_XP_718060.2_4580	CAALFM_C603550CA
lcl|NC_032094.1_cds_XP_718061.2_4581	CAALFM_C603560WA
lcl|NC_032094.1_cds_XP_718062.2_4582	CAALFM_C603570WA
lcl|NC_032094.1_cds_XP_718064.2_4583	CAALFM_C603580WA
lcl|NC_032094.1_cds_XP_718065.2_4584	CAALFM_C603590CA
lcl|NC_032094.1_cds_XP_718066.2_4585	CAALFM_C603600CA
lcl|NC_032094.1_cds_XP_718067.2_4586	CAALFM_C603610WA
lcl|NC_032094.1_cds_XP_718068.2_4587	CAALFM_C603620CA
lcl|NC_032094.1_cds_XP_718069.2_4588	CAALFM_C603630WA
lcl|NC_032094.1_cds_XP_019331013.1_4589	CAALFM_C603640WA
lcl|NC_032094.1_cds_XP_718072.1_4590	CAALFM_C603650CA
lcl|NC_032094.1_cds_XP_718073.2_4591	CAALFM_C603660CA
lcl|NC_032094.1_cds_XP_718074.2_4592	CAALFM_C603690WA
lcl|NC_032094.1_cds_XP_718077.1_4593	CAALFM_C603700WA
lcl|NC_032094.1_cds_XP_718078.2_4594	CAALFM_C603710WA
lcl|NC_032094.1_cds_XP_718082.1_4595	CAALFM_C603720WA
lcl|NC_032094.1_cds_XP_718083.2_4596	CAALFM_C603730CA
lcl|NC_032094.1_cds_XP_718084.2_4597	CAALFM_C603740WA
lcl|NC_032094.1_cds_XP_718085.2_4598	CAALFM_C603750CA
lcl|NC_032094.1_cds_XP_718086.1_4599	CAALFM_C603760CA
lcl|NC_032094.1_cds_XP_718087.1_4600	CAALFM_C603770CA
lcl|NC_032094.1_cds_XP_718088.2_4601	CAALFM_C603780CA
lcl|NC_032094.1_cds_XP_718089.1_4602	CAALFM_C603790CA
lcl|NC_032094.1_cds_XP_718090.2_4603	CAALFM_C603800CA
lcl|NC_032094.1_cds_XP_718091.2_4604	CAALFM_C603810WA
lcl|NC_032094.1_cds_XP_718093.1_4605	CAALFM_C603820CA
lcl|NC_032094.1_cds_XP_718094.2_4606	CAALFM_C603830WA
lcl|NC_032094.1_cds_XP_718095.2_4607	CAALFM_C603840CA
lcl|NC_032094.1_cds_XP_718096.1_4608	CAALFM_C603850CA
lcl|NC_032094.1_cds_XP_718097.2_4609	CAALFM_C603860CA
lcl|NC_032094.1_cds_XP_718098.1_4610	CAALFM_C603880WA
lcl|NC_032094.1_cds_XP_718099.1_4611	CAALFM_C603890CA
lcl|NC_032094.1_cds_XP_718100.2_4612	CAALFM_C603900WA
lcl|NC_032094.1_cds_XP_718102.2_4613	CAALFM_C603910CA
lcl|NC_032094.1_cds_XP_718103.2_4614	CAALFM_C603920WA
lcl|NC_032094.1_cds_XP_718105.1_4615	CAALFM_C603930WA
lcl|NC_032094.1_cds_XP_718106.1_4616	CAALFM_C603940CA
lcl|NC_032094.1_cds_XP_718107.2_4617	CAALFM_C603950CA
lcl|NC_032094.1_cds_XP_718108.2_4618	CAALFM_C603960WA
lcl|NC_032094.1_cds_XP_710014.2_4619	CAALFM_C603990CA
lcl|NC_032094.1_cds_XP_710571.2_4620	CAALFM_C604030WA
lcl|NC_032094.1_cds_XP_710570.2_4621	CAALFM_C604040CA
lcl|NC_032094.1_cds_XP_710569.2_4622	CAALFM_C604050WA
lcl|NC_032094.1_cds_XP_710567.1_4623	CAALFM_C604060WA
lcl|NC_032094.1_cds_XP_710565.1_4624	CAALFM_C604070CA
lcl|NC_032094.1_cds_XP_710564.2_4625	CAALFM_C604080WA
lcl|NC_032094.1_cds_XP_019331014.1_4626	CAALFM_C604100WA
lcl|NC_032094.1_cds_XP_710561.2_4627	CAALFM_C604110WA
lcl|NC_032094.1_cds_XP_710427.2_4628	CAALFM_C604120CA
lcl|NC_032094.1_cds_XP_710425.2_4629	CAALFM_C604130CA
lcl|NC_032094.1_cds_XP_710423.2_4630	CAALFM_C604140CA
lcl|NC_032094.1_cds_XP_019331015.1_4631	CAALFM_C604150WA
lcl|NC_032094.1_cds_XP_710224.1_4632	CAALFM_C604160CA
lcl|NC_032094.1_cds_XP_710223.2_4633	CAALFM_C604170CA
lcl|NC_032094.1_cds_XP_710221.2_4634	CAALFM_C604180WA
lcl|NC_032094.1_cds_XP_712088.2_4635	CAALFM_C604190CA
lcl|NC_032094.1_cds_XP_712090.2_4636	CAALFM_C604210CA
lcl|NC_032094.1_cds_XP_712093.2_4637	CAALFM_C604230WA
lcl|NC_032094.1_cds_XP_712095.2_4638	CAALFM_C604240WA
lcl|NC_032094.1_cds_XP_019331016.1_4639	CAALFM_C604250WA
lcl|NC_032094.1_cds_XP_712096.2_4640	CAALFM_C604260CA
lcl|NC_032094.1_cds_XP_712097.2_4641	CAALFM_C604270WA
lcl|NC_032094.1_cds_XP_712098.1_4642	CAALFM_C604280WA
lcl|NC_032094.1_cds_XP_712099.2_4643	CAALFM_C604290WA
lcl|NC_032094.1_cds_XP_712100.2_4644	CAALFM_C604300WA
lcl|NC_032094.1_cds_XP_712102.2_4645	CAALFM_C604310WA
lcl|NC_032094.1_cds_XP_712103.1_4646	CAALFM_C604320CA
lcl|NC_032094.1_cds_XP_712104.2_4647	CAALFM_C604330WA
lcl|NC_032094.1_cds_XP_712105.2_4648	CAALFM_C604340WA
lcl|NC_032094.1_cds_XP_712106.2_4649	CAALFM_C604350CA
lcl|NC_032094.1_cds_XP_712107.2_4650	CAALFM_C604360CA
lcl|NC_032094.1_cds_XP_712108.2_4651	CAALFM_C604370WA
lcl|NC_032094.1_cds_XP_712646.2_4652	CAALFM_C604380WA
lcl|NC_032094.1_cds_XP_712398.1_4653	CAALFM_C604400WA
lcl|NC_032094.1_cds_XP_712399.2_4654	CAALFM_C604410CA
lcl|NC_032094.1_cds_XP_712400.2_4655	CAALFM_C604420WA
lcl|NC_032094.1_cds_XP_712402.2_4656	CAALFM_C604430WA
lcl|NC_032094.1_cds_XP_712404.2_4657	CAALFM_C604440CA
lcl|NC_032094.1_cds_XP_712403.2_4658	CAALFM_C604450WA
lcl|NC_032094.1_cds_XP_712406.2_4659	CAALFM_C604470CA
lcl|NC_032094.1_cds_XP_712407.1_4660	CAALFM_C604480CA
lcl|NC_032094.1_cds_XP_712408.2_4661	CAALFM_C604490WA
lcl|NC_032094.1_cds_XP_712410.2_4662	CAALFM_C604500CA
lcl|NC_032094.1_cds_XP_712412.2_4663	CAALFM_C604510CA
lcl|NC_032094.1_cds_XP_712413.1_4664	CAALFM_C604520WA
lcl|NC_032094.1_cds_XP_712418.2_4665	CAALFM_C604530CA
lcl|NC_032094.1_cds_XP_712421.1_4666	CAALFM_C604540CA
lcl|NC_032094.1_cds_XP_712424.1_4667	CAALFM_C604550CA
lcl|NC_032094.1_cds_XP_712425.2_4668	CAALFM_C604560WA
lcl|NC_032094.1_cds_XP_712426.1_4669	CAALFM_C604570WA
lcl|NC_032094.1_cds_XP_712429.2_4670	CAALFM_C604580WA
lcl|NC_032094.1_cds_XP_712431.2_4671	CAALFM_C604590CA
lcl|NC_032094.1_cds_XP_712432.2_4672	CAALFM_C604600WA
lcl|NC_032094.1_cds_XP_712434.2_4673	CAALFM_C604610CA
lcl|NC_032094.1_cds_XP_712435.1_4674	CAALFM_C604620CA
lcl|NC_032094.1_cds_XP_712436.1_4675	CAALFM_C604650WA
lcl|NC_032095.1_cds_XP_720415.2_4676	CAALFM_C700010CA
lcl|NC_032095.1_cds_XP_720414.2_4677	CAALFM_C700020CA
lcl|NC_032095.1_cds_XP_720413.1_4678	CAALFM_C700030WA
lcl|NC_032095.1_cds_XP_720411.1_4679	CAALFM_C700040CA
lcl|NC_032095.1_cds_XP_720409.1_4680	CAALFM_C700050CA
lcl|NC_032095.1_cds_XP_720408.1_4681	CAALFM_C700060CA
lcl|NC_032095.1_cds_XP_720406.1_4682	CAALFM_C700070CA
lcl|NC_032095.1_cds_XP_720405.1_4683	CAALFM_C700080CA
lcl|NC_032095.1_cds_XP_720404.1_4684	CAALFM_C700090CA
lcl|NC_032095.1_cds_XP_720403.1_4685	CAALFM_C700100WA
lcl|NC_032095.1_cds_XP_019331017.1_4686	CAALFM_C700110WA
lcl|NC_032095.1_cds_XP_720402.2_4687	CAALFM_C700120WA
lcl|NC_032095.1_cds_XP_720401.1_4688	CAALFM_C700130WA
lcl|NC_032095.1_cds_XP_720400.1_4689	CAALFM_C700140CA
lcl|NC_032095.1_cds_XP_720399.1_4690	CAALFM_C700150WA
lcl|NC_032095.1_cds_XP_720398.1_4691	CAALFM_C700160CA
lcl|NC_032095.1_cds_XP_720397.1_4692	CAALFM_C700170WA
lcl|NC_032095.1_cds_XP_720396.1_4693	CAALFM_C700180WA
lcl|NC_032095.1_cds_XP_720395.1_4694	CAALFM_C700190WA
lcl|NC_032095.1_cds_XP_720394.1_4695	CAALFM_C700200WA
lcl|NC_032095.1_cds_XP_720392.2_4696	CAALFM_C700210CA
lcl|NC_032095.1_cds_XP_720393.1_4697	CAALFM_C700220WA
lcl|NC_032095.1_cds_XP_720391.1_4698	CAALFM_C700230WA
lcl|NC_032095.1_cds_XP_720389.1_4699	CAALFM_C700240WA
lcl|NC_032095.1_cds_XP_720388.1_4700	CAALFM_C700250CA
lcl|NC_032095.1_cds_XP_720387.1_4701	CAALFM_C700260CA
lcl|NC_032095.1_cds_XP_720386.1_4702	CAALFM_C700270WA
lcl|NC_032095.1_cds_XP_720385.1_4703	CAALFM_C700280WA
lcl|NC_032095.1_cds_XP_019331018.1_4704	CAALFM_C700290CA
lcl|NC_032095.1_cds_XP_720383.1_4705	CAALFM_C700300WA
lcl|NC_032095.1_cds_XP_720382.1_4706	CAALFM_C700310CA
lcl|NC_032095.1_cds_XP_720380.1_4707	CAALFM_C700320CA
lcl|NC_032095.1_cds_XP_720379.1_4708	CAALFM_C700330CA
lcl|NC_032095.1_cds_XP_720377.1_4709	CAALFM_C700340CA
lcl|NC_032095.1_cds_XP_720376.1_4710	CAALFM_C700350CA
lcl|NC_032095.1_cds_XP_720375.1_4711	CAALFM_C700360WA
lcl|NC_032095.1_cds_XP_720374.1_4712	CAALFM_C700370WA
lcl|NC_032095.1_cds_XP_720373.1_4713	CAALFM_C700380WA
lcl|NC_032095.1_cds_XP_720372.1_4714	CAALFM_C700390WA
lcl|NC_032095.1_cds_XP_720371.1_4715	CAALFM_C700400WA
lcl|NC_032095.1_cds_XP_720370.1_4716	CAALFM_C700410CA
lcl|NC_032095.1_cds_XP_720369.1_4717	CAALFM_C700420CA
lcl|NC_032095.1_cds_XP_720368.1_4718	CAALFM_C700430WA
lcl|NC_032095.1_cds_XP_019331019.1_4719	CAALFM_C700440CA
lcl|NC_032095.1_cds_XP_720366.1_4720	CAALFM_C700450CA
lcl|NC_032095.1_cds_XP_720365.1_4721	CAALFM_C700460WA
lcl|NC_032095.1_cds_XP_720364.1_4722	CAALFM_C700470CA
lcl|NC_032095.1_cds_XP_720363.1_4723	CAALFM_C700480WA
lcl|NC_032095.1_cds_XP_720361.1_4724	CAALFM_C700490CA
lcl|NC_032095.1_cds_XP_720362.1_4725	CAALFM_C700500WA
lcl|NC_032095.1_cds_XP_720360.1_4726	CAALFM_C700510WA
lcl|NC_032095.1_cds_XP_720359.1_4727	CAALFM_C700520WA
lcl|NC_032095.1_cds_XP_720357.1_4728	CAALFM_C700530CA
lcl|NC_032095.1_cds_XP_720356.1_4729	CAALFM_C700550CA
lcl|NC_032095.1_cds_XP_720355.1_4730	CAALFM_C700560CA
lcl|NC_032095.1_cds_XP_720354.1_4731	CAALFM_C700570WA
lcl|NC_032095.1_cds_XP_720353.1_4732	CAALFM_C700580CA
lcl|NC_032095.1_cds_XP_720352.1_4733	CAALFM_C700590WA
lcl|NC_032095.1_cds_XP_720351.1_4734	CAALFM_C700600CA
lcl|NC_032095.1_cds_XP_720350.1_4735	CAALFM_C700610CA
lcl|NC_032095.1_cds_XP_720349.1_4736	CAALFM_C700620WA
lcl|NC_032095.1_cds_XP_019331020.1_4737	CAALFM_C700630CA
lcl|NC_032095.1_cds_XP_720345.1_4738	CAALFM_C700660WA
lcl|NC_032095.1_cds_XP_720344.1_4739	CAALFM_C700670CA
lcl|NC_032095.1_cds_XP_720343.1_4740	CAALFM_C700680WA
lcl|NC_032095.1_cds_XP_720342.1_4741	CAALFM_C700690WA
lcl|NC_032095.1_cds_XP_720341.1_4742	CAALFM_C700700WA
lcl|NC_032095.1_cds_XP_019331021.1_4743	CAALFM_C700710WA
lcl|NC_032095.1_cds_XP_720340.2_4744	CAALFM_C700720WA
lcl|NC_032095.1_cds_XP_720338.1_4745	CAALFM_C700730WA
lcl|NC_032095.1_cds_XP_720337.1_4746	CAALFM_C700740WA
lcl|NC_032095.1_cds_XP_019331022.1_4747	CAALFM_C700750WA
lcl|NC_032095.1_cds_XP_720336.1_4748	CAALFM_C700760CA
lcl|NC_032095.1_cds_XP_720335.1_4749	CAALFM_C700770WA
lcl|NC_032095.1_cds_XP_720334.1_4750	CAALFM_C700780WA
lcl|NC_032095.1_cds_XP_019331023.1_4751	CAALFM_C700790WA
lcl|NC_032095.1_cds_XP_720330.1_4752	CAALFM_C700800CA
lcl|NC_032095.1_cds_XP_720329.1_4753	CAALFM_C700810WA
lcl|NC_032095.1_cds_XP_720328.1_4754	CAALFM_C700820WA
lcl|NC_032095.1_cds_XP_720327.2_4755	CAALFM_C700830CA
lcl|NC_032095.1_cds_XP_720326.2_4756	CAALFM_C700840CA
lcl|NC_032095.1_cds_XP_720325.1_4757	CAALFM_C700850WA
lcl|NC_032095.1_cds_XP_720324.1_4758	CAALFM_C700860WA
lcl|NC_032095.1_cds_XP_720323.1_4759	CAALFM_C700870WA
lcl|NC_032095.1_cds_XP_720321.2_4760	CAALFM_C700880CA
lcl|NC_032095.1_cds_XP_720319.1_4761	CAALFM_C700890CA
lcl|NC_032095.1_cds_XP_720317.1_4762	CAALFM_C700910CA
lcl|NC_032095.1_cds_XP_720316.1_4763	CAALFM_C700920CA
lcl|NC_032095.1_cds_XP_720315.1_4764	CAALFM_C700930WA
lcl|NC_032095.1_cds_XP_720314.1_4765	CAALFM_C700940WA
lcl|NC_032095.1_cds_XP_720313.1_4766	CAALFM_C700950WA
lcl|NC_032095.1_cds_XP_019331024.1_4767	CAALFM_C700960WA
lcl|NC_032095.1_cds_XP_720311.1_4768	CAALFM_C700970CA
lcl|NC_032095.1_cds_XP_720310.1_4769	CAALFM_C700980WA
lcl|NC_032095.1_cds_XP_720309.1_4770	CAALFM_C700990WA
lcl|NC_032095.1_cds_XP_720308.2_4771	CAALFM_C701000CA
lcl|NC_032095.1_cds_XP_720307.2_4772	CAALFM_C701010WA
lcl|NC_032095.1_cds_XP_720306.1_4773	CAALFM_C701020CA
lcl|NC_032095.1_cds_XP_720305.1_4774	CAALFM_C701030CA
lcl|NC_032095.1_cds_XP_720304.1_4775	CAALFM_C701040CA
lcl|NC_032095.1_cds_XP_720303.1_4776	CAALFM_C701050WA
lcl|NC_032095.1_cds_XP_720301.1_4777	CAALFM_C701060WA
lcl|NC_032095.1_cds_XP_019331025.1_4778	CAALFM_C701070CA
lcl|NC_032095.1_cds_XP_720299.2_4779	CAALFM_C701100CA
lcl|NC_032095.1_cds_XP_712469.2_4780	CAALFM_C701130CA
lcl|NC_032095.1_cds_XP_712470.2_4781	CAALFM_C701150WA
lcl|NC_032095.1_cds_XP_019331026.1_4782	CAALFM_C701160CA
lcl|NC_032095.1_cds_XP_712471.1_4783	CAALFM_C701170CA
lcl|NC_032095.1_cds_XP_712472.1_4784	CAALFM_C701180WA
lcl|NC_032095.1_cds_XP_712473.1_4785	CAALFM_C701190WA
lcl|NC_032095.1_cds_XP_712474.1_4786	CAALFM_C701200CA
lcl|NC_032095.1_cds_XP_712475.1_4787	CAALFM_C701210CA
lcl|NC_032095.1_cds_XP_712476.1_4788	CAALFM_C701220WA
lcl|NC_032095.1_cds_XP_712477.1_4789	CAALFM_C701230CA
lcl|NC_032095.1_cds_XP_019331027.1_4790	CAALFM_C701250WA
lcl|NC_032095.1_cds_XP_712479.1_4791	CAALFM_C701270CA
lcl|NC_032095.1_cds_XP_712480.1_4792	CAALFM_C701280CA
lcl|NC_032095.1_cds_XP_712481.1_4793	CAALFM_C701290WA
lcl|NC_032095.1_cds_XP_712482.1_4794	CAALFM_C701300CA
lcl|NC_032095.1_cds_XP_712484.1_4795	CAALFM_C701320WA
lcl|NC_032095.1_cds_XP_712485.2_4796	CAALFM_C701330CA
lcl|NC_032095.1_cds_XP_712486.1_4797	CAALFM_C701340WA
lcl|NC_032095.1_cds_XP_712487.1_4798	CAALFM_C701350CA
lcl|NC_032095.1_cds_XP_712488.1_4799	CAALFM_C701360CA
lcl|NC_032095.1_cds_XP_712489.1_4800	CAALFM_C701370WA
lcl|NC_032095.1_cds_XP_712490.1_4801	CAALFM_C701380WA
lcl|NC_032095.1_cds_XP_712491.1_4802	CAALFM_C701390WA
lcl|NC_032095.1_cds_XP_712492.2_4803	CAALFM_C701400CA
lcl|NC_032095.1_cds_XP_721424.1_4804	CAALFM_C701410CA
lcl|NC_032095.1_cds_XP_721423.1_4805	CAALFM_C701420WA
lcl|NC_032095.1_cds_XP_721422.1_4806	CAALFM_C701430CA
lcl|NC_032095.1_cds_XP_721421.1_4807	CAALFM_C701440WA
lcl|NC_032095.1_cds_XP_721420.1_4808	CAALFM_C701450CA
lcl|NC_032095.1_cds_XP_721419.1_4809	CAALFM_C701460CA
lcl|NC_032095.1_cds_XP_019331028.1_4810	CAALFM_C701470CA
lcl|NC_032095.1_cds_XP_721417.1_4811	CAALFM_C701480WA
lcl|NC_032095.1_cds_XP_721416.1_4812	CAALFM_C701490WA
lcl|NC_032095.1_cds_XP_721415.1_4813	CAALFM_C701500WA
lcl|NC_032095.1_cds_XP_721414.1_4814	CAALFM_C701510WA
lcl|NC_032095.1_cds_XP_721413.1_4815	CAALFM_C701520WA
lcl|NC_032095.1_cds_XP_721410.1_4816	CAALFM_C701540WA
lcl|NC_032095.1_cds_XP_721409.1_4817	CAALFM_C701550WA
lcl|NC_032095.1_cds_XP_721406.1_4818	CAALFM_C701560CA
lcl|NC_032095.1_cds_XP_721405.1_4819	CAALFM_C701570CA
lcl|NC_032095.1_cds_XP_721404.1_4820	CAALFM_C701580WA
lcl|NC_032095.1_cds_XP_721402.1_4821	CAALFM_C701590CA
lcl|NC_032095.1_cds_XP_721401.1_4822	CAALFM_C701600WA
lcl|NC_032095.1_cds_XP_019331029.1_4823	CAALFM_C701610WA
lcl|NC_032095.1_cds_XP_721399.1_4824	CAALFM_C701620CA
lcl|NC_032095.1_cds_XP_721398.1_4825	CAALFM_C701630WA
lcl|NC_032095.1_cds_XP_721397.1_4826	CAALFM_C701640WA
lcl|NC_032095.1_cds_XP_019331030.1_4827	CAALFM_C701650WA
lcl|NC_032095.1_cds_XP_721394.1_4828	CAALFM_C701660CA
lcl|NC_032095.1_cds_XP_721393.1_4829	CAALFM_C701670WA
lcl|NC_032095.1_cds_XP_721392.2_4830	CAALFM_C701680CA
lcl|NC_032095.1_cds_XP_721391.2_4831	CAALFM_C701690WA
lcl|NC_032095.1_cds_XP_721390.1_4832	CAALFM_C701700WA
lcl|NC_032095.1_cds_XP_721389.2_4833	CAALFM_C701710WA
lcl|NC_032095.1_cds_XP_721388.1_4834	CAALFM_C701720WA
lcl|NC_032095.1_cds_XP_019331031.1_4835	CAALFM_C701730CA
lcl|NC_032095.1_cds_XP_721387.1_4836	CAALFM_C701740CA
lcl|NC_032095.1_cds_XP_721386.1_4837	CAALFM_C701750WA
lcl|NC_032095.1_cds_XP_721384.1_4838	CAALFM_C701760CA
lcl|NC_032095.1_cds_XP_721382.2_4839	CAALFM_C701780WA
lcl|NC_032095.1_cds_XP_721379.1_4840	CAALFM_C701790CA
lcl|NC_032095.1_cds_XP_721378.1_4841	CAALFM_C701800CA
lcl|NC_032095.1_cds_XP_721377.1_4842	CAALFM_C701810WA
lcl|NC_032095.1_cds_XP_721376.1_4843	CAALFM_C701820CA
lcl|NC_032095.1_cds_XP_721375.1_4844	CAALFM_C701830WA
lcl|NC_032095.1_cds_XP_721374.2_4845	CAALFM_C701840WA
lcl|NC_032095.1_cds_XP_019331032.1_4846	CAALFM_C701850CA
lcl|NC_032095.1_cds_XP_721371.2_4847	CAALFM_C701870WA
lcl|NC_032095.1_cds_XP_721370.1_4848	CAALFM_C701880CA
lcl|NC_032095.1_cds_XP_019331033.1_4849	CAALFM_C701890CA
lcl|NC_032095.1_cds_XP_721369.1_4850	CAALFM_C701900WA
lcl|NC_032095.1_cds_XP_721368.2_4851	CAALFM_C701910CA
lcl|NC_032095.1_cds_XP_721367.1_4852	CAALFM_C701920WA
lcl|NC_032095.1_cds_XP_721366.1_4853	CAALFM_C701930CA
lcl|NC_032095.1_cds_XP_721365.1_4854	CAALFM_C701940CA
lcl|NC_032095.1_cds_XP_721364.1_4855	CAALFM_C701950WA
lcl|NC_032095.1_cds_XP_721363.1_4856	CAALFM_C701960WA
lcl|NC_032095.1_cds_XP_721362.1_4857	CAALFM_C701970CA
lcl|NC_032095.1_cds_XP_721360.2_4858	CAALFM_C701990CA
lcl|NC_032095.1_cds_XP_721358.2_4859	CAALFM_C702000CA
lcl|NC_032095.1_cds_XP_721356.1_4860	CAALFM_C702010CA
lcl|NC_032095.1_cds_XP_721355.1_4861	CAALFM_C702020WA
lcl|NC_032095.1_cds_XP_721353.1_4862	CAALFM_C702030WA
lcl|NC_032095.1_cds_XP_721352.1_4863	CAALFM_C702040CA
lcl|NC_032095.1_cds_XP_721350.1_4864	CAALFM_C702050CA
lcl|NC_032095.1_cds_XP_721349.1_4865	CAALFM_C702060WA
lcl|NC_032095.1_cds_XP_721348.2_4866	CAALFM_C702070WA
lcl|NC_032095.1_cds_XP_721347.1_4867	CAALFM_C702080WA
lcl|NC_032095.1_cds_XP_721346.2_4868	CAALFM_C702090CA
lcl|NC_032095.1_cds_XP_019331034.1_4869	CAALFM_C702100WA
lcl|NC_032095.1_cds_XP_721344.2_4870	CAALFM_C702110WA
lcl|NC_032095.1_cds_XP_721341.1_4871	CAALFM_C702120CA
lcl|NC_032095.1_cds_XP_721340.1_4872	CAALFM_C702130WA
lcl|NC_032095.1_cds_XP_721339.1_4873	CAALFM_C702140WA
lcl|NC_032095.1_cds_XP_721338.1_4874	CAALFM_C702150CA
lcl|NC_032095.1_cds_XP_721337.2_4875	CAALFM_C702160WA
lcl|NC_032095.1_cds_XP_721336.1_4876	CAALFM_C702170CA
lcl|NC_032095.1_cds_XP_721335.1_4877	CAALFM_C702180CA
lcl|NC_032095.1_cds_XP_721334.2_4878	CAALFM_C702200WA
lcl|NC_032095.1_cds_XP_721333.2_4879	CAALFM_C702210WA
lcl|NC_032095.1_cds_XP_721332.2_4880	CAALFM_C702220CA
lcl|NC_032095.1_cds_XP_721330.2_4881	CAALFM_C702240WA
lcl|NC_032095.1_cds_XP_721329.1_4882	CAALFM_C702250WA
lcl|NC_032095.1_cds_XP_721328.1_4883	CAALFM_C702260WA
lcl|NC_032095.1_cds_XP_721327.2_4884	CAALFM_C702270WA
lcl|NC_032095.1_cds_XP_721325.1_4885	CAALFM_C702280WA
lcl|NC_032095.1_cds_XP_721323.1_4886	CAALFM_C702290WA
lcl|NC_032095.1_cds_XP_721322.1_4887	CAALFM_C702300WA
lcl|NC_032095.1_cds_XP_721321.2_4888	CAALFM_C702310CA
lcl|NC_032095.1_cds_XP_721320.1_4889	CAALFM_C702320WA
lcl|NC_032095.1_cds_XP_721319.2_4890	CAALFM_C702330WA
lcl|NC_032095.1_cds_XP_721318.2_4891	CAALFM_C702340CA
lcl|NC_032095.1_cds_XP_721317.2_4892	CAALFM_C702350CA
lcl|NC_032095.1_cds_XP_721316.2_4893	CAALFM_C702360WA
lcl|NC_032095.1_cds_XP_721315.1_4894	CAALFM_C702370WA
lcl|NC_032095.1_cds_XP_721313.1_4895	CAALFM_C702380CA
lcl|NC_032095.1_cds_XP_721312.2_4896	CAALFM_C702390WA
lcl|NC_032095.1_cds_XP_721310.2_4897	CAALFM_C702420CA
lcl|NC_032095.1_cds_XP_721308.2_4898	CAALFM_C702430CA
lcl|NC_032095.1_cds_XP_721307.1_4899	CAALFM_C702450WA
lcl|NC_032095.1_cds_XP_721306.2_4900	CAALFM_C702460CA
lcl|NC_032095.1_cds_XP_019331035.1_4901	CAALFM_C702470CA
lcl|NC_032095.1_cds_XP_721304.1_4902	CAALFM_C702480WA
lcl|NC_032095.1_cds_XP_721303.2_4903	CAALFM_C702490WA
lcl|NC_032095.1_cds_XP_721302.1_4904	CAALFM_C702500CA
lcl|NC_032095.1_cds_XP_019331036.1_4905	CAALFM_C702510WA
lcl|NC_032095.1_cds_XP_721301.1_4906	CAALFM_C702520WA
lcl|NC_032095.1_cds_XP_721300.1_4907	CAALFM_C702530CA
lcl|NC_032095.1_cds_XP_721299.1_4908	CAALFM_C702540WA
lcl|NC_032095.1_cds_XP_721298.1_4909	CAALFM_C702550CA
lcl|NC_032095.1_cds_XP_721296.2_4910	CAALFM_C702560WA
lcl|NC_032095.1_cds_XP_710751.1_4911	CAALFM_C702570CA
lcl|NC_032095.1_cds_XP_710115.2_4912	CAALFM_C702600CA
lcl|NC_032095.1_cds_XP_710114.2_4913	CAALFM_C702610CA
lcl|NC_032095.1_cds_XP_710750.1_4914	CAALFM_C702630WA
lcl|NC_032095.1_cds_XP_710749.1_4915	CAALFM_C702640WA
lcl|NC_032095.1_cds_XP_710748.1_4916	CAALFM_C702650WA
lcl|NC_032095.1_cds_XP_710747.1_4917	CAALFM_C702660CA
lcl|NC_032095.1_cds_XP_710746.1_4918	CAALFM_C702670WA
lcl|NC_032095.1_cds_XP_710745.1_4919	CAALFM_C702680WA
lcl|NC_032095.1_cds_XP_710744.1_4920	CAALFM_C702690CA
lcl|NC_032095.1_cds_XP_717009.1_4921	CAALFM_C702770WA
lcl|NC_032095.1_cds_XP_717006.2_4922	CAALFM_C702780WA
lcl|NC_032095.1_cds_XP_717004.2_4923	CAALFM_C702790CA
lcl|NC_032095.1_cds_XP_717003.2_4924	CAALFM_C702800WA
lcl|NC_032095.1_cds_XP_717002.1_4925	CAALFM_C702810WA
lcl|NC_032095.1_cds_XP_717001.1_4926	CAALFM_C702830CA
lcl|NC_032095.1_cds_XP_717000.1_4927	CAALFM_C702840CA
lcl|NC_032095.1_cds_XP_716999.2_4928	CAALFM_C702850WA
lcl|NC_032095.1_cds_XP_716997.2_4929	CAALFM_C702860CA
lcl|NC_032095.1_cds_XP_716996.2_4930	CAALFM_C702870CA
lcl|NC_032095.1_cds_XP_716995.2_4931	CAALFM_C702880CA
lcl|NC_032095.1_cds_XP_716993.1_4932	CAALFM_C702890CA
lcl|NC_032095.1_cds_XP_716992.1_4933	CAALFM_C702910WA
lcl|NC_032095.1_cds_XP_716991.2_4934	CAALFM_C702920WA
lcl|NC_032095.1_cds_XP_716990.1_4935	CAALFM_C702930CA
lcl|NC_032095.1_cds_XP_716989.1_4936	CAALFM_C702940CA
lcl|NC_032095.1_cds_XP_716988.1_4937	CAALFM_C702950CA
lcl|NC_032095.1_cds_XP_716987.2_4938	CAALFM_C702960CA
lcl|NC_032095.1_cds_XP_716986.1_4939	CAALFM_C702970WA
lcl|NC_032095.1_cds_XP_716985.2_4940	CAALFM_C702980CA
lcl|NC_032095.1_cds_XP_716984.2_4941	CAALFM_C702990WA
lcl|NC_032095.1_cds_XP_716983.2_4942	CAALFM_C703000CA
lcl|NC_032095.1_cds_XP_716982.2_4943	CAALFM_C703010WA
lcl|NC_032095.1_cds_XP_716981.1_4944	CAALFM_C703020CA
lcl|NC_032095.1_cds_XP_716980.1_4945	CAALFM_C703030WA
lcl|NC_032095.1_cds_XP_716979.1_4946	CAALFM_C703040WA
lcl|NC_032095.1_cds_XP_716978.1_4947	CAALFM_C703050WA
lcl|NC_032095.1_cds_XP_716977.2_4948	CAALFM_C703060CA
lcl|NC_032095.1_cds_XP_716974.2_4949	CAALFM_C703070CA
lcl|NC_032095.1_cds_XP_019331037.1_4950	CAALFM_C703080WA
lcl|NC_032095.1_cds_XP_716968.1_4951	CAALFM_C703090CA
lcl|NC_032095.1_cds_XP_716967.1_4952	CAALFM_C703110WA
lcl|NC_032095.1_cds_XP_716966.2_4953	CAALFM_C703120WA
lcl|NC_032095.1_cds_XP_716965.1_4954	CAALFM_C703130CA
lcl|NC_032095.1_cds_XP_716964.2_4955	CAALFM_C703140WA
lcl|NC_032095.1_cds_XP_716963.2_4956	CAALFM_C703150WA
lcl|NC_032095.1_cds_XP_716962.2_4957	CAALFM_C703160WA
lcl|NC_032095.1_cds_XP_716961.2_4958	CAALFM_C703170WA
lcl|NC_032095.1_cds_XP_019331038.1_4959	CAALFM_C703180CA
lcl|NC_032095.1_cds_XP_716959.2_4960	CAALFM_C703200CA
lcl|NC_032095.1_cds_XP_716957.2_4961	CAALFM_C703210WA
lcl|NC_032095.1_cds_XP_716956.2_4962	CAALFM_C703220CA
lcl|NC_032095.1_cds_XP_716955.1_4963	CAALFM_C703230CA
lcl|NC_032095.1_cds_XP_716954.2_4964	CAALFM_C703240WA
lcl|NC_032095.1_cds_XP_716953.2_4965	CAALFM_C703250CA
lcl|NC_032095.1_cds_XP_716952.1_4966	CAALFM_C703260CA
lcl|NC_032095.1_cds_XP_716951.2_4967	CAALFM_C703270WA
lcl|NC_032095.1_cds_XP_716948.2_4968	CAALFM_C703280CA
lcl|NC_032095.1_cds_XP_711686.2_4969	CAALFM_C703290CA
lcl|NC_032095.1_cds_XP_711685.2_4970	CAALFM_C703300CA
lcl|NC_032095.1_cds_XP_711684.2_4971	CAALFM_C703310WA
lcl|NC_032095.1_cds_XP_711683.2_4972	CAALFM_C703320CA
lcl|NC_032095.1_cds_XP_711682.2_4973	CAALFM_C703330CA
lcl|NC_032095.1_cds_XP_711681.2_4974	CAALFM_C703340CA
lcl|NC_032095.1_cds_XP_711680.2_4975	CAALFM_C703350CA
lcl|NC_032095.1_cds_XP_711679.2_4976	CAALFM_C703360WA
lcl|NC_032095.1_cds_XP_711678.2_4977	CAALFM_C703370CA
lcl|NC_032095.1_cds_XP_019331039.1_4978	CAALFM_C703380WA
lcl|NC_032095.1_cds_XP_711676.1_4979	CAALFM_C703390CA
lcl|NC_032095.1_cds_XP_711675.2_4980	CAALFM_C703400CA
lcl|NC_032095.1_cds_XP_711674.2_4981	CAALFM_C703410CA
lcl|NC_032095.1_cds_XP_711673.2_4982	CAALFM_C703420CA
lcl|NC_032095.1_cds_XP_711672.2_4983	CAALFM_C703440WA
lcl|NC_032095.1_cds_XP_711671.1_4984	CAALFM_C703450CA
lcl|NC_032095.1_cds_XP_711670.1_4985	CAALFM_C703460WA
lcl|NC_032095.1_cds_XP_711669.2_4986	CAALFM_C703470WA
lcl|NC_032095.1_cds_XP_712157.2_4987	CAALFM_C703480WA
lcl|NC_032095.1_cds_XP_712158.2_4988	CAALFM_C703490WA
lcl|NC_032095.1_cds_XP_712159.1_4989	CAALFM_C703500WA
lcl|NC_032095.1_cds_XP_712137.2_4990	CAALFM_C703520WA
lcl|NC_032095.1_cds_XP_712138.1_4991	CAALFM_C703530CA
lcl|NC_032095.1_cds_XP_712139.1_4992	CAALFM_C703540CA
lcl|NC_032095.1_cds_XP_712140.1_4993	CAALFM_C703550CA
lcl|NC_032095.1_cds_XP_712141.1_4994	CAALFM_C703560WA
lcl|NC_032095.1_cds_XP_712142.1_4995	CAALFM_C703570WA
lcl|NC_032095.1_cds_XP_712143.1_4996	CAALFM_C703580CA
lcl|NC_032095.1_cds_XP_712144.1_4997	CAALFM_C703590CA
lcl|NC_032095.1_cds_XP_712145.1_4998	CAALFM_C703600WA
lcl|NC_032095.1_cds_XP_712146.1_4999	CAALFM_C703610CA
lcl|NC_032095.1_cds_XP_712147.1_5000	CAALFM_C703620CA
lcl|NC_032095.1_cds_XP_019331040.1_5001	CAALFM_C703630CA
lcl|NC_032095.1_cds_XP_712150.1_5002	CAALFM_C703640CA
lcl|NC_032095.1_cds_XP_712151.1_5003	CAALFM_C703650WA
lcl|NC_032095.1_cds_XP_712153.1_5004	CAALFM_C703660CA
lcl|NC_032095.1_cds_XP_712154.1_5005	CAALFM_C703670WA
lcl|NC_032095.1_cds_XP_712155.2_5006	CAALFM_C703680WA
lcl|NC_032095.1_cds_XP_710536.1_5007	CAALFM_C703690WA
lcl|NC_032095.1_cds_XP_710535.1_5008	CAALFM_C703700CA
lcl|NC_032095.1_cds_XP_710534.2_5009	CAALFM_C703710CA
lcl|NC_032095.1_cds_XP_710533.1_5010	CAALFM_C703720CA
lcl|NC_032095.1_cds_XP_710532.1_5011	CAALFM_C703730CA
lcl|NC_032095.1_cds_XP_710530.1_5012	CAALFM_C703760WA
lcl|NC_032095.1_cds_XP_710529.1_5013	CAALFM_C703770CA
lcl|NC_032095.1_cds_XP_715252.1_5014	CAALFM_C703780CA
lcl|NC_032095.1_cds_XP_715251.1_5015	CAALFM_C703790WA
lcl|NC_032095.1_cds_XP_715250.1_5016	CAALFM_C703800WA
lcl|NC_032095.1_cds_XP_715249.1_5017	CAALFM_C703810WA
lcl|NC_032095.1_cds_XP_715248.1_5018	CAALFM_C703820CA
lcl|NC_032095.1_cds_XP_715247.1_5019	CAALFM_C703830CA
lcl|NC_032095.1_cds_XP_715246.1_5020	CAALFM_C703840WA
lcl|NC_032095.1_cds_XP_715245.1_5021	CAALFM_C703850WA
lcl|NC_032095.1_cds_XP_715244.1_5022	CAALFM_C703860WA
lcl|NC_032095.1_cds_XP_019331041.1_5023	CAALFM_C703870WA
lcl|NC_032095.1_cds_XP_715242.1_5024	CAALFM_C703880CA
lcl|NC_032095.1_cds_XP_715241.1_5025	CAALFM_C703890CA
lcl|NC_032095.1_cds_XP_715239.1_5026	CAALFM_C703910WA
lcl|NC_032095.1_cds_XP_715237.1_5027	CAALFM_C703920CA
lcl|NC_032095.1_cds_XP_715236.1_5028	CAALFM_C703930CA
lcl|NC_032095.1_cds_XP_715235.1_5029	CAALFM_C703940CA
lcl|NC_032095.1_cds_XP_715234.1_5030	CAALFM_C703960CA
lcl|NC_032095.1_cds_XP_715233.1_5031	CAALFM_C703970CA
lcl|NC_032095.1_cds_XP_715232.1_5032	CAALFM_C703980WA
lcl|NC_032095.1_cds_XP_715231.1_5033	CAALFM_C703990CA
lcl|NC_032095.1_cds_XP_715230.1_5034	CAALFM_C704000WA
lcl|NC_032095.1_cds_XP_715228.1_5035	CAALFM_C704010WA
lcl|NC_032095.1_cds_XP_715227.1_5036	CAALFM_C704020CA
lcl|NC_032095.1_cds_XP_715226.1_5037	CAALFM_C704030CA
lcl|NC_032095.1_cds_XP_715225.1_5038	CAALFM_C704040CA
lcl|NC_032095.1_cds_XP_715224.1_5039	CAALFM_C704050WA
lcl|NC_032095.1_cds_XP_715222.1_5040	CAALFM_C704060WA
lcl|NC_032095.1_cds_XP_715219.1_5041	CAALFM_C704070CA
lcl|NC_032095.1_cds_XP_715216.1_5042	CAALFM_C704080CA
lcl|NC_032095.1_cds_XP_715215.1_5043	CAALFM_C704090CA
lcl|NC_032095.1_cds_XP_715214.1_5044	CAALFM_C704100CA
lcl|NC_032095.1_cds_XP_715213.1_5045	CAALFM_C704110WA
lcl|NC_032095.1_cds_XP_715212.1_5046	CAALFM_C704120WA
lcl|NC_032095.1_cds_XP_715210.1_5047	CAALFM_C704130CA
lcl|NC_032095.1_cds_XP_715209.1_5048	CAALFM_C704140CA
lcl|NC_032095.1_cds_XP_715208.1_5049	CAALFM_C704150WA
lcl|NC_032095.1_cds_XP_715207.1_5050	CAALFM_C704160WA
lcl|NC_032095.1_cds_XP_019331042.1_5051	CAALFM_C704170WA
lcl|NC_032095.1_cds_XP_715205.1_5052	CAALFM_C704180WA
lcl|NC_032095.1_cds_XP_715203.1_5053	CAALFM_C704190CA
lcl|NC_032095.1_cds_XP_715202.1_5054	CAALFM_C704200CA
lcl|NC_032095.1_cds_XP_715201.1_5055	CAALFM_C704210CA
lcl|NC_032095.1_cds_XP_715199.1_5056	CAALFM_C704230WA
lcl|NC_032095.1_cds_XP_715198.1_5057	CAALFM_C704240CA
lcl|NC_032095.1_cds_XP_715197.2_5058	CAALFM_C704250WA
lcl|NC_032095.1_cds_XP_019331043.1_5059	CAALFM_C704260WA
lcl|NC_032095.1_cds_XP_715190.1_5060	CAALFM_C704270CA
lcl|NC_032095.1_cds_XP_715189.1_5061	CAALFM_C704280CA
lcl|NC_032095.1_cds_XP_715188.1_5062	CAALFM_C704290WA
lcl|NC_032095.1_cds_XP_715187.1_5063	CAALFM_C704300WA
lcl|NC_032095.1_cds_XP_715182.1_5064	CAALFM_C704310CA
lcl|NC_032095.1_cds_XP_715181.1_5065	CAALFM_C704320WA
lcl|NC_032095.1_cds_XP_715179.1_5066	CAALFM_C704330CA
lcl|NC_032095.1_cds_XP_019331044.1_5067	CAALFM_C704340CA
lcl|NC_032095.1_cds_XP_715178.1_5068	CAALFM_C704360CA
lcl|NC_032096.1_cds_XP_718699.2_5069	CAALFM_CR00010CA
lcl|NC_032096.1_cds_XP_718698.1_5070	CAALFM_CR00020WA
lcl|NC_032096.1_cds_XP_718696.1_5071	CAALFM_CR00040CA
lcl|NC_032096.1_cds_XP_718695.1_5072	CAALFM_CR00050WA
lcl|NC_032096.1_cds_XP_718694.1_5073	CAALFM_CR00060CA
lcl|NC_032096.1_cds_XP_718693.1_5074	CAALFM_CR00070WA
lcl|NC_032096.1_cds_XP_718690.1_5075	CAALFM_CR00080WA
lcl|NC_032096.1_cds_XP_718687.1_5076	CAALFM_CR00090CA
lcl|NC_032096.1_cds_XP_718685.1_5077	CAALFM_CR00100CA
lcl|NC_032096.1_cds_XP_718684.1_5078	CAALFM_CR00110WA
lcl|NC_032096.1_cds_XP_718680.1_5079	CAALFM_CR00120CA
lcl|NC_032096.1_cds_XP_718679.1_5080	CAALFM_CR00130CA
lcl|NC_032096.1_cds_XP_718678.1_5081	CAALFM_CR00140WA
lcl|NC_032096.1_cds_XP_718677.1_5082	CAALFM_CR00150CA
lcl|NC_032096.1_cds_XP_718676.1_5083	CAALFM_CR00160CA
lcl|NC_032096.1_cds_XP_718675.1_5084	CAALFM_CR00170WA
lcl|NC_032096.1_cds_XP_718674.1_5085	CAALFM_CR00180CA
lcl|NC_032096.1_cds_XP_718673.1_5086	CAALFM_CR00190WA
lcl|NC_032096.1_cds_XP_718671.1_5087	CAALFM_CR00200WA
lcl|NC_032096.1_cds_XP_718670.1_5088	CAALFM_CR00210WA
lcl|NC_032096.1_cds_XP_718669.1_5089	CAALFM_CR00220WA
lcl|NC_032096.1_cds_XP_718668.1_5090	CAALFM_CR00230WA
lcl|NC_032096.1_cds_XP_019331045.1_5091	CAALFM_CR00240WA
lcl|NC_032096.1_cds_XP_019331046.1_5092	CAALFM_CR00250WA
lcl|NC_032096.1_cds_XP_718667.1_5093	CAALFM_CR00260WA
lcl|NC_032096.1_cds_XP_718664.1_5094	CAALFM_CR00270CA
lcl|NC_032096.1_cds_XP_718663.1_5095	CAALFM_CR00280CA
lcl|NC_032096.1_cds_XP_718661.1_5096	CAALFM_CR00290WA
lcl|NC_032096.1_cds_XP_718660.1_5097	CAALFM_CR00300WA
lcl|NC_032096.1_cds_XP_718659.1_5098	CAALFM_CR00310CA
lcl|NC_032096.1_cds_XP_718658.1_5099	CAALFM_CR00320CA
lcl|NC_032096.1_cds_XP_718657.2_5100	CAALFM_CR00330CA
lcl|NC_032096.1_cds_XP_019331047.1_5101	CAALFM_CR00340CA
lcl|NC_032096.1_cds_XP_718656.1_5102	CAALFM_CR00350WA
lcl|NC_032096.1_cds_XP_718655.1_5103	CAALFM_CR00360CA
lcl|NC_032096.1_cds_XP_718654.1_5104	CAALFM_CR00370WA
lcl|NC_032096.1_cds_XP_718652.1_5105	CAALFM_CR00380WA
lcl|NC_032096.1_cds_XP_718651.1_5106	CAALFM_CR00390WA
lcl|NC_032096.1_cds_XP_718649.1_5107	CAALFM_CR00400CA
lcl|NC_032096.1_cds_XP_718648.1_5108	CAALFM_CR00410WA
lcl|NC_032096.1_cds_XP_718647.1_5109	CAALFM_CR00420WA
lcl|NC_032096.1_cds_XP_019331048.1_5110	CAALFM_CR00430CA
lcl|NC_032096.1_cds_XP_718646.1_5111	CAALFM_CR00440CA
lcl|NC_032096.1_cds_XP_718645.1_5112	CAALFM_CR00460CA
lcl|NC_032096.1_cds_XP_718644.2_5113	CAALFM_CR00470WA
lcl|NC_032096.1_cds_XP_718643.1_5114	CAALFM_CR00480WA
lcl|NC_032096.1_cds_XP_718642.1_5115	CAALFM_CR00490WA
lcl|NC_032096.1_cds_XP_718641.1_5116	CAALFM_CR00510CA
lcl|NC_032096.1_cds_XP_718640.1_5117	CAALFM_CR00520CA
lcl|NC_032096.1_cds_XP_718639.1_5118	CAALFM_CR00530WA
lcl|NC_032096.1_cds_XP_718638.1_5119	CAALFM_CR00540CA
lcl|NC_032096.1_cds_XP_718636.1_5120	CAALFM_CR00560WA
lcl|NC_032096.1_cds_XP_718635.1_5121	CAALFM_CR00570WA
lcl|NC_032096.1_cds_XP_718634.1_5122	CAALFM_CR00580WA
lcl|NC_032096.1_cds_XP_718633.2_5123	CAALFM_CR00590WA
lcl|NC_032096.1_cds_XP_718631.2_5124	CAALFM_CR00600CA
lcl|NC_032096.1_cds_XP_718630.1_5125	CAALFM_CR00610WA
lcl|NC_032096.1_cds_XP_718627.2_5126	CAALFM_CR00620CA
lcl|NC_032096.1_cds_XP_718626.2_5127	CAALFM_CR00630WA
lcl|NC_032096.1_cds_XP_718624.1_5128	CAALFM_CR00640WA
lcl|NC_032096.1_cds_XP_718622.1_5129	CAALFM_CR00650WA
lcl|NC_032096.1_cds_XP_718621.1_5130	CAALFM_CR00660WA
lcl|NC_032096.1_cds_XP_718618.1_5131	CAALFM_CR00670CA
lcl|NC_032096.1_cds_XP_717977.2_5132	CAALFM_CR00680WA
lcl|NC_032096.1_cds_XP_717976.2_5133	CAALFM_CR00690CA
lcl|NC_032096.1_cds_XP_717975.1_5134	CAALFM_CR00700WA
lcl|NC_032096.1_cds_XP_717973.1_5135	CAALFM_CR00710CA
lcl|NC_032096.1_cds_XP_717974.1_5136	CAALFM_CR00720WA
lcl|NC_032096.1_cds_XP_717972.1_5137	CAALFM_CR00740CA
lcl|NC_032096.1_cds_XP_717971.1_5138	CAALFM_CR00750CA
lcl|NC_032096.1_cds_XP_717969.1_5139	CAALFM_CR00760CA
lcl|NC_032096.1_cds_XP_717968.1_5140	CAALFM_CR00780CA
lcl|NC_032096.1_cds_XP_717966.1_5141	CAALFM_CR00800CA
lcl|NC_032096.1_cds_XP_717965.1_5142	CAALFM_CR00810WA
lcl|NC_032096.1_cds_XP_019331049.1_5143	CAALFM_CR00820CA
lcl|NC_032096.1_cds_XP_717962.1_5144	CAALFM_CR00830WA
lcl|NC_032096.1_cds_XP_717961.1_5145	CAALFM_CR00840CA
lcl|NC_032096.1_cds_XP_717960.2_5146	CAALFM_CR00850CA
lcl|NC_032096.1_cds_XP_717958.1_5147	CAALFM_CR00860CA
lcl|NC_032096.1_cds_XP_717957.1_5148	CAALFM_CR00870CA
lcl|NC_032096.1_cds_XP_717956.1_5149	CAALFM_CR00880WA
lcl|NC_032096.1_cds_XP_019331050.1_5150	CAALFM_CR00890CA
lcl|NC_032096.1_cds_XP_717955.1_5151	CAALFM_CR00900WA
lcl|NC_032096.1_cds_XP_019331051.1_5152	CAALFM_CR00910WA
lcl|NC_032096.1_cds_XP_717954.1_5153	CAALFM_CR00920WA
lcl|NC_032096.1_cds_XP_717953.1_5154	CAALFM_CR00930WA
lcl|NC_032096.1_cds_XP_717951.1_5155	CAALFM_CR00970WA
lcl|NC_032096.1_cds_XP_717950.1_5156	CAALFM_CR00980CA
lcl|NC_032096.1_cds_XP_717949.1_5157	CAALFM_CR00990WA
lcl|NC_032096.1_cds_XP_717946.1_5158	CAALFM_CR01000CA
lcl|NC_032096.1_cds_XP_717945.1_5159	CAALFM_CR01010WA
lcl|NC_032096.1_cds_XP_717944.1_5160	CAALFM_CR01020CA
lcl|NC_032096.1_cds_XP_717943.1_5161	CAALFM_CR01030WA
lcl|NC_032096.1_cds_XP_019331052.1_5162	CAALFM_CR01040CA
lcl|NC_032096.1_cds_XP_717941.1_5163	CAALFM_CR01050CA
lcl|NC_032096.1_cds_XP_717940.1_5164	CAALFM_CR01060WA
lcl|NC_032096.1_cds_XP_717939.1_5165	CAALFM_CR01070WA
lcl|NC_032096.1_cds_XP_717938.1_5166	CAALFM_CR01080WA
lcl|NC_032096.1_cds_XP_717936.2_5167	CAALFM_CR01090WA
lcl|NC_032096.1_cds_XP_717935.1_5168	CAALFM_CR01100CA
lcl|NC_032096.1_cds_XP_717934.1_5169	CAALFM_CR01110WA
lcl|NC_032096.1_cds_XP_717933.1_5170	CAALFM_CR01120CA
lcl|NC_032096.1_cds_XP_717932.1_5171	CAALFM_CR01130WA
lcl|NC_032096.1_cds_XP_717931.1_5172	CAALFM_CR01140CA
lcl|NC_032096.1_cds_XP_717930.1_5173	CAALFM_CR01150CA
lcl|NC_032096.1_cds_XP_717928.1_5174	CAALFM_CR01170WA
lcl|NC_032096.1_cds_XP_717926.2_5175	CAALFM_CR01180WA
lcl|NC_032096.1_cds_XP_019331053.1_5176	CAALFM_CR01190CA
lcl|NC_032096.1_cds_XP_717925.1_5177	CAALFM_CR01200WA
lcl|NC_032096.1_cds_XP_717924.1_5178	CAALFM_CR01210CA
lcl|NC_032096.1_cds_XP_717923.1_5179	CAALFM_CR01220WA
lcl|NC_032096.1_cds_XP_717922.1_5180	CAALFM_CR01230CA
lcl|NC_032096.1_cds_XP_717921.2_5181	CAALFM_CR01240CA
lcl|NC_032096.1_cds_XP_717920.1_5182	CAALFM_CR01250CA
lcl|NC_032096.1_cds_XP_717919.2_5183	CAALFM_CR01260WA
lcl|NC_032096.1_cds_XP_717918.2_5184	CAALFM_CR01270CA
lcl|NC_032096.1_cds_XP_717917.2_5185	CAALFM_CR01280CA
lcl|NC_032096.1_cds_XP_717916.2_5186	CAALFM_CR01290CA
lcl|NC_032096.1_cds_XP_019331054.1_5187	CAALFM_CR01300WA
lcl|NC_032096.1_cds_XP_019331055.1_5188	CAALFM_CR01310WA
lcl|NC_032096.1_cds_XP_717913.2_5189	CAALFM_CR01320CA
lcl|NC_032096.1_cds_XP_717912.1_5190	CAALFM_CR01330WA
lcl|NC_032096.1_cds_XP_718185.1_5191	CAALFM_CR01340WA
lcl|NC_032096.1_cds_XP_718186.1_5192	CAALFM_CR01350CA
lcl|NC_032096.1_cds_XP_718187.1_5193	CAALFM_CR01360WA
lcl|NC_032096.1_cds_XP_718188.1_5194	CAALFM_CR01370CA
lcl|NC_032096.1_cds_XP_718190.2_5195	CAALFM_CR01380WA
lcl|NC_032096.1_cds_XP_718192.1_5196	CAALFM_CR01390WA
lcl|NC_032096.1_cds_XP_718193.1_5197	CAALFM_CR01400WA
lcl|NC_032096.1_cds_XP_718195.1_5198	CAALFM_CR01410CA
lcl|NC_032096.1_cds_XP_718196.1_5199	CAALFM_CR01420WA
lcl|NC_032096.1_cds_XP_718197.1_5200	CAALFM_CR01430WA
lcl|NC_032096.1_cds_XP_019331056.1_5201	CAALFM_CR01440CA
lcl|NC_032096.1_cds_XP_718199.1_5202	CAALFM_CR01470WA
lcl|NC_032096.1_cds_XP_718201.2_5203	CAALFM_CR01480WA
lcl|NC_032096.1_cds_XP_019331057.1_5204	CAALFM_CR01490CA
lcl|NC_032096.1_cds_XP_718202.1_5205	CAALFM_CR01500WA
lcl|NC_032096.1_cds_XP_718205.2_5206	CAALFM_CR01510CA
lcl|NC_032096.1_cds_XP_718206.2_5207	CAALFM_CR01520WA
lcl|NC_032096.1_cds_XP_718207.1_5208	CAALFM_CR01530CA
lcl|NC_032096.1_cds_XP_718208.2_5209	CAALFM_CR01540WA
lcl|NC_032096.1_cds_XP_718209.2_5210	CAALFM_CR01550CA
lcl|NC_032096.1_cds_XP_718210.1_5211	CAALFM_CR01560WA
lcl|NC_032096.1_cds_XP_718212.1_5212	CAALFM_CR01570WA
lcl|NC_032096.1_cds_XP_718213.2_5213	CAALFM_CR01580CA
lcl|NC_032096.1_cds_XP_019331058.1_5214	CAALFM_CR01590CA
lcl|NC_032096.1_cds_XP_718215.2_5215	CAALFM_CR01600CA
lcl|NC_032096.1_cds_XP_718218.2_5216	CAALFM_CR01610CA
lcl|NC_032096.1_cds_XP_718219.1_5217	CAALFM_CR01620CA
lcl|NC_032096.1_cds_XP_718220.2_5218	CAALFM_CR01630CA
lcl|NC_032096.1_cds_XP_718221.1_5219	CAALFM_CR01640CA
lcl|NC_032096.1_cds_XP_718222.1_5220	CAALFM_CR01650WA
lcl|NC_032096.1_cds_XP_718224.1_5221	CAALFM_CR01660CA
lcl|NC_032096.1_cds_XP_718225.2_5222	CAALFM_CR01670WA
lcl|NC_032096.1_cds_XP_718226.1_5223	CAALFM_CR01680CA
lcl|NC_032096.1_cds_XP_718229.2_5224	CAALFM_CR01690CA
lcl|NC_032096.1_cds_XP_718230.2_5225	CAALFM_CR01700CA
lcl|NC_032096.1_cds_XP_718231.1_5226	CAALFM_CR01710WA
lcl|NC_032096.1_cds_XP_718232.2_5227	CAALFM_CR01720WA
lcl|NC_032096.1_cds_XP_718234.1_5228	CAALFM_CR01730WA
lcl|NC_032096.1_cds_XP_718236.1_5229	CAALFM_CR01740WA
lcl|NC_032096.1_cds_XP_718237.1_5230	CAALFM_CR01750CA
lcl|NC_032096.1_cds_XP_718239.2_5231	CAALFM_CR01760CA
lcl|NC_032096.1_cds_XP_718240.2_5232	CAALFM_CR01770CA
lcl|NC_032096.1_cds_XP_718241.2_5233	CAALFM_CR01780WA
lcl|NC_032096.1_cds_XP_718245.2_5234	CAALFM_CR01790CA
lcl|NC_032096.1_cds_XP_718246.2_5235	CAALFM_CR01800CA
lcl|NC_032096.1_cds_XP_718247.2_5236	CAALFM_CR01810CA
lcl|NC_032096.1_cds_XP_718248.2_5237	CAALFM_CR01820WA
lcl|NC_032096.1_cds_XP_019331059.1_5238	CAALFM_CR01830CA
lcl|NC_032096.1_cds_XP_718253.2_5239	CAALFM_CR01900CA
lcl|NC_032096.1_cds_XP_718255.2_5240	CAALFM_CR01910CA
lcl|NC_032096.1_cds_XP_718256.1_5241	CAALFM_CR01920WA
lcl|NC_032096.1_cds_XP_718258.2_5242	CAALFM_CR01930CA
lcl|NC_032096.1_cds_XP_718259.2_5243	CAALFM_CR01950WA
lcl|NC_032096.1_cds_XP_718262.1_5244	CAALFM_CR01960CA
lcl|NC_032096.1_cds_XP_019331060.1_5245	CAALFM_CR01970CA
lcl|NC_032096.1_cds_XP_718264.1_5246	CAALFM_CR01980CA
lcl|NC_032096.1_cds_XP_718265.2_5247	CAALFM_CR01990CA
lcl|NC_032096.1_cds_XP_718266.2_5248	CAALFM_CR02000CA
lcl|NC_032096.1_cds_XP_718267.2_5249	CAALFM_CR02020CA
lcl|NC_032096.1_cds_XP_718269.1_5250	CAALFM_CR02030CA
lcl|NC_032096.1_cds_XP_718270.2_5251	CAALFM_CR02040WA
lcl|NC_032096.1_cds_XP_718271.1_5252	CAALFM_CR02050CA
lcl|NC_032096.1_cds_XP_718272.2_5253	CAALFM_CR02060WA
lcl|NC_032096.1_cds_XP_718273.2_5254	CAALFM_CR02070CA
lcl|NC_032096.1_cds_XP_718274.1_5255	CAALFM_CR02090CA
lcl|NC_032096.1_cds_XP_019331061.1_5256	CAALFM_CR02100CA
lcl|NC_032096.1_cds_XP_718276.2_5257	CAALFM_CR02110WA
lcl|NC_032096.1_cds_XP_718277.1_5258	CAALFM_CR02120CA
lcl|NC_032096.1_cds_XP_019331062.1_5259	CAALFM_CR02130WA
lcl|NC_032096.1_cds_XP_019331063.1_5260	CAALFM_CR02140WA
lcl|NC_032096.1_cds_XP_718280.1_5261	CAALFM_CR02150WA
lcl|NC_032096.1_cds_XP_718281.2_5262	CAALFM_CR02160WA
lcl|NC_032096.1_cds_XP_718283.1_5263	CAALFM_CR02170WA
lcl|NC_032096.1_cds_XP_713442.1_5264	CAALFM_CR02180WA
lcl|NC_032096.1_cds_XP_713441.1_5265	CAALFM_CR02190CA
lcl|NC_032096.1_cds_XP_713440.1_5266	CAALFM_CR02200CA
lcl|NC_032096.1_cds_XP_713439.1_5267	CAALFM_CR02210WA
lcl|NC_032096.1_cds_XP_713437.1_5268	CAALFM_CR02220CA
lcl|NC_032096.1_cds_XP_713434.1_5269	CAALFM_CR02240CA
lcl|NC_032096.1_cds_XP_713432.2_5270	CAALFM_CR02250CA
lcl|NC_032096.1_cds_XP_713431.2_5271	CAALFM_CR02260CA
lcl|NC_032096.1_cds_XP_713430.1_5272	CAALFM_CR02270CA
lcl|NC_032096.1_cds_XP_713428.1_5273	CAALFM_CR02280WA
lcl|NC_032096.1_cds_XP_713426.1_5274	CAALFM_CR02290WA
lcl|NC_032096.1_cds_XP_713425.2_5275	CAALFM_CR02300CA
lcl|NC_032096.1_cds_XP_713424.1_5276	CAALFM_CR02330CA
lcl|NC_032096.1_cds_XP_019331064.1_5277	CAALFM_CR02340WA
lcl|NC_032096.1_cds_XP_713422.2_5278	CAALFM_CR02350CA
lcl|NC_032096.1_cds_XP_713421.2_5279	CAALFM_CR02360WA
lcl|NC_032096.1_cds_XP_713420.1_5280	CAALFM_CR02370WA
lcl|NC_032096.1_cds_XP_713418.2_5281	CAALFM_CR02380CA
lcl|NC_032096.1_cds_XP_713417.2_5282	CAALFM_CR02390WA
lcl|NC_032096.1_cds_XP_713416.2_5283	CAALFM_CR02400WA
lcl|NC_032096.1_cds_XP_713415.2_5284	CAALFM_CR02410WA
lcl|NC_032096.1_cds_XP_713413.2_5285	CAALFM_CR02420WA
lcl|NC_032096.1_cds_XP_713411.2_5286	CAALFM_CR02430CA
lcl|NC_032096.1_cds_XP_713410.2_5287	CAALFM_CR02440WA
lcl|NC_032096.1_cds_XP_713409.1_5288	CAALFM_CR02460WA
lcl|NC_032096.1_cds_XP_710713.1_5289	CAALFM_CR02490WA
lcl|NC_032096.1_cds_XP_710712.1_5290	CAALFM_CR02500WA
lcl|NC_032096.1_cds_XP_710710.2_5291	CAALFM_CR02510WA
lcl|NC_032096.1_cds_XP_710709.1_5292	CAALFM_CR02520WA
lcl|NC_032096.1_cds_XP_019331065.1_5293	CAALFM_CR02530WA
lcl|NC_032096.1_cds_XP_710706.1_5294	CAALFM_CR02540WA
lcl|NC_032096.1_cds_XP_710705.2_5295	CAALFM_CR02550CA
lcl|NC_032096.1_cds_XP_710703.2_5296	CAALFM_CR02560CA
lcl|NC_032096.1_cds_XP_710701.1_5297	CAALFM_CR02570CA
lcl|NC_032096.1_cds_XP_710700.2_5298	CAALFM_CR02580WA
lcl|NC_032096.1_cds_XP_715749.2_5299	CAALFM_CR02590CA
lcl|NC_032096.1_cds_XP_715750.2_5300	CAALFM_CR02600WA
lcl|NC_032096.1_cds_XP_715751.1_5301	CAALFM_CR02610CA
lcl|NC_032096.1_cds_XP_715752.1_5302	CAALFM_CR02620CA
lcl|NC_032096.1_cds_XP_715753.2_5303	CAALFM_CR02630CA
lcl|NC_032096.1_cds_XP_715755.2_5304	CAALFM_CR02640WA
lcl|NC_032096.1_cds_XP_715756.1_5305	CAALFM_CR02650CA
lcl|NC_032096.1_cds_XP_715757.1_5306	CAALFM_CR02670CA
lcl|NC_032096.1_cds_XP_715758.2_5307	CAALFM_CR02680WA
lcl|NC_032096.1_cds_XP_715759.2_5308	CAALFM_CR02690WA
lcl|NC_032096.1_cds_XP_715760.1_5309	CAALFM_CR02700WA
lcl|NC_032096.1_cds_XP_715761.1_5310	CAALFM_CR02710WA
lcl|NC_032096.1_cds_XP_715762.2_5311	CAALFM_CR02720CA
lcl|NC_032096.1_cds_XP_715763.2_5312	CAALFM_CR02740WA
lcl|NC_032096.1_cds_XP_715764.2_5313	CAALFM_CR02750CA
lcl|NC_032096.1_cds_XP_715765.2_5314	CAALFM_CR02760CA
lcl|NC_032096.1_cds_XP_715766.2_5315	CAALFM_CR02770CA
lcl|NC_032096.1_cds_XP_715767.1_5316	CAALFM_CR02780WA
lcl|NC_032096.1_cds_XP_715768.2_5317	CAALFM_CR02790CA
lcl|NC_032096.1_cds_XP_715769.2_5318	CAALFM_CR02800CA
lcl|NC_032096.1_cds_XP_715770.2_5319	CAALFM_CR02810WA
lcl|NC_032096.1_cds_XP_715772.2_5320	CAALFM_CR02820WA
lcl|NC_032096.1_cds_XP_715773.2_5321	CAALFM_CR02850CA
lcl|NC_032096.1_cds_XP_715774.1_5322	CAALFM_CR02860WA
lcl|NC_032096.1_cds_XP_715775.2_5323	CAALFM_CR02870WA
lcl|NC_032096.1_cds_XP_715777.1_5324	CAALFM_CR02880WA
lcl|NC_032096.1_cds_XP_715778.2_5325	CAALFM_CR02890CA
lcl|NC_032096.1_cds_XP_715779.2_5326	CAALFM_CR02910WA
lcl|NC_032096.1_cds_XP_715780.1_5327	CAALFM_CR02920CA
lcl|NC_032096.1_cds_XP_715781.2_5328	CAALFM_CR02930WA
lcl|NC_032096.1_cds_XP_715782.1_5329	CAALFM_CR02940CA
lcl|NC_032096.1_cds_XP_715783.1_5330	CAALFM_CR02950CA
lcl|NC_032096.1_cds_XP_715784.1_5331	CAALFM_CR02960WA
lcl|NC_032096.1_cds_XP_715788.2_5332	CAALFM_CR02970CA
lcl|NC_032096.1_cds_XP_715790.1_5333	CAALFM_CR02980CA
lcl|NC_032096.1_cds_XP_715792.1_5334	CAALFM_CR02990CA
lcl|NC_032096.1_cds_XP_715793.1_5335	CAALFM_CR03000CA
lcl|NC_032096.1_cds_XP_019331066.1_5336	CAALFM_CR03010CA
lcl|NC_032096.1_cds_XP_715794.1_5337	CAALFM_CR03020CA
lcl|NC_032096.1_cds_XP_019331067.1_5338	CAALFM_CR03030CA
lcl|NC_032096.1_cds_XP_713258.2_5339	CAALFM_CR03040CA
lcl|NC_032096.1_cds_XP_019331068.1_5340	CAALFM_CR03050CA
lcl|NC_032096.1_cds_XP_713255.2_5341	CAALFM_CR03060WA
lcl|NC_032096.1_cds_XP_713252.2_5342	CAALFM_CR03070WA
lcl|NC_032096.1_cds_XP_713251.1_5343	CAALFM_CR03080CA
lcl|NC_032096.1_cds_XP_019331069.1_5344	CAALFM_CR03090CA
lcl|NC_032096.1_cds_XP_713250.1_5345	CAALFM_CR03100WA
lcl|NC_032096.1_cds_XP_713248.2_5346	CAALFM_CR03110WA
lcl|NC_032096.1_cds_XP_713247.1_5347	CAALFM_CR03120WA
lcl|NC_032096.1_cds_XP_713245.2_5348	CAALFM_CR03130WA
lcl|NC_032096.1_cds_XP_713244.2_5349	CAALFM_CR03140CA
lcl|NC_032096.1_cds_XP_713243.2_5350	CAALFM_CR03150WA
lcl|NC_032096.1_cds_XP_713241.1_5351	CAALFM_CR03160WA
lcl|NC_032096.1_cds_XP_713240.1_5352	CAALFM_CR03170WA
lcl|NC_032096.1_cds_XP_713239.2_5353	CAALFM_CR03180WA
lcl|NC_032096.1_cds_XP_713237.2_5354	CAALFM_CR03200CA
lcl|NC_032096.1_cds_XP_713235.1_5355	CAALFM_CR03210CA
lcl|NC_032096.1_cds_XP_713234.2_5356	CAALFM_CR03220CA
lcl|NC_032096.1_cds_XP_713233.1_5357	CAALFM_CR03230WA
lcl|NC_032096.1_cds_XP_713232.2_5358	CAALFM_CR03240CA
lcl|NC_032096.1_cds_XP_713231.1_5359	CAALFM_CR03250CA
lcl|NC_032096.1_cds_XP_019331070.1_5360	CAALFM_CR03260WA
lcl|NC_032096.1_cds_XP_713230.2_5361	CAALFM_CR03270WA
lcl|NC_032096.1_cds_XP_713229.2_5362	CAALFM_CR03280WA
lcl|NC_032096.1_cds_XP_713228.1_5363	CAALFM_CR03290CA
lcl|NC_032096.1_cds_XP_713227.2_5364	CAALFM_CR03300CA
lcl|NC_032096.1_cds_XP_019331071.1_5365	CAALFM_CR03310CA
lcl|NC_032096.1_cds_XP_713225.2_5366	CAALFM_CR03320CA
lcl|NC_032096.1_cds_XP_713224.2_5367	CAALFM_CR03330WA
lcl|NC_032096.1_cds_XP_713222.1_5368	CAALFM_CR03340CA
lcl|NC_032096.1_cds_XP_713220.1_5369	CAALFM_CR03350CA
lcl|NC_032096.1_cds_XP_713219.1_5370	CAALFM_CR03360WA
lcl|NC_032096.1_cds_XP_713218.2_5371	CAALFM_CR03370CA
lcl|NC_032096.1_cds_XP_713217.1_5372	CAALFM_CR03380WA
lcl|NC_032096.1_cds_XP_713216.2_5373	CAALFM_CR03390CA
lcl|NC_032096.1_cds_XP_713215.2_5374	CAALFM_CR03400WA
lcl|NC_032096.1_cds_XP_713214.1_5375	CAALFM_CR03410WA
lcl|NC_032096.1_cds_XP_019331072.1_5376	CAALFM_CR03420CA
lcl|NC_032096.1_cds_XP_713211.1_5377	CAALFM_CR03430WA
lcl|NC_032096.1_cds_XP_713209.2_5378	CAALFM_CR03440WA
lcl|NC_032096.1_cds_XP_019331073.1_5379	CAALFM_CR03450WA
lcl|NC_032096.1_cds_XP_715164.2_5380	CAALFM_CR03460WA
lcl|NC_032096.1_cds_XP_715166.1_5381	CAALFM_CR03470WA
lcl|NC_032096.1_cds_XP_715167.2_5382	CAALFM_CR03480WA
lcl|NC_032096.1_cds_XP_715168.2_5383	CAALFM_CR03490WA
lcl|NC_032096.1_cds_XP_019331074.1_5384	CAALFM_CR03500WA
lcl|NC_032096.1_cds_XP_715170.1_5385	CAALFM_CR03510WA
lcl|NC_032096.1_cds_XP_715171.2_5386	CAALFM_CR03520CA
lcl|NC_032096.1_cds_XP_715172.2_5387	CAALFM_CR03530WA
lcl|NC_032096.1_cds_XP_715174.2_5388	CAALFM_CR03540WA
lcl|NC_032096.1_cds_XP_715175.2_5389	CAALFM_CR03550WA
lcl|NC_032096.1_cds_XP_715176.1_5390	CAALFM_CR03560WA
lcl|NC_032096.1_cds_XP_715177.2_5391	CAALFM_CR03570CA
lcl|NC_032096.1_cds_XP_715162.1_5392	CAALFM_CR03580CA
lcl|NC_032096.1_cds_XP_715159.2_5393	CAALFM_CR03590CA
lcl|NC_032096.1_cds_XP_715158.1_5394	CAALFM_CR03600CA
lcl|NC_032096.1_cds_XP_715157.2_5395	CAALFM_CR03610CA
lcl|NC_032096.1_cds_XP_715155.2_5396	CAALFM_CR03620CA
lcl|NC_032096.1_cds_XP_715137.2_5397	CAALFM_CR03630WA
lcl|NC_032096.1_cds_XP_715138.1_5398	CAALFM_CR03640CA
lcl|NC_032096.1_cds_XP_715139.2_5399	CAALFM_CR03650WA
lcl|NC_032096.1_cds_XP_715141.2_5400	CAALFM_CR03660CA
lcl|NC_032096.1_cds_XP_715142.2_5401	CAALFM_CR03670WA
lcl|NC_032096.1_cds_XP_715143.2_5402	CAALFM_CR03680CA
lcl|NC_032096.1_cds_XP_715144.2_5403	CAALFM_CR03690WA
lcl|NC_032096.1_cds_XP_715145.2_5404	CAALFM_CR03700CA
lcl|NC_032096.1_cds_XP_715146.2_5405	CAALFM_CR03710CA
lcl|NC_032096.1_cds_XP_715147.1_5406	CAALFM_CR03720WA
lcl|NC_032096.1_cds_XP_715148.1_5407	CAALFM_CR03730CA
lcl|NC_032096.1_cds_XP_715149.1_5408	CAALFM_CR03740CA
lcl|NC_032096.1_cds_XP_715150.1_5409	CAALFM_CR03750CA
lcl|NC_032096.1_cds_XP_715151.1_5410	CAALFM_CR03760WA
lcl|NC_032096.1_cds_XP_019331075.1_5411	CAALFM_CR03770CA
lcl|NC_032096.1_cds_XP_715152.1_5412	CAALFM_CR03780CA
lcl|NC_032096.1_cds_XP_715153.1_5413	CAALFM_CR03790CA
lcl|NC_032096.1_cds_XP_019331076.1_5414	CAALFM_CR03800CA
lcl|NC_032096.1_cds_XP_715128.2_5415	CAALFM_CR03810WA
lcl|NC_032096.1_cds_XP_715130.1_5416	CAALFM_CR03820CA
lcl|NC_032096.1_cds_XP_715131.1_5417	CAALFM_CR03830CA
lcl|NC_032096.1_cds_XP_715132.1_5418	CAALFM_CR03840CA
lcl|NC_032096.1_cds_XP_715133.1_5419	CAALFM_CR03850WA
lcl|NC_032096.1_cds_XP_715134.2_5420	CAALFM_CR03860CA
lcl|NC_032096.1_cds_XP_715135.1_5421	CAALFM_CR03870WA
lcl|NC_032096.1_cds_XP_717330.2_5422	CAALFM_CR03880WA
lcl|NC_032096.1_cds_XP_717331.2_5423	CAALFM_CR03890WA
lcl|NC_032096.1_cds_XP_717333.2_5424	CAALFM_CR03900WA
lcl|NC_032096.1_cds_XP_717334.2_5425	CAALFM_CR03910CA
lcl|NC_032096.1_cds_XP_717336.2_5426	CAALFM_CR03920CA
lcl|NC_032096.1_cds_XP_717337.2_5427	CAALFM_CR03930CA
lcl|NC_032096.1_cds_XP_710023.2_5428	CAALFM_CR03940WA
lcl|NC_032096.1_cds_XP_717340.1_5429	CAALFM_CR03950WA
lcl|NC_032096.1_cds_XP_717342.2_5430	CAALFM_CR03960CA
lcl|NC_032096.1_cds_XP_019331077.1_5431	CAALFM_CR03970CA
lcl|NC_032096.1_cds_XP_717343.2_5432	CAALFM_CR03980WA
lcl|NC_032096.1_cds_XP_717344.1_5433	CAALFM_CR03990CA
lcl|NC_032096.1_cds_XP_717345.1_5434	CAALFM_CR04000WA
lcl|NC_032096.1_cds_XP_717347.1_5435	CAALFM_CR04010CA
lcl|NC_032096.1_cds_XP_019331078.1_5436	CAALFM_CR04020CA
lcl|NC_032096.1_cds_XP_717349.2_5437	CAALFM_CR04030WA
lcl|NC_032096.1_cds_XP_717350.1_5438	CAALFM_CR04040CA
lcl|NC_032096.1_cds_XP_717351.1_5439	CAALFM_CR04050CA
lcl|NC_032096.1_cds_XP_717352.1_5440	CAALFM_CR04060CA
lcl|NC_032096.1_cds_XP_717353.2_5441	CAALFM_CR04070WA
lcl|NC_032096.1_cds_XP_717354.2_5442	CAALFM_CR04080CA
lcl|NC_032096.1_cds_XP_717355.1_5443	CAALFM_CR04090CA
lcl|NC_032096.1_cds_XP_717356.1_5444	CAALFM_CR04100CA
lcl|NC_032096.1_cds_XP_717357.2_5445	CAALFM_CR04110WA
lcl|NC_032096.1_cds_XP_717359.2_5446	CAALFM_CR04120CA
lcl|NC_032096.1_cds_XP_717360.1_5447	CAALFM_CR04130CA
lcl|NC_032096.1_cds_XP_717361.1_5448	CAALFM_CR04140WA
lcl|NC_032096.1_cds_XP_717362.2_5449	CAALFM_CR04150WA
lcl|NC_032096.1_cds_XP_717363.1_5450	CAALFM_CR04160CA
lcl|NC_032096.1_cds_XP_717364.2_5451	CAALFM_CR04170WA
lcl|NC_032096.1_cds_XP_717367.1_5452	CAALFM_CR04180CA
lcl|NC_032096.1_cds_XP_717368.1_5453	CAALFM_CR04190WA
lcl|NC_032096.1_cds_XP_717369.2_5454	CAALFM_CR04200WA
lcl|NC_032096.1_cds_XP_717371.1_5455	CAALFM_CR04210CA
lcl|NC_032096.1_cds_XP_717373.1_5456	CAALFM_CR04220CA
lcl|NC_032096.1_cds_XP_717374.2_5457	CAALFM_CR04230WA
lcl|NC_032096.1_cds_XP_717375.1_5458	CAALFM_CR04240CA
lcl|NC_032096.1_cds_XP_717376.1_5459	CAALFM_CR04250WA
lcl|NC_032096.1_cds_XP_019331079.1_5460	CAALFM_CR04260WA
lcl|NC_032096.1_cds_XP_717378.2_5461	CAALFM_CR04270CA
lcl|NC_032096.1_cds_XP_717379.1_5462	CAALFM_CR04280CA
lcl|NC_032096.1_cds_XP_717380.1_5463	CAALFM_CR04290WA
lcl|NC_032096.1_cds_XP_717381.1_5464	CAALFM_CR04300WA
lcl|NC_032096.1_cds_XP_717382.1_5465	CAALFM_CR04310CA
lcl|NC_032096.1_cds_XP_717383.1_5466	CAALFM_CR04330WA
lcl|NC_032096.1_cds_XP_717385.1_5467	CAALFM_CR04340WA
lcl|NC_032096.1_cds_XP_717387.2_5468	CAALFM_CR04350CA
lcl|NC_032096.1_cds_XP_717389.1_5469	CAALFM_CR04360CA
lcl|NC_032096.1_cds_XP_717390.1_5470	CAALFM_CR04370WA
lcl|NC_032096.1_cds_XP_717391.1_5471	CAALFM_CR04380CA
lcl|NC_032096.1_cds_XP_717392.2_5472	CAALFM_CR04390CA
lcl|NC_032096.1_cds_XP_019331080.1_5473	CAALFM_CR04400WA
lcl|NC_032096.1_cds_XP_717393.2_5474	CAALFM_CR04410WA
lcl|NC_032096.1_cds_XP_717395.2_5475	CAALFM_CR04420CA
lcl|NC_032096.1_cds_XP_717398.1_5476	CAALFM_CR04440CA
lcl|NC_032096.1_cds_XP_717399.2_5477	CAALFM_CR04450CA
lcl|NC_032096.1_cds_XP_717400.1_5478	CAALFM_CR04460CA
lcl|NC_032096.1_cds_XP_717401.1_5479	CAALFM_CR04470WA
lcl|NC_032096.1_cds_XP_717402.1_5480	CAALFM_CR04480CA
lcl|NC_032096.1_cds_XP_717403.1_5481	CAALFM_CR04490CA
lcl|NC_032096.1_cds_XP_717404.2_5482	CAALFM_CR04500CA
lcl|NC_032096.1_cds_XP_717405.1_5483	CAALFM_CR04510WA
lcl|NC_032096.1_cds_XP_019331081.1_5484	CAALFM_CR04520WA
lcl|NC_032096.1_cds_XP_717406.1_5485	CAALFM_CR04530WA
lcl|NC_032096.1_cds_XP_717407.1_5486	CAALFM_CR04540CA
lcl|NC_032096.1_cds_XP_019331082.1_5487	CAALFM_CR04550WA
lcl|NC_032096.1_cds_XP_717410.1_5488	CAALFM_CR04560CA
lcl|NC_032096.1_cds_XP_717411.2_5489	CAALFM_CR04570CA
lcl|NC_032096.1_cds_XP_717412.1_5490	CAALFM_CR04580WA
lcl|NC_032096.1_cds_XP_717413.1_5491	CAALFM_CR04590CA
lcl|NC_032096.1_cds_XP_717414.2_5492	CAALFM_CR04600WA
lcl|NC_032096.1_cds_XP_717415.2_5493	CAALFM_CR04610CA
lcl|NC_032096.1_cds_XP_717416.2_5494	CAALFM_CR04620CA
lcl|NC_032096.1_cds_XP_717417.1_5495	CAALFM_CR04630CA
lcl|NC_032096.1_cds_XP_710261.1_5496	CAALFM_CR04640WA
lcl|NC_032096.1_cds_XP_019331083.1_5497	CAALFM_CR04650WA
lcl|NC_032096.1_cds_XP_019331084.1_5498	CAALFM_CR04660CA
lcl|NC_032096.1_cds_XP_710256.1_5499	CAALFM_CR04680CA
lcl|NC_032096.1_cds_XP_710255.2_5500	CAALFM_CR04710WA
lcl|NC_032096.1_cds_XP_710254.2_5501	CAALFM_CR04720CA
lcl|NC_032096.1_cds_XP_711103.2_5502	CAALFM_CR04730WA
lcl|NC_032096.1_cds_XP_711102.1_5503	CAALFM_CR04740CA
lcl|NC_032096.1_cds_XP_019331085.1_5504	CAALFM_CR04750WA
lcl|NC_032096.1_cds_XP_711101.1_5505	CAALFM_CR04760CA
lcl|NC_032096.1_cds_XP_711100.2_5506	CAALFM_CR04770CA
lcl|NC_032096.1_cds_XP_711099.1_5507	CAALFM_CR04780WA
lcl|NC_032096.1_cds_XP_019331086.1_5508	CAALFM_CR04790WA
lcl|NC_032096.1_cds_XP_711098.1_5509	CAALFM_CR04800WA
lcl|NC_032096.1_cds_XP_711097.2_5510	CAALFM_CR04810WA
lcl|NC_032096.1_cds_XP_711096.1_5511	CAALFM_CR04820WA
lcl|NC_032096.1_cds_XP_711095.1_5512	CAALFM_CR04830CA
lcl|NC_032096.1_cds_XP_711094.2_5513	CAALFM_CR04840CA
lcl|NC_032096.1_cds_XP_711093.2_5514	CAALFM_CR04850CA
lcl|NC_032096.1_cds_XP_711092.2_5515	CAALFM_CR04860CA
lcl|NC_032096.1_cds_XP_711091.2_5516	CAALFM_CR04870CA
lcl|NC_032096.1_cds_XP_711090.2_5517	CAALFM_CR04880WA
lcl|NC_032096.1_cds_XP_711089.1_5518	CAALFM_CR04890WA
lcl|NC_032096.1_cds_XP_711087.2_5519	CAALFM_CR04900CA
lcl|NC_032096.1_cds_XP_710190.2_5520	CAALFM_CR04910WA
lcl|NC_032096.1_cds_XP_710191.1_5521	CAALFM_CR04920WA
lcl|NC_032096.1_cds_XP_710192.2_5522	CAALFM_CR04930WA
lcl|NC_032096.1_cds_XP_710193.2_5523	CAALFM_CR04940WA
lcl|NC_032096.1_cds_XP_710195.2_5524	CAALFM_CR04950WA
lcl|NC_032096.1_cds_XP_711979.2_5525	CAALFM_CR04960CA
lcl|NC_032096.1_cds_XP_711980.2_5526	CAALFM_CR04970CA
lcl|NC_032096.1_cds_XP_711981.2_5527	CAALFM_CR04980CA
lcl|NC_032096.1_cds_XP_711997.2_5528	CAALFM_CR04990CA
lcl|NC_032096.1_cds_XP_711995.2_5529	CAALFM_CR05010WA
lcl|NC_032096.1_cds_XP_442666.1_5530	CAALFM_CR05020WA
lcl|NC_032096.1_cds_XP_711994.2_5531	CAALFM_CR05030WA
lcl|NC_032096.1_cds_XP_711992.2_5532	CAALFM_CR05050WA
lcl|NC_032096.1_cds_XP_019331087.1_5533	CAALFM_CR05080WA
lcl|NC_032096.1_cds_XP_019331088.1_5534	CAALFM_CR05090CA
lcl|NC_032096.1_cds_XP_711989.2_5535	CAALFM_CR05100WA
lcl|NC_032096.1_cds_XP_711988.1_5536	CAALFM_CR05120WA
lcl|NC_032096.1_cds_XP_711987.2_5537	CAALFM_CR05130CA
lcl|NC_032096.1_cds_XP_711986.1_5538	CAALFM_CR05140WA
lcl|NC_032096.1_cds_XP_019331089.1_5539	CAALFM_CR05150WA
lcl|NC_032096.1_cds_XP_711985.1_5540	CAALFM_CR05160CA
lcl|NC_032096.1_cds_XP_711984.1_5541	CAALFM_CR05170CA
lcl|NC_032096.1_cds_XP_711983.1_5542	CAALFM_CR05180CA
lcl|NC_032096.1_cds_XP_710314.1_5543	CAALFM_CR05190WA
lcl|NC_032096.1_cds_XP_710315.1_5544	CAALFM_CR05200CA
lcl|NC_032096.1_cds_XP_710316.2_5545	CAALFM_CR05210WA
lcl|NC_032096.1_cds_XP_710317.1_5546	CAALFM_CR05220CA
lcl|NC_032096.1_cds_XP_710318.2_5547	CAALFM_CR05240CA
lcl|NC_032096.1_cds_XP_710321.1_5548	CAALFM_CR05250CA
lcl|NC_032096.1_cds_XP_710272.1_5549	CAALFM_CR05260CA
lcl|NC_032096.1_cds_XP_710275.2_5550	CAALFM_CR05290WA
lcl|NC_032096.1_cds_XP_710276.1_5551	CAALFM_CR05300CA
lcl|NC_032096.1_cds_XP_710277.1_5552	CAALFM_CR05310WA
lcl|NC_032096.1_cds_XP_019331090.1_5553	CAALFM_CR05330WA
lcl|NC_032096.1_cds_XP_710369.1_5554	CAALFM_CR05340CA
lcl|NC_032096.1_cds_XP_710368.2_5555	CAALFM_CR05360CA
lcl|NC_032096.1_cds_XP_710367.1_5556	CAALFM_CR05380CA
lcl|NC_032096.1_cds_XP_710366.1_5557	CAALFM_CR05390WA
lcl|NC_032096.1_cds_XP_710157.2_5558	CAALFM_CR05430WA
lcl|NC_032096.1_cds_XP_710160.1_5559	CAALFM_CR05440WA
lcl|NC_032096.1_cds_XP_710161.1_5560	CAALFM_CR05450CA
lcl|NC_032096.1_cds_XP_710162.1_5561	CAALFM_CR05460WA
lcl|NC_032096.1_cds_XP_710163.1_5562	CAALFM_CR05480WA
lcl|NC_032096.1_cds_XP_710164.1_5563	CAALFM_CR05490WA
lcl|NC_032096.1_cds_XP_710807.1_5564	CAALFM_CR05500CA
lcl|NC_032096.1_cds_XP_710806.1_5565	CAALFM_CR05510WA
lcl|NC_032096.1_cds_XP_710805.1_5566	CAALFM_CR05520WA
lcl|NC_032096.1_cds_XP_710804.1_5567	CAALFM_CR05530CA
lcl|NC_032096.1_cds_XP_710803.2_5568	CAALFM_CR05540CA
lcl|NC_032096.1_cds_XP_710802.1_5569	CAALFM_CR05550CA
lcl|NC_032096.1_cds_XP_710801.1_5570	CAALFM_CR05560WA
lcl|NC_032096.1_cds_XP_710800.2_5571	CAALFM_CR05570CA
lcl|NC_032096.1_cds_XP_019331091.1_5572	CAALFM_CR05580CA
lcl|NC_032096.1_cds_XP_710798.2_5573	CAALFM_CR05610CA
lcl|NC_032096.1_cds_XP_711719.1_5574	CAALFM_CR05620CA
lcl|NC_032096.1_cds_XP_711718.1_5575	CAALFM_CR05630WA
lcl|NC_032096.1_cds_XP_711716.1_5576	CAALFM_CR05640CA
lcl|NC_032096.1_cds_XP_711715.1_5577	CAALFM_CR05650WA
lcl|NC_032096.1_cds_XP_711714.1_5578	CAALFM_CR05660WA
lcl|NC_032096.1_cds_XP_711711.1_5579	CAALFM_CR05670CA
lcl|NC_032096.1_cds_XP_711710.1_5580	CAALFM_CR05680CA
lcl|NC_032096.1_cds_XP_711709.2_5581	CAALFM_CR05690WA
lcl|NC_032096.1_cds_XP_711708.1_5582	CAALFM_CR05700CA
lcl|NC_032096.1_cds_XP_711707.1_5583	CAALFM_CR05710CA
lcl|NC_032096.1_cds_XP_711706.1_5584	CAALFM_CR05720WA
lcl|NC_032096.1_cds_XP_711705.2_5585	CAALFM_CR05730CA
lcl|NC_032096.1_cds_XP_711704.1_5586	CAALFM_CR05740CA
lcl|NC_032096.1_cds_XP_711703.1_5587	CAALFM_CR05750WA
lcl|NC_032096.1_cds_XP_711702.2_5588	CAALFM_CR05760CA
lcl|NC_032096.1_cds_XP_711701.2_5589	CAALFM_CR05770WA
lcl|NC_032096.1_cds_XP_711700.1_5590	CAALFM_CR05780WA
lcl|NC_032096.1_cds_XP_711698.2_5591	CAALFM_CR05790CA
lcl|NC_032096.1_cds_XP_711696.1_5592	CAALFM_CR05800CA
lcl|NC_032096.1_cds_XP_711695.1_5593	CAALFM_CR05830CA
lcl|NC_032096.1_cds_XP_711694.1_5594	CAALFM_CR05840WA
lcl|NC_032096.1_cds_XP_711693.1_5595	CAALFM_CR05860WA
lcl|NC_032096.1_cds_XP_711692.1_5596	CAALFM_CR05880WA
lcl|NC_032096.1_cds_XP_711691.2_5597	CAALFM_CR05890CA
lcl|NC_032096.1_cds_XP_711690.2_5598	CAALFM_CR05900WA
lcl|NC_032096.1_cds_XP_711689.1_5599	CAALFM_CR05910WA
lcl|NC_032096.1_cds_XP_715895.2_5600	CAALFM_CR05920CA
lcl|NC_032096.1_cds_XP_715894.2_5601	CAALFM_CR05940WA
lcl|NC_032096.1_cds_XP_715893.2_5602	CAALFM_CR05950CA
lcl|NC_032096.1_cds_XP_019331092.1_5603	CAALFM_CR05960WA
lcl|NC_032096.1_cds_XP_715892.1_5604	CAALFM_CR05970CA
lcl|NC_032096.1_cds_XP_715891.2_5605	CAALFM_CR05980WA
lcl|NC_032096.1_cds_XP_715888.2_5606	CAALFM_CR05990CA
lcl|NC_032096.1_cds_XP_715885.2_5607	CAALFM_CR06000WA
lcl|NC_032096.1_cds_XP_713479.2_5608	CAALFM_CR06010WA
lcl|NC_032096.1_cds_XP_713482.2_5609	CAALFM_CR06020WA
lcl|NC_032096.1_cds_XP_713483.2_5610	CAALFM_CR06030CA
lcl|NC_032096.1_cds_XP_713484.2_5611	CAALFM_CR06040WA
lcl|NC_032096.1_cds_XP_713486.1_5612	CAALFM_CR06050WA
lcl|NC_032096.1_cds_XP_441044.2_5613	CAALFM_CR06060WA
lcl|NC_032096.1_cds_XP_713488.2_5614	CAALFM_CR06070WA
lcl|NC_032096.1_cds_XP_713489.1_5615	CAALFM_CR06080WA
lcl|NC_032096.1_cds_XP_441049.1_5616	CAALFM_CR06090WA
lcl|NC_032096.1_cds_XP_713490.2_5617	CAALFM_CR06100CA
lcl|NC_032096.1_cds_XP_713492.2_5618	CAALFM_CR06110CA
lcl|NC_032096.1_cds_XP_441054.1_5619	CAALFM_CR06120WA
lcl|NC_032096.1_cds_XP_713494.1_5620	CAALFM_CR06140WA
lcl|NC_032096.1_cds_XP_713495.1_5621	CAALFM_CR06150CA
lcl|NC_032096.1_cds_XP_713496.1_5622	CAALFM_CR06160CA
lcl|NC_032096.1_cds_XP_713497.1_5623	CAALFM_CR06170WA
lcl|NC_032096.1_cds_XP_713498.1_5624	CAALFM_CR06180WA
lcl|NC_032096.1_cds_XP_713499.2_5625	CAALFM_CR06230WA
lcl|NC_032096.1_cds_XP_713501.2_5626	CAALFM_CR06240CA
lcl|NC_032096.1_cds_XP_713502.2_5627	CAALFM_CR06250WA
lcl|NC_032096.1_cds_XP_713503.2_5628	CAALFM_CR06260WA
lcl|NC_032096.1_cds_XP_713504.1_5629	CAALFM_CR06270WA
lcl|NC_032096.1_cds_XP_713506.2_5630	CAALFM_CR06290CA
lcl|NC_032096.1_cds_XP_713509.2_5631	CAALFM_CR06300CA
lcl|NC_032096.1_cds_XP_713510.1_5632	CAALFM_CR06310WA
lcl|NC_032096.1_cds_XP_713511.1_5633	CAALFM_CR06320CA
lcl|NC_032096.1_cds_XP_713512.1_5634	CAALFM_CR06330CA
lcl|NC_032096.1_cds_XP_713513.1_5635	CAALFM_CR06340CA
lcl|NC_032096.1_cds_XP_710262.2_5636	CAALFM_CR06380CA
lcl|NC_032096.1_cds_XP_713085.1_5637	CAALFM_CR06420WA
lcl|NC_032096.1_cds_XP_713084.1_5638	CAALFM_CR06430WA
lcl|NC_032096.1_cds_XP_713082.2_5639	CAALFM_CR06440CA
lcl|NC_032096.1_cds_XP_713081.2_5640	CAALFM_CR06450WA
lcl|NC_032096.1_cds_XP_713080.2_5641	CAALFM_CR06460WA
lcl|NC_032096.1_cds_XP_713079.2_5642	CAALFM_CR06470WA
lcl|NC_032096.1_cds_XP_713078.2_5643	CAALFM_CR06480CA
lcl|NC_032096.1_cds_XP_713077.1_5644	CAALFM_CR06490CA
lcl|NC_032096.1_cds_XP_713076.2_5645	CAALFM_CR06500CA
lcl|NC_032096.1_cds_XP_713075.1_5646	CAALFM_CR06510WA
lcl|NC_032096.1_cds_XP_713074.1_5647	CAALFM_CR06520CA
lcl|NC_032096.1_cds_XP_713073.1_5648	CAALFM_CR06530WA
lcl|NC_032096.1_cds_XP_713072.2_5649	CAALFM_CR06540WA
lcl|NC_032096.1_cds_XP_713071.2_5650	CAALFM_CR06550CA
lcl|NC_032096.1_cds_XP_710035.2_5651	CAALFM_CR06560CA
lcl|NC_032096.1_cds_XP_710034.2_5652	CAALFM_CR06570CA
lcl|NC_032096.1_cds_XP_711766.2_5653	CAALFM_CR06580WA
lcl|NC_032096.1_cds_XP_711768.2_5654	CAALFM_CR06590CA
lcl|NC_032096.1_cds_XP_711769.2_5655	CAALFM_CR06610WA
lcl|NC_032096.1_cds_XP_711770.2_5656	CAALFM_CR06620WA
lcl|NC_032096.1_cds_XP_711771.2_5657	CAALFM_CR06640CA
lcl|NC_032096.1_cds_XP_711772.1_5658	CAALFM_CR06650CA
lcl|NC_032096.1_cds_XP_711773.2_5659	CAALFM_CR06660WA
lcl|NC_032096.1_cds_XP_711774.1_5660	CAALFM_CR06670WA
lcl|NC_032096.1_cds_XP_711775.2_5661	CAALFM_CR06680CA
lcl|NC_032096.1_cds_XP_019331093.1_5662	CAALFM_CR06690CA
lcl|NC_032096.1_cds_XP_711777.1_5663	CAALFM_CR06700CA
lcl|NC_032096.1_cds_XP_711778.1_5664	CAALFM_CR06710CA
lcl|NC_032096.1_cds_XP_711779.1_5665	CAALFM_CR06720WA
lcl|NC_032096.1_cds_XP_711780.2_5666	CAALFM_CR06730WA
lcl|NC_032096.1_cds_XP_711781.1_5667	CAALFM_CR06740WA
lcl|NC_032096.1_cds_XP_711782.1_5668	CAALFM_CR06750CA
lcl|NC_032096.1_cds_XP_019331094.1_5669	CAALFM_CR06760CA
lcl|NC_032096.1_cds_XP_711086.1_5670	CAALFM_CR06770CA
lcl|NC_032096.1_cds_XP_019331095.1_5671	CAALFM_CR06780WA
lcl|NC_032096.1_cds_XP_711084.1_5672	CAALFM_CR06790CA
lcl|NC_032096.1_cds_XP_711083.1_5673	CAALFM_CR06800CA
lcl|NC_032096.1_cds_XP_711082.1_5674	CAALFM_CR06810WA
lcl|NC_032096.1_cds_XP_711081.2_5675	CAALFM_CR06820WA
lcl|NC_032096.1_cds_XP_711079.1_5676	CAALFM_CR06830CA
lcl|NC_032096.1_cds_XP_711078.2_5677	CAALFM_CR06840WA
lcl|NC_032096.1_cds_XP_019331096.1_5678	CAALFM_CR06850CA
lcl|NC_032096.1_cds_XP_711076.1_5679	CAALFM_CR06860CA
lcl|NC_032096.1_cds_XP_711074.2_5680	CAALFM_CR06870CA
lcl|NC_032096.1_cds_XP_711072.2_5681	CAALFM_CR06900CA
lcl|NC_032096.1_cds_XP_711071.2_5682	CAALFM_CR06910WA
lcl|NC_032096.1_cds_XP_711070.1_5683	CAALFM_CR06920WA
lcl|NC_032096.1_cds_XP_710018.2_5684	CAALFM_CR06930WA
lcl|NC_032096.1_cds_XP_712660.2_5685	CAALFM_CR06940WA
lcl|NC_032096.1_cds_XP_019331097.1_5686	CAALFM_CR06950CA
lcl|NC_032096.1_cds_XP_712659.1_5687	CAALFM_CR06960WA
lcl|NC_032096.1_cds_XP_712658.1_5688	CAALFM_CR06970CA
lcl|NC_032096.1_cds_XP_712657.1_5689	CAALFM_CR06980WA
lcl|NC_032096.1_cds_XP_712656.2_5690	CAALFM_CR06990WA
lcl|NC_032096.1_cds_XP_712655.2_5691	CAALFM_CR07000CA
lcl|NC_032096.1_cds_XP_712654.1_5692	CAALFM_CR07010WA
lcl|NC_032096.1_cds_XP_712653.2_5693	CAALFM_CR07020WA
lcl|NC_032096.1_cds_XP_712652.2_5694	CAALFM_CR07030CA
lcl|NC_032096.1_cds_XP_712651.2_5695	CAALFM_CR07040WA
lcl|NC_032096.1_cds_XP_712650.2_5696	CAALFM_CR07050CA
lcl|NC_032096.1_cds_XP_712647.2_5697	CAALFM_CR07060CA
lcl|NC_032096.1_cds_XP_710435.2_5698	CAALFM_CR07070CA
lcl|NC_032096.1_cds_XP_710434.1_5699	CAALFM_CR07080WA
lcl|NC_032096.1_cds_XP_710433.2_5700	CAALFM_CR07090WA
lcl|NC_032096.1_cds_XP_710432.2_5701	CAALFM_CR07100WA
lcl|NC_032096.1_cds_XP_710172.2_5702	CAALFM_CR07110CA
lcl|NC_032096.1_cds_XP_710173.1_5703	CAALFM_CR07120CA
lcl|NC_032096.1_cds_XP_710174.1_5704	CAALFM_CR07130CA
lcl|NC_032096.1_cds_XP_710175.2_5705	CAALFM_CR07140CA
lcl|NC_032096.1_cds_XP_710176.2_5706	CAALFM_CR07150WA
lcl|NC_032096.1_cds_XP_710053.2_5707	CAALFM_CR07160CA
lcl|NC_032096.1_cds_XP_713091.2_5708	CAALFM_CR07170WA
lcl|NC_032096.1_cds_XP_713090.2_5709	CAALFM_CR07180WA
lcl|NC_032096.1_cds_XP_713089.2_5710	CAALFM_CR07190WA
lcl|NC_032096.1_cds_XP_712358.2_5711	CAALFM_CR07200WA
lcl|NC_032096.1_cds_XP_712357.1_5712	CAALFM_CR07210WA
lcl|NC_032096.1_cds_XP_712354.2_5713	CAALFM_CR07220CA
lcl|NC_032096.1_cds_XP_712353.2_5714	CAALFM_CR07230WA
lcl|NC_032096.1_cds_XP_712352.1_5715	CAALFM_CR07240CA
lcl|NC_032096.1_cds_XP_712350.2_5716	CAALFM_CR07250CA
lcl|NC_032096.1_cds_XP_712349.1_5717	CAALFM_CR07260CA
lcl|NC_032096.1_cds_XP_712348.2_5718	CAALFM_CR07270CA
lcl|NC_032096.1_cds_XP_712347.2_5719	CAALFM_CR07280WA
lcl|NC_032096.1_cds_XP_712346.2_5720	CAALFM_CR07290WA
lcl|NC_032096.1_cds_XP_712345.2_5721	CAALFM_CR07300WA
lcl|NC_032096.1_cds_XP_712344.2_5722	CAALFM_CR07310WA
lcl|NC_032096.1_cds_XP_712343.2_5723	CAALFM_CR07320CA
lcl|NC_032096.1_cds_XP_019331098.1_5724	CAALFM_CR07330WA
lcl|NC_032096.1_cds_XP_712342.2_5725	CAALFM_CR07340CA
lcl|NC_032096.1_cds_XP_712341.2_5726	CAALFM_CR07350WA
lcl|NC_032096.1_cds_XP_712340.2_5727	CAALFM_CR07360WA
lcl|NC_032096.1_cds_XP_712339.1_5728	CAALFM_CR07370WA
lcl|NC_032096.1_cds_XP_712338.2_5729	CAALFM_CR07380CA
lcl|NC_032096.1_cds_XP_712336.1_5730	CAALFM_CR07390CA
lcl|NC_032096.1_cds_XP_712334.1_5731	CAALFM_CR07400CA
lcl|NC_032096.1_cds_XP_712333.2_5732	CAALFM_CR07420WA
lcl|NC_032096.1_cds_XP_712331.2_5733	CAALFM_CR07440WA
lcl|NC_032096.1_cds_XP_712328.2_5734	CAALFM_CR07450CA
lcl|NC_032096.1_cds_XP_712327.2_5735	CAALFM_CR07460CA
lcl|NC_032096.1_cds_XP_712326.1_5736	CAALFM_CR07470WA
lcl|NC_032096.1_cds_XP_712325.2_5737	CAALFM_CR07480WA
lcl|NC_032096.1_cds_XP_712324.1_5738	CAALFM_CR07490CA
lcl|NC_032096.1_cds_XP_710393.2_5739	CAALFM_CR07500WA
lcl|NC_032096.1_cds_XP_019331099.1_5740	CAALFM_CR07510WA
lcl|NC_032096.1_cds_XP_710395.2_5741	CAALFM_CR07520CA
lcl|NC_032096.1_cds_XP_710396.1_5742	CAALFM_CR07530CA
lcl|NC_032096.1_cds_XP_710397.2_5743	CAALFM_CR07540CA
lcl|NC_032096.1_cds_XP_710399.2_5744	CAALFM_CR07560WA
lcl|NC_032096.1_cds_XP_710400.2_5745	CAALFM_CR07570WA
lcl|NC_032096.1_cds_XP_713087.2_5746	CAALFM_CR07580CA
lcl|NC_032096.1_cds_XP_713514.1_5747	CAALFM_CR07590WA
lcl|NC_032096.1_cds_XP_713515.2_5748	CAALFM_CR07600WA
lcl|NC_032096.1_cds_XP_711144.1_5749	CAALFM_CR07620WA
lcl|NC_032096.1_cds_XP_019331100.1_5750	CAALFM_CR07630CA
lcl|NC_032096.1_cds_XP_711143.2_5751	CAALFM_CR07640CA
lcl|NC_032096.1_cds_XP_711142.1_5752	CAALFM_CR07650WA
lcl|NC_032096.1_cds_XP_711141.1_5753	CAALFM_CR07660CA
lcl|NC_032096.1_cds_XP_710207.2_5754	CAALFM_CR07670WA
lcl|NC_032096.1_cds_XP_710208.2_5755	CAALFM_CR07680CA
lcl|NC_032096.1_cds_XP_710209.2_5756	CAALFM_CR07690WA
lcl|NC_032096.1_cds_XP_710210.1_5757	CAALFM_CR07700WA
lcl|NC_032096.1_cds_XP_710211.2_5758	CAALFM_CR07710WA
lcl|NC_032096.1_cds_XP_710112.2_5759	CAALFM_CR07720CA
lcl|NC_032096.1_cds_XP_710080.1_5760	CAALFM_CR07730WA
lcl|NC_032096.1_cds_XP_019331101.1_5761	CAALFM_CR07740WA
lcl|NC_032096.1_cds_XP_711043.2_5762	CAALFM_CR07750CA
lcl|NC_032096.1_cds_XP_019331102.1_5763	CAALFM_CR07760WA
lcl|NC_032096.1_cds_XP_711044.1_5764	CAALFM_CR07770CA
lcl|NC_032096.1_cds_XP_711045.2_5765	CAALFM_CR07780WA
lcl|NC_032096.1_cds_XP_711046.1_5766	CAALFM_CR07790CA
lcl|NC_032096.1_cds_XP_711047.1_5767	CAALFM_CR07800WA
lcl|NC_032096.1_cds_XP_711049.1_5768	CAALFM_CR07810WA
lcl|NC_032096.1_cds_XP_711050.2_5769	CAALFM_CR07820WA
lcl|NC_032096.1_cds_XP_711051.1_5770	CAALFM_CR07830CA
lcl|NC_032096.1_cds_XP_711052.1_5771	CAALFM_CR07840CA
lcl|NC_032096.1_cds_XP_711053.1_5772	CAALFM_CR07850WA
lcl|NC_032096.1_cds_XP_711054.1_5773	CAALFM_CR07860CA
lcl|NC_032096.1_cds_XP_714238.1_5774	CAALFM_CR07870WA
lcl|NC_032096.1_cds_XP_714237.2_5775	CAALFM_CR07890WA
lcl|NC_032096.1_cds_XP_714234.2_5776	CAALFM_CR07910CA
lcl|NC_032096.1_cds_XP_714233.2_5777	CAALFM_CR07920WA
lcl|NC_032096.1_cds_XP_714231.1_5778	CAALFM_CR07940WA
lcl|NC_032096.1_cds_XP_714230.1_5779	CAALFM_CR07950WA
lcl|NC_032096.1_cds_XP_714227.2_5780	CAALFM_CR07960CA
lcl|NC_032096.1_cds_XP_714224.2_5781	CAALFM_CR08000CA
lcl|NC_032096.1_cds_XP_019331103.1_5782	CAALFM_CR08010WA
lcl|NC_032096.1_cds_XP_019331104.1_5783	CAALFM_CR08020CA
lcl|NC_032096.1_cds_XP_714220.2_5784	CAALFM_CR08030CA
lcl|NC_032096.1_cds_XP_714219.1_5785	CAALFM_CR08040WA
lcl|NC_032096.1_cds_XP_714217.1_5786	CAALFM_CR08050CA
lcl|NC_032096.1_cds_XP_714216.1_5787	CAALFM_CR08060CA
lcl|NC_032096.1_cds_XP_716206.1_5788	CAALFM_CR08070WA
lcl|NC_032096.1_cds_XP_716207.1_5789	CAALFM_CR08080WA
lcl|NC_032096.1_cds_XP_716208.1_5790	CAALFM_CR08090WA
lcl|NC_032096.1_cds_XP_716210.1_5791	CAALFM_CR08100CA
lcl|NC_032096.1_cds_XP_716211.2_5792	CAALFM_CR08110WA
lcl|NC_032096.1_cds_XP_716213.2_5793	CAALFM_CR08120CA
lcl|NC_032096.1_cds_XP_716214.1_5794	CAALFM_CR08130WA
lcl|NC_032096.1_cds_XP_716215.1_5795	CAALFM_CR08150WA
lcl|NC_032096.1_cds_XP_716216.1_5796	CAALFM_CR08160WA
lcl|NC_032096.1_cds_XP_716217.1_5797	CAALFM_CR08170CA
lcl|NC_032096.1_cds_XP_716218.1_5798	CAALFM_CR08180CA
lcl|NC_032096.1_cds_XP_716219.1_5799	CAALFM_CR08190WA
lcl|NC_032096.1_cds_XP_716222.2_5800	CAALFM_CR08200CA
lcl|NC_032096.1_cds_XP_716225.1_5801	CAALFM_CR08210CA
lcl|NC_032096.1_cds_XP_716227.2_5802	CAALFM_CR08250CA
lcl|NC_032096.1_cds_XP_716230.1_5803	CAALFM_CR08260CA
lcl|NC_032096.1_cds_XP_716231.2_5804	CAALFM_CR08270WA
lcl|NC_032096.1_cds_XP_716232.1_5805	CAALFM_CR08280WA
lcl|NC_032096.1_cds_XP_716233.2_5806	CAALFM_CR08290WA
lcl|NC_032096.1_cds_XP_716236.1_5807	CAALFM_CR08300CA
lcl|NC_032096.1_cds_XP_716238.1_5808	CAALFM_CR08310CA
lcl|NC_032096.1_cds_XP_716239.2_5809	CAALFM_CR08320WA
lcl|NC_032096.1_cds_XP_716240.1_5810	CAALFM_CR08330WA
lcl|NC_032096.1_cds_XP_716241.1_5811	CAALFM_CR08340WA
lcl|NC_032096.1_cds_XP_716242.1_5812	CAALFM_CR08350WA
lcl|NC_032096.1_cds_XP_019331105.1_5813	CAALFM_CR08360CA
lcl|NC_032096.1_cds_XP_716243.1_5814	CAALFM_CR08370WA
lcl|NC_032096.1_cds_XP_019331106.1_5815	CAALFM_CR08380CA
lcl|NC_032096.1_cds_XP_716245.1_5816	CAALFM_CR08400CA
lcl|NC_032096.1_cds_XP_716246.1_5817	CAALFM_CR08410WA
lcl|NC_032096.1_cds_XP_716247.1_5818	CAALFM_CR08420WA
lcl|NC_032096.1_cds_XP_716250.1_5819	CAALFM_CR08430WA
lcl|NC_032096.1_cds_XP_716252.1_5820	CAALFM_CR08440WA
lcl|NC_032096.1_cds_XP_716253.1_5821	CAALFM_CR08450CA
lcl|NC_032096.1_cds_XP_019331107.1_5822	CAALFM_CR08460WA
lcl|NC_032096.1_cds_XP_716254.1_5823	CAALFM_CR08470WA
lcl|NC_032096.1_cds_XP_019331108.1_5824	CAALFM_CR08480CA
lcl|NC_032096.1_cds_XP_716255.1_5825	CAALFM_CR08490WA
lcl|NC_032096.1_cds_XP_716256.1_5826	CAALFM_CR08500WA
lcl|NC_032096.1_cds_XP_716258.1_5827	CAALFM_CR08510WA
lcl|NC_032096.1_cds_XP_019331109.1_5828	CAALFM_CR08520CA
lcl|NC_032096.1_cds_XP_716260.1_5829	CAALFM_CR08540CA
lcl|NC_032096.1_cds_XP_716261.1_5830	CAALFM_CR08550WA
lcl|NC_032096.1_cds_XP_716262.1_5831	CAALFM_CR08560CA
lcl|NC_032096.1_cds_XP_716263.1_5832	CAALFM_CR08570WA
lcl|NC_032096.1_cds_XP_716269.1_5833	CAALFM_CR08580CA
lcl|NC_032096.1_cds_XP_716270.1_5834	CAALFM_CR08590WA
lcl|NC_032096.1_cds_XP_716272.1_5835	CAALFM_CR08600CA
lcl|NC_032096.1_cds_XP_716273.1_5836	CAALFM_CR08610WA
lcl|NC_032096.1_cds_XP_716274.1_5837	CAALFM_CR08620CA
lcl|NC_032096.1_cds_XP_716275.1_5838	CAALFM_CR08630WA
lcl|NC_032096.1_cds_XP_716276.1_5839	CAALFM_CR08640CA
lcl|NC_032096.1_cds_XP_716278.2_5840	CAALFM_CR08650CA
lcl|NC_032096.1_cds_XP_716279.1_5841	CAALFM_CR08660WA
lcl|NC_032096.1_cds_XP_716280.1_5842	CAALFM_CR08670CA
lcl|NC_032096.1_cds_XP_716281.1_5843	CAALFM_CR08680CA
lcl|NC_032096.1_cds_XP_716282.1_5844	CAALFM_CR08690CA
lcl|NC_032096.1_cds_XP_716284.1_5845	CAALFM_CR08700CA
lcl|NC_032096.1_cds_XP_716285.1_5846	CAALFM_CR08710WA
lcl|NC_032096.1_cds_XP_716286.1_5847	CAALFM_CR08720WA
lcl|NC_032096.1_cds_XP_716287.1_5848	CAALFM_CR08740WA
lcl|NC_032096.1_cds_XP_019331110.1_5849	CAALFM_CR08820CA
lcl|NC_032096.1_cds_XP_019331111.1_5850	CAALFM_CR08830WA
lcl|NC_032096.1_cds_XP_716414.1_5851	CAALFM_CR08840CA
lcl|NC_032096.1_cds_XP_716416.1_5852	CAALFM_CR08860WA
lcl|NC_032096.1_cds_XP_716417.1_5853	CAALFM_CR08870WA
lcl|NC_032096.1_cds_XP_716418.1_5854	CAALFM_CR08880CA
lcl|NC_032096.1_cds_XP_716419.1_5855	CAALFM_CR08890CA
lcl|NC_032096.1_cds_XP_716420.1_5856	CAALFM_CR08900CA
lcl|NC_032096.1_cds_XP_716421.1_5857	CAALFM_CR08910CA
lcl|NC_032096.1_cds_XP_716423.1_5858	CAALFM_CR08920WA
lcl|NC_032096.1_cds_XP_716425.1_5859	CAALFM_CR08930CA
lcl|NC_032096.1_cds_XP_716426.1_5860	CAALFM_CR08940WA
lcl|NC_032096.1_cds_XP_019331112.1_5861	CAALFM_CR08950WA
lcl|NC_032096.1_cds_XP_716428.1_5862	CAALFM_CR08960CA
lcl|NC_032096.1_cds_XP_716430.2_5863	CAALFM_CR08980CA
lcl|NC_032096.1_cds_XP_716431.1_5864	CAALFM_CR08990CA
lcl|NC_032096.1_cds_XP_716432.1_5865	CAALFM_CR09010CA
lcl|NC_032096.1_cds_XP_716433.1_5866	CAALFM_CR09020CA
lcl|NC_032096.1_cds_XP_716434.1_5867	CAALFM_CR09040WA
lcl|NC_032096.1_cds_XP_710204.2_5868	CAALFM_CR09050CA
lcl|NC_032096.1_cds_XP_716437.1_5869	CAALFM_CR09060WA
lcl|NC_032096.1_cds_XP_716438.1_5870	CAALFM_CR09070CA
lcl|NC_032096.1_cds_XP_716439.1_5871	CAALFM_CR09090CA
lcl|NC_032096.1_cds_XP_716440.1_5872	CAALFM_CR09100CA
lcl|NC_032096.1_cds_XP_716441.1_5873	CAALFM_CR09110CA
lcl|NC_032096.1_cds_XP_019331113.1_5874	CAALFM_CR09120CA
lcl|NC_032096.1_cds_XP_716444.1_5875	CAALFM_CR09140CA
lcl|NC_032096.1_cds_XP_716445.1_5876	CAALFM_CR09150WA
lcl|NC_032096.1_cds_XP_716446.1_5877	CAALFM_CR09160CA
lcl|NC_032096.1_cds_XP_716447.1_5878	CAALFM_CR09170CA
lcl|NC_032096.1_cds_XP_716448.1_5879	CAALFM_CR09180WA
lcl|NC_032096.1_cds_XP_716450.1_5880	CAALFM_CR09190CA
lcl|NC_032096.1_cds_XP_716451.2_5881	CAALFM_CR09200CA
lcl|NC_032096.1_cds_XP_716453.1_5882	CAALFM_CR09210WA
lcl|NC_032096.1_cds_XP_716454.1_5883	CAALFM_CR09220CA
lcl|NC_032096.1_cds_XP_716455.1_5884	CAALFM_CR09230CA
lcl|NC_032096.1_cds_XP_716456.1_5885	CAALFM_CR09240CA
lcl|NC_032096.1_cds_XP_716457.1_5886	CAALFM_CR09270CA
lcl|NC_032096.1_cds_XP_716458.1_5887	CAALFM_CR09290WA
lcl|NC_032096.1_cds_XP_716459.1_5888	CAALFM_CR09300CA
lcl|NC_032096.1_cds_XP_716460.1_5889	CAALFM_CR09310WA
lcl|NC_032096.1_cds_XP_716461.1_5890	CAALFM_CR09320CA
lcl|NC_032096.1_cds_XP_716462.1_5891	CAALFM_CR09330CA
lcl|NC_032096.1_cds_XP_716463.1_5892	CAALFM_CR09340WA
lcl|NC_032096.1_cds_XP_716464.1_5893	CAALFM_CR09350CA
lcl|NC_032096.1_cds_XP_716465.1_5894	CAALFM_CR09360WA
lcl|NC_032096.1_cds_XP_716466.1_5895	CAALFM_CR09370WA
lcl|NC_032096.1_cds_XP_019331114.1_5896	CAALFM_CR09380WA
lcl|NC_032096.1_cds_XP_716470.1_5897	CAALFM_CR09390CA
lcl|NC_032096.1_cds_XP_716471.1_5898	CAALFM_CR09410WA
lcl|NC_032096.1_cds_XP_019331115.1_5899	CAALFM_CR09420CA
lcl|NC_032096.1_cds_XP_019331116.1_5900	CAALFM_CR09440CA
lcl|NC_032096.1_cds_XP_019331117.1_5901	CAALFM_CR09460CA
lcl|NC_032096.1_cds_XP_716476.2_5902	CAALFM_CR09470WA
lcl|NC_032096.1_cds_XP_716477.1_5903	CAALFM_CR09480WA
lcl|NC_032096.1_cds_XP_716478.1_5904	CAALFM_CR09490WA
lcl|NC_032096.1_cds_XP_716479.1_5905	CAALFM_CR09500CA
lcl|NC_032096.1_cds_XP_711311.1_5906	CAALFM_CR09510CA
lcl|NC_032096.1_cds_XP_711309.2_5907	CAALFM_CR09520CA
lcl|NC_032096.1_cds_XP_711307.1_5908	CAALFM_CR09530CA
lcl|NC_032096.1_cds_XP_711306.1_5909	CAALFM_CR09550CA
lcl|NC_032096.1_cds_XP_711305.1_5910	CAALFM_CR09560CA
lcl|NC_032096.1_cds_XP_711304.1_5911	CAALFM_CR09570WA
lcl|NC_032096.1_cds_XP_019331118.1_5912	CAALFM_CR09580CA
lcl|NC_032096.1_cds_XP_711301.1_5913	CAALFM_CR09590WA
lcl|NC_032096.1_cds_XP_019331119.1_5914	CAALFM_CR09600CA
lcl|NC_032096.1_cds_XP_711300.1_5915	CAALFM_CR09610CA
lcl|NC_032096.1_cds_XP_443374.1_5916	CAALFM_CR09620CA
lcl|NC_032096.1_cds_XP_019331120.1_5917	CAALFM_CR09640CA
lcl|NC_032096.1_cds_XP_711299.2_5918	CAALFM_CR09650WA
lcl|NC_032096.1_cds_XP_711298.1_5919	CAALFM_CR09660WA
lcl|NC_032096.1_cds_XP_711297.1_5920	CAALFM_CR09670CA
lcl|NC_032096.1_cds_XP_711296.1_5921	CAALFM_CR09680CA
lcl|NC_032096.1_cds_XP_711295.1_5922	CAALFM_CR09690CA
lcl|NC_032096.1_cds_XP_711294.1_5923	CAALFM_CR09700WA
lcl|NC_032096.1_cds_XP_711293.1_5924	CAALFM_CR09710WA
lcl|NC_032096.1_cds_XP_711292.1_5925	CAALFM_CR09720WA
lcl|NC_032096.1_cds_XP_711291.2_5926	CAALFM_CR09730CA
lcl|NC_032096.1_cds_XP_719308.2_5927	CAALFM_CR09740WA
lcl|NC_032096.1_cds_XP_719309.1_5928	CAALFM_CR09750CA
lcl|NC_032096.1_cds_XP_719310.1_5929	CAALFM_CR09760WA
lcl|NC_032096.1_cds_XP_719311.1_5930	CAALFM_CR09770CA
lcl|NC_032096.1_cds_XP_719312.1_5931	CAALFM_CR09780CA
lcl|NC_032096.1_cds_XP_719313.1_5932	CAALFM_CR09790WA
lcl|NC_032096.1_cds_XP_719314.1_5933	CAALFM_CR09800CA
lcl|NC_032096.1_cds_XP_719315.1_5934	CAALFM_CR09810WA
lcl|NC_032096.1_cds_XP_719316.1_5935	CAALFM_CR09830WA
lcl|NC_032096.1_cds_XP_719318.1_5936	CAALFM_CR09840CA
lcl|NC_032096.1_cds_XP_719319.1_5937	CAALFM_CR09850CA
lcl|NC_032096.1_cds_XP_719320.2_5938	CAALFM_CR09860WA
lcl|NC_032096.1_cds_XP_719323.2_5939	CAALFM_CR09880WA
lcl|NC_032096.1_cds_XP_719325.1_5940	CAALFM_CR09890CA
lcl|NC_032096.1_cds_XP_719326.1_5941	CAALFM_CR09900CA
lcl|NC_032096.1_cds_XP_719327.1_5942	CAALFM_CR09910WA
lcl|NC_032096.1_cds_XP_719328.1_5943	CAALFM_CR09920WA
lcl|NC_032096.1_cds_XP_719329.1_5944	CAALFM_CR09930WA
lcl|NC_032096.1_cds_XP_719330.1_5945	CAALFM_CR09940WA
lcl|NC_032096.1_cds_XP_719331.1_5946	CAALFM_CR09950CA
lcl|NC_032096.1_cds_XP_719332.1_5947	CAALFM_CR09960CA
lcl|NC_032096.1_cds_XP_019331121.1_5948	CAALFM_CR09970WA
lcl|NC_032096.1_cds_XP_719334.1_5949	CAALFM_CR09980WA
lcl|NC_032096.1_cds_XP_719336.1_5950	CAALFM_CR09990WA
lcl|NC_032096.1_cds_XP_019331122.1_5951	CAALFM_CR10000CA
lcl|NC_032096.1_cds_XP_719339.1_5952	CAALFM_CR10010CA
lcl|NC_032096.1_cds_XP_719340.1_5953	CAALFM_CR10020CA
lcl|NC_032096.1_cds_XP_719341.1_5954	CAALFM_CR10030WA
lcl|NC_032096.1_cds_XP_719342.1_5955	CAALFM_CR10040WA
lcl|NC_032096.1_cds_XP_719343.1_5956	CAALFM_CR10060WA
lcl|NC_032096.1_cds_XP_719345.1_5957	CAALFM_CR10070CA
lcl|NC_032096.1_cds_XP_719347.1_5958	CAALFM_CR10100CA
lcl|NC_032096.1_cds_XP_719348.1_5959	CAALFM_CR10110WA
lcl|NC_032096.1_cds_XP_719350.1_5960	CAALFM_CR10120CA
lcl|NC_032096.1_cds_XP_719351.1_5961	CAALFM_CR10130WA
lcl|NC_032096.1_cds_XP_719353.2_5962	CAALFM_CR10140WA
lcl|NC_032096.1_cds_XP_719354.1_5963	CAALFM_CR10160WA
lcl|NC_032096.1_cds_XP_719355.1_5964	CAALFM_CR10170CA
lcl|NC_032096.1_cds_XP_719356.1_5965	CAALFM_CR10180WA
lcl|NC_032096.1_cds_XP_719357.1_5966	CAALFM_CR10190CA
lcl|NC_032096.1_cds_XP_719358.1_5967	CAALFM_CR10200WA
lcl|NC_032096.1_cds_XP_719359.1_5968	CAALFM_CR10210WA
lcl|NC_032096.1_cds_XP_719360.1_5969	CAALFM_CR10230WA
lcl|NC_032096.1_cds_XP_719361.2_5970	CAALFM_CR10240WA
lcl|NC_032096.1_cds_XP_019331123.1_5971	CAALFM_CR10250CA
lcl|NC_032096.1_cds_XP_719363.1_5972	CAALFM_CR10260WA
lcl|NC_032096.1_cds_XP_719364.1_5973	CAALFM_CR10270CA
lcl|NC_032096.1_cds_XP_719365.1_5974	CAALFM_CR10280WA
lcl|NC_032096.1_cds_XP_719366.1_5975	CAALFM_CR10290CA
lcl|NC_032096.1_cds_XP_719367.1_5976	CAALFM_CR10300WA
lcl|NC_032096.1_cds_XP_719368.1_5977	CAALFM_CR10310WA
lcl|NC_032096.1_cds_XP_719369.1_5978	CAALFM_CR10320WA
lcl|NC_032096.1_cds_XP_719370.1_5979	CAALFM_CR10330WA
lcl|NC_032096.1_cds_XP_719371.1_5980	CAALFM_CR10340WA
lcl|NC_032096.1_cds_XP_719372.1_5981	CAALFM_CR10350CA
lcl|NC_032096.1_cds_XP_719373.1_5982	CAALFM_CR10360CA
lcl|NC_032096.1_cds_XP_719374.1_5983	CAALFM_CR10370WA
lcl|NC_032096.1_cds_XP_719375.1_5984	CAALFM_CR10380CA
lcl|NC_032096.1_cds_XP_719376.1_5985	CAALFM_CR10390WA
lcl|NC_032096.1_cds_XP_719378.1_5986	CAALFM_CR10400WA
lcl|NC_032096.1_cds_XP_719379.1_5987	CAALFM_CR10410CA
lcl|NC_032096.1_cds_XP_719380.1_5988	CAALFM_CR10420WA
lcl|NC_032096.1_cds_XP_719381.1_5989	CAALFM_CR10430CA
lcl|NC_032096.1_cds_XP_719382.1_5990	CAALFM_CR10440WA
lcl|NC_032096.1_cds_XP_719383.1_5991	CAALFM_CR10450CA
lcl|NC_032096.1_cds_XP_719385.1_5992	CAALFM_CR10470CA
lcl|NC_032096.1_cds_XP_719386.1_5993	CAALFM_CR10480WA
lcl|NC_032096.1_cds_XP_719387.1_5994	CAALFM_CR10490WA
lcl|NC_032096.1_cds_XP_719388.1_5995	CAALFM_CR10500CA
lcl|NC_032096.1_cds_XP_719389.1_5996	CAALFM_CR10510WA
lcl|NC_032096.1_cds_XP_719391.1_5997	CAALFM_CR10520CA
lcl|NC_032096.1_cds_XP_719392.1_5998	CAALFM_CR10530WA
lcl|NC_032096.1_cds_XP_719394.2_5999	CAALFM_CR10540CA
lcl|NC_032096.1_cds_XP_719395.1_6000	CAALFM_CR10550WA
lcl|NC_032096.1_cds_XP_719397.1_6001	CAALFM_CR10570CA
lcl|NC_032096.1_cds_XP_719398.1_6002	CAALFM_CR10580WA
lcl|NC_032096.1_cds_XP_719401.1_6003	CAALFM_CR10590WA
lcl|NC_032096.1_cds_XP_719402.1_6004	CAALFM_CR10600CA
lcl|NC_032096.1_cds_XP_719403.1_6005	CAALFM_CR10610CA
lcl|NC_032096.1_cds_XP_719404.1_6006	CAALFM_CR10620CA
lcl|NC_032096.1_cds_XP_719405.1_6007	CAALFM_CR10630WA
lcl|NC_032096.1_cds_XP_719407.1_6008	CAALFM_CR10640WA
lcl|NC_032096.1_cds_XP_719409.1_6009	CAALFM_CR10650WA
lcl|NC_032096.1_cds_XP_719411.2_6010	CAALFM_CR10660WA
lcl|NC_032096.1_cds_XP_719413.2_6011	CAALFM_CR10670WA
lcl|NC_032096.1_cds_XP_719414.1_6012	CAALFM_CR10680WA
lcl|NC_032096.1_cds_XP_719416.1_6013	CAALFM_CR10690WA
lcl|NC_032096.1_cds_XP_719417.1_6014	CAALFM_CR10700WA
lcl|NC_032096.1_cds_XP_719419.1_6015	CAALFM_CR10710CA
lcl|NC_032096.1_cds_XP_719420.1_6016	CAALFM_CR10720WA
lcl|NC_032096.1_cds_XP_719421.1_6017	CAALFM_CR10730CA
lcl|NC_032096.1_cds_XP_719422.1_6018	CAALFM_CR10740WA
lcl|NC_032096.1_cds_XP_719423.1_6019	CAALFM_CR10750CA
lcl|NC_032096.1_cds_XP_719424.1_6020	CAALFM_CR10760CA
lcl|NC_032096.1_cds_XP_719425.1_6021	CAALFM_CR10770WA
lcl|NC_032096.1_cds_XP_719426.1_6022	CAALFM_CR10780CA
lcl|NC_032096.1_cds_XP_719427.1_6023	CAALFM_CR10790WA
lcl|NC_032096.1_cds_XP_719429.1_6024	CAALFM_CR10800CA
lcl|NC_032096.1_cds_XP_719430.1_6025	CAALFM_CR10810CA
lcl|NC_032096.1_cds_XP_719431.1_6026	CAALFM_CR10820WA
lcl|NC_032096.1_cds_XP_719433.1_6027	CAALFM_CR10830CA
lcl|NC_032096.1_cds_XP_719434.1_6028	CAALFM_CR10840CA
lcl|NC_032096.1_cds_XP_719436.1_6029	CAALFM_CR10850CA
lcl|NC_032096.1_cds_XP_719438.1_6030	CAALFM_CR10860CA
lcl|NC_009648.1_cds_WP_004222578.1_1	KPN_RS28480
lcl|NC_009648.1_cds_WP_011977629.1_2	KPN_RS00010
lcl|NC_009648.1_cds_WP_002887853.1_3	KPN_RS00015
lcl|NC_009648.1_cds_WP_011977630.1_4	KPN_RS00020
lcl|NC_009648.1_cds_KPN_RS00025_5	KPN_RS00025
lcl|NC_009648.1_cds_WP_002887869.1_6	KPN_RS00030
lcl|NC_009648.1_cds_WP_002887871.1_7	KPN_RS00035
lcl|NC_009648.1_cds_WP_002887897.1_8	KPN_RS00040
lcl|NC_009648.1_cds_WP_002887898.1_9	KPN_RS00045
lcl|NC_009648.1_cds_WP_004146012.1_10	KPN_RS00050
lcl|NC_009648.1_cds_WP_011977632.1_11	KPN_RS00055
lcl|NC_009648.1_cds_WP_004146011.1_12	KPN_RS00060
lcl|NC_009648.1_cds_WP_004182892.1_13	KPN_RS00065
lcl|NC_009648.1_cds_WP_004146997.1_14	KPN_RS00070
lcl|NC_009648.1_cds_WP_002887955.1_15	KPN_RS00075
lcl|NC_009648.1_cds_WP_032422035.1_16	KPN_RS00080
lcl|NC_009648.1_cds_WP_002887961.1_17	KPN_RS00085
lcl|NC_009648.1_cds_WP_002887965.1_18	KPN_RS00095
lcl|NC_009648.1_cds_KPN_RS32305_19	KPN_RS32305
lcl|NC_009648.1_cds_WP_002887969.1_20	KPN_RS00100
lcl|NC_009648.1_cds_WP_002887972.1_21	KPN_RS00105
lcl|NC_009648.1_cds_WP_002887973.1_22	KPN_RS00110
lcl|NC_009648.1_cds_WP_002887976.1_23	KPN_RS00115
lcl|NC_009648.1_cds_WP_002887979.1_24	KPN_RS00120
lcl|NC_009648.1_cds_WP_002887981.1_25	KPN_RS00125
lcl|NC_009648.1_cds_WP_009309187.1_26	KPN_RS00130
lcl|NC_009648.1_cds_WP_009309189.1_27	KPN_RS00135
lcl|NC_009648.1_cds_WP_023279871.1_28	KPN_RS00140
lcl|NC_009648.1_cds_WP_004222618.1_29	KPN_RS00145
lcl|NC_009648.1_cds_WP_004151379.1_30	KPN_RS00150
lcl|NC_009648.1_cds_WP_004181423.1_31	KPN_RS00155
lcl|NC_009648.1_cds_WP_011977637.1_32	KPN_RS00160
lcl|NC_009648.1_cds_WP_011977638.1_33	KPN_RS00165
lcl|NC_009648.1_cds_WP_004151375.1_34	KPN_RS00170
lcl|NC_009648.1_cds_WP_004222626.1_35	KPN_RS00175
lcl|NC_009648.1_cds_WP_004151373.1_36	KPN_RS00180
lcl|NC_009648.1_cds_WP_004151372.1_37	KPN_RS00185
lcl|NC_009648.1_cds_WP_032422031.1_38	KPN_RS00190
lcl|NC_009648.1_cds_WP_004222628.1_39	KPN_RS00195
lcl|NC_009648.1_cds_WP_004151369.1_40	KPN_RS00200
lcl|NC_009648.1_cds_WP_004177433.1_41	KPN_RS00215
lcl|NC_009648.1_cds_WP_002888056.1_42	KPN_RS00220
lcl|NC_009648.1_cds_WP_002888059.1_43	KPN_RS00225
lcl|NC_009648.1_cds_WP_002888068.1_44	KPN_RS00230
lcl|NC_009648.1_cds_WP_004145992.1_45	KPN_RS00235
lcl|NC_009648.1_cds_WP_002888320.1_46	KPN_RS00240
lcl|NC_009648.1_cds_WP_002888321.1_47	KPN_RS00245
lcl|NC_009648.1_cds_WP_004182901.1_48	KPN_RS00250
lcl|NC_009648.1_cds_WP_002888324.1_49	KPN_RS00255
lcl|NC_009648.1_cds_WP_004182903.1_50	KPN_RS00260
lcl|NC_009648.1_cds_WP_002888329.1_51	KPN_RS00265
lcl|NC_009648.1_cds_WP_004147026.1_52	KPN_RS00270
lcl|NC_009648.1_cds_WP_002888332.1_53	KPN_RS00275
lcl|NC_009648.1_cds_WP_002888337.1_54	KPN_RS00280
lcl|NC_009648.1_cds_WP_002888340.1_55	KPN_RS00285
lcl|NC_009648.1_cds_WP_002888345.1_56	KPN_RS00290
lcl|NC_009648.1_cds_WP_002888347.1_57	KPN_RS00300
lcl|NC_009648.1_cds_WP_004145980.1_58	KPN_RS00305
lcl|NC_009648.1_cds_WP_004177426.1_59	KPN_RS00310
lcl|NC_009648.1_cds_WP_011977643.1_60	KPN_RS00315
lcl|NC_009648.1_cds_WP_011977644.1_61	KPN_RS00320
lcl|NC_009648.1_cds_WP_011977645.1_62	KPN_RS00325
lcl|NC_009648.1_cds_WP_011977646.1_63	KPN_RS00330
lcl|NC_009648.1_cds_WP_004145972.1_64	KPN_RS00340
lcl|NC_009648.1_cds_WP_002888373.1_65	KPN_RS00345
lcl|NC_009648.1_cds_WP_011977647.1_66	KPN_RS00350
lcl|NC_009648.1_cds_WP_004147039.1_67	KPN_RS00355
lcl|NC_009648.1_cds_WP_011977648.1_68	KPN_RS00360
lcl|NC_009648.1_cds_WP_004145968.1_69	KPN_RS00365
lcl|NC_009648.1_cds_WP_002888448.1_70	KPN_RS00370
lcl|NC_009648.1_cds_WP_004222652.1_71	KPN_RS00380
lcl|NC_009648.1_cds_WP_041937579.1_72	KPN_RS00385
lcl|NC_009648.1_cds_WP_011977650.1_73	KPN_RS00390
lcl|NC_009648.1_cds_WP_004177420.1_74	KPN_RS00395
lcl|NC_009648.1_cds_WP_002888458.1_75	KPN_RS00400
lcl|NC_009648.1_cds_WP_002888460.1_76	KPN_RS00405
lcl|NC_009648.1_cds_WP_004147052.1_77	KPN_RS00410
lcl|NC_009648.1_cds_WP_011977651.1_78	KPN_RS00415
lcl|NC_009648.1_cds_WP_004177417.1_79	KPN_RS00420
lcl|NC_009648.1_cds_WP_002888487.1_80	KPN_RS00425
lcl|NC_009648.1_cds_WP_004178594.1_81	KPN_RS00430
lcl|NC_009648.1_cds_WP_004222662.1_82	KPN_RS28495
lcl|NC_009648.1_cds_WP_085848893.1_83	KPN_RS00440
lcl|NC_009648.1_cds_WP_002888534.1_84	KPN_RS00445
lcl|NC_009648.1_cds_WP_002888536.1_85	KPN_RS00450
lcl|NC_009648.1_cds_WP_004145952.1_86	KPN_RS00455
lcl|NC_009648.1_cds_WP_011977652.1_87	KPN_RS00460
lcl|NC_009648.1_cds_WP_002888547.1_88	KPN_RS00465
lcl|NC_009648.1_cds_WP_002888550.1_89	KPN_RS00470
lcl|NC_009648.1_cds_WP_002888559.1_90	KPN_RS00475
lcl|NC_009648.1_cds_WP_004147071.1_91	KPN_RS00480
lcl|NC_009648.1_cds_WP_004177411.1_92	KPN_RS00485
lcl|NC_009648.1_cds_WP_002888562.1_93	KPN_RS00490
lcl|NC_009648.1_cds_WP_004151364.1_94	KPN_RS00495
lcl|NC_009648.1_cds_WP_002888565.1_95	KPN_RS00500
lcl|NC_009648.1_cds_WP_002888566.1_96	KPN_RS00505
lcl|NC_009648.1_cds_WP_004192000.1_97	KPN_RS00510
lcl|NC_009648.1_cds_WP_004191999.1_98	KPN_RS00515
lcl|NC_009648.1_cds_WP_002888624.1_99	KPN_RS00520
lcl|NC_009648.1_cds_WP_002888625.1_100	KPN_RS00525
lcl|NC_009648.1_cds_WP_002888628.1_101	KPN_RS00530
lcl|NC_009648.1_cds_WP_002888632.1_102	KPN_RS00535
lcl|NC_009648.1_cds_WP_002888635.1_103	KPN_RS00540
lcl|NC_009648.1_cds_WP_002888638.1_104	KPN_RS00545
lcl|NC_009648.1_cds_WP_004145942.1_105	KPN_RS00550
lcl|NC_009648.1_cds_WP_002888644.1_106	KPN_RS00555
lcl|NC_009648.1_cds_WP_002888645.1_107	KPN_RS00560
lcl|NC_009648.1_cds_WP_002888649.1_108	KPN_RS00565
lcl|NC_009648.1_cds_WP_004145938.1_109	KPN_RS00575
lcl|NC_009648.1_cds_WP_011977654.1_110	KPN_RS00580
lcl|NC_009648.1_cds_WP_004145935.1_111	KPN_RS00585
lcl|NC_009648.1_cds_WP_002888683.1_112	KPN_RS00590
lcl|NC_009648.1_cds_WP_002888684.1_113	KPN_RS00595
lcl|NC_009648.1_cds_WP_011977655.1_114	KPN_RS00600
lcl|NC_009648.1_cds_WP_004177406.1_115	KPN_RS00605
lcl|NC_009648.1_cds_WP_011977656.1_116	KPN_RS00610
lcl|NC_009648.1_cds_WP_032428537.1_117	KPN_RS00615
lcl|NC_009648.1_cds_WP_004147090.1_118	KPN_RS00620
lcl|NC_009648.1_cds_WP_002888699.1_119	KPN_RS00630
lcl|NC_009648.1_cds_WP_002888700.1_120	KPN_RS00635
lcl|NC_009648.1_cds_WP_004178598.1_121	KPN_RS00640
lcl|NC_009648.1_cds_WP_002888731.1_122	KPN_RS00645
lcl|NC_009648.1_cds_WP_004177403.1_123	KPN_RS00650
lcl|NC_009648.1_cds_WP_032424602.1_124	KPN_RS00655
lcl|NC_009648.1_cds_WP_011977659.1_125	KPN_RS00660
lcl|NC_009648.1_cds_WP_002888735.1_126	KPN_RS00670
lcl|NC_009648.1_cds_WP_002888737.1_127	KPN_RS00675
lcl|NC_009648.1_cds_WP_002888739.1_128	KPN_RS00680
lcl|NC_009648.1_cds_WP_002888741.1_129	KPN_RS00685
lcl|NC_009648.1_cds_WP_071889162.1_130	KPN_RS30270
lcl|NC_009648.1_cds_KPN_RS32150_131	KPN_RS32150
lcl|NC_009648.1_cds_WP_002888804.1_132	KPN_RS00695
lcl|NC_009648.1_cds_WP_002888808.1_133	KPN_RS00700
lcl|NC_009648.1_cds_WP_004177397.1_134	KPN_RS00705
lcl|NC_009648.1_cds_WP_002888816.1_135	KPN_RS00710
lcl|NC_009648.1_cds_WP_012542835.1_136	KPN_RS30975
lcl|NC_009648.1_cds_WP_002888819.1_137	KPN_RS00720
lcl|NC_009648.1_cds_WP_002888821.1_138	KPN_RS00725
lcl|NC_009648.1_cds_WP_002888823.1_139	KPN_RS00730
lcl|NC_009648.1_cds_WP_002888827.1_140	KPN_RS00735
lcl|NC_009648.1_cds_WP_004177394.1_141	KPN_RS00740
lcl|NC_009648.1_cds_WP_011977665.1_142	KPN_RS00745
lcl|NC_009648.1_cds_WP_002888834.1_143	KPN_RS00750
lcl|NC_009648.1_cds_WP_002888835.1_144	KPN_RS00755
lcl|NC_009648.1_cds_WP_002888841.1_145	KPN_RS00760
lcl|NC_009648.1_cds_WP_004178602.1_146	KPN_RS00765
lcl|NC_009648.1_cds_WP_071526609.1_147	KPN_RS00770
lcl|NC_009648.1_cds_WP_011977666.1_148	KPN_RS00775
lcl|NC_009648.1_cds_WP_002888845.1_149	KPN_RS00780
lcl|NC_009648.1_cds_WP_002888848.1_150	KPN_RS00785
lcl|NC_009648.1_cds_WP_004177389.1_151	KPN_RS00790
lcl|NC_009648.1_cds_WP_011977667.1_152	KPN_RS00795
lcl|NC_009648.1_cds_WP_004145898.1_153	KPN_RS00800
lcl|NC_009648.1_cds_WP_004145897.1_154	KPN_RS00805
lcl|NC_009648.1_cds_WP_011977668.1_155	KPN_RS00810
lcl|NC_009648.1_cds_WP_004191957.1_156	KPN_RS00815
lcl|NC_009648.1_cds_WP_004222697.1_157	KPN_RS00820
lcl|NC_009648.1_cds_WP_004222700.1_158	KPN_RS00825
lcl|NC_009648.1_cds_WP_002889025.1_159	KPN_RS00830
lcl|NC_009648.1_cds_WP_004213437.1_160	KPN_RS00835
lcl|NC_009648.1_cds_WP_002889054.1_161	KPN_RS00840
lcl|NC_009648.1_cds_WP_009485795.1_162	KPN_RS00845
lcl|NC_009648.1_cds_WP_004151936.1_163	KPN_RS00850
lcl|NC_009648.1_cds_WP_004194880.1_164	KPN_RS00855
lcl|NC_009648.1_cds_WP_004177377.1_165	KPN_RS00860
lcl|NC_009648.1_cds_WP_004219434.1_166	KPN_RS30865
lcl|NC_009648.1_cds_WP_041937580.1_167	KPN_RS00870
lcl|NC_009648.1_cds_WP_021313451.1_168	KPN_RS00875
lcl|NC_009648.1_cds_WP_041937708.1_169	KPN_RS00880
lcl|NC_009648.1_cds_KPN_RS32310_170	KPN_RS32310
lcl|NC_009648.1_cds_WP_011977673.1_171	KPN_RS00895
lcl|NC_009648.1_cds_WP_004178624.1_172	KPN_RS00900
lcl|NC_009648.1_cds_WP_002889212.1_173	KPN_RS00905
lcl|NC_009648.1_cds_WP_004147133.1_174	KPN_RS00910
lcl|NC_009648.1_cds_WP_011977674.1_175	KPN_RS00915
lcl|NC_009648.1_cds_WP_002889272.1_176	KPN_RS00920
lcl|NC_009648.1_cds_WP_004151932.1_177	KPN_RS00925
lcl|NC_009648.1_cds_WP_002889275.1_178	KPN_RS00930
lcl|NC_009648.1_cds_WP_002889277.1_179	KPN_RS00935
lcl|NC_009648.1_cds_WP_002889279.1_180	KPN_RS00940
lcl|NC_009648.1_cds_WP_002889282.1_181	KPN_RS00945
lcl|NC_009648.1_cds_WP_004145871.1_182	KPN_RS00950
lcl|NC_009648.1_cds_WP_011977675.1_183	KPN_RS00955
lcl|NC_009648.1_cds_WP_002889289.1_184	KPN_RS00960
lcl|NC_009648.1_cds_WP_002889292.1_185	KPN_RS00965
lcl|NC_009648.1_cds_WP_002889295.1_186	KPN_RS00970
lcl|NC_009648.1_cds_WP_004191934.1_187	KPN_RS00975
lcl|NC_009648.1_cds_WP_011977676.1_188	KPN_RS00980
lcl|NC_009648.1_cds_WP_002889299.1_189	KPN_RS00985
lcl|NC_009648.1_cds_WP_004151930.1_190	KPN_RS00990
lcl|NC_009648.1_cds_WP_002889306.1_191	KPN_RS00995
lcl|NC_009648.1_cds_WP_002889308.1_192	KPN_RS01000
lcl|NC_009648.1_cds_WP_011977678.1_193	KPN_RS01005
lcl|NC_009648.1_cds_WP_002889316.1_194	KPN_RS01010
lcl|NC_009648.1_cds_WP_002889318.1_195	KPN_RS01015
lcl|NC_009648.1_cds_WP_004177358.1_196	KPN_RS01020
lcl|NC_009648.1_cds_WP_011977680.1_197	KPN_RS01025
lcl|NC_009648.1_cds_WP_004178645.1_198	KPN_RS01030
lcl|NC_009648.1_cds_WP_002889327.1_199	KPN_RS01035
lcl|NC_009648.1_cds_WP_004145858.1_200	KPN_RS01040
lcl|NC_009648.1_cds_WP_004177356.1_201	KPN_RS01045
lcl|NC_009648.1_cds_WP_002889374.1_202	KPN_RS01050
lcl|NC_009648.1_cds_WP_002889376.1_203	KPN_RS01055
lcl|NC_009648.1_cds_WP_004177353.1_204	KPN_RS01060
lcl|NC_009648.1_cds_WP_004145855.1_205	KPN_RS01065
lcl|NC_009648.1_cds_WP_002889384.1_206	KPN_RS01070
lcl|NC_009648.1_cds_WP_002889387.1_207	KPN_RS01075
lcl|NC_009648.1_cds_WP_011977681.1_208	KPN_RS01080
lcl|NC_009648.1_cds_WP_002889424.1_209	KPN_RS01085
lcl|NC_009648.1_cds_WP_002889429.1_210	KPN_RS01090
lcl|NC_009648.1_cds_WP_002889431.1_211	KPN_RS01095
lcl|NC_009648.1_cds_WP_002889433.1_212	KPN_RS01100
lcl|NC_009648.1_cds_WP_002889435.1_213	KPN_RS01105
lcl|NC_009648.1_cds_WP_004177347.1_214	KPN_RS01110
lcl|NC_009648.1_cds_WP_004151928.1_215	KPN_RS01115
lcl|NC_009648.1_cds_WP_002889441.1_216	KPN_RS01120
lcl|NC_009648.1_cds_WP_002889443.1_217	KPN_RS01125
lcl|NC_009648.1_cds_WP_002889445.1_218	KPN_RS01130
lcl|NC_009648.1_cds_WP_002889448.1_219	KPN_RS01135
lcl|NC_009648.1_cds_WP_002889450.1_220	KPN_RS01140
lcl|NC_009648.1_cds_WP_041937581.1_221	KPN_RS01145
lcl|NC_009648.1_cds_WP_004191899.1_222	KPN_RS01180
lcl|NC_009648.1_cds_WP_002889616.1_223	KPN_RS01185
lcl|NC_009648.1_cds_WP_011977683.1_224	KPN_RS01190
lcl|NC_009648.1_cds_WP_002889629.1_225	KPN_RS01195
lcl|NC_009648.1_cds_WP_011977684.1_226	KPN_RS01200
lcl|NC_009648.1_cds_WP_004210407.1_227	KPN_RS01205
lcl|NC_009648.1_cds_WP_004145833.1_228	KPN_RS01210
lcl|NC_009648.1_cds_WP_002889685.1_229	KPN_RS01215
lcl|NC_009648.1_cds_WP_002889686.1_230	KPN_RS01220
lcl|NC_009648.1_cds_WP_004152034.1_231	KPN_RS01225
lcl|NC_009648.1_cds_WP_004177340.1_232	KPN_RS01235
lcl|NC_009648.1_cds_WP_004178672.1_233	KPN_RS01240
lcl|NC_009648.1_cds_WP_041937709.1_234	KPN_RS01245
lcl|NC_009648.1_cds_WP_002889690.1_235	KPN_RS01250
lcl|NC_009648.1_cds_WP_004145825.1_236	KPN_RS01255
lcl|NC_009648.1_cds_WP_002889696.1_237	KPN_RS01260
lcl|NC_009648.1_cds_WP_002889699.1_238	KPN_RS01265
lcl|NC_009648.1_cds_WP_002889702.1_239	KPN_RS01275
lcl|NC_009648.1_cds_WP_004147186.1_240	KPN_RS01280
lcl|NC_009648.1_cds_KPN_RS01285_241	KPN_RS01285
lcl|NC_009648.1_cds_WP_002889716.1_242	KPN_RS01290
lcl|NC_009648.1_cds_WP_011977687.1_243	KPN_RS01295
lcl|NC_009648.1_cds_WP_002889720.1_244	KPN_RS01300
lcl|NC_009648.1_cds_WP_009309791.1_245	KPN_RS01305
lcl|NC_009648.1_cds_WP_011977688.1_246	KPN_RS01310
lcl|NC_009648.1_cds_WP_002889726.1_247	KPN_RS01315
lcl|NC_009648.1_cds_WP_002889727.1_248	KPN_RS01320
lcl|NC_009648.1_cds_WP_016530034.1_249	KPN_RS01325
lcl|NC_009648.1_cds_WP_002889733.1_250	KPN_RS01330
lcl|NC_009648.1_cds_WP_002889742.1_251	KPN_RS01335
lcl|NC_009648.1_cds_WP_002889793.1_252	KPN_RS01340
lcl|NC_009648.1_cds_WP_004213891.1_253	KPN_RS01345
lcl|NC_009648.1_cds_WP_002889795.1_254	KPN_RS01350
lcl|NC_009648.1_cds_WP_011977690.1_255	KPN_RS01355
lcl|NC_009648.1_cds_WP_002889845.1_256	KPN_RS01360
lcl|NC_009648.1_cds_WP_002889846.1_257	KPN_RS01365
lcl|NC_009648.1_cds_WP_002889847.1_258	KPN_RS01370
lcl|NC_009648.1_cds_WP_002889848.1_259	KPN_RS01375
lcl|NC_009648.1_cds_WP_011977691.1_260	KPN_RS01380
lcl|NC_009648.1_cds_WP_004183080.1_261	KPN_RS01385
lcl|NC_009648.1_cds_WP_011977692.1_262	KPN_RS01390
lcl|NC_009648.1_cds_WP_011977693.1_263	KPN_RS01395
lcl|NC_009648.1_cds_WP_011977694.1_264	KPN_RS01400
lcl|NC_009648.1_cds_WP_011977695.1_265	KPN_RS01405
lcl|NC_009648.1_cds_WP_004183089.1_266	KPN_RS01410
lcl|NC_009648.1_cds_WP_023282208.1_267	KPN_RS01415
lcl|NC_009648.1_cds_WP_026005907.1_268	KPN_RS01420
lcl|NC_009648.1_cds_WP_077250637.1_269	KPN_RS01425
lcl|NC_009648.1_cds_WP_040170522.1_270	KPN_RS01430
lcl|NC_009648.1_cds_WP_004183096.1_271	KPN_RS28530
lcl|NC_009648.1_cds_WP_004183098.1_272	KPN_RS01435
lcl|NC_009648.1_cds_WP_011977699.1_273	KPN_RS28535
lcl|NC_009648.1_cds_WP_004183099.1_274	KPN_RS01440
lcl|NC_009648.1_cds_WP_011977700.1_275	KPN_RS01445
lcl|NC_009648.1_cds_WP_335334235.1_276	KPN_RS32615
lcl|NC_009648.1_cds_WP_000019473.1_277	KPN_RS01450
lcl|NC_009648.1_cds_WP_004183101.1_278	KPN_RS01460
lcl|NC_009648.1_cds_WP_021464581.1_279	KPN_RS01465
lcl|NC_009648.1_cds_WP_004183106.1_280	KPN_RS01470
lcl|NC_009648.1_cds_WP_011977701.1_281	KPN_RS01475
lcl|NC_009648.1_cds_WP_152259905.1_282	KPN_RS01480
lcl|NC_009648.1_cds_WP_011977703.1_283	KPN_RS32155
lcl|NC_009648.1_cds_WP_223364876.1_284	KPN_RS01490
lcl|NC_009648.1_cds_WP_011977704.1_285	KPN_RS01500
lcl|NC_009648.1_cds_WP_004144574.1_286	KPN_RS01505
lcl|NC_009648.1_cds_WP_004144576.1_287	KPN_RS01515
lcl|NC_009648.1_cds_WP_004222859.1_288	KPN_RS01520
lcl|NC_009648.1_cds_KPN_RS30280_289	KPN_RS30280
lcl|NC_009648.1_cds_WP_004177299.1_290	KPN_RS01530
lcl|NC_009648.1_cds_WP_011977706.1_291	KPN_RS30870
lcl|NC_009648.1_cds_WP_011977708.1_292	KPN_RS01540
lcl|NC_009648.1_cds_WP_011977709.1_293	KPN_RS01545
lcl|NC_009648.1_cds_WP_002890002.1_294	KPN_RS01550
lcl|NC_009648.1_cds_WP_004177295.1_295	KPN_RS01555
lcl|NC_009648.1_cds_WP_004144585.1_296	KPN_RS01560
lcl|NC_009648.1_cds_WP_002890053.1_297	KPN_RS01565
lcl|NC_009648.1_cds_WP_004144586.1_298	KPN_RS01570
lcl|NC_009648.1_cds_WP_041937582.1_299	KPN_RS01575
lcl|NC_009648.1_cds_WP_002890060.1_300	KPN_RS01580
lcl|NC_009648.1_cds_WP_002890061.1_301	KPN_RS01585
lcl|NC_009648.1_cds_WP_004178714.1_302	KPN_RS01590
lcl|NC_009648.1_cds_WP_004178715.1_303	KPN_RS01595
lcl|NC_009648.1_cds_WP_011977712.1_304	KPN_RS01600
lcl|NC_009648.1_cds_WP_002890106.1_305	KPN_RS01605
lcl|NC_009648.1_cds_WP_002890108.1_306	KPN_RS32160
lcl|NC_009648.1_cds_WP_002890126.1_307	KPN_RS01615
lcl|NC_009648.1_cds_WP_004151354.1_308	KPN_RS01620
lcl|NC_009648.1_cds_WP_004144594.1_309	KPN_RS01625
lcl|NC_009648.1_cds_WP_002890128.1_310	KPN_RS01630
lcl|NC_009648.1_cds_WP_004147267.1_311	KPN_RS01635
lcl|NC_009648.1_cds_WP_032426080.1_312	KPN_RS30980
lcl|NC_009648.1_cds_WP_004147268.1_313	KPN_RS01645
lcl|NC_009648.1_cds_WP_004183139.1_314	KPN_RS01650
lcl|NC_009648.1_cds_WP_004177284.1_315	KPN_RS01655
lcl|NC_009648.1_cds_WP_012737473.1_316	KPN_RS30985
lcl|NC_009648.1_cds_WP_002890161.1_317	KPN_RS01665
lcl|NC_009648.1_cds_WP_004147274.1_318	KPN_RS01670
lcl|NC_009648.1_cds_WP_002890192.1_319	KPN_RS01675
lcl|NC_009648.1_cds_WP_004893960.1_320	KPN_RS01680
lcl|NC_009648.1_cds_WP_004144603.1_321	KPN_RS01685
lcl|NC_009648.1_cds_WP_004147277.1_322	KPN_RS01690
lcl|NC_009648.1_cds_WP_011977713.1_323	KPN_RS01695
lcl|NC_009648.1_cds_WP_002890201.1_324	KPN_RS01700
lcl|NC_009648.1_cds_WP_004178722.1_325	KPN_RS01705
lcl|NC_009648.1_cds_WP_072143249.1_326	KPN_RS01710
lcl|NC_009648.1_cds_WP_002890204.1_327	KPN_RS01715
lcl|NC_009648.1_cds_WP_002890207.1_328	KPN_RS01720
lcl|NC_009648.1_cds_WP_002890210.1_329	KPN_RS01725
lcl|NC_009648.1_cds_WP_002890215.1_330	KPN_RS01730
lcl|NC_009648.1_cds_WP_004151348.1_331	KPN_RS01735
lcl|NC_009648.1_cds_WP_004151347.1_332	KPN_RS01740
lcl|NC_009648.1_cds_WP_002890219.1_333	KPN_RS01745
lcl|NC_009648.1_cds_WP_002890221.1_334	KPN_RS01750
lcl|NC_009648.1_cds_WP_011977715.1_335	KPN_RS01755
lcl|NC_009648.1_cds_WP_002890225.1_336	KPN_RS01760
lcl|NC_009648.1_cds_WP_002890227.1_337	KPN_RS01765
lcl|NC_009648.1_cds_WP_011977717.1_338	KPN_RS01770
lcl|NC_009648.1_cds_WP_002890273.1_339	KPN_RS01775
lcl|NC_009648.1_cds_WP_002890276.1_340	KPN_RS01780
lcl|NC_009648.1_cds_WP_002890278.1_341	KPN_RS01785
lcl|NC_009648.1_cds_WP_004144619.1_342	KPN_RS01790
lcl|NC_009648.1_cds_WP_002890284.1_343	KPN_RS01795
lcl|NC_009648.1_cds_WP_002890285.1_344	KPN_RS01800
lcl|NC_009648.1_cds_WP_023287295.1_345	KPN_RS01805
lcl|NC_009648.1_cds_WP_011977719.1_346	KPN_RS01810
lcl|NC_009648.1_cds_WP_011977720.1_347	KPN_RS01815
lcl|NC_009648.1_cds_WP_002890343.1_348	KPN_RS01820
lcl|NC_009648.1_cds_WP_011977721.1_349	KPN_RS01825
lcl|NC_009648.1_cds_WP_004144627.1_350	KPN_RS01830
lcl|NC_009648.1_cds_WP_002890348.1_351	KPN_RS01835
lcl|NC_009648.1_cds_WP_004147293.1_352	KPN_RS01840
lcl|NC_009648.1_cds_WP_004191753.1_353	KPN_RS01845
lcl|NC_009648.1_cds_WP_002890357.1_354	KPN_RS01850
lcl|NC_009648.1_cds_WP_002890365.1_355	KPN_RS01855
lcl|NC_009648.1_cds_WP_011977723.1_356	KPN_RS01860
lcl|NC_009648.1_cds_WP_004218830.1_357	KPN_RS01865
lcl|NC_009648.1_cds_WP_002890372.1_358	KPN_RS01870
lcl|NC_009648.1_cds_WP_004191747.1_359	KPN_RS01875
lcl|NC_009648.1_cds_WP_002890376.1_360	KPN_RS01880
lcl|NC_009648.1_cds_WP_011977725.1_361	KPN_RS01885
lcl|NC_009648.1_cds_KPN_RS32315_362	KPN_RS32315
lcl|NC_009648.1_cds_WP_004178733.1_363	KPN_RS01895
lcl|NC_009648.1_cds_WP_009307908.1_364	KPN_RS01900
lcl|NC_009648.1_cds_WP_004218831.1_365	KPN_RS30990
lcl|NC_009648.1_cds_WP_002890390.1_366	KPN_RS01910
lcl|NC_009648.1_cds_WP_002890395.1_367	KPN_RS01915
lcl|NC_009648.1_cds_WP_002890398.1_368	KPN_RS01920
lcl|NC_009648.1_cds_WP_002890400.1_369	KPN_RS01925
lcl|NC_009648.1_cds_WP_002890403.1_370	KPN_RS01930
lcl|NC_009648.1_cds_WP_011977726.1_371	KPN_RS01935
lcl|NC_009648.1_cds_WP_011977727.1_372	KPN_RS01940
lcl|NC_009648.1_cds_WP_002890412.1_373	KPN_RS01945
lcl|NC_009648.1_cds_WP_002890414.1_374	KPN_RS01950
lcl|NC_009648.1_cds_WP_002890417.1_375	KPN_RS01955
lcl|NC_009648.1_cds_WP_011977728.1_376	KPN_RS01960
lcl|NC_009648.1_cds_WP_001021161.1_377	KPN_RS01965
lcl|NC_009648.1_cds_WP_002891356.1_378	KPN_RS01970
lcl|NC_009648.1_cds_WP_004178737.1_379	KPN_RS01975
lcl|NC_009648.1_cds_WP_004177266.1_380	KPN_RS01980
lcl|NC_009648.1_cds_WP_004147313.1_381	KPN_RS01985
lcl|NC_009648.1_cds_WP_012068354.1_382	KPN_RS01990
lcl|NC_009648.1_cds_WP_004144656.1_383	KPN_RS01995
lcl|NC_009648.1_cds_WP_002891398.1_384	KPN_RS02000
lcl|NC_009648.1_cds_WP_004151340.1_385	KPN_RS02005
lcl|NC_009648.1_cds_WP_004178740.1_386	KPN_RS02010
lcl|NC_009648.1_cds_WP_012068355.1_387	KPN_RS02015
lcl|NC_009648.1_cds_WP_004178742.1_388	KPN_RS02020
lcl|NC_009648.1_cds_WP_012068356.1_389	KPN_RS02025
lcl|NC_009648.1_cds_WP_004144660.1_390	KPN_RS02030
lcl|NC_009648.1_cds_WP_004191717.1_391	KPN_RS02035
lcl|NC_009648.1_cds_WP_002891473.1_392	KPN_RS02040
lcl|NC_009648.1_cds_WP_002891476.1_393	KPN_RS02045
lcl|NC_009648.1_cds_KPN_RS02050_394	KPN_RS02050
lcl|NC_009648.1_cds_WP_002891541.1_395	KPN_RS02055
lcl|NC_009648.1_cds_WP_012068358.1_396	KPN_RS02060
lcl|NC_009648.1_cds_WP_032434106.1_397	KPN_RS02065
lcl|NC_009648.1_cds_WP_002891624.1_398	KPN_RS02070
lcl|NC_009648.1_cds_WP_004178748.1_399	KPN_RS02075
lcl|NC_009648.1_cds_WP_002891629.1_400	KPN_RS02080
lcl|NC_009648.1_cds_WP_002891634.1_401	KPN_RS02085
lcl|NC_009648.1_cds_WP_002891635.1_402	KPN_RS02090
lcl|NC_009648.1_cds_WP_002891638.1_403	KPN_RS02095
lcl|NC_009648.1_cds_WP_002891641.1_404	KPN_RS02100
lcl|NC_009648.1_cds_WP_004178749.1_405	KPN_RS02105
lcl|NC_009648.1_cds_WP_002891647.1_406	KPN_RS02110
lcl|NC_009648.1_cds_WP_002891649.1_407	KPN_RS02115
lcl|NC_009648.1_cds_WP_004147333.1_408	KPN_RS02120
lcl|NC_009648.1_cds_WP_002891804.1_409	KPN_RS02125
lcl|NC_009648.1_cds_WP_002891807.1_410	KPN_RS02130
lcl|NC_009648.1_cds_WP_004151336.1_411	KPN_RS02135
lcl|NC_009648.1_cds_WP_002444653.1_412	KPN_RS02140
lcl|NC_009648.1_cds_WP_004177252.1_413	KPN_RS02145
lcl|NC_009648.1_cds_WP_004144680.1_414	KPN_RS02150
lcl|NC_009648.1_cds_WP_002891860.1_415	KPN_RS02155
lcl|NC_009648.1_cds_WP_002891863.1_416	KPN_RS02160
lcl|NC_009648.1_cds_WP_012068363.1_417	KPN_RS02165
lcl|NC_009648.1_cds_WP_012068364.1_418	KPN_RS02170
lcl|NC_009648.1_cds_WP_004147342.1_419	KPN_RS02175
lcl|NC_009648.1_cds_WP_002891873.1_420	KPN_RS02180
lcl|NC_009648.1_cds_WP_012068365.1_421	KPN_RS02185
lcl|NC_009648.1_cds_WP_004147345.1_422	KPN_RS02190
lcl|NC_009648.1_cds_WP_002891893.1_423	KPN_RS02195
lcl|NC_009648.1_cds_WP_004152876.1_424	KPN_RS02200
lcl|NC_009648.1_cds_WP_002891899.1_425	KPN_RS02205
lcl|NC_009648.1_cds_WP_002891903.1_426	KPN_RS02210
lcl|NC_009648.1_cds_WP_004142687.1_427	KPN_RS02215
lcl|NC_009648.1_cds_WP_004178755.1_428	KPN_RS02220
lcl|NC_009648.1_cds_WP_002891977.1_429	KPN_RS02225
lcl|NC_009648.1_cds_WP_004142688.1_430	KPN_RS02230
lcl|NC_009648.1_cds_WP_012068366.1_431	KPN_RS02235
lcl|NC_009648.1_cds_WP_004223037.1_432	KPN_RS02240
lcl|NC_009648.1_cds_WP_012068367.1_433	KPN_RS02245
lcl|NC_009648.1_cds_WP_002891985.1_434	KPN_RS02250
lcl|NC_009648.1_cds_WP_012068368.1_435	KPN_RS02255
lcl|NC_009648.1_cds_WP_041937583.1_436	KPN_RS02260
lcl|NC_009648.1_cds_WP_002891991.1_437	KPN_RS02270
lcl|NC_009648.1_cds_WP_004177243.1_438	KPN_RS02275
lcl|NC_009648.1_cds_WP_000079398.1_439	KPN_RS02280
lcl|NC_009648.1_cds_WP_004178761.1_440	KPN_RS02285
lcl|NC_009648.1_cds_WP_012068370.1_441	KPN_RS02290
lcl|NC_009648.1_cds_WP_002892003.1_442	KPN_RS02295
lcl|NC_009648.1_cds_WP_004177240.1_443	KPN_RS02300
lcl|NC_009648.1_cds_WP_002892007.1_444	KPN_RS02305
lcl|NC_009648.1_cds_WP_002892011.1_445	KPN_RS02310
lcl|NC_009648.1_cds_WP_002892018.1_446	KPN_RS02315
lcl|NC_009648.1_cds_WP_002892021.1_447	KPN_RS02320
lcl|NC_009648.1_cds_WP_012068372.1_448	KPN_RS02325
lcl|NC_009648.1_cds_WP_002892026.1_449	KPN_RS02330
lcl|NC_009648.1_cds_WP_004147370.1_450	KPN_RS31005
lcl|NC_009648.1_cds_WP_002892030.1_451	KPN_RS02340
lcl|NC_009648.1_cds_WP_002892050.1_452	KPN_RS02345
lcl|NC_009648.1_cds_WP_002892066.1_453	KPN_RS02350
lcl|NC_009648.1_cds_WP_002892069.1_454	KPN_RS02355
lcl|NC_009648.1_cds_WP_004177236.1_455	KPN_RS02360
lcl|NC_009648.1_cds_WP_002892080.1_456	KPN_RS02365
lcl|NC_009648.1_cds_WP_004177234.1_457	KPN_RS02370
lcl|NC_009648.1_cds_WP_004177233.1_458	KPN_RS02375
lcl|NC_009648.1_cds_WP_002892136.1_459	KPN_RS02380
lcl|NC_009648.1_cds_WP_002892142.1_460	KPN_RS02385
lcl|NC_009648.1_cds_WP_002892144.1_461	KPN_RS02390
lcl|NC_009648.1_cds_WP_002892145.1_462	KPN_RS02395
lcl|NC_009648.1_cds_WP_004177229.1_463	KPN_RS02400
lcl|NC_009648.1_cds_WP_002892173.1_464	KPN_RS02405
lcl|NC_009648.1_cds_WP_002892177.1_465	KPN_RS02410
lcl|NC_009648.1_cds_WP_004177228.1_466	KPN_RS02415
lcl|NC_009648.1_cds_WP_002892184.1_467	KPN_RS02420
lcl|NC_009648.1_cds_KPN_RS02425_468	KPN_RS02425
lcl|NC_009648.1_cds_WP_002892192.1_469	KPN_RS02430
lcl|NC_009648.1_cds_WP_002892195.1_470	KPN_RS02435
lcl|NC_009648.1_cds_WP_004147385.1_471	KPN_RS02450
lcl|NC_009648.1_cds_WP_002892203.1_472	KPN_RS02455
lcl|NC_009648.1_cds_WP_002892205.1_473	KPN_RS02460
lcl|NC_009648.1_cds_WP_004151327.1_474	KPN_RS02465
lcl|NC_009648.1_cds_WP_041937710.1_475	KPN_RS02470
lcl|NC_009648.1_cds_WP_002892208.1_476	KPN_RS02475
lcl|NC_009648.1_cds_WP_004151325.1_477	KPN_RS02480
lcl|NC_009648.1_cds_WP_002892258.1_478	KPN_RS02485
lcl|NC_009648.1_cds_WP_004177224.1_479	KPN_RS02490
lcl|NC_009648.1_cds_WP_004177223.1_480	KPN_RS02495
lcl|NC_009648.1_cds_WP_012068376.1_481	KPN_RS02500
lcl|NC_009648.1_cds_WP_012068377.1_482	KPN_RS02505
lcl|NC_009648.1_cds_WP_004196998.1_483	KPN_RS02510
lcl|NC_009648.1_cds_WP_004146399.1_484	KPN_RS02515
lcl|NC_009648.1_cds_WP_004147400.1_485	KPN_RS02520
lcl|NC_009648.1_cds_WP_004219504.1_486	KPN_RS31020
lcl|NC_009648.1_cds_WP_004142997.1_487	KPN_RS02530
lcl|NC_009648.1_cds_WP_004183227.1_488	KPN_RS02535
lcl|NC_009648.1_cds_WP_004143002.1_489	KPN_RS02540
lcl|NC_009648.1_cds_WP_004151322.1_490	KPN_RS02545
lcl|NC_009648.1_cds_WP_004223118.1_491	KPN_RS02550
lcl|NC_009648.1_cds_WP_004191610.1_492	KPN_RS02555
lcl|NC_009648.1_cds_WP_004151319.1_493	KPN_RS02560
lcl|NC_009648.1_cds_WP_004143010.1_494	KPN_RS02565
lcl|NC_009648.1_cds_WP_004143016.1_495	KPN_RS02570
lcl|NC_009648.1_cds_WP_004143017.1_496	KPN_RS02575
lcl|NC_009648.1_cds_KPN_RS32320_497	KPN_RS32320
lcl|NC_009648.1_cds_WP_002892360.1_498	KPN_RS02585
lcl|NC_009648.1_cds_WP_002892366.1_499	KPN_RS02590
lcl|NC_009648.1_cds_WP_002892370.1_500	KPN_RS02595
lcl|NC_009648.1_cds_WP_020804400.1_501	KPN_RS31025
lcl|NC_009648.1_cds_WP_004147414.1_502	KPN_RS02605
lcl|NC_009648.1_cds_WP_004191501.1_503	KPN_RS02610
lcl|NC_009648.1_cds_WP_002892378.1_504	KPN_RS02615
lcl|NC_009648.1_cds_WP_004151792.1_505	KPN_RS02620
lcl|NC_009648.1_cds_WP_012068380.1_506	KPN_RS02625
lcl|NC_009648.1_cds_WP_012068381.1_507	KPN_RS02630
lcl|NC_009648.1_cds_WP_041937585.1_508	KPN_RS02635
lcl|NC_009648.1_cds_WP_002892397.1_509	KPN_RS02640
lcl|NC_009648.1_cds_WP_002892400.1_510	KPN_RS02645
lcl|NC_009648.1_cds_WP_012068383.1_511	KPN_RS02650
lcl|NC_009648.1_cds_WP_004147422.1_512	KPN_RS02655
lcl|NC_009648.1_cds_WP_002892484.1_513	KPN_RS02660
lcl|NC_009648.1_cds_WP_002892486.1_514	KPN_RS02665
lcl|NC_009648.1_cds_WP_004151795.1_515	KPN_RS02670
lcl|NC_009648.1_cds_WP_002892491.1_516	KPN_RS02675
lcl|NC_009648.1_cds_WP_004191485.1_517	KPN_RS02680
lcl|NC_009648.1_cds_WP_012068384.1_518	KPN_RS02685
lcl|NC_009648.1_cds_WP_012068385.1_519	KPN_RS02690
lcl|NC_009648.1_cds_WP_012068386.1_520	KPN_RS02695
lcl|NC_009648.1_cds_WP_004177011.1_521	KPN_RS02700
lcl|NC_009648.1_cds_WP_004191476.1_522	KPN_RS02705
lcl|NC_009648.1_cds_WP_002892597.1_523	KPN_RS02710
lcl|NC_009648.1_cds_WP_004142660.1_524	KPN_RS02715
lcl|NC_009648.1_cds_WP_004152946.1_525	KPN_RS02720
lcl|NC_009648.1_cds_WP_032434155.1_526	KPN_RS02730
lcl|NC_009648.1_cds_WP_014907957.1_527	KPN_RS02735
lcl|NC_009648.1_cds_WP_012068387.1_528	KPN_RS02740
lcl|NC_009648.1_cds_WP_002892640.1_529	KPN_RS02745
lcl|NC_009648.1_cds_WP_004147437.1_530	KPN_RS02750
lcl|NC_009648.1_cds_WP_012068388.1_531	KPN_RS02755
lcl|NC_009648.1_cds_WP_004151802.1_532	KPN_RS02765
lcl|NC_009648.1_cds_WP_002892695.1_533	KPN_RS02770
lcl|NC_009648.1_cds_WP_012068389.1_534	KPN_RS02775
lcl|NC_009648.1_cds_WP_012068390.1_535	KPN_RS02780
lcl|NC_009648.1_cds_WP_072143255.1_536	KPN_RS02785
lcl|NC_009648.1_cds_WP_004151804.1_537	KPN_RS02790
lcl|NC_009648.1_cds_WP_002892699.1_538	KPN_RS02800
lcl|NC_009648.1_cds_WP_002892701.1_539	KPN_RS02805
lcl|NC_009648.1_cds_WP_002892703.1_540	KPN_RS31045
lcl|NC_009648.1_cds_WP_004217907.1_541	KPN_RS31050
lcl|NC_009648.1_cds_WP_012068391.1_542	KPN_RS02820
lcl|NC_009648.1_cds_WP_002892707.1_543	KPN_RS02825
lcl|NC_009648.1_cds_WP_004147443.1_544	KPN_RS02830
lcl|NC_009648.1_cds_WP_041937586.1_545	KPN_RS02835
lcl|NC_009648.1_cds_WP_012068393.1_546	KPN_RS02840
lcl|NC_009648.1_cds_WP_004893684.1_547	KPN_RS02845
lcl|NC_009648.1_cds_WP_009484099.1_548	KPN_RS02850
lcl|NC_009648.1_cds_WP_002892774.1_549	KPN_RS02855
lcl|NC_009648.1_cds_KPN_RS02860_550	KPN_RS02860
lcl|NC_009648.1_cds_WP_012068395.1_551	KPN_RS02865
lcl|NC_009648.1_cds_WP_012068396.1_552	KPN_RS02870
lcl|NC_009648.1_cds_WP_002892820.1_553	KPN_RS02875
lcl|NC_009648.1_cds_WP_002892824.1_554	KPN_RS02880
lcl|NC_009648.1_cds_WP_004176990.1_555	KPN_RS02885
lcl|NC_009648.1_cds_WP_004151810.1_556	KPN_RS02890
lcl|NC_009648.1_cds_KPN_RS02895_557	KPN_RS02895
lcl|NC_009648.1_cds_WP_041937587.1_558	KPN_RS02900
lcl|NC_009648.1_cds_WP_004151811.1_559	KPN_RS02905
lcl|NC_009648.1_cds_WP_004198867.1_560	KPN_RS02910
lcl|NC_009648.1_cds_WP_004893657.1_561	KPN_RS02915
lcl|NC_009648.1_cds_WP_041937588.1_562	KPN_RS02920
lcl|NC_009648.1_cds_WP_004183289.1_563	KPN_RS02925
lcl|NC_009648.1_cds_WP_012068399.1_564	KPN_RS02930
lcl|NC_009648.1_cds_WP_004142570.1_565	KPN_RS02935
lcl|NC_009648.1_cds_WP_004176980.1_566	KPN_RS02940
lcl|NC_009648.1_cds_WP_004151823.1_567	KPN_RS02945
lcl|NC_009648.1_cds_WP_012068400.1_568	KPN_RS02950
lcl|NC_009648.1_cds_WP_004147470.1_569	KPN_RS02955
lcl|NC_009648.1_cds_WP_012068401.1_570	KPN_RS02960
lcl|NC_009648.1_cds_WP_004183293.1_571	KPN_RS02965
lcl|NC_009648.1_cds_WP_004176976.1_572	KPN_RS02970
lcl|NC_009648.1_cds_WP_004183295.1_573	KPN_RS02975
lcl|NC_009648.1_cds_WP_002893014.1_574	KPN_RS02980
lcl|NC_009648.1_cds_WP_002893017.1_575	KPN_RS02985
lcl|NC_009648.1_cds_WP_004176973.1_576	KPN_RS02990
lcl|NC_009648.1_cds_WP_004142557.1_577	KPN_RS02995
lcl|NC_009648.1_cds_WP_004176968.1_578	KPN_RS03000
lcl|NC_009648.1_cds_WP_012737592.1_579	KPN_RS03005
lcl|NC_009648.1_cds_WP_002893035.1_580	KPN_RS03010
lcl|NC_009648.1_cds_WP_002893037.1_581	KPN_RS03015
lcl|NC_009648.1_cds_WP_019704896.1_582	KPN_RS03025
lcl|NC_009648.1_cds_WP_012068402.1_583	KPN_RS03030
lcl|NC_009648.1_cds_WP_012068403.1_584	KPN_RS03035
lcl|NC_009648.1_cds_WP_012068404.1_585	KPN_RS03040
lcl|NC_009648.1_cds_WP_004176954.1_586	KPN_RS03045
lcl|NC_009648.1_cds_WP_012068405.1_587	KPN_RS03050
lcl|NC_009648.1_cds_WP_004178910.1_588	KPN_RS03055
lcl|NC_009648.1_cds_WP_004178912.1_589	KPN_RS03060
lcl|NC_009648.1_cds_WP_012068406.1_590	KPN_RS03065
lcl|NC_009648.1_cds_WP_004191439.1_591	KPN_RS03070
lcl|NC_009648.1_cds_WP_012068407.1_592	KPN_RS03075
lcl|NC_009648.1_cds_WP_025368372.1_593	KPN_RS03080
lcl|NC_009648.1_cds_WP_012068408.1_594	KPN_RS03085
lcl|NC_009648.1_cds_WP_023300819.1_595	KPN_RS03090
lcl|NC_009648.1_cds_WP_004176946.1_596	KPN_RS03095
lcl|NC_009648.1_cds_WP_002893187.1_597	KPN_RS03100
lcl|NC_009648.1_cds_WP_002893189.1_598	KPN_RS03105
lcl|NC_009648.1_cds_WP_004151676.1_599	KPN_RS03110
lcl|NC_009648.1_cds_WP_004176941.1_600	KPN_RS03115
lcl|NC_009648.1_cds_WP_004214933.1_601	KPN_RS03120
lcl|NC_009648.1_cds_WP_004178936.1_602	KPN_RS03125
lcl|NC_009648.1_cds_WP_012068410.1_603	KPN_RS03130
lcl|NC_009648.1_cds_WP_004142505.1_604	KPN_RS03135
lcl|NC_009648.1_cds_WP_004176937.1_605	KPN_RS03140
lcl|NC_009648.1_cds_WP_004142499.1_606	KPN_RS03145
lcl|NC_009648.1_cds_WP_041937589.1_607	KPN_RS03150
lcl|NC_009648.1_cds_WP_004142489.1_608	KPN_RS03155
lcl|NC_009648.1_cds_WP_004147503.1_609	KPN_RS03160
lcl|NC_009648.1_cds_WP_004151671.1_610	KPN_RS03165
lcl|NC_009648.1_cds_WP_004142478.1_611	KPN_RS03170
lcl|NC_009648.1_cds_WP_004210923.1_612	KPN_RS03175
lcl|NC_009648.1_cds_KPN_RS32325_613	KPN_RS32325
lcl|NC_009648.1_cds_WP_322966524.1_614	KPN_RS03180
lcl|NC_009648.1_cds_WP_012068412.1_615	KPN_RS03185
lcl|NC_009648.1_cds_WP_012068413.1_616	KPN_RS03190
lcl|NC_009648.1_cds_WP_012068414.1_617	KPN_RS03195
lcl|NC_009648.1_cds_WP_025368362.1_618	KPN_RS03200
lcl|NC_009648.1_cds_WP_004893550.1_619	KPN_RS03205
lcl|NC_009648.1_cds_WP_004893549.1_620	KPN_RS03210
lcl|NC_009648.1_cds_WP_004178954.1_621	KPN_RS03215
lcl|NC_009648.1_cds_WP_012068417.1_622	KPN_RS03220
lcl|NC_009648.1_cds_WP_004885708.1_623	KPN_RS03225
lcl|NC_009648.1_cds_WP_012068418.1_624	KPN_RS03230
lcl|NC_009648.1_cds_WP_041937590.1_625	KPN_RS03235
lcl|NC_009648.1_cds_WP_004178959.1_626	KPN_RS03240
lcl|NC_009648.1_cds_WP_012068421.1_627	KPN_RS03245
lcl|NC_009648.1_cds_WP_012068422.1_628	KPN_RS03250
lcl|NC_009648.1_cds_WP_019705362.1_629	KPN_RS03255
lcl|NC_009648.1_cds_WP_004176919.1_630	KPN_RS03260
lcl|NC_009648.1_cds_WP_041937591.1_631	KPN_RS03265
lcl|NC_009648.1_cds_WP_002893737.1_632	KPN_RS03270
lcl|NC_009648.1_cds_WP_004147521.1_633	KPN_RS03275
lcl|NC_009648.1_cds_WP_012068425.1_634	KPN_RS03280
lcl|NC_009648.1_cds_WP_004147525.1_635	KPN_RS03285
lcl|NC_009648.1_cds_WP_004147526.1_636	KPN_RS03290
lcl|NC_009648.1_cds_WP_004176916.1_637	KPN_RS03295
lcl|NC_009648.1_cds_WP_012068426.1_638	KPN_RS03300
lcl|NC_009648.1_cds_WP_012068427.1_639	KPN_RS03305
lcl|NC_009648.1_cds_WP_012068428.1_640	KPN_RS03310
lcl|NC_009648.1_cds_WP_008805589.1_641	KPN_RS03315
lcl|NC_009648.1_cds_WP_012068429.1_642	KPN_RS03320
lcl|NC_009648.1_cds_WP_012068430.1_643	KPN_RS03325
lcl|NC_009648.1_cds_WP_008805591.1_644	KPN_RS03330
lcl|NC_009648.1_cds_WP_012068431.1_645	KPN_RS03335
lcl|NC_009648.1_cds_WP_012068432.1_646	KPN_RS03340
lcl|NC_009648.1_cds_WP_012068433.1_647	KPN_RS03345
lcl|NC_009648.1_cds_WP_012068434.1_648	KPN_RS03350
lcl|NC_009648.1_cds_WP_002894035.1_649	KPN_RS03355
lcl|NC_009648.1_cds_WP_008805596.1_650	KPN_RS03360
lcl|NC_009648.1_cds_WP_004178989.1_651	KPN_RS03365
lcl|NC_009648.1_cds_WP_004151657.1_652	KPN_RS03370
lcl|NC_009648.1_cds_WP_012068437.1_653	KPN_RS03375
lcl|NC_009648.1_cds_WP_012068438.1_654	KPN_RS03380
lcl|NC_009648.1_cds_WP_002894151.1_655	KPN_RS03385
lcl|NC_009648.1_cds_WP_004178995.1_656	KPN_RS03390
lcl|NC_009648.1_cds_WP_072157843.1_657	KPN_RS03395
lcl|NC_009648.1_cds_WP_002894156.1_658	KPN_RS03400
lcl|NC_009648.1_cds_WP_002894159.1_659	KPN_RS03405
lcl|NC_009648.1_cds_WP_002894162.1_660	KPN_RS03410
lcl|NC_009648.1_cds_WP_002894164.1_661	KPN_RS03415
lcl|NC_009648.1_cds_WP_012068439.1_662	KPN_RS03420
lcl|NC_009648.1_cds_WP_012068440.1_663	KPN_RS03425
lcl|NC_009648.1_cds_WP_004147553.1_664	KPN_RS03430
lcl|NC_009648.1_cds_WP_004223619.1_665	KPN_RS03435
lcl|NC_009648.1_cds_WP_012068441.1_666	KPN_RS03440
lcl|NC_009648.1_cds_WP_162467040.1_667	KPN_RS03445
lcl|NC_009648.1_cds_WP_002894353.1_668	KPN_RS03450
lcl|NC_009648.1_cds_WP_012068443.1_669	KPN_RS03455
lcl|NC_009648.1_cds_WP_009485199.1_670	KPN_RS03460
lcl|NC_009648.1_cds_WP_012068444.1_671	KPN_RS03465
lcl|NC_009648.1_cds_WP_074182014.1_672	KPN_RS03470
lcl|NC_009648.1_cds_WP_004151651.1_673	KPN_RS03475
lcl|NC_009648.1_cds_WP_002894369.1_674	KPN_RS03480
lcl|NC_009648.1_cds_WP_004212615.1_675	KPN_RS03485
lcl|NC_009648.1_cds_WP_032432799.1_676	KPN_RS03490
lcl|NC_009648.1_cds_WP_002894394.1_677	KPN_RS03495
lcl|NC_009648.1_cds_WP_004142378.1_678	KPN_RS03500
lcl|NC_009648.1_cds_WP_002894401.1_679	KPN_RS03505
lcl|NC_009648.1_cds_WP_002894404.1_680	KPN_RS03510
lcl|NC_009648.1_cds_WP_004176884.1_681	KPN_RS03515
lcl|NC_009648.1_cds_WP_012068448.1_682	KPN_RS03520
lcl|NC_009648.1_cds_WP_004183399.1_683	KPN_RS03525
lcl|NC_009648.1_cds_WP_002439184.1_684	KPN_RS03530
lcl|NC_009648.1_cds_WP_002894459.1_685	KPN_RS03535
lcl|NC_009648.1_cds_WP_020803596.1_686	KPN_RS03540
lcl|NC_009648.1_cds_WP_002894464.1_687	KPN_RS03545
lcl|NC_009648.1_cds_WP_002894467.1_688	KPN_RS03550
lcl|NC_009648.1_cds_WP_020803604.1_689	KPN_RS03555
lcl|NC_009648.1_cds_WP_002894472.1_690	KPN_RS03560
lcl|NC_009648.1_cds_WP_002894474.1_691	KPN_RS03565
lcl|NC_009648.1_cds_WP_002894539.1_692	KPN_RS03570
lcl|NC_009648.1_cds_WP_004147579.1_693	KPN_RS03575
lcl|NC_009648.1_cds_WP_002894613.1_694	KPN_RS03580
lcl|NC_009648.1_cds_WP_002894617.1_695	KPN_RS03585
lcl|NC_009648.1_cds_WP_002894620.1_696	KPN_RS03590
lcl|NC_009648.1_cds_WP_002894623.1_697	KPN_RS03595
lcl|NC_009648.1_cds_WP_004151650.1_698	KPN_RS03600
lcl|NC_009648.1_cds_WP_012068451.1_699	KPN_RS03605
lcl|NC_009648.1_cds_WP_041937592.1_700	KPN_RS03610
lcl|NC_009648.1_cds_WP_002894693.1_701	KPN_RS03615
lcl|NC_009648.1_cds_WP_004147581.1_702	KPN_RS03620
lcl|NC_009648.1_cds_WP_002894699.1_703	KPN_RS03625
lcl|NC_009648.1_cds_WP_004176876.1_704	KPN_RS03630
lcl|NC_009648.1_cds_WP_004176875.1_705	KPN_RS03635
lcl|NC_009648.1_cds_WP_002894706.1_706	KPN_RS03645
lcl|NC_009648.1_cds_WP_004212642.1_707	KPN_RS03650
lcl|NC_009648.1_cds_WP_002894709.1_708	KPN_RS03655
lcl|NC_009648.1_cds_WP_002894712.1_709	KPN_RS03660
lcl|NC_009648.1_cds_WP_004179036.1_710	KPN_RS03665
lcl|NC_009648.1_cds_WP_004197606.1_711	KPN_RS03670
lcl|NC_009648.1_cds_WP_002894722.1_712	KPN_RS03675
lcl|NC_009648.1_cds_WP_004176871.1_713	KPN_RS03680
lcl|NC_009648.1_cds_WP_002894730.1_714	KPN_RS03685
lcl|NC_009648.1_cds_WP_012068455.1_715	KPN_RS03690
lcl|NC_009648.1_cds_WP_002894734.1_716	KPN_RS03730
lcl|NC_009648.1_cds_WP_002894738.1_717	KPN_RS03735
lcl|NC_009648.1_cds_WP_002894742.1_718	KPN_RS03740
lcl|NC_009648.1_cds_WP_002894747.1_719	KPN_RS03745
lcl|NC_009648.1_cds_WP_002894749.1_720	KPN_RS03750
lcl|NC_009648.1_cds_WP_004147599.1_721	KPN_RS03755
lcl|NC_009648.1_cds_WP_002894753.1_722	KPN_RS03760
lcl|NC_009648.1_cds_WP_002894756.1_723	KPN_RS03765
lcl|NC_009648.1_cds_WP_004152230.1_724	KPN_RS03770
lcl|NC_009648.1_cds_WP_012068456.1_725	KPN_RS03775
lcl|NC_009648.1_cds_WP_019705385.1_726	KPN_RS03780
lcl|NC_009648.1_cds_WP_002894761.1_727	KPN_RS03785
lcl|NC_009648.1_cds_WP_002894765.1_728	KPN_RS03790
lcl|NC_009648.1_cds_WP_002894767.1_729	KPN_RS03795
lcl|NC_009648.1_cds_WP_004152229.1_730	KPN_RS03800
lcl|NC_009648.1_cds_WP_002894771.1_731	KPN_RS03810
lcl|NC_009648.1_cds_WP_002894773.1_732	KPN_RS03815
lcl|NC_009648.1_cds_WP_004223677.1_733	KPN_RS03820
lcl|NC_009648.1_cds_WP_012068459.1_734	KPN_RS03825
lcl|NC_009648.1_cds_WP_012068460.1_735	KPN_RS03830
lcl|NC_009648.1_cds_WP_004176862.1_736	KPN_RS03835
lcl|NC_009648.1_cds_WP_004147607.1_737	KPN_RS03840
lcl|NC_009648.1_cds_WP_012068461.1_738	KPN_RS03845
lcl|NC_009648.1_cds_WP_020323459.1_739	KPN_RS30250
lcl|NC_009648.1_cds_WP_004142243.1_740	KPN_RS03850
lcl|NC_009648.1_cds_WP_004152225.1_741	KPN_RS03855
lcl|NC_009648.1_cds_WP_004199663.1_742	KPN_RS03860
lcl|NC_009648.1_cds_WP_004176858.1_743	KPN_RS03865
lcl|NC_009648.1_cds_WP_004176857.1_744	KPN_RS03870
lcl|NC_009648.1_cds_WP_012068462.1_745	KPN_RS03875
lcl|NC_009648.1_cds_WP_004176856.1_746	KPN_RS03880
lcl|NC_009648.1_cds_WP_032414680.1_747	KPN_RS03885
lcl|NC_009648.1_cds_WP_032414682.1_748	KPN_RS03890
lcl|NC_009648.1_cds_WP_041937593.1_749	KPN_RS03895
lcl|NC_009648.1_cds_WP_004223693.1_750	KPN_RS03900
lcl|NC_009648.1_cds_WP_002894943.1_751	KPN_RS03910
lcl|NC_009648.1_cds_WP_004142216.1_752	KPN_RS03915
lcl|NC_009648.1_cds_WP_002894949.1_753	KPN_RS03920
lcl|NC_009648.1_cds_WP_004179067.1_754	KPN_RS03925
lcl|NC_009648.1_cds_WP_002894954.1_755	KPN_RS03930
lcl|NC_009648.1_cds_WP_012068464.1_756	KPN_RS03935
lcl|NC_009648.1_cds_WP_004142209.1_757	KPN_RS03940
lcl|NC_009648.1_cds_WP_002895039.1_758	KPN_RS03945
lcl|NC_009648.1_cds_WP_002895043.1_759	KPN_RS03950
lcl|NC_009648.1_cds_WP_002895047.1_760	KPN_RS03960
lcl|NC_009648.1_cds_WP_002895049.1_761	KPN_RS03965
lcl|NC_009648.1_cds_WP_002895051.1_762	KPN_RS03970
lcl|NC_009648.1_cds_WP_002895053.1_763	KPN_RS03975
lcl|NC_009648.1_cds_WP_002895056.1_764	KPN_RS03980
lcl|NC_009648.1_cds_WP_004152221.1_765	KPN_RS03985
lcl|NC_009648.1_cds_WP_002895061.1_766	KPN_RS03990
lcl|NC_009648.1_cds_WP_004214467.1_767	KPN_RS03995
lcl|NC_009648.1_cds_WP_002895066.1_768	KPN_RS04000
lcl|NC_009648.1_cds_WP_002895068.1_769	KPN_RS04005
lcl|NC_009648.1_cds_WP_002895071.1_770	KPN_RS04010
lcl|NC_009648.1_cds_WP_004218635.1_771	KPN_RS30310
lcl|NC_009648.1_cds_WP_004176847.1_772	KPN_RS04055
lcl|NC_009648.1_cds_WP_004151689.1_773	KPN_RS04060
lcl|NC_009648.1_cds_WP_004147641.1_774	KPN_RS04065
lcl|NC_009648.1_cds_WP_002895084.1_775	KPN_RS04070
lcl|NC_009648.1_cds_WP_002895086.1_776	KPN_RS04075
lcl|NC_009648.1_cds_WP_041937595.1_777	KPN_RS04080
lcl|NC_009648.1_cds_WP_095033700.1_778	KPN_RS04085
lcl|NC_009648.1_cds_WP_009483848.1_779	KPN_RS04090
lcl|NC_009648.1_cds_WP_009483847.1_780	KPN_RS04095
lcl|NC_009648.1_cds_WP_086071096.1_781	KPN_RS28630
lcl|NC_009648.1_cds_WP_009483845.1_782	KPN_RS04100
lcl|NC_009648.1_cds_WP_160553086.1_783	KPN_RS28635
lcl|NC_009648.1_cds_WP_012068467.1_784	KPN_RS04110
lcl|NC_009648.1_cds_WP_012068468.1_785	KPN_RS04115
lcl|NC_009648.1_cds_WP_023287385.1_786	KPN_RS04120
lcl|NC_009648.1_cds_WP_002895089.1_787	KPN_RS04125
lcl|NC_009648.1_cds_WP_004151691.1_788	KPN_RS04130
lcl|NC_009648.1_cds_WP_002895144.1_789	KPN_RS04135
lcl|NC_009648.1_cds_WP_004142166.1_790	KPN_RS04140
lcl|NC_009648.1_cds_WP_002895150.1_791	KPN_RS04145
lcl|NC_009648.1_cds_WP_002895152.1_792	KPN_RS32165
lcl|NC_009648.1_cds_WP_002895154.1_793	KPN_RS04160
lcl|NC_009648.1_cds_WP_002895156.1_794	KPN_RS04165
lcl|NC_009648.1_cds_WP_004176834.1_795	KPN_RS04170
lcl|NC_009648.1_cds_WP_002895159.1_796	KPN_RS04175
lcl|NC_009648.1_cds_WP_004176832.1_797	KPN_RS04180
lcl|NC_009648.1_cds_WP_012068472.1_798	KPN_RS04185
lcl|NC_009648.1_cds_WP_020316492.1_799	KPN_RS04190
lcl|NC_009648.1_cds_WP_002895168.1_800	KPN_RS04195
lcl|NC_009648.1_cds_WP_004147654.1_801	KPN_RS32170
lcl|NC_009648.1_cds_WP_023288894.1_802	KPN_RS04205
lcl|NC_009648.1_cds_WP_004176831.1_803	KPN_RS04210
lcl|NC_009648.1_cds_WP_004176830.1_804	KPN_RS04215
lcl|NC_009648.1_cds_WP_004151695.1_805	KPN_RS04220
lcl|NC_009648.1_cds_WP_002895280.1_806	KPN_RS04225
lcl|NC_009648.1_cds_WP_009483834.1_807	KPN_RS31070
lcl|NC_009648.1_cds_WP_002895283.1_808	KPN_RS04235
lcl|NC_009648.1_cds_WP_002895284.1_809	KPN_RS04240
lcl|NC_009648.1_cds_WP_012068473.1_810	KPN_RS04245
lcl|NC_009648.1_cds_WP_004147662.1_811	KPN_RS04250
lcl|NC_009648.1_cds_WP_004183465.1_812	KPN_RS04255
lcl|NC_009648.1_cds_WP_004179084.1_813	KPN_RS04260
lcl|NC_009648.1_cds_WP_004142122.1_814	KPN_RS04265
lcl|NC_009648.1_cds_WP_004153329.1_815	KPN_RS04270
lcl|NC_009648.1_cds_WP_004151698.1_816	KPN_RS04275
lcl|NC_009648.1_cds_WP_002895358.1_817	KPN_RS04280
lcl|NC_009648.1_cds_WP_012068474.1_818	KPN_RS32330
lcl|NC_009648.1_cds_WP_004893303.1_819	KPN_RS04290
lcl|NC_009648.1_cds_WP_004147672.1_820	KPN_RS04295
lcl|NC_009648.1_cds_WP_002895575.1_821	KPN_RS04300
lcl|NC_009648.1_cds_WP_012068475.1_822	KPN_RS04305
lcl|NC_009648.1_cds_WP_002895580.1_823	KPN_RS04310
lcl|NC_009648.1_cds_WP_012068476.1_824	KPN_RS04315
lcl|NC_009648.1_cds_WP_004142100.1_825	KPN_RS04320
lcl|NC_009648.1_cds_WP_002895648.1_826	KPN_RS04325
lcl|NC_009648.1_cds_KPN_RS04330_827	KPN_RS04330
lcl|NC_009648.1_cds_WP_002895652.1_828	KPN_RS04335
lcl|NC_009648.1_cds_WP_002895655.1_829	KPN_RS04345
lcl|NC_009648.1_cds_WP_004179093.1_830	KPN_RS04350
lcl|NC_009648.1_cds_WP_002895659.1_831	KPN_RS04355
lcl|NC_009648.1_cds_WP_012068477.1_832	KPN_RS04360
lcl|NC_009648.1_cds_WP_004142092.1_833	KPN_RS04365
lcl|NC_009648.1_cds_WP_012068478.1_834	KPN_RS04370
lcl|NC_009648.1_cds_WP_002895668.1_835	KPN_RS04375
lcl|NC_009648.1_cds_WP_002895670.1_836	KPN_RS04380
lcl|NC_009648.1_cds_WP_002895672.1_837	KPN_RS04385
lcl|NC_009648.1_cds_WP_002895674.1_838	KPN_RS04390
lcl|NC_009648.1_cds_WP_004142079.1_839	KPN_RS04395
lcl|NC_009648.1_cds_WP_002895728.1_840	KPN_RS04400
lcl|NC_009648.1_cds_WP_002895730.1_841	KPN_RS04405
lcl|NC_009648.1_cds_WP_004179098.1_842	KPN_RS04410
lcl|NC_009648.1_cds_WP_004176793.1_843	KPN_RS04415
lcl|NC_009648.1_cds_WP_004142068.1_844	KPN_RS04420
lcl|NC_009648.1_cds_WP_002895739.1_845	KPN_RS04425
lcl|NC_009648.1_cds_WP_012068479.1_846	KPN_RS04430
lcl|NC_009648.1_cds_WP_002895745.1_847	KPN_RS04435
lcl|NC_009648.1_cds_WP_002895746.1_848	KPN_RS04440
lcl|NC_009648.1_cds_WP_004179102.1_849	KPN_RS04445
lcl|NC_009648.1_cds_WP_004142057.1_850	KPN_RS31085
lcl|NC_009648.1_cds_WP_002895749.1_851	KPN_RS04455
lcl|NC_009648.1_cds_WP_012068480.1_852	KPN_RS04460
lcl|NC_009648.1_cds_WP_002895753.1_853	KPN_RS04465
lcl|NC_009648.1_cds_WP_002895757.1_854	KPN_RS04470
lcl|NC_009648.1_cds_WP_004151702.1_855	KPN_RS04475
lcl|NC_009648.1_cds_WP_004147693.1_856	KPN_RS04480
lcl|NC_009648.1_cds_WP_012068481.1_857	KPN_RS04485
lcl|NC_009648.1_cds_WP_004176772.1_858	KPN_RS04490
lcl|NC_009648.1_cds_WP_002895824.1_859	KPN_RS04495
lcl|NC_009648.1_cds_WP_004176771.1_860	KPN_RS04500
lcl|NC_009648.1_cds_WP_012068482.1_861	KPN_RS04505
lcl|NC_009648.1_cds_WP_002895831.1_862	KPN_RS04510
lcl|NC_009648.1_cds_WP_004142041.1_863	KPN_RS04515
lcl|NC_009648.1_cds_WP_004142040.1_864	KPN_RS04520
lcl|NC_009648.1_cds_WP_002895837.1_865	KPN_RS04525
lcl|NC_009648.1_cds_WP_002895839.1_866	KPN_RS04530
lcl|NC_009648.1_cds_WP_002895841.1_867	KPN_RS04535
lcl|NC_009648.1_cds_WP_002895842.1_868	KPN_RS04540
lcl|NC_009648.1_cds_WP_002895845.1_869	KPN_RS04550
lcl|NC_009648.1_cds_WP_012068483.1_870	KPN_RS04555
lcl|NC_009648.1_cds_WP_002895851.1_871	KPN_RS04560
lcl|NC_009648.1_cds_WP_004183487.1_872	KPN_RS04565
lcl|NC_009648.1_cds_WP_002895863.1_873	KPN_RS04570
lcl|NC_009648.1_cds_WP_040145971.1_874	KPN_RS04575
lcl|NC_009648.1_cds_WP_004151705.1_875	KPN_RS04580
lcl|NC_009648.1_cds_WP_002895871.1_876	KPN_RS04585
lcl|NC_009648.1_cds_KPN_RS04590_877	KPN_RS04590
lcl|NC_009648.1_cds_WP_002895876.1_878	KPN_RS04595
lcl|NC_009648.1_cds_WP_012068486.1_879	KPN_RS04600
lcl|NC_009648.1_cds_WP_002895884.1_880	KPN_RS04605
lcl|NC_009648.1_cds_WP_020802532.1_881	KPN_RS04610
lcl|NC_009648.1_cds_WP_004176744.1_882	KPN_RS04615
lcl|NC_009648.1_cds_WP_004212174.1_883	KPN_RS04620
lcl|NC_009648.1_cds_WP_004179127.1_884	KPN_RS04625
lcl|NC_009648.1_cds_WP_012068487.1_885	KPN_RS04630
lcl|NC_009648.1_cds_WP_004141998.1_886	KPN_RS04635
lcl|NC_009648.1_cds_WP_012068488.1_887	KPN_RS04640
lcl|NC_009648.1_cds_WP_012068489.1_888	KPN_RS04645
lcl|NC_009648.1_cds_WP_004151710.1_889	KPN_RS04650
lcl|NC_009648.1_cds_WP_012068490.1_890	KPN_RS04655
lcl|NC_009648.1_cds_WP_002892997.1_891	KPN_RS04660
lcl|NC_009648.1_cds_WP_004147729.1_892	KPN_RS04665
lcl|NC_009648.1_cds_WP_004141985.1_893	KPN_RS04670
lcl|NC_009648.1_cds_WP_004147732.1_894	KPN_RS04675
lcl|NC_009648.1_cds_WP_004151712.1_895	KPN_RS04680
lcl|NC_009648.1_cds_WP_004141981.1_896	KPN_RS04685
lcl|NC_009648.1_cds_WP_009485545.1_897	KPN_RS04690
lcl|NC_009648.1_cds_WP_041937596.1_898	KPN_RS31095
lcl|NC_009648.1_cds_WP_004191175.1_899	KPN_RS04700
lcl|NC_009648.1_cds_WP_004151717.1_900	KPN_RS04705
lcl|NC_009648.1_cds_WP_004141974.1_901	KPN_RS04710
lcl|NC_009648.1_cds_WP_004141972.1_902	KPN_RS04715
lcl|NC_009648.1_cds_WP_004179130.1_903	KPN_RS04720
lcl|NC_009648.1_cds_WP_004151719.1_904	KPN_RS04725
lcl|NC_009648.1_cds_WP_004141969.1_905	KPN_RS04730
lcl|NC_009648.1_cds_WP_004179131.1_906	KPN_RS04740
lcl|NC_009648.1_cds_WP_002896351.1_907	KPN_RS04745
lcl|NC_009648.1_cds_WP_002896352.1_908	KPN_RS04750
lcl|NC_009648.1_cds_WP_008805812.1_909	KPN_RS04755
lcl|NC_009648.1_cds_WP_012068493.1_910	KPN_RS04760
lcl|NC_009648.1_cds_WP_002896363.1_911	KPN_RS04765
lcl|NC_009648.1_cds_WP_002896365.1_912	KPN_RS04770
lcl|NC_009648.1_cds_WP_002896368.1_913	KPN_RS04775
lcl|NC_009648.1_cds_WP_002896370.1_914	KPN_RS04780
lcl|NC_009648.1_cds_WP_002896371.1_915	KPN_RS04785
lcl|NC_009648.1_cds_WP_002896372.1_916	KPN_RS04790
lcl|NC_009648.1_cds_WP_002896376.1_917	KPN_RS04795
lcl|NC_009648.1_cds_WP_012068495.1_918	KPN_RS04800
lcl|NC_009648.1_cds_WP_002896380.1_919	KPN_RS04805
lcl|NC_009648.1_cds_WP_002896382.1_920	KPN_RS04810
lcl|NC_009648.1_cds_WP_002896384.1_921	KPN_RS04815
lcl|NC_009648.1_cds_WP_004141917.1_922	KPN_RS04820
lcl|NC_009648.1_cds_WP_002896386.1_923	KPN_RS04825
lcl|NC_009648.1_cds_WP_002896390.1_924	KPN_RS04830
lcl|NC_009648.1_cds_WP_002896392.1_925	KPN_RS04835
lcl|NC_009648.1_cds_WP_002896394.1_926	KPN_RS04840
lcl|NC_009648.1_cds_WP_041937597.1_927	KPN_RS04845
lcl|NC_009648.1_cds_WP_004209681.1_928	KPN_RS04850
lcl|NC_009648.1_cds_WP_002896399.1_929	KPN_RS04855
lcl|NC_009648.1_cds_WP_012068497.1_930	KPN_RS04860
lcl|NC_009648.1_cds_WP_012068498.1_931	KPN_RS04865
lcl|NC_009648.1_cds_WP_041937711.1_932	KPN_RS04870
lcl|NC_009648.1_cds_WP_012068500.1_933	KPN_RS04875
lcl|NC_009648.1_cds_WP_004147771.1_934	KPN_RS04880
lcl|NC_009648.1_cds_WP_004183528.1_935	KPN_RS04885
lcl|NC_009648.1_cds_WP_004147773.1_936	KPN_RS04890
lcl|NC_009648.1_cds_WP_002896434.1_937	KPN_RS04895
lcl|NC_009648.1_cds_WP_004176693.1_938	KPN_RS04900
lcl|NC_009648.1_cds_WP_002896440.1_939	KPN_RS04905
lcl|NC_009648.1_cds_WP_012068502.1_940	KPN_RS04910
lcl|NC_009648.1_cds_WP_002896516.1_941	KPN_RS04915
lcl|NC_009648.1_cds_WP_002896520.1_942	KPN_RS04920
lcl|NC_009648.1_cds_WP_002896522.1_943	KPN_RS04925
lcl|NC_009648.1_cds_WP_001040187.1_944	KPN_RS04930
lcl|NC_009648.1_cds_WP_002898014.1_945	KPN_RS04935
lcl|NC_009648.1_cds_WP_012068503.1_946	KPN_RS04940
lcl|NC_009648.1_cds_WP_002898017.1_947	KPN_RS04945
lcl|NC_009648.1_cds_WP_002898019.1_948	KPN_RS04950
lcl|NC_009648.1_cds_WP_000228469.1_949	KPN_RS04960
lcl|NC_009648.1_cds_WP_012068504.1_950	KPN_RS04965
lcl|NC_009648.1_cds_WP_002898132.1_951	KPN_RS04970
lcl|NC_009648.1_cds_WP_002898137.1_952	KPN_RS04975
lcl|NC_009648.1_cds_WP_002898139.1_953	KPN_RS04980
lcl|NC_009648.1_cds_WP_012068505.1_954	KPN_RS04985
lcl|NC_009648.1_cds_WP_012068506.1_955	KPN_RS04990
lcl|NC_009648.1_cds_WP_004183542.1_956	KPN_RS04995
lcl|NC_009648.1_cds_WP_004150843.1_957	KPN_RS05005
lcl|NC_009648.1_cds_WP_002898145.1_958	KPN_RS05010
lcl|NC_009648.1_cds_WP_002898148.1_959	KPN_RS05015
lcl|NC_009648.1_cds_WP_002898150.1_960	KPN_RS05020
lcl|NC_009648.1_cds_WP_004150842.1_961	KPN_RS05025
lcl|NC_009648.1_cds_WP_002898152.1_962	KPN_RS05030
lcl|NC_009648.1_cds_WP_009486275.1_963	KPN_RS05035
lcl|NC_009648.1_cds_WP_012068507.1_964	KPN_RS05040
lcl|NC_009648.1_cds_WP_002898160.1_965	KPN_RS05045
lcl|NC_009648.1_cds_WP_002898162.1_966	KPN_RS05050
lcl|NC_009648.1_cds_WP_002898165.1_967	KPN_RS05055
lcl|NC_009648.1_cds_WP_012068508.1_968	KPN_RS05060
lcl|NC_009648.1_cds_WP_002898170.1_969	KPN_RS05065
lcl|NC_009648.1_cds_WP_004183546.1_970	KPN_RS05070
lcl|NC_009648.1_cds_WP_009486271.1_971	KPN_RS05075
lcl|NC_009648.1_cds_WP_002898177.1_972	KPN_RS05080
lcl|NC_009648.1_cds_WP_002898180.1_973	KPN_RS05085
lcl|NC_009648.1_cds_WP_012068510.1_974	KPN_RS05090
lcl|NC_009648.1_cds_WP_004141786.1_975	KPN_RS05095
lcl|NC_009648.1_cds_WP_002898187.1_976	KPN_RS05100
lcl|NC_009648.1_cds_WP_002898189.1_977	KPN_RS05105
lcl|NC_009648.1_cds_WP_004150840.1_978	KPN_RS05110
lcl|NC_009648.1_cds_WP_012068512.1_979	KPN_RS05115
lcl|NC_009648.1_cds_WP_041937598.1_980	KPN_RS05120
lcl|NC_009648.1_cds_WP_002898198.1_981	KPN_RS05125
lcl|NC_009648.1_cds_WP_002898200.1_982	KPN_RS05130
lcl|NC_009648.1_cds_WP_002898202.1_983	KPN_RS05135
lcl|NC_009648.1_cds_KPN_RS05140_984	KPN_RS05140
lcl|NC_009648.1_cds_WP_004152345.1_985	KPN_RS05145
lcl|NC_009648.1_cds_WP_004152344.1_986	KPN_RS05150
lcl|NC_009648.1_cds_WP_004152343.1_987	KPN_RS05155
lcl|NC_009648.1_cds_WP_004152342.1_988	KPN_RS05160
lcl|NC_009648.1_cds_WP_002898206.1_989	KPN_RS05165
lcl|NC_009648.1_cds_WP_002898209.1_990	KPN_RS05170
lcl|NC_009648.1_cds_WP_004199498.1_991	KPN_RS05175
lcl|NC_009648.1_cds_WP_012068516.1_992	KPN_RS05180
lcl|NC_009648.1_cds_WP_004141764.1_993	KPN_RS05185
lcl|NC_009648.1_cds_WP_004147828.1_994	KPN_RS05190
lcl|NC_009648.1_cds_WP_002898217.1_995	KPN_RS05195
lcl|NC_009648.1_cds_WP_012068517.1_996	KPN_RS05205
lcl|NC_009648.1_cds_WP_004150838.1_997	KPN_RS05210
lcl|NC_009648.1_cds_WP_004141755.1_998	KPN_RS05215
lcl|NC_009648.1_cds_WP_002898293.1_999	KPN_RS05220
lcl|NC_009648.1_cds_KPN_RS05225_1000	KPN_RS05225
lcl|NC_009648.1_cds_WP_002898296.1_1001	KPN_RS05230
lcl|NC_009648.1_cds_WP_012068518.1_1002	KPN_RS05235
lcl|NC_009648.1_cds_WP_002898308.1_1003	KPN_RS05240
lcl|NC_009648.1_cds_WP_041937599.1_1004	KPN_RS05245
lcl|NC_009648.1_cds_WP_004147847.1_1005	KPN_RS05250
lcl|NC_009648.1_cds_WP_012068520.1_1006	KPN_RS05255
lcl|NC_009648.1_cds_WP_004147849.1_1007	KPN_RS05260
lcl|NC_009648.1_cds_WP_002898390.1_1008	KPN_RS05265
lcl|NC_009648.1_cds_WP_012068521.1_1009	KPN_RS05270
lcl|NC_009648.1_cds_WP_002898396.1_1010	KPN_RS05275
lcl|NC_009648.1_cds_WP_002898398.1_1011	KPN_RS05280
lcl|NC_009648.1_cds_WP_004147851.1_1012	KPN_RS05285
lcl|NC_009648.1_cds_WP_002898404.1_1013	KPN_RS05290
lcl|NC_009648.1_cds_WP_002898408.1_1014	KPN_RS05295
lcl|NC_009648.1_cds_WP_002898418.1_1015	KPN_RS05300
lcl|NC_009648.1_cds_WP_004179217.1_1016	KPN_RS05305
lcl|NC_009648.1_cds_WP_012068522.1_1017	KPN_RS05310
lcl|NC_009648.1_cds_WP_002898425.1_1018	KPN_RS05315
lcl|NC_009648.1_cds_WP_012068523.1_1019	KPN_RS05320
lcl|NC_009648.1_cds_WP_002898432.1_1020	KPN_RS05325
lcl|NC_009648.1_cds_WP_004144085.1_1021	KPN_RS05330
lcl|NC_009648.1_cds_WP_049770964.1_1022	KPN_RS32335
lcl|NC_009648.1_cds_WP_004179227.1_1023	KPN_RS05340
lcl|NC_009648.1_cds_WP_012068525.1_1024	KPN_RS05345
lcl|NC_009648.1_cds_WP_004141638.1_1025	KPN_RS05350
lcl|NC_009648.1_cds_WP_041937600.1_1026	KPN_RS05355
lcl|NC_009648.1_cds_WP_012068527.1_1027	KPN_RS05360
lcl|NC_009648.1_cds_WP_002898441.1_1028	KPN_RS05365
lcl|NC_009648.1_cds_WP_004141630.1_1029	KPN_RS05370
lcl|NC_009648.1_cds_WP_004210995.1_1030	KPN_RS05375
lcl|NC_009648.1_cds_WP_002898450.1_1031	KPN_RS05380
lcl|NC_009648.1_cds_WP_023316620.1_1032	KPN_RS05385
lcl|NC_009648.1_cds_WP_002898457.1_1033	KPN_RS05390
lcl|NC_009648.1_cds_WP_002898458.1_1034	KPN_RS05395
lcl|NC_009648.1_cds_WP_004176629.1_1035	KPN_RS05400
lcl|NC_009648.1_cds_WP_223364929.1_1036	KPN_RS32340
lcl|NC_009648.1_cds_KPN_RS32345_1037	KPN_RS32345
lcl|NC_009648.1_cds_WP_004176624.1_1038	KPN_RS05415
lcl|NC_009648.1_cds_WP_012068532.1_1039	KPN_RS05420
lcl|NC_009648.1_cds_WP_012068533.1_1040	KPN_RS05425
lcl|NC_009648.1_cds_WP_002898571.1_1041	KPN_RS05430
lcl|NC_009648.1_cds_KPN_RS05435_1042	KPN_RS05435
lcl|NC_009648.1_cds_WP_012068535.1_1043	KPN_RS05440
lcl|NC_009648.1_cds_WP_004221441.1_1044	KPN_RS05445
lcl|NC_009648.1_cds_WP_002898585.1_1045	KPN_RS05450
lcl|NC_009648.1_cds_WP_004150832.1_1046	KPN_RS05455
lcl|NC_009648.1_cds_WP_002898590.1_1047	KPN_RS05460
lcl|NC_009648.1_cds_WP_004221445.1_1048	KPN_RS05465
lcl|NC_009648.1_cds_WP_002898595.1_1049	KPN_RS05470
lcl|NC_009648.1_cds_WP_004141463.1_1050	KPN_RS05475
lcl|NC_009648.1_cds_WP_002898600.1_1051	KPN_RS30320
lcl|NC_009648.1_cds_WP_002898602.1_1052	KPN_RS05485
lcl|NC_009648.1_cds_WP_004150831.1_1053	KPN_RS05490
lcl|NC_009648.1_cds_WP_004141456.1_1054	KPN_RS05495
lcl|NC_009648.1_cds_WP_002898698.1_1055	KPN_RS05500
lcl|NC_009648.1_cds_WP_002898701.1_1056	KPN_RS05505
lcl|NC_009648.1_cds_WP_032427942.1_1057	KPN_RS05510
lcl|NC_009648.1_cds_WP_004224058.1_1058	KPN_RS31115
lcl|NC_009648.1_cds_WP_002898708.1_1059	KPN_RS05520
lcl|NC_009648.1_cds_WP_004176613.1_1060	KPN_RS05525
lcl|NC_009648.1_cds_WP_012068538.1_1061	KPN_RS05530
lcl|NC_009648.1_cds_WP_004176611.1_1062	KPN_RS05535
lcl|NC_009648.1_cds_WP_004141442.1_1063	KPN_RS05540
lcl|NC_009648.1_cds_WP_004893054.1_1064	KPN_RS05545
lcl|NC_009648.1_cds_WP_002898877.1_1065	KPN_RS05550
lcl|NC_009648.1_cds_WP_009308386.1_1066	KPN_RS05555
lcl|NC_009648.1_cds_WP_004179293.1_1067	KPN_RS05560
lcl|NC_009648.1_cds_WP_002898883.1_1068	KPN_RS05565
lcl|NC_009648.1_cds_WP_002898886.1_1069	KPN_RS05570
lcl|NC_009648.1_cds_WP_041937601.1_1070	KPN_RS05575
lcl|NC_009648.1_cds_WP_004147889.1_1071	KPN_RS05580
lcl|NC_009648.1_cds_WP_004150827.1_1072	KPN_RS05585
lcl|NC_009648.1_cds_WP_002898911.1_1073	KPN_RS05590
lcl|NC_009648.1_cds_WP_002898913.1_1074	KPN_RS05595
lcl|NC_009648.1_cds_WP_004157740.1_1075	KPN_RS05600
lcl|NC_009648.1_cds_WP_004147893.1_1076	KPN_RS05605
lcl|NC_009648.1_cds_WP_002898923.1_1077	KPN_RS05610
lcl|NC_009648.1_cds_WP_002898927.1_1078	KPN_RS05620
lcl|NC_009648.1_cds_WP_004199757.1_1079	KPN_RS05625
lcl|NC_009648.1_cds_WP_004141420.1_1080	KPN_RS05630
lcl|NC_009648.1_cds_WP_004224069.1_1081	KPN_RS05635
lcl|NC_009648.1_cds_WP_004176596.1_1082	KPN_RS05640
lcl|NC_009648.1_cds_WP_012068543.1_1083	KPN_RS05650
lcl|NC_009648.1_cds_WP_012068544.1_1084	KPN_RS05655
lcl|NC_009648.1_cds_WP_004140758.1_1085	KPN_RS05660
lcl|NC_009648.1_cds_WP_002898950.1_1086	KPN_RS05665
lcl|NC_009648.1_cds_WP_004176593.1_1087	KPN_RS05670
lcl|NC_009648.1_cds_WP_004179313.1_1088	KPN_RS05675
lcl|NC_009648.1_cds_WP_002898962.1_1089	KPN_RS05680
lcl|NC_009648.1_cds_WP_004183630.1_1090	KPN_RS05685
lcl|NC_009648.1_cds_WP_012068545.1_1091	KPN_RS05690
lcl|NC_009648.1_cds_WP_002898978.1_1092	KPN_RS05695
lcl|NC_009648.1_cds_WP_002898981.1_1093	KPN_RS05700
lcl|NC_009648.1_cds_WP_002898984.1_1094	KPN_RS05705
lcl|NC_009648.1_cds_WP_004140735.1_1095	KPN_RS05710
lcl|NC_009648.1_cds_WP_002898987.1_1096	KPN_RS05720
lcl|NC_009648.1_cds_WP_002898988.1_1097	KPN_RS05725
lcl|NC_009648.1_cds_WP_012068548.1_1098	KPN_RS05730
lcl|NC_009648.1_cds_WP_002898992.1_1099	KPN_RS05735
lcl|NC_009648.1_cds_WP_004140729.1_1100	KPN_RS32185
lcl|NC_009648.1_cds_WP_004176586.1_1101	KPN_RS05745
lcl|NC_009648.1_cds_WP_012068549.1_1102	KPN_RS05750
lcl|NC_009648.1_cds_WP_012068550.1_1103	KPN_RS05755
lcl|NC_009648.1_cds_WP_002899099.1_1104	KPN_RS05760
lcl|NC_009648.1_cds_WP_004176583.1_1105	KPN_RS05765
lcl|NC_009648.1_cds_WP_004140718.1_1106	KPN_RS05770
lcl|NC_009648.1_cds_WP_002899104.1_1107	KPN_RS05775
lcl|NC_009648.1_cds_WP_004176581.1_1108	KPN_RS05780
lcl|NC_009648.1_cds_WP_004218670.1_1109	KPN_RS05785
lcl|NC_009648.1_cds_WP_041937602.1_1110	KPN_RS05790
lcl|NC_009648.1_cds_WP_002899271.1_1111	KPN_RS05795
lcl|NC_009648.1_cds_WP_002899273.1_1112	KPN_RS05800
lcl|NC_009648.1_cds_WP_002899276.1_1113	KPN_RS05805
lcl|NC_009648.1_cds_WP_000290724.1_1114	KPN_RS05810
lcl|NC_009648.1_cds_WP_004224085.1_1115	KPN_RS05815
lcl|NC_009648.1_cds_WP_002899288.1_1116	KPN_RS05820
lcl|NC_009648.1_cds_WP_002899289.1_1117	KPN_RS05825
lcl|NC_009648.1_cds_WP_002899294.1_1118	KPN_RS05830
lcl|NC_009648.1_cds_WP_000103754.1_1119	KPN_RS05835
lcl|NC_009648.1_cds_WP_002900666.1_1120	KPN_RS05840
lcl|NC_009648.1_cds_WP_002900669.1_1121	KPN_RS05845
lcl|NC_009648.1_cds_WP_041937603.1_1122	KPN_RS05850
lcl|NC_009648.1_cds_WP_002900674.1_1123	KPN_RS05855
lcl|NC_009648.1_cds_WP_002900676.1_1124	KPN_RS05860
lcl|NC_009648.1_cds_WP_015958181.1_1125	KPN_RS05865
lcl|NC_009648.1_cds_WP_002900680.1_1126	KPN_RS05870
lcl|NC_009648.1_cds_WP_002900681.1_1127	KPN_RS05875
lcl|NC_009648.1_cds_WP_002900683.1_1128	KPN_RS05880
lcl|NC_009648.1_cds_WP_014342994.1_1129	KPN_RS05885
lcl|NC_009648.1_cds_WP_015958182.1_1130	KPN_RS05890
lcl|NC_009648.1_cds_WP_004147935.1_1131	KPN_RS05895
lcl|NC_009648.1_cds_WP_002900775.1_1132	KPN_RS05900
lcl|NC_009648.1_cds_WP_002900778.1_1133	KPN_RS05905
lcl|NC_009648.1_cds_WP_002900781.1_1134	KPN_RS05910
lcl|NC_009648.1_cds_WP_041937604.1_1135	KPN_RS05915
lcl|NC_009648.1_cds_WP_004140642.1_1136	KPN_RS31135
lcl|NC_009648.1_cds_WP_004140640.1_1137	KPN_RS05925
lcl|NC_009648.1_cds_WP_004147941.1_1138	KPN_RS31140
lcl|NC_009648.1_cds_WP_004892998.1_1139	KPN_RS05935
lcl|NC_009648.1_cds_WP_002900790.1_1140	KPN_RS05940
lcl|NC_009648.1_cds_WP_020325001.1_1141	KPN_RS05945
lcl|NC_009648.1_cds_WP_004140630.1_1142	KPN_RS31145
lcl|NC_009648.1_cds_WP_004176566.1_1143	KPN_RS05955
lcl|NC_009648.1_cds_WP_002900798.1_1144	KPN_RS05960
lcl|NC_009648.1_cds_WP_004176565.1_1145	KPN_RS05965
lcl|NC_009648.1_cds_WP_015958185.1_1146	KPN_RS05970
lcl|NC_009648.1_cds_WP_015958186.1_1147	KPN_RS05975
lcl|NC_009648.1_cds_WP_015958187.1_1148	KPN_RS05980
lcl|NC_009648.1_cds_WP_004140612.1_1149	KPN_RS05985
lcl|NC_009648.1_cds_WP_004211823.1_1150	KPN_RS05990
lcl|NC_009648.1_cds_WP_004179336.1_1151	KPN_RS05995
lcl|NC_009648.1_cds_WP_015958188.1_1152	KPN_RS06000
lcl|NC_009648.1_cds_WP_004140602.1_1153	KPN_RS06005
lcl|NC_009648.1_cds_WP_015958189.1_1154	KPN_RS06010
lcl|NC_009648.1_cds_WP_004179338.1_1155	KPN_RS06015
lcl|NC_009648.1_cds_WP_004147958.1_1156	KPN_RS06020
lcl|NC_009648.1_cds_WP_015958190.1_1157	KPN_RS06025
lcl|NC_009648.1_cds_WP_015958191.1_1158	KPN_RS06030
lcl|NC_009648.1_cds_WP_041937606.1_1159	KPN_RS06035
lcl|NC_009648.1_cds_WP_004140590.1_1160	KPN_RS06040
lcl|NC_009648.1_cds_WP_004150813.1_1161	KPN_RS06045
lcl|NC_009648.1_cds_WP_004150812.1_1162	KPN_RS06050
lcl|NC_009648.1_cds_WP_004150811.1_1163	KPN_RS06055
lcl|NC_009648.1_cds_WP_004150810.1_1164	KPN_RS06060
lcl|NC_009648.1_cds_WP_004147968.1_1165	KPN_RS06065
lcl|NC_009648.1_cds_WP_004147969.1_1166	KPN_RS06070
lcl|NC_009648.1_cds_WP_004150807.1_1167	KPN_RS06075
lcl|NC_009648.1_cds_WP_015958192.1_1168	KPN_RS06080
lcl|NC_009648.1_cds_WP_015958193.1_1169	KPN_RS06085
lcl|NC_009648.1_cds_WP_004176557.1_1170	KPN_RS06090
lcl|NC_009648.1_cds_WP_004140557.1_1171	KPN_RS06095
lcl|NC_009648.1_cds_WP_004150803.1_1172	KPN_RS06100
lcl|NC_009648.1_cds_WP_004150802.1_1173	KPN_RS06105
lcl|NC_009648.1_cds_WP_004150801.1_1174	KPN_RS06110
lcl|NC_009648.1_cds_WP_004150800.1_1175	KPN_RS06115
lcl|NC_009648.1_cds_WP_015958195.1_1176	KPN_RS06120
lcl|NC_009648.1_cds_WP_004150798.1_1177	KPN_RS06125
lcl|NC_009648.1_cds_WP_015958196.1_1178	KPN_RS06130
lcl|NC_009648.1_cds_WP_004225560.1_1179	KPN_RS31150
lcl|NC_009648.1_cds_WP_004140530.1_1180	KPN_RS06140
lcl|NC_009648.1_cds_WP_004140529.1_1181	KPN_RS06145
lcl|NC_009648.1_cds_WP_004150795.1_1182	KPN_RS06155
lcl|NC_009648.1_cds_WP_004148027.1_1183	KPN_RS06160
lcl|NC_009648.1_cds_WP_004140514.1_1184	KPN_RS06165
lcl|NC_009648.1_cds_WP_004179357.1_1185	KPN_RS06170
lcl|NC_009648.1_cds_WP_004140511.1_1186	KPN_RS06175
lcl|NC_009648.1_cds_WP_015958197.1_1187	KPN_RS06180
lcl|NC_009648.1_cds_WP_004140506.1_1188	KPN_RS06185
lcl|NC_009648.1_cds_WP_004150791.1_1189	KPN_RS06190
lcl|NC_009648.1_cds_WP_015958198.1_1190	KPN_RS31155
lcl|NC_009648.1_cds_WP_015958199.1_1191	KPN_RS06200
lcl|NC_009648.1_cds_WP_015958200.1_1192	KPN_RS31160
lcl|NC_009648.1_cds_WP_004140497.1_1193	KPN_RS06210
lcl|NC_009648.1_cds_WP_004150788.1_1194	KPN_RS06215
lcl|NC_009648.1_cds_WP_004150787.1_1195	KPN_RS06220
lcl|NC_009648.1_cds_WP_004140494.1_1196	KPN_RS06225
lcl|NC_009648.1_cds_WP_004179363.1_1197	KPN_RS06230
lcl|NC_009648.1_cds_WP_004148038.1_1198	KPN_RS06245
lcl|NC_009648.1_cds_WP_004150783.1_1199	KPN_RS06250
lcl|NC_009648.1_cds_WP_004140489.1_1200	KPN_RS06255
lcl|NC_009648.1_cds_WP_004140488.1_1201	KPN_RS30330
lcl|NC_009648.1_cds_WP_004150782.1_1202	KPN_RS30340
lcl|NC_009648.1_cds_WP_004176549.1_1203	KPN_RS06270
lcl|NC_009648.1_cds_WP_004176548.1_1204	KPN_RS06275
lcl|NC_009648.1_cds_WP_014343000.1_1205	KPN_RS06280
lcl|NC_009648.1_cds_WP_004176547.1_1206	KPN_RS06285
lcl|NC_009648.1_cds_WP_004140471.1_1207	KPN_RS06290
lcl|NC_009648.1_cds_WP_014343001.1_1208	KPN_RS06295
lcl|NC_009648.1_cds_WP_004140469.1_1209	KPN_RS06300
lcl|NC_009648.1_cds_WP_002901080.1_1210	KPN_RS06305
lcl|NC_009648.1_cds_WP_004892876.1_1211	KPN_RS06310
lcl|NC_009648.1_cds_KPN_RS32350_1212	KPN_RS32350
lcl|NC_009648.1_cds_WP_014907796.1_1213	KPN_RS06315
lcl|NC_009648.1_cds_WP_002901096.1_1214	KPN_RS06320
lcl|NC_009648.1_cds_WP_004178082.1_1215	KPN_RS06325
lcl|NC_009648.1_cds_WP_002901192.1_1216	KPN_RS06330
lcl|NC_009648.1_cds_WP_004152360.1_1217	KPN_RS06335
lcl|NC_009648.1_cds_WP_015958204.1_1218	KPN_RS06340
lcl|NC_009648.1_cds_WP_009485415.1_1219	KPN_RS06345
lcl|NC_009648.1_cds_WP_009485416.1_1220	KPN_RS06350
lcl|NC_009648.1_cds_KPN_RS06355_1221	KPN_RS06355
lcl|NC_009648.1_cds_WP_004140436.1_1222	KPN_RS31170
lcl|NC_009648.1_cds_WP_002901229.1_1223	KPN_RS06365
lcl|NC_009648.1_cds_WP_002901230.1_1224	KPN_RS06370
lcl|NC_009648.1_cds_WP_004190861.1_1225	KPN_RS06375
lcl|NC_009648.1_cds_WP_004152363.1_1226	KPN_RS06380
lcl|NC_009648.1_cds_WP_002901234.1_1227	KPN_RS06385
lcl|NC_009648.1_cds_WP_015958206.1_1228	KPN_RS06390
lcl|NC_009648.1_cds_WP_004176538.1_1229	KPN_RS06395
lcl|NC_009648.1_cds_WP_002901240.1_1230	KPN_RS06400
lcl|NC_009648.1_cds_WP_002901243.1_1231	KPN_RS06405
lcl|NC_009648.1_cds_WP_002901246.1_1232	KPN_RS06410
lcl|NC_009648.1_cds_WP_002901249.1_1233	KPN_RS06415
lcl|NC_009648.1_cds_WP_002901254.1_1234	KPN_RS06420
lcl|NC_009648.1_cds_WP_002901255.1_1235	KPN_RS06425
lcl|NC_009648.1_cds_WP_004892853.1_1236	KPN_RS06430
lcl|NC_009648.1_cds_WP_015958208.1_1237	KPN_RS06435
lcl|NC_009648.1_cds_WP_004176533.1_1238	KPN_RS06440
lcl|NC_009648.1_cds_WP_004176531.1_1239	KPN_RS06445
lcl|NC_009648.1_cds_WP_002901387.1_1240	KPN_RS06450
lcl|NC_009648.1_cds_WP_002901388.1_1241	KPN_RS06455
lcl|NC_009648.1_cds_WP_004148065.1_1242	KPN_RS32190
lcl|NC_009648.1_cds_WP_004140406.1_1243	KPN_RS06465
lcl|NC_009648.1_cds_WP_004176526.1_1244	KPN_RS06470
lcl|NC_009648.1_cds_WP_002901395.1_1245	KPN_RS06480
lcl|NC_009648.1_cds_WP_002901398.1_1246	KPN_RS06485
lcl|NC_009648.1_cds_WP_015958210.1_1247	KPN_RS06490
lcl|NC_009648.1_cds_WP_015958211.1_1248	KPN_RS06495
lcl|NC_009648.1_cds_WP_015958212.1_1249	KPN_RS06500
lcl|NC_009648.1_cds_WP_015958213.1_1250	KPN_RS06505
lcl|NC_009648.1_cds_WP_004176519.1_1251	KPN_RS06510
lcl|NC_009648.1_cds_WP_015958214.1_1252	KPN_RS06515
lcl|NC_009648.1_cds_WP_004190824.1_1253	KPN_RS06520
lcl|NC_009648.1_cds_WP_002901486.1_1254	KPN_RS06525
lcl|NC_009648.1_cds_WP_015958215.1_1255	KPN_RS06530
lcl|NC_009648.1_cds_WP_015958216.1_1256	KPN_RS06535
lcl|NC_009648.1_cds_WP_015958217.1_1257	KPN_RS06540
lcl|NC_009648.1_cds_WP_015958218.1_1258	KPN_RS06545
lcl|NC_009648.1_cds_WP_015958219.1_1259	KPN_RS06550
lcl|NC_009648.1_cds_WP_014907781.1_1260	KPN_RS06560
lcl|NC_009648.1_cds_WP_004176514.1_1261	KPN_RS06565
lcl|NC_009648.1_cds_WP_004151921.1_1262	KPN_RS06570
lcl|NC_009648.1_cds_WP_002901544.1_1263	KPN_RS06575
lcl|NC_009648.1_cds_WP_002901547.1_1264	KPN_RS06580
lcl|NC_009648.1_cds_WP_014907779.1_1265	KPN_RS31185
lcl|NC_009648.1_cds_WP_004148091.1_1266	KPN_RS06590
lcl|NC_009648.1_cds_WP_004140356.1_1267	KPN_RS06595
lcl|NC_009648.1_cds_WP_002901552.1_1268	KPN_RS06600
lcl|NC_009648.1_cds_WP_004148093.1_1269	KPN_RS06605
lcl|NC_009648.1_cds_WP_009486060.1_1270	KPN_RS06610
lcl|NC_009648.1_cds_WP_002901554.1_1271	KPN_RS06615
lcl|NC_009648.1_cds_WP_008807754.1_1272	KPN_RS06620
lcl|NC_009648.1_cds_WP_015958221.1_1273	KPN_RS06625
lcl|NC_009648.1_cds_WP_002901611.1_1274	KPN_RS06630
lcl|NC_009648.1_cds_WP_004176511.1_1275	KPN_RS06635
lcl|NC_009648.1_cds_WP_004209895.1_1276	KPN_RS06640
lcl|NC_009648.1_cds_WP_015958222.1_1277	KPN_RS06645
lcl|NC_009648.1_cds_WP_002901629.1_1278	KPN_RS06650
lcl|NC_009648.1_cds_WP_015958223.1_1279	KPN_RS06655
lcl|NC_009648.1_cds_WP_002901631.1_1280	KPN_RS06660
lcl|NC_009648.1_cds_WP_015958224.1_1281	KPN_RS06665
lcl|NC_009648.1_cds_WP_002901633.1_1282	KPN_RS06670
lcl|NC_009648.1_cds_WP_002901634.1_1283	KPN_RS06675
lcl|NC_009648.1_cds_WP_004140326.1_1284	KPN_RS06680
lcl|NC_009648.1_cds_WP_004210760.1_1285	KPN_RS06685
lcl|NC_009648.1_cds_KPN_RS06690_1286	KPN_RS06690
lcl|NC_009648.1_cds_WP_032427949.1_1287	KPN_RS06695
lcl|NC_009648.1_cds_WP_015958226.1_1288	KPN_RS06700
lcl|NC_009648.1_cds_WP_015958227.1_1289	KPN_RS06705
lcl|NC_009648.1_cds_WP_002901728.1_1290	KPN_RS06710
lcl|NC_009648.1_cds_WP_002901730.1_1291	KPN_RS06715
lcl|NC_009648.1_cds_WP_009484642.1_1292	KPN_RS06720
lcl|NC_009648.1_cds_WP_004148109.1_1293	KPN_RS06725
lcl|NC_009648.1_cds_WP_004176488.1_1294	KPN_RS06730
lcl|NC_009648.1_cds_WP_002901735.1_1295	KPN_RS06735
lcl|NC_009648.1_cds_WP_002901738.1_1296	KPN_RS06740
lcl|NC_009648.1_cds_WP_002901739.1_1297	KPN_RS06745
lcl|NC_009648.1_cds_WP_015958229.1_1298	KPN_RS06750
lcl|NC_009648.1_cds_WP_004190751.1_1299	KPN_RS06760
lcl|NC_009648.1_cds_WP_015958230.1_1300	KPN_RS06765
lcl|NC_009648.1_cds_WP_004190748.1_1301	KPN_RS06770
lcl|NC_009648.1_cds_WP_004190747.1_1302	KPN_RS32355
lcl|NC_009648.1_cds_WP_002901746.1_1303	KPN_RS06775
lcl|NC_009648.1_cds_WP_002901749.1_1304	KPN_RS06780
lcl|NC_009648.1_cds_WP_004196459.1_1305	KPN_RS06785
lcl|NC_009648.1_cds_WP_004210741.1_1306	KPN_RS06790
lcl|NC_009648.1_cds_WP_029602469.1_1307	KPN_RS06795
lcl|NC_009648.1_cds_WP_002901761.1_1308	KPN_RS06800
lcl|NC_009648.1_cds_WP_002901763.1_1309	KPN_RS06810
lcl|NC_009648.1_cds_WP_002901772.1_1310	KPN_RS06815
lcl|NC_009648.1_cds_WP_002901776.1_1311	KPN_RS06820
lcl|NC_009648.1_cds_WP_015958231.1_1312	KPN_RS06830
lcl|NC_009648.1_cds_WP_002901778.1_1313	KPN_RS06835
lcl|NC_009648.1_cds_WP_002901779.1_1314	KPN_RS06840
lcl|NC_009648.1_cds_WP_002901780.1_1315	KPN_RS06845
lcl|NC_009648.1_cds_WP_004140292.1_1316	KPN_RS06850
lcl|NC_009648.1_cds_WP_004151907.1_1317	KPN_RS06855
lcl|NC_009648.1_cds_WP_004190739.1_1318	KPN_RS06860
lcl|NC_009648.1_cds_WP_002901783.1_1319	KPN_RS06865
lcl|NC_009648.1_cds_WP_002901785.1_1320	KPN_RS06875
lcl|NC_009648.1_cds_WP_002901786.1_1321	KPN_RS06880
lcl|NC_009648.1_cds_WP_002901787.1_1322	KPN_RS06885
lcl|NC_009648.1_cds_WP_015958232.1_1323	KPN_RS06890
lcl|NC_009648.1_cds_WP_004140277.1_1324	KPN_RS06900
lcl|NC_009648.1_cds_WP_004152967.1_1325	KPN_RS06905
lcl|NC_009648.1_cds_WP_004151902.1_1326	KPN_RS06910
lcl|NC_009648.1_cds_WP_004140269.1_1327	KPN_RS06915
lcl|NC_009648.1_cds_WP_004140266.1_1328	KPN_RS06920
lcl|NC_009648.1_cds_WP_004151901.1_1329	KPN_RS06925
lcl|NC_009648.1_cds_WP_002901816.1_1330	KPN_RS06930
lcl|NC_009648.1_cds_WP_002901817.1_1331	KPN_RS06935
lcl|NC_009648.1_cds_WP_074195178.1_1332	KPN_RS06940
lcl|NC_009648.1_cds_WP_041937608.1_1333	KPN_RS06945
lcl|NC_009648.1_cds_WP_015958234.1_1334	KPN_RS06950
lcl|NC_009648.1_cds_WP_002901900.1_1335	KPN_RS06955
lcl|NC_009648.1_cds_WP_015958235.1_1336	KPN_RS06960
lcl|NC_009648.1_cds_WP_004148137.1_1337	KPN_RS06965
lcl|NC_009648.1_cds_WP_002901908.1_1338	KPN_RS06970
lcl|NC_009648.1_cds_WP_002901911.1_1339	KPN_RS06975
lcl|NC_009648.1_cds_WP_002901913.1_1340	KPN_RS06980
lcl|NC_009648.1_cds_WP_002901915.1_1341	KPN_RS06985
lcl|NC_009648.1_cds_WP_002901917.1_1342	KPN_RS06990
lcl|NC_009648.1_cds_WP_004140239.1_1343	KPN_RS06995
lcl|NC_009648.1_cds_WP_223174956.1_1344	KPN_RS07000
lcl|NC_009648.1_cds_WP_015958236.1_1345	KPN_RS07005
lcl|NC_009648.1_cds_WP_002901979.1_1346	KPN_RS07010
lcl|NC_009648.1_cds_WP_004176450.1_1347	KPN_RS07015
lcl|NC_009648.1_cds_KPN_RS07020_1348	KPN_RS07020
lcl|NC_009648.1_cds_WP_015958237.1_1349	KPN_RS07025
lcl|NC_009648.1_cds_WP_004152134.1_1350	KPN_RS07030
lcl|NC_009648.1_cds_WP_004148146.1_1351	KPN_RS31195
lcl|NC_009648.1_cds_WP_004176446.1_1352	KPN_RS07040
lcl|NC_009648.1_cds_WP_004179496.1_1353	KPN_RS07045
lcl|NC_009648.1_cds_WP_004176445.1_1354	KPN_RS07050
lcl|NC_009648.1_cds_WP_004224315.1_1355	KPN_RS07055
lcl|NC_009648.1_cds_WP_041937609.1_1356	KPN_RS07060
lcl|NC_009648.1_cds_WP_015958238.1_1357	KPN_RS07065
lcl|NC_009648.1_cds_WP_032411383.1_1358	KPN_RS07070
lcl|NC_009648.1_cds_KPN_RS07080_1359	KPN_RS07080
lcl|NC_009648.1_cds_WP_004176439.1_1360	KPN_RS28750
lcl|NC_009648.1_cds_WP_004176438.1_1361	KPN_RS07085
lcl|NC_009648.1_cds_KPN_RS07090_1362	KPN_RS07090
lcl|NC_009648.1_cds_WP_015958241.1_1363	KPN_RS07095
lcl|NC_009648.1_cds_WP_004190556.1_1364	KPN_RS07100
lcl|NC_009648.1_cds_WP_004176434.1_1365	KPN_RS07110
lcl|NC_009648.1_cds_WP_004190552.1_1366	KPN_RS07115
lcl|NC_009648.1_cds_WP_015958243.1_1367	KPN_RS07120
lcl|NC_009648.1_cds_WP_004176431.1_1368	KPN_RS07125
lcl|NC_009648.1_cds_WP_015958244.1_1369	KPN_RS07130
lcl|NC_009648.1_cds_WP_002902160.1_1370	KPN_RS07135
lcl|NC_009648.1_cds_WP_040188146.1_1371	KPN_RS07140
lcl|NC_009648.1_cds_WP_015958246.1_1372	KPN_RS07145
lcl|NC_009648.1_cds_WP_015958247.1_1373	KPN_RS07150
lcl|NC_009648.1_cds_WP_015958248.1_1374	KPN_RS28755
lcl|NC_009648.1_cds_WP_015958250.1_1375	KPN_RS30345
lcl|NC_009648.1_cds_WP_015958251.1_1376	KPN_RS07155
lcl|NC_009648.1_cds_WP_004190528.1_1377	KPN_RS32620
lcl|NC_009648.1_cds_WP_015958252.1_1378	KPN_RS07165
lcl|NC_009648.1_cds_WP_004179560.1_1379	KPN_RS28760
lcl|NC_009648.1_cds_WP_087652570.1_1380	KPN_RS28345
lcl|NC_009648.1_cds_WP_015958254.1_1381	KPN_RS30070
lcl|NC_009648.1_cds_WP_004179566.1_1382	KPN_RS07180
lcl|NC_009648.1_cds_WP_077250640.1_1383	KPN_RS07185
lcl|NC_009648.1_cds_WP_015958257.1_1384	KPN_RS07190
lcl|NC_009648.1_cds_KPN_RS07195_1385	KPN_RS07195
lcl|NC_009648.1_cds_WP_004190508.1_1386	KPN_RS07200
lcl|NC_009648.1_cds_WP_015958259.1_1387	KPN_RS07205
lcl|NC_009648.1_cds_WP_004892596.1_1388	KPN_RS07210
lcl|NC_009648.1_cds_WP_020802304.1_1389	KPN_RS07215
lcl|NC_009648.1_cds_WP_004176417.1_1390	KPN_RS07220
lcl|NC_009648.1_cds_WP_009309032.1_1391	KPN_RS07230
lcl|NC_009648.1_cds_WP_015958262.1_1392	KPN_RS07235
lcl|NC_009648.1_cds_WP_015958263.1_1393	KPN_RS07240
lcl|NC_009648.1_cds_WP_004151596.1_1394	KPN_RS07245
lcl|NC_009648.1_cds_WP_004151595.1_1395	KPN_RS07250
lcl|NC_009648.1_cds_WP_004176413.1_1396	KPN_RS07255
lcl|NC_009648.1_cds_WP_002902287.1_1397	KPN_RS07260
lcl|NC_009648.1_cds_WP_004190483.1_1398	KPN_RS07265
lcl|NC_009648.1_cds_WP_015958264.1_1399	KPN_RS07270
lcl|NC_009648.1_cds_WP_020324664.1_1400	KPN_RS07275
lcl|NC_009648.1_cds_WP_015958266.1_1401	KPN_RS07280
lcl|NC_009648.1_cds_WP_015958267.1_1402	KPN_RS07285
lcl|NC_009648.1_cds_WP_015958268.1_1403	KPN_RS07290
lcl|NC_009648.1_cds_WP_015958269.1_1404	KPN_RS07295
lcl|NC_009648.1_cds_WP_002902393.1_1405	KPN_RS07300
lcl|NC_009648.1_cds_WP_041937612.1_1406	KPN_RS07305
lcl|NC_009648.1_cds_WP_002902397.1_1407	KPN_RS07310
lcl|NC_009648.1_cds_WP_041937613.1_1408	KPN_RS07315
lcl|NC_009648.1_cds_WP_004176405.1_1409	KPN_RS07320
lcl|NC_009648.1_cds_WP_002902405.1_1410	KPN_RS07325
lcl|NC_009648.1_cds_WP_015958272.1_1411	KPN_RS07330
lcl|NC_009648.1_cds_WP_002902411.1_1412	KPN_RS07335
lcl|NC_009648.1_cds_WP_004176404.1_1413	KPN_RS07340
lcl|NC_009648.1_cds_WP_020803981.1_1414	KPN_RS07345
lcl|NC_009648.1_cds_WP_020316476.1_1415	KPN_RS07350
lcl|NC_009648.1_cds_WP_004148192.1_1416	KPN_RS07355
lcl|NC_009648.1_cds_WP_049245346.1_1417	KPN_RS32600
lcl|NC_009648.1_cds_WP_015958274.1_1418	KPN_RS07360
lcl|NC_009648.1_cds_WP_004179591.1_1419	KPN_RS07365
lcl|NC_009648.1_cds_WP_015958275.1_1420	KPN_RS07370
lcl|NC_009648.1_cds_WP_004179593.1_1421	KPN_RS07375
lcl|NC_009648.1_cds_WP_004179594.1_1422	KPN_RS07380
lcl|NC_009648.1_cds_WP_015958277.1_1423	KPN_RS07385
lcl|NC_009648.1_cds_KPN_RS07390_1424	KPN_RS07390
lcl|NC_009648.1_cds_KPN_RS32360_1425	KPN_RS32360
lcl|NC_009648.1_cds_WP_015958280.1_1426	KPN_RS07400
lcl|NC_009648.1_cds_WP_015958281.1_1427	KPN_RS07405
lcl|NC_009648.1_cds_WP_016946289.1_1428	KPN_RS30360
lcl|NC_009648.1_cds_KPN_RS07415_1429	KPN_RS07415
lcl|NC_009648.1_cds_WP_153591391.1_1430	KPN_RS30885
lcl|NC_009648.1_cds_WP_041937712.1_1431	KPN_RS07425
lcl|NC_009648.1_cds_WP_015958283.1_1432	KPN_RS30890
lcl|NC_009648.1_cds_WP_015958284.1_1433	KPN_RS07430
lcl|NC_009648.1_cds_WP_041937614.1_1434	KPN_RS07435
lcl|NC_009648.1_cds_WP_041937615.1_1435	KPN_RS07440
lcl|NC_009648.1_cds_WP_041937616.1_1436	KPN_RS07445
lcl|NC_009648.1_cds_WP_015958286.1_1437	KPN_RS07450
lcl|NC_009648.1_cds_WP_015958287.1_1438	KPN_RS07455
lcl|NC_009648.1_cds_WP_015958288.1_1439	KPN_RS07460
lcl|NC_009648.1_cds_WP_041937617.1_1440	KPN_RS07465
lcl|NC_009648.1_cds_WP_015958289.1_1441	KPN_RS07470
lcl|NC_009648.1_cds_WP_015958290.1_1442	KPN_RS07475
lcl|NC_009648.1_cds_WP_041937714.1_1443	KPN_RS07480
lcl|NC_009648.1_cds_WP_015958292.1_1444	KPN_RS07485
lcl|NC_009648.1_cds_WP_004179624.1_1445	KPN_RS07490
lcl|NC_009648.1_cds_WP_132349619.1_1446	KPN_RS30365
lcl|NC_009648.1_cds_WP_015958295.1_1447	KPN_RS07500
lcl|NC_009648.1_cds_WP_041937618.1_1448	KPN_RS32370
lcl|NC_009648.1_cds_WP_041937619.1_1449	KPN_RS07510
lcl|NC_009648.1_cds_WP_015958296.1_1450	KPN_RS07515
lcl|NC_009648.1_cds_WP_099761353.1_1451	KPN_RS30370
lcl|NC_009648.1_cds_WP_041937620.1_1452	KPN_RS07520
lcl|NC_009648.1_cds_WP_015958298.1_1453	KPN_RS07525
lcl|NC_009648.1_cds_WP_004213330.1_1454	KPN_RS07530
lcl|NC_009648.1_cds_WP_015958299.1_1455	KPN_RS07535
lcl|NC_009648.1_cds_WP_012967893.1_1456	KPN_RS07540
lcl|NC_009648.1_cds_WP_012967894.1_1457	KPN_RS32200
lcl|NC_009648.1_cds_WP_012967895.1_1458	KPN_RS07545
lcl|NC_009648.1_cds_WP_322972622.1_1459	KPN_RS32625
lcl|NC_009648.1_cds_WP_015958300.1_1460	KPN_RS07555
lcl|NC_009648.1_cds_WP_015958301.1_1461	KPN_RS07560
lcl|NC_009648.1_cds_KPN_RS32380_1462	KPN_RS32380
lcl|NC_009648.1_cds_WP_015958303.1_1463	KPN_RS07565
lcl|NC_009648.1_cds_WP_015958304.1_1464	KPN_RS07570
lcl|NC_009648.1_cds_WP_015958305.1_1465	KPN_RS07575
lcl|NC_009648.1_cds_WP_015958306.1_1466	KPN_RS07580
lcl|NC_009648.1_cds_WP_041937621.1_1467	KPN_RS07585
lcl|NC_009648.1_cds_WP_012967904.1_1468	KPN_RS07590
lcl|NC_009648.1_cds_KPN_RS07595_1469	KPN_RS07595
lcl|NC_009648.1_cds_WP_015958310.1_1470	KPN_RS07600
lcl|NC_009648.1_cds_WP_015958311.1_1471	KPN_RS07605
lcl|NC_009648.1_cds_WP_004146199.1_1472	KPN_RS07610
lcl|NC_009648.1_cds_WP_012967908.1_1473	KPN_RS07615
lcl|NC_009648.1_cds_WP_012967909.1_1474	KPN_RS07620
lcl|NC_009648.1_cds_WP_015958312.1_1475	KPN_RS07625
lcl|NC_009648.1_cds_WP_004184443.1_1476	KPN_RS07630
lcl|NC_009648.1_cds_WP_040182785.1_1477	KPN_RS07635
lcl|NC_009648.1_cds_WP_004190632.1_1478	KPN_RS07645
lcl|NC_009648.1_cds_WP_041937622.1_1479	KPN_RS07650
lcl|NC_009648.1_cds_WP_015958315.1_1480	KPN_RS07655
lcl|NC_009648.1_cds_WP_015958316.1_1481	KPN_RS07660
lcl|NC_009648.1_cds_WP_015958317.1_1482	KPN_RS07665
lcl|NC_009648.1_cds_WP_015958318.1_1483	KPN_RS07670
lcl|NC_009648.1_cds_WP_041937623.1_1484	KPN_RS07675
lcl|NC_009648.1_cds_WP_015958319.1_1485	KPN_RS07680
lcl|NC_009648.1_cds_WP_015958320.1_1486	KPN_RS32385
lcl|NC_009648.1_cds_WP_015958321.1_1487	KPN_RS07690
lcl|NC_009648.1_cds_WP_015958322.1_1488	KPN_RS07695
lcl|NC_009648.1_cds_KPN_RS07700_1489	KPN_RS07700
lcl|NC_009648.1_cds_WP_032444620.1_1490	KPN_RS28800
lcl|NC_009648.1_cds_WP_004179627.1_1491	KPN_RS07710
lcl|NC_009648.1_cds_WP_041937624.1_1492	KPN_RS07715
lcl|NC_009648.1_cds_WP_015958326.1_1493	KPN_RS07720
lcl|NC_009648.1_cds_WP_015958327.1_1494	KPN_RS07725
lcl|NC_009648.1_cds_WP_015958328.1_1495	KPN_RS07730
lcl|NC_009648.1_cds_WP_015958329.1_1496	KPN_RS07735
lcl|NC_009648.1_cds_WP_023316785.1_1497	KPN_RS07740
lcl|NC_009648.1_cds_WP_002902432.1_1498	KPN_RS07745
lcl|NC_009648.1_cds_WP_002902433.1_1499	KPN_RS07750
lcl|NC_009648.1_cds_WP_015958331.1_1500	KPN_RS07755
lcl|NC_009648.1_cds_WP_004140155.1_1501	KPN_RS07765
lcl|NC_009648.1_cds_WP_002902513.1_1502	KPN_RS07770
lcl|NC_009648.1_cds_WP_002902515.1_1503	KPN_RS07775
lcl|NC_009648.1_cds_WP_002902516.1_1504	KPN_RS07780
lcl|NC_009648.1_cds_WP_004224451.1_1505	KPN_RS07785
lcl|NC_009648.1_cds_WP_004140145.1_1506	KPN_RS07790
lcl|NC_009648.1_cds_WP_009309011.1_1507	KPN_RS07795
lcl|NC_009648.1_cds_WP_004140140.1_1508	KPN_RS07800
lcl|NC_009648.1_cds_WP_004140136.1_1509	KPN_RS07805
lcl|NC_009648.1_cds_WP_009309007.1_1510	KPN_RS07810
lcl|NC_009648.1_cds_WP_041937626.1_1511	KPN_RS07815
lcl|NC_009648.1_cds_WP_015958334.1_1512	KPN_RS07820
lcl|NC_009648.1_cds_WP_015958335.1_1513	KPN_RS07825
lcl|NC_009648.1_cds_WP_004190429.1_1514	KPN_RS07830
lcl|NC_009648.1_cds_WP_004190428.1_1515	KPN_RS07835
lcl|NC_009648.1_cds_WP_004190425.1_1516	KPN_RS07840
lcl|NC_009648.1_cds_WP_004190423.1_1517	KPN_RS07845
lcl|NC_009648.1_cds_WP_004190420.1_1518	KPN_RS07850
lcl|NC_009648.1_cds_WP_015958336.1_1519	KPN_RS07855
lcl|NC_009648.1_cds_WP_004224479.1_1520	KPN_RS07860
lcl|NC_009648.1_cds_WP_004173216.1_1521	KPN_RS07865
lcl|NC_009648.1_cds_WP_002902695.1_1522	KPN_RS07870
lcl|NC_009648.1_cds_WP_015958337.1_1523	KPN_RS07875
lcl|NC_009648.1_cds_WP_002902764.1_1524	KPN_RS07880
lcl|NC_009648.1_cds_WP_004176376.1_1525	KPN_RS07885
lcl|NC_009648.1_cds_WP_015958338.1_1526	KPN_RS07890
lcl|NC_009648.1_cds_WP_015958339.1_1527	KPN_RS07895
lcl|NC_009648.1_cds_WP_015958340.1_1528	KPN_RS07900
lcl|NC_009648.1_cds_WP_009760646.1_1529	KPN_RS07905
lcl|NC_009648.1_cds_WP_015958341.1_1530	KPN_RS07910
lcl|NC_009648.1_cds_WP_015958342.1_1531	KPN_RS07915
lcl|NC_009648.1_cds_WP_002902876.1_1532	KPN_RS07920
lcl|NC_009648.1_cds_WP_015958343.1_1533	KPN_RS07925
lcl|NC_009648.1_cds_WP_004148224.1_1534	KPN_RS07930
lcl|NC_009648.1_cds_WP_004198177.1_1535	KPN_RS07935
lcl|NC_009648.1_cds_WP_002902883.1_1536	KPN_RS07940
lcl|NC_009648.1_cds_WP_024940864.1_1537	KPN_RS07945
lcl|NC_009648.1_cds_WP_002902889.1_1538	KPN_RS07950
lcl|NC_009648.1_cds_WP_015958344.1_1539	KPN_RS07955
lcl|NC_009648.1_cds_WP_004151576.1_1540	KPN_RS07960
lcl|NC_009648.1_cds_WP_004190382.1_1541	KPN_RS07965
lcl|NC_009648.1_cds_WP_015958345.1_1542	KPN_RS07970
lcl|NC_009648.1_cds_WP_002902967.1_1543	KPN_RS07975
lcl|NC_009648.1_cds_WP_002902969.1_1544	KPN_RS07980
lcl|NC_009648.1_cds_WP_009308991.1_1545	KPN_RS07985
lcl|NC_009648.1_cds_WP_041937627.1_1546	KPN_RS07990
lcl|NC_009648.1_cds_WP_004151574.1_1547	KPN_RS07995
lcl|NC_009648.1_cds_WP_004224524.1_1548	KPN_RS31215
lcl|NC_009648.1_cds_WP_004176366.1_1549	KPN_RS08005
lcl|NC_009648.1_cds_WP_004140076.1_1550	KPN_RS08010
lcl|NC_009648.1_cds_KPN_RS08015_1551	KPN_RS08015
lcl|NC_009648.1_cds_WP_015958348.1_1552	KPN_RS08020
lcl|NC_009648.1_cds_WP_004176358.1_1553	KPN_RS08025
lcl|NC_009648.1_cds_WP_002903059.1_1554	KPN_RS08030
lcl|NC_009648.1_cds_WP_015958350.1_1555	KPN_RS08035
lcl|NC_009648.1_cds_WP_015958351.1_1556	KPN_RS08040
lcl|NC_009648.1_cds_WP_040169934.1_1557	KPN_RS31220
lcl|NC_009648.1_cds_WP_041937628.1_1558	KPN_RS08050
lcl|NC_009648.1_cds_WP_002903227.1_1559	KPN_RS08055
lcl|NC_009648.1_cds_WP_002903230.1_1560	KPN_RS08060
lcl|NC_009648.1_cds_WP_004224558.1_1561	KPN_RS08065
lcl|NC_009648.1_cds_WP_002903233.1_1562	KPN_RS08070
lcl|NC_009648.1_cds_WP_015958353.1_1563	KPN_RS08075
lcl|NC_009648.1_cds_WP_004179665.1_1564	KPN_RS08080
lcl|NC_009648.1_cds_WP_004179667.1_1565	KPN_RS08085
lcl|NC_009648.1_cds_WP_004151566.1_1566	KPN_RS08090
lcl|NC_009648.1_cds_WP_004179669.1_1567	KPN_RS08095
lcl|NC_009648.1_cds_WP_015958354.1_1568	KPN_RS08100
lcl|NC_009648.1_cds_WP_002903245.1_1569	KPN_RS08105
lcl|NC_009648.1_cds_WP_004148253.1_1570	KPN_RS08110
lcl|NC_009648.1_cds_WP_004210343.1_1571	KPN_RS08115
lcl|NC_009648.1_cds_WP_002903312.1_1572	KPN_RS08120
lcl|NC_009648.1_cds_WP_004179678.1_1573	KPN_RS08125
lcl|NC_009648.1_cds_WP_002903315.1_1574	KPN_RS08130
lcl|NC_009648.1_cds_WP_015958355.1_1575	KPN_RS08135
lcl|NC_009648.1_cds_WP_004140030.1_1576	KPN_RS08140
lcl|NC_009648.1_cds_WP_002903374.1_1577	KPN_RS08145
lcl|NC_009648.1_cds_WP_002903377.1_1578	KPN_RS08150
lcl|NC_009648.1_cds_WP_002903379.1_1579	KPN_RS08155
lcl|NC_009648.1_cds_WP_004176334.1_1580	KPN_RS08160
lcl|NC_009648.1_cds_WP_004183892.1_1581	KPN_RS08165
lcl|NC_009648.1_cds_WP_002903384.1_1582	KPN_RS08170
lcl|NC_009648.1_cds_WP_004148265.1_1583	KPN_RS08190
lcl|NC_009648.1_cds_WP_002903386.1_1584	KPN_RS08195
lcl|NC_009648.1_cds_WP_002903388.1_1585	KPN_RS08200
lcl|NC_009648.1_cds_WP_002903391.1_1586	KPN_RS08205
lcl|NC_009648.1_cds_WP_002903394.1_1587	KPN_RS08210
lcl|NC_009648.1_cds_WP_032434465.1_1588	KPN_RS08215
lcl|NC_009648.1_cds_WP_002903398.1_1589	KPN_RS08220
lcl|NC_009648.1_cds_WP_014907663.1_1590	KPN_RS08225
lcl|NC_009648.1_cds_WP_004176321.1_1591	KPN_RS08230
lcl|NC_009648.1_cds_WP_015958358.1_1592	KPN_RS08235
lcl|NC_009648.1_cds_WP_004148273.1_1593	KPN_RS08240
lcl|NC_009648.1_cds_WP_004143055.1_1594	KPN_RS08245
lcl|NC_009648.1_cds_WP_004151560.1_1595	KPN_RS08250
lcl|NC_009648.1_cds_WP_002903522.1_1596	KPN_RS08255
lcl|NC_009648.1_cds_WP_004151559.1_1597	KPN_RS08260
lcl|NC_009648.1_cds_WP_004179693.1_1598	KPN_RS08265
lcl|NC_009648.1_cds_WP_015958359.1_1599	KPN_RS08270
lcl|NC_009648.1_cds_WP_015958360.1_1600	KPN_RS08275
lcl|NC_009648.1_cds_WP_004143067.1_1601	KPN_RS08280
lcl|NC_009648.1_cds_KPN_RS08285_1602	KPN_RS08285
lcl|NC_009648.1_cds_WP_004152246.1_1603	KPN_RS08295
lcl|NC_009648.1_cds_WP_004148278.1_1604	KPN_RS08300
lcl|NC_009648.1_cds_WP_015958362.1_1605	KPN_RS08310
lcl|NC_009648.1_cds_WP_004143085.1_1606	KPN_RS08315
lcl|NC_009648.1_cds_WP_004176303.1_1607	KPN_RS08320
lcl|NC_009648.1_cds_WP_004183910.1_1608	KPN_RS08325
lcl|NC_009648.1_cds_WP_004176301.1_1609	KPN_RS08330
lcl|NC_009648.1_cds_WP_004179719.1_1610	KPN_RS08335
lcl|NC_009648.1_cds_WP_076750587.1_1611	KPN_RS08340
lcl|NC_009648.1_cds_WP_223364900.1_1612	KPN_RS28840
lcl|NC_009648.1_cds_WP_015958365.1_1613	KPN_RS28845
lcl|NC_009648.1_cds_WP_015958366.1_1614	KPN_RS08350
lcl|NC_009648.1_cds_WP_015874762.1_1615	KPN_RS08355
lcl|NC_009648.1_cds_WP_015958367.1_1616	KPN_RS08360
lcl|NC_009648.1_cds_WP_016946654.1_1617	KPN_RS08365
lcl|NC_009648.1_cds_WP_015958368.1_1618	KPN_RS08370
lcl|NC_009648.1_cds_WP_015958369.1_1619	KPN_RS08375
lcl|NC_009648.1_cds_WP_032431760.1_1620	KPN_RS08380
lcl|NC_009648.1_cds_WP_015958370.1_1621	KPN_RS08385
lcl|NC_009648.1_cds_WP_004190296.1_1622	KPN_RS08390
lcl|NC_009648.1_cds_WP_002903679.1_1623	KPN_RS08395
lcl|NC_009648.1_cds_WP_002903681.1_1624	KPN_RS08400
lcl|NC_009648.1_cds_WP_002903683.1_1625	KPN_RS08405
lcl|NC_009648.1_cds_WP_002903685.1_1626	KPN_RS08410
lcl|NC_009648.1_cds_WP_002903687.1_1627	KPN_RS08415
lcl|NC_009648.1_cds_WP_002903693.1_1628	KPN_RS08430
lcl|NC_009648.1_cds_WP_015958371.1_1629	KPN_RS08435
lcl|NC_009648.1_cds_WP_004206050.1_1630	KPN_RS32390
lcl|NC_009648.1_cds_WP_004176293.1_1631	KPN_RS08440
lcl|NC_009648.1_cds_WP_002903700.1_1632	KPN_RS08445
lcl|NC_009648.1_cds_WP_002903701.1_1633	KPN_RS08450
lcl|NC_009648.1_cds_WP_002903703.1_1634	KPN_RS08455
lcl|NC_009648.1_cds_WP_004148305.1_1635	KPN_RS08460
lcl|NC_009648.1_cds_WP_004179727.1_1636	KPN_RS08465
lcl|NC_009648.1_cds_WP_002903710.1_1637	KPN_RS08470
lcl|NC_009648.1_cds_WP_015958372.1_1638	KPN_RS08475
lcl|NC_009648.1_cds_WP_015958373.1_1639	KPN_RS08480
lcl|NC_009648.1_cds_WP_015958374.1_1640	KPN_RS08485
lcl|NC_009648.1_cds_WP_004183934.1_1641	KPN_RS08490
lcl|NC_009648.1_cds_WP_002903719.1_1642	KPN_RS08495
lcl|NC_009648.1_cds_WP_002903720.1_1643	KPN_RS08500
lcl|NC_009648.1_cds_WP_004219442.1_1644	KPN_RS08505
lcl|NC_009648.1_cds_WP_009485289.1_1645	KPN_RS08510
lcl|NC_009648.1_cds_WP_015958376.1_1646	KPN_RS08515
lcl|NC_009648.1_cds_WP_004176285.1_1647	KPN_RS08520
lcl|NC_009648.1_cds_WP_002903730.1_1648	KPN_RS08525
lcl|NC_009648.1_cds_WP_002903733.1_1649	KPN_RS08530
lcl|NC_009648.1_cds_WP_009485287.1_1650	KPN_RS08535
lcl|NC_009648.1_cds_WP_004179737.1_1651	KPN_RS08540
lcl|NC_009648.1_cds_WP_074422810.1_1652	KPN_RS28855
lcl|NC_009648.1_cds_WP_009485285.1_1653	KPN_RS08550
lcl|NC_009648.1_cds_WP_004219446.1_1654	KPN_RS31245
lcl|NC_009648.1_cds_WP_004143611.1_1655	KPN_RS30380
lcl|NC_009648.1_cds_WP_023287613.1_1656	KPN_RS08565
lcl|NC_009648.1_cds_WP_004225117.1_1657	KPN_RS31250
lcl|NC_009648.1_cds_WP_271229884.1_1658	KPN_RS32610
lcl|NC_009648.1_cds_WP_223174880.1_1659	KPN_RS31255
lcl|NC_009648.1_cds_WP_015958379.1_1660	KPN_RS08580
lcl|NC_009648.1_cds_WP_002903810.1_1661	KPN_RS08585
lcl|NC_009648.1_cds_WP_004143607.1_1662	KPN_RS08590
lcl|NC_009648.1_cds_WP_004195995.1_1663	KPN_RS30385
lcl|NC_009648.1_cds_WP_002903816.1_1664	KPN_RS08595
lcl|NC_009648.1_cds_WP_020316502.1_1665	KPN_RS08600
lcl|NC_009648.1_cds_WP_015958380.1_1666	KPN_RS08605
lcl|NC_009648.1_cds_WP_004183945.1_1667	KPN_RS08610
lcl|NC_009648.1_cds_WP_002210516.1_1668	KPN_RS08615
lcl|NC_009648.1_cds_WP_009485280.1_1669	KPN_RS08620
lcl|NC_009648.1_cds_WP_002903955.1_1670	KPN_RS08625
lcl|NC_009648.1_cds_WP_002210513.1_1671	KPN_RS08630
lcl|NC_009648.1_cds_WP_004176269.1_1672	KPN_RS08635
lcl|NC_009648.1_cds_WP_004176262.1_1673	KPN_RS08640
lcl|NC_009648.1_cds_WP_001620097.1_1674	KPN_RS08645
lcl|NC_009648.1_cds_WP_004176258.1_1675	KPN_RS08650
lcl|NC_009648.1_cds_WP_015958381.1_1676	KPN_RS32205
lcl|NC_009648.1_cds_WP_004176254.1_1677	KPN_RS08660
lcl|NC_009648.1_cds_WP_004176252.1_1678	KPN_RS08665
lcl|NC_009648.1_cds_WP_004205985.1_1679	KPN_RS08670
lcl|NC_009648.1_cds_WP_004176251.1_1680	KPN_RS08675
lcl|NC_009648.1_cds_WP_038807949.1_1681	KPN_RS08680
lcl|NC_009648.1_cds_WP_004148338.1_1682	KPN_RS08685
lcl|NC_009648.1_cds_WP_023282557.1_1683	KPN_RS08690
lcl|NC_009648.1_cds_WP_015958384.1_1684	KPN_RS08695
lcl|NC_009648.1_cds_WP_004176247.1_1685	KPN_RS08700
lcl|NC_009648.1_cds_WP_004148342.1_1686	KPN_RS08705
lcl|NC_009648.1_cds_KPN_RS08710_1687	KPN_RS08710
lcl|NC_009648.1_cds_WP_002904389.1_1688	KPN_RS08715
lcl|NC_009648.1_cds_WP_023313140.1_1689	KPN_RS08720
lcl|NC_009648.1_cds_WP_004143566.1_1690	KPN_RS08725
lcl|NC_009648.1_cds_WP_002904394.1_1691	KPN_RS08730
lcl|NC_009648.1_cds_WP_002904397.1_1692	KPN_RS08735
lcl|NC_009648.1_cds_WP_004143563.1_1693	KPN_RS08740
lcl|NC_009648.1_cds_WP_004217987.1_1694	KPN_RS31275
lcl|NC_009648.1_cds_WP_002904403.1_1695	KPN_RS08750
lcl|NC_009648.1_cds_WP_002904407.1_1696	KPN_RS08755
lcl|NC_009648.1_cds_WP_015958387.1_1697	KPN_RS08760
lcl|NC_009648.1_cds_WP_285891661.1_1698	KPN_RS08765
lcl|NC_009648.1_cds_KPN_RS30390_1699	KPN_RS30390
lcl|NC_009648.1_cds_WP_002904491.1_1700	KPN_RS08770
lcl|NC_009648.1_cds_WP_002904493.1_1701	KPN_RS08775
lcl|NC_009648.1_cds_WP_002904495.1_1702	KPN_RS08780
lcl|NC_009648.1_cds_WP_015958390.1_1703	KPN_RS08785
lcl|NC_009648.1_cds_WP_004179782.1_1704	KPN_RS08790
lcl|NC_009648.1_cds_WP_002904598.1_1705	KPN_RS08795
lcl|NC_009648.1_cds_WP_004148352.1_1706	KPN_RS08800
lcl|NC_009648.1_cds_WP_009308905.1_1707	KPN_RS08805
lcl|NC_009648.1_cds_WP_015958391.1_1708	KPN_RS08810
lcl|NC_009648.1_cds_WP_014907624.1_1709	KPN_RS08815
lcl|NC_009648.1_cds_KPN_RS08820_1710	KPN_RS08820
lcl|NC_009648.1_cds_WP_015958393.1_1711	KPN_RS08825
lcl|NC_009648.1_cds_WP_002904612.1_1712	KPN_RS08830
lcl|NC_009648.1_cds_WP_002904614.1_1713	KPN_RS08835
lcl|NC_009648.1_cds_WP_015958394.1_1714	KPN_RS08840
lcl|NC_009648.1_cds_WP_015958395.1_1715	KPN_RS08845
lcl|NC_009648.1_cds_WP_019705656.1_1716	KPN_RS08850
lcl|NC_009648.1_cds_WP_002904624.1_1717	KPN_RS08855
lcl|NC_009648.1_cds_WP_004179791.1_1718	KPN_RS08860
lcl|NC_009648.1_cds_WP_021462571.1_1719	KPN_RS08865
lcl|NC_009648.1_cds_WP_004199842.1_1720	KPN_RS08870
lcl|NC_009648.1_cds_WP_014907620.1_1721	KPN_RS08875
lcl|NC_009648.1_cds_WP_077250507.1_1722	KPN_RS08880
lcl|NC_009648.1_cds_WP_004217626.1_1723	KPN_RS08885
lcl|NC_009648.1_cds_WP_004176216.1_1724	KPN_RS08890
lcl|NC_009648.1_cds_WP_002904638.1_1725	KPN_RS08895
lcl|NC_009648.1_cds_WP_004176215.1_1726	KPN_RS08900
lcl|NC_009648.1_cds_WP_002904643.1_1727	KPN_RS08905
lcl|NC_009648.1_cds_WP_015958398.1_1728	KPN_RS08910
lcl|NC_009648.1_cds_WP_004176214.1_1729	KPN_RS08915
lcl|NC_009648.1_cds_WP_004184016.1_1730	KPN_RS08920
lcl|NC_009648.1_cds_WP_015958399.1_1731	KPN_RS08925
lcl|NC_009648.1_cds_WP_023287632.1_1732	KPN_RS08930
lcl|NC_009648.1_cds_WP_004190174.1_1733	KPN_RS08935
lcl|NC_009648.1_cds_WP_002904781.1_1734	KPN_RS08940
lcl|NC_009648.1_cds_WP_002904783.1_1735	KPN_RS08945
lcl|NC_009648.1_cds_WP_004176204.1_1736	KPN_RS08950
lcl|NC_009648.1_cds_WP_015958401.1_1737	KPN_RS08955
lcl|NC_009648.1_cds_WP_002904788.1_1738	KPN_RS08960
lcl|NC_009648.1_cds_WP_002904790.1_1739	KPN_RS08965
lcl|NC_009648.1_cds_WP_004176197.1_1740	KPN_RS08970
lcl|NC_009648.1_cds_WP_015958402.1_1741	KPN_RS08975
lcl|NC_009648.1_cds_WP_009485243.1_1742	KPN_RS08980
lcl|NC_009648.1_cds_WP_015958403.1_1743	KPN_RS08985
lcl|NC_009648.1_cds_WP_015958404.1_1744	KPN_RS08990
lcl|NC_009648.1_cds_WP_004143457.1_1745	KPN_RS08995
lcl|NC_009648.1_cds_WP_041937629.1_1746	KPN_RS09000
lcl|NC_009648.1_cds_WP_015958405.1_1747	KPN_RS09005
lcl|NC_009648.1_cds_WP_002904808.1_1748	KPN_RS09010
lcl|NC_009648.1_cds_WP_002904810.1_1749	KPN_RS09015
lcl|NC_009648.1_cds_WP_004143447.1_1750	KPN_RS09020
lcl|NC_009648.1_cds_WP_019704284.1_1751	KPN_RS09025
lcl|NC_009648.1_cds_WP_002904814.1_1752	KPN_RS31285
lcl|NC_009648.1_cds_WP_004179827.1_1753	KPN_RS09035
lcl|NC_009648.1_cds_WP_002904819.1_1754	KPN_RS09040
lcl|NC_009648.1_cds_WP_004143440.1_1755	KPN_RS09045
lcl|NC_009648.1_cds_WP_004143438.1_1756	KPN_RS09055
lcl|NC_009648.1_cds_WP_004184044.1_1757	KPN_RS09060
lcl|NC_009648.1_cds_WP_002904825.1_1758	KPN_RS09065
lcl|NC_009648.1_cds_WP_041937630.1_1759	KPN_RS09070
lcl|NC_009648.1_cds_WP_002904829.1_1760	KPN_RS09075
lcl|NC_009648.1_cds_WP_032434538.1_1761	KPN_RS09080
lcl|NC_009648.1_cds_WP_002904834.1_1762	KPN_RS09085
lcl|NC_009648.1_cds_WP_015958409.1_1763	KPN_RS09090
lcl|NC_009648.1_cds_WP_074195474.1_1764	KPN_RS09095
lcl|NC_009648.1_cds_WP_015958411.1_1765	KPN_RS09100
lcl|NC_009648.1_cds_WP_004143425.1_1766	KPN_RS09105
lcl|NC_009648.1_cds_WP_004179834.1_1767	KPN_RS09110
lcl|NC_009648.1_cds_WP_015958412.1_1768	KPN_RS09115
lcl|NC_009648.1_cds_WP_015958413.1_1769	KPN_RS09120
lcl|NC_009648.1_cds_WP_015958414.1_1770	KPN_RS09125
lcl|NC_009648.1_cds_WP_015958415.1_1771	KPN_RS09130
lcl|NC_009648.1_cds_WP_002904849.1_1772	KPN_RS09135
lcl|NC_009648.1_cds_WP_041937631.1_1773	KPN_RS09140
lcl|NC_009648.1_cds_WP_004151641.1_1774	KPN_RS09145
lcl|NC_009648.1_cds_WP_004143408.1_1775	KPN_RS09150
lcl|NC_009648.1_cds_WP_004143406.1_1776	KPN_RS09155
lcl|NC_009648.1_cds_WP_015958417.1_1777	KPN_RS09160
lcl|NC_009648.1_cds_WP_004213051.1_1778	KPN_RS09165
lcl|NC_009648.1_cds_WP_004199872.1_1779	KPN_RS09170
lcl|NC_009648.1_cds_WP_002904864.1_1780	KPN_RS09175
lcl|NC_009648.1_cds_WP_004221581.1_1781	KPN_RS09180
lcl|NC_009648.1_cds_WP_004176172.1_1782	KPN_RS09185
lcl|NC_009648.1_cds_WP_002904870.1_1783	KPN_RS09190
lcl|NC_009648.1_cds_WP_002904873.1_1784	KPN_RS09195
lcl|NC_009648.1_cds_WP_004221585.1_1785	KPN_RS31300
lcl|NC_009648.1_cds_WP_001567368.1_1786	KPN_RS09205
lcl|NC_009648.1_cds_WP_001567369.1_1787	KPN_RS09210
lcl|NC_009648.1_cds_KPN_RS28875_1788	KPN_RS28875
lcl|NC_009648.1_cds_WP_071889154.1_1789	KPN_RS28880
lcl|NC_009648.1_cds_WP_004891956.1_1790	KPN_RS09230
lcl|NC_009648.1_cds_WP_015958419.1_1791	KPN_RS09235
lcl|NC_009648.1_cds_WP_002904893.1_1792	KPN_RS09240
lcl|NC_009648.1_cds_WP_004176166.1_1793	KPN_RS09245
lcl|NC_009648.1_cds_WP_002904899.1_1794	KPN_RS09250
lcl|NC_009648.1_cds_WP_004176164.1_1795	KPN_RS09255
lcl|NC_009648.1_cds_WP_023341562.1_1796	KPN_RS09260
lcl|NC_009648.1_cds_WP_004184088.1_1797	KPN_RS09265
lcl|NC_009648.1_cds_WP_002904908.1_1798	KPN_RS09270
lcl|NC_009648.1_cds_WP_032412252.1_1799	KPN_RS09275
lcl|NC_009648.1_cds_WP_002904912.1_1800	KPN_RS09280
lcl|NC_009648.1_cds_WP_004176161.1_1801	KPN_RS09285
lcl|NC_009648.1_cds_WP_004179897.1_1802	KPN_RS09290
lcl|NC_009648.1_cds_WP_004176159.1_1803	KPN_RS09295
lcl|NC_009648.1_cds_WP_004176158.1_1804	KPN_RS09305
lcl|NC_009648.1_cds_WP_004198552.1_1805	KPN_RS09310
lcl|NC_009648.1_cds_WP_162467041.1_1806	KPN_RS09315
lcl|NC_009648.1_cds_WP_004176149.1_1807	KPN_RS09320
lcl|NC_009648.1_cds_WP_002904983.1_1808	KPN_RS09325
lcl|NC_009648.1_cds_WP_004199916.1_1809	KPN_RS09330
lcl|NC_009648.1_cds_WP_004179900.1_1810	KPN_RS09335
lcl|NC_009648.1_cds_WP_072198141.1_1811	KPN_RS09340
lcl|NC_009648.1_cds_WP_004151649.1_1812	KPN_RS09345
lcl|NC_009648.1_cds_WP_015958428.1_1813	KPN_RS09350
lcl|NC_009648.1_cds_WP_015958429.1_1814	KPN_RS09355
lcl|NC_009648.1_cds_WP_004190051.1_1815	KPN_RS09360
lcl|NC_009648.1_cds_WP_004176140.1_1816	KPN_RS09365
lcl|NC_009648.1_cds_WP_004176139.1_1817	KPN_RS09370
lcl|NC_009648.1_cds_WP_002905131.1_1818	KPN_RS09375
lcl|NC_009648.1_cds_WP_004179925.1_1819	KPN_RS09380
lcl|NC_009648.1_cds_WP_004176135.1_1820	KPN_RS09385
lcl|NC_009648.1_cds_WP_004176134.1_1821	KPN_RS09390
lcl|NC_009648.1_cds_WP_004224879.1_1822	KPN_RS09395
lcl|NC_009648.1_cds_WP_004151868.1_1823	KPN_RS09400
lcl|NC_009648.1_cds_WP_020805169.1_1824	KPN_RS09405
lcl|NC_009648.1_cds_WP_015958431.1_1825	KPN_RS09410
lcl|NC_009648.1_cds_WP_074187135.1_1826	KPN_RS09415
lcl|NC_009648.1_cds_WP_002905214.1_1827	KPN_RS09420
lcl|NC_009648.1_cds_WP_004176128.1_1828	KPN_RS09425
lcl|NC_009648.1_cds_WP_002905218.1_1829	KPN_RS09430
lcl|NC_009648.1_cds_WP_004151870.1_1830	KPN_RS09435
lcl|NC_009648.1_cds_WP_002905221.1_1831	KPN_RS09440
lcl|NC_009648.1_cds_WP_015958433.1_1832	KPN_RS09445
lcl|NC_009648.1_cds_WP_002905225.1_1833	KPN_RS09450
lcl|NC_009648.1_cds_WP_004179939.1_1834	KPN_RS09455
lcl|NC_009648.1_cds_WP_004218747.1_1835	KPN_RS09460
lcl|NC_009648.1_cds_WP_002905232.1_1836	KPN_RS09465
lcl|NC_009648.1_cds_WP_015958434.1_1837	KPN_RS09470
lcl|NC_009648.1_cds_WP_004179945.1_1838	KPN_RS09475
lcl|NC_009648.1_cds_WP_004143660.1_1839	KPN_RS09480
lcl|NC_009648.1_cds_WP_004176118.1_1840	KPN_RS09485
lcl|NC_009648.1_cds_WP_004176117.1_1841	KPN_RS09490
lcl|NC_009648.1_cds_WP_004143665.1_1842	KPN_RS09495
lcl|NC_009648.1_cds_WP_004176115.1_1843	KPN_RS09500
lcl|NC_009648.1_cds_WP_015958435.1_1844	KPN_RS09505
lcl|NC_009648.1_cds_WP_004176113.1_1845	KPN_RS09510
lcl|NC_009648.1_cds_WP_004190009.1_1846	KPN_RS09515
lcl|NC_009648.1_cds_WP_002905421.1_1847	KPN_RS09520
lcl|NC_009648.1_cds_WP_004212128.1_1848	KPN_RS09525
lcl|NC_009648.1_cds_WP_015958436.1_1849	KPN_RS09530
lcl|NC_009648.1_cds_WP_032414960.1_1850	KPN_RS31305
lcl|NC_009648.1_cds_WP_015958437.1_1851	KPN_RS09540
lcl|NC_009648.1_cds_WP_015958438.1_1852	KPN_RS09545
lcl|NC_009648.1_cds_WP_015958439.1_1853	KPN_RS09550
lcl|NC_009648.1_cds_WP_015958440.1_1854	KPN_RS09555
lcl|NC_009648.1_cds_KPN_RS32395_1855	KPN_RS32395
lcl|NC_009648.1_cds_WP_074187136.1_1856	KPN_RS09570
lcl|NC_009648.1_cds_KPN_RS28890_1857	KPN_RS28890
lcl|NC_009648.1_cds_WP_000019473.1_1858	KPN_RS09575
lcl|NC_009648.1_cds_KPN_RS30405_1859	KPN_RS30405
lcl|NC_009648.1_cds_WP_015958442.1_1860	KPN_RS09580
lcl|NC_009648.1_cds_WP_015958443.1_1861	KPN_RS09585
lcl|NC_009648.1_cds_WP_015958444.1_1862	KPN_RS09590
lcl|NC_009648.1_cds_WP_015958445.1_1863	KPN_RS09595
lcl|NC_009648.1_cds_KPN_RS32400_1864	KPN_RS32400
lcl|NC_009648.1_cds_WP_004189986.1_1865	KPN_RS28905
lcl|NC_009648.1_cds_WP_004199962.1_1866	KPN_RS09605
lcl|NC_009648.1_cds_WP_004224943.1_1867	KPN_RS09610
lcl|NC_009648.1_cds_WP_015958446.1_1868	KPN_RS09615
lcl|NC_009648.1_cds_WP_015958447.1_1869	KPN_RS09620
lcl|NC_009648.1_cds_KPN_RS09625_1870	KPN_RS09625
lcl|NC_009648.1_cds_WP_015958448.1_1871	KPN_RS09630
lcl|NC_009648.1_cds_WP_004176095.1_1872	KPN_RS09635
lcl|NC_009648.1_cds_WP_004184146.1_1873	KPN_RS09640
lcl|NC_009648.1_cds_WP_015958449.1_1874	KPN_RS09645
lcl|NC_009648.1_cds_WP_041937634.1_1875	KPN_RS09650
lcl|NC_009648.1_cds_WP_041937635.1_1876	KPN_RS09655
lcl|NC_009648.1_cds_WP_015958451.1_1877	KPN_RS09660
lcl|NC_009648.1_cds_WP_015958452.1_1878	KPN_RS09665
lcl|NC_009648.1_cds_WP_016946782.1_1879	KPN_RS09670
lcl|NC_009648.1_cds_WP_015958454.1_1880	KPN_RS09675
lcl|NC_009648.1_cds_WP_015958455.1_1881	KPN_RS09680
lcl|NC_009648.1_cds_WP_015958456.1_1882	KPN_RS09690
lcl|NC_009648.1_cds_WP_004180001.1_1883	KPN_RS09695
lcl|NC_009648.1_cds_WP_004180004.1_1884	KPN_RS09700
lcl|NC_009648.1_cds_WP_004180008.1_1885	KPN_RS09705
lcl|NC_009648.1_cds_WP_002905540.1_1886	KPN_RS09710
lcl|NC_009648.1_cds_WP_004217942.1_1887	KPN_RS09715
lcl|NC_009648.1_cds_WP_015958457.1_1888	KPN_RS09720
lcl|NC_009648.1_cds_WP_004184155.1_1889	KPN_RS09725
lcl|NC_009648.1_cds_WP_004212073.1_1890	KPN_RS09730
lcl|NC_009648.1_cds_WP_004180014.1_1891	KPN_RS09735
lcl|NC_009648.1_cds_WP_004180015.1_1892	KPN_RS09740
lcl|NC_009648.1_cds_WP_015958459.1_1893	KPN_RS09745
lcl|NC_009648.1_cds_WP_002905689.1_1894	KPN_RS09750
lcl|NC_009648.1_cds_WP_004143684.1_1895	KPN_RS09755
lcl|NC_009648.1_cds_WP_015958460.1_1896	KPN_RS09760
lcl|NC_009648.1_cds_WP_041937636.1_1897	KPN_RS09765
lcl|NC_009648.1_cds_WP_015958461.1_1898	KPN_RS09770
lcl|NC_009648.1_cds_WP_015958462.1_1899	KPN_RS32210
lcl|NC_009648.1_cds_WP_002905758.1_1900	KPN_RS09780
lcl|NC_009648.1_cds_WP_002905759.1_1901	KPN_RS09785
lcl|NC_009648.1_cds_WP_004143692.1_1902	KPN_RS09790
lcl|NC_009648.1_cds_WP_004143693.1_1903	KPN_RS09795
lcl|NC_009648.1_cds_WP_015958463.1_1904	KPN_RS09800
lcl|NC_009648.1_cds_WP_004176050.1_1905	KPN_RS09805
lcl|NC_009648.1_cds_WP_004153572.1_1906	KPN_RS09810
lcl|NC_009648.1_cds_WP_002906011.1_1907	KPN_RS09815
lcl|NC_009648.1_cds_WP_004143698.1_1908	KPN_RS09820
lcl|NC_009648.1_cds_WP_015958466.1_1909	KPN_RS09825
lcl|NC_009648.1_cds_WP_002906016.1_1910	KPN_RS09830
lcl|NC_009648.1_cds_WP_015958467.1_1911	KPN_RS09835
lcl|NC_009648.1_cds_WP_004148478.1_1912	KPN_RS09840
lcl|NC_009648.1_cds_WP_020803491.1_1913	KPN_RS09845
lcl|NC_009648.1_cds_WP_004143707.1_1914	KPN_RS31335
lcl|NC_009648.1_cds_WP_004184165.1_1915	KPN_RS09855
lcl|NC_009648.1_cds_WP_004176040.1_1916	KPN_RS09860
lcl|NC_009648.1_cds_WP_002906030.1_1917	KPN_RS09865
lcl|NC_009648.1_cds_WP_002906033.1_1918	KPN_RS31340
lcl|NC_009648.1_cds_WP_002906035.1_1919	KPN_RS09875
lcl|NC_009648.1_cds_WP_015958469.1_1920	KPN_RS09880
lcl|NC_009648.1_cds_WP_004148482.1_1921	KPN_RS09885
lcl|NC_009648.1_cds_WP_004151245.1_1922	KPN_RS09890
lcl|NC_009648.1_cds_WP_004184169.1_1923	KPN_RS09895
lcl|NC_009648.1_cds_WP_004891697.1_1924	KPN_RS09900
lcl|NC_009648.1_cds_WP_004151243.1_1925	KPN_RS09905
lcl|NC_009648.1_cds_WP_004143717.1_1926	KPN_RS09910
lcl|NC_009648.1_cds_WP_004143718.1_1927	KPN_RS09915
lcl|NC_009648.1_cds_WP_004151242.1_1928	KPN_RS09920
lcl|NC_009648.1_cds_WP_004180069.1_1929	KPN_RS09925
lcl|NC_009648.1_cds_WP_004184171.1_1930	KPN_RS09930
lcl|NC_009648.1_cds_WP_004189881.1_1931	KPN_RS09935
lcl|NC_009648.1_cds_WP_004143727.1_1932	KPN_RS09940
lcl|NC_009648.1_cds_WP_002906122.1_1933	KPN_RS31345
lcl|NC_009648.1_cds_WP_002906125.1_1934	KPN_RS09950
lcl|NC_009648.1_cds_WP_015958471.1_1935	KPN_RS09955
lcl|NC_009648.1_cds_WP_004200032.1_1936	KPN_RS09960
lcl|NC_009648.1_cds_WP_015958472.1_1937	KPN_RS09965
lcl|NC_009648.1_cds_WP_228287031.1_1938	KPN_RS32405
lcl|NC_009648.1_cds_KPN_RS32410_1939	KPN_RS32410
lcl|NC_009648.1_cds_KPN_RS32630_1940	KPN_RS32630
lcl|NC_009648.1_cds_WP_015958474.1_1941	KPN_RS09975
lcl|NC_009648.1_cds_WP_002906221.1_1942	KPN_RS09985
lcl|NC_009648.1_cds_WP_002906226.1_1943	KPN_RS09990
lcl|NC_009648.1_cds_WP_002906228.1_1944	KPN_RS09995
lcl|NC_009648.1_cds_WP_015958475.1_1945	KPN_RS10000
lcl|NC_009648.1_cds_WP_015958476.1_1946	KPN_RS10005
lcl|NC_009648.1_cds_WP_004176005.1_1947	KPN_RS10010
lcl|NC_009648.1_cds_WP_015874843.1_1948	KPN_RS10015
lcl|NC_009648.1_cds_WP_002906449.1_1949	KPN_RS10020
lcl|NC_009648.1_cds_WP_015958477.1_1950	KPN_RS10025
lcl|NC_009648.1_cds_WP_004180084.1_1951	KPN_RS10030
lcl|NC_009648.1_cds_WP_014343108.1_1952	KPN_RS10035
lcl|NC_009648.1_cds_WP_015958479.1_1953	KPN_RS28930
lcl|NC_009648.1_cds_WP_002906457.1_1954	KPN_RS10040
lcl|NC_009648.1_cds_WP_004143747.1_1955	KPN_RS10045
lcl|NC_009648.1_cds_WP_085955174.1_1956	KPN_RS10050
lcl|NC_009648.1_cds_WP_002906464.1_1957	KPN_RS10060
lcl|NC_009648.1_cds_WP_004143751.1_1958	KPN_RS10065
lcl|NC_009648.1_cds_WP_015958480.1_1959	KPN_RS10070
lcl|NC_009648.1_cds_WP_004180096.1_1960	KPN_RS10075
lcl|NC_009648.1_cds_WP_015958481.1_1961	KPN_RS10080
lcl|NC_009648.1_cds_WP_004175986.1_1962	KPN_RS10085
lcl|NC_009648.1_cds_WP_002906471.1_1963	KPN_RS10090
lcl|NC_009648.1_cds_WP_072143290.1_1964	KPN_RS10095
lcl|NC_009648.1_cds_WP_014343110.1_1965	KPN_RS10100
lcl|NC_009648.1_cds_WP_004175980.1_1966	KPN_RS10105
lcl|NC_009648.1_cds_WP_004888643.1_1967	KPN_RS10110
lcl|NC_009648.1_cds_WP_023283774.1_1968	KPN_RS10115
lcl|NC_009648.1_cds_WP_015958484.1_1969	KPN_RS10120
lcl|NC_009648.1_cds_WP_015958485.1_1970	KPN_RS10125
lcl|NC_009648.1_cds_WP_002906547.1_1971	KPN_RS10130
lcl|NC_009648.1_cds_WP_004180107.1_1972	KPN_RS10135
lcl|NC_009648.1_cds_WP_002906551.1_1973	KPN_RS10140
lcl|NC_009648.1_cds_WP_041937637.1_1974	KPN_RS10145
lcl|NC_009648.1_cds_WP_004189830.1_1975	KPN_RS10150
lcl|NC_009648.1_cds_WP_015958487.1_1976	KPN_RS10155
lcl|NC_009648.1_cds_WP_004151228.1_1977	KPN_RS10160
lcl|NC_009648.1_cds_WP_004180112.1_1978	KPN_RS10165
lcl|NC_009648.1_cds_WP_015958488.1_1979	KPN_RS10170
lcl|NC_009648.1_cds_WP_004151222.1_1980	KPN_RS10175
lcl|NC_009648.1_cds_WP_004151221.1_1981	KPN_RS10180
lcl|NC_009648.1_cds_WP_004148529.1_1982	KPN_RS10185
lcl|NC_009648.1_cds_WP_004175957.1_1983	KPN_RS10190
lcl|NC_009648.1_cds_WP_004175955.1_1984	KPN_RS10195
lcl|NC_009648.1_cds_WP_162467042.1_1985	KPN_RS10200
lcl|NC_009648.1_cds_WP_002906697.1_1986	KPN_RS10205
lcl|NC_009648.1_cds_WP_002906700.1_1987	KPN_RS10210
lcl|NC_009648.1_cds_WP_004180127.1_1988	KPN_RS10215
lcl|NC_009648.1_cds_KPN_RS32420_1989	KPN_RS32420
lcl|NC_009648.1_cds_WP_015958491.1_1990	KPN_RS10230
lcl|NC_009648.1_cds_WP_004151219.1_1991	KPN_RS10235
lcl|NC_009648.1_cds_WP_004180132.1_1992	KPN_RS10240
lcl|NC_009648.1_cds_WP_015958492.1_1993	KPN_RS10245
lcl|NC_009648.1_cds_WP_002906778.1_1994	KPN_RS10250
lcl|NC_009648.1_cds_WP_002906779.1_1995	KPN_RS10255
lcl|NC_009648.1_cds_WP_002906780.1_1996	KPN_RS10260
lcl|NC_009648.1_cds_WP_015958494.1_1997	KPN_RS10265
lcl|NC_009648.1_cds_WP_015958495.1_1998	KPN_RS10270
lcl|NC_009648.1_cds_WP_015958496.1_1999	KPN_RS10275
lcl|NC_009648.1_cds_KPN_RS31350_2000	KPN_RS31350
lcl|NC_009648.1_cds_WP_015958497.1_2001	KPN_RS10285
lcl|NC_009648.1_cds_WP_015958498.1_2002	KPN_RS10290
lcl|NC_009648.1_cds_WP_002906794.1_2003	KPN_RS10295
lcl|NC_009648.1_cds_WP_002906796.1_2004	KPN_RS10300
lcl|NC_009648.1_cds_WP_004180135.1_2005	KPN_RS10305
lcl|NC_009648.1_cds_WP_004180136.1_2006	KPN_RS10310
lcl|NC_009648.1_cds_WP_002906804.1_2007	KPN_RS10315
lcl|NC_009648.1_cds_WP_015958499.1_2008	KPN_RS10325
lcl|NC_009648.1_cds_WP_015958500.1_2009	KPN_RS10330
lcl|NC_009648.1_cds_WP_002906888.1_2010	KPN_RS10335
lcl|NC_009648.1_cds_WP_002906891.1_2011	KPN_RS28945
lcl|NC_009648.1_cds_WP_015958502.1_2012	KPN_RS10340
lcl|NC_009648.1_cds_WP_004189776.1_2013	KPN_RS10345
lcl|NC_009648.1_cds_WP_004175940.1_2014	KPN_RS30420
lcl|NC_009648.1_cds_WP_004151216.1_2015	KPN_RS10355
lcl|NC_009648.1_cds_WP_015958503.1_2016	KPN_RS10360
lcl|NC_009648.1_cds_WP_004189770.1_2017	KPN_RS10365
lcl|NC_009648.1_cds_WP_004184243.1_2018	KPN_RS10370
lcl|NC_009648.1_cds_WP_002907384.1_2019	KPN_RS10375
lcl|NC_009648.1_cds_WP_004180141.1_2020	KPN_RS10380
lcl|NC_009648.1_cds_WP_004151214.1_2021	KPN_RS10385
lcl|NC_009648.1_cds_WP_014907503.1_2022	KPN_RS10390
lcl|NC_009648.1_cds_WP_004180143.1_2023	KPN_RS10395
lcl|NC_009648.1_cds_WP_021466040.1_2024	KPN_RS10400
lcl|NC_009648.1_cds_WP_004143781.1_2025	KPN_RS30425
lcl|NC_009648.1_cds_WP_002907469.1_2026	KPN_RS10410
lcl|NC_009648.1_cds_WP_020806151.1_2027	KPN_RS10415
lcl|NC_009648.1_cds_WP_002907473.1_2028	KPN_RS10420
lcl|NC_009648.1_cds_WP_015958506.1_2029	KPN_RS10425
lcl|NC_009648.1_cds_KPN_RS10430_2030	KPN_RS10430
lcl|NC_009648.1_cds_WP_004175913.1_2031	KPN_RS10435
lcl|NC_009648.1_cds_WP_004184252.1_2032	KPN_RS10440
lcl|NC_009648.1_cds_WP_015958508.1_2033	KPN_RS10445
lcl|NC_009648.1_cds_WP_015958509.1_2034	KPN_RS10450
lcl|NC_009648.1_cds_WP_015958510.1_2035	KPN_RS10455
lcl|NC_009648.1_cds_WP_015958511.1_2036	KPN_RS10460
lcl|NC_009648.1_cds_WP_002907489.1_2037	KPN_RS10465
lcl|NC_009648.1_cds_WP_015958513.1_2038	KPN_RS10470
lcl|NC_009648.1_cds_WP_015958514.1_2039	KPN_RS10475
lcl|NC_009648.1_cds_WP_002907549.1_2040	KPN_RS10480
lcl|NC_009648.1_cds_WP_015958515.1_2041	KPN_RS10485
lcl|NC_009648.1_cds_WP_015958516.1_2042	KPN_RS10490
lcl|NC_009648.1_cds_WP_004143800.1_2043	KPN_RS10495
lcl|NC_009648.1_cds_KPN_RS10500_2044	KPN_RS10500
lcl|NC_009648.1_cds_WP_004143804.1_2045	KPN_RS10505
lcl|NC_009648.1_cds_WP_002907563.1_2046	KPN_RS10510
lcl|NC_009648.1_cds_WP_002907640.1_2047	KPN_RS10515
lcl|NC_009648.1_cds_WP_004143806.1_2048	KPN_RS10520
lcl|NC_009648.1_cds_WP_002907644.1_2049	KPN_RS10525
lcl|NC_009648.1_cds_WP_004180158.1_2050	KPN_RS10530
lcl|NC_009648.1_cds_WP_014343130.1_2051	KPN_RS10535
lcl|NC_009648.1_cds_WP_004151209.1_2052	KPN_RS10540
lcl|NC_009648.1_cds_WP_002907650.1_2053	KPN_RS10545
lcl|NC_009648.1_cds_WP_004227851.1_2054	KPN_RS28950
lcl|NC_009648.1_cds_WP_004180160.1_2055	KPN_RS10550
lcl|NC_009648.1_cds_WP_002907652.1_2056	KPN_RS10555
lcl|NC_009648.1_cds_WP_015958518.1_2057	KPN_RS10560
lcl|NC_009648.1_cds_WP_002907658.1_2058	KPN_RS10565
lcl|NC_009648.1_cds_WP_004143816.1_2059	KPN_RS10570
lcl|NC_009648.1_cds_WP_015958519.1_2060	KPN_RS10575
lcl|NC_009648.1_cds_WP_002907730.1_2061	KPN_RS10580
lcl|NC_009648.1_cds_WP_002907731.1_2062	KPN_RS10585
lcl|NC_009648.1_cds_WP_015958520.1_2063	KPN_RS10590
lcl|NC_009648.1_cds_WP_002907734.1_2064	KPN_RS10595
lcl|NC_009648.1_cds_WP_041937639.1_2065	KPN_RS10605
lcl|NC_009648.1_cds_WP_002907736.1_2066	KPN_RS10610
lcl|NC_009648.1_cds_WP_002907739.1_2067	KPN_RS10615
lcl|NC_009648.1_cds_WP_002907740.1_2068	KPN_RS10620
lcl|NC_009648.1_cds_WP_002907742.1_2069	KPN_RS10625
lcl|NC_009648.1_cds_WP_002907744.1_2070	KPN_RS10630
lcl|NC_009648.1_cds_WP_004143831.1_2071	KPN_RS10635
lcl|NC_009648.1_cds_WP_002907749.1_2072	KPN_RS10640
lcl|NC_009648.1_cds_WP_004151205.1_2073	KPN_RS10645
lcl|NC_009648.1_cds_WP_004143833.1_2074	KPN_RS10650
lcl|NC_009648.1_cds_WP_004143834.1_2075	KPN_RS10655
lcl|NC_009648.1_cds_WP_004143835.1_2076	KPN_RS10660
lcl|NC_009648.1_cds_WP_015958526.1_2077	KPN_RS10665
lcl|NC_009648.1_cds_WP_004184268.1_2078	KPN_RS10670
lcl|NC_009648.1_cds_WP_002907760.1_2079	KPN_RS10675
lcl|NC_009648.1_cds_WP_004189722.1_2080	KPN_RS10680
lcl|NC_009648.1_cds_WP_009486422.1_2081	KPN_RS10685
lcl|NC_009648.1_cds_WP_002907763.1_2082	KPN_RS10690
lcl|NC_009648.1_cds_WP_002907764.1_2083	KPN_RS10695
lcl|NC_009648.1_cds_WP_002907766.1_2084	KPN_RS10700
lcl|NC_009648.1_cds_WP_002907768.1_2085	KPN_RS10705
lcl|NC_009648.1_cds_WP_004151204.1_2086	KPN_RS10710
lcl|NC_009648.1_cds_WP_004212764.1_2087	KPN_RS10715
lcl|NC_009648.1_cds_WP_015958527.1_2088	KPN_RS10720
lcl|NC_009648.1_cds_WP_002907773.1_2089	KPN_RS10725
lcl|NC_009648.1_cds_WP_002907776.1_2090	KPN_RS30435
lcl|NC_009648.1_cds_WP_002907778.1_2091	KPN_RS10735
lcl|NC_009648.1_cds_WP_015958528.1_2092	KPN_RS10740
lcl|NC_009648.1_cds_WP_002907785.1_2093	KPN_RS10745
lcl|NC_009648.1_cds_WP_002907788.1_2094	KPN_RS10750
lcl|NC_009648.1_cds_WP_002907792.1_2095	KPN_RS10755
lcl|NC_009648.1_cds_WP_004148609.1_2096	KPN_RS10760
lcl|NC_009648.1_cds_KPN_RS10765_2097	KPN_RS10765
lcl|NC_009648.1_cds_WP_004175848.1_2098	KPN_RS10770
lcl|NC_009648.1_cds_WP_021469690.1_2099	KPN_RS32220
lcl|NC_009648.1_cds_WP_032420291.1_2100	KPN_RS10800
lcl|NC_009648.1_cds_WP_009486407.1_2101	KPN_RS10805
lcl|NC_009648.1_cds_WP_002907799.1_2102	KPN_RS10810
lcl|NC_009648.1_cds_WP_014907478.1_2103	KPN_RS10815
lcl|NC_009648.1_cds_WP_004180178.1_2104	KPN_RS10820
lcl|NC_009648.1_cds_WP_002907802.1_2105	KPN_RS31370
lcl|NC_009648.1_cds_WP_004143863.1_2106	KPN_RS10830
lcl|NC_009648.1_cds_WP_004210116.1_2107	KPN_RS10835
lcl|NC_009648.1_cds_WP_004210114.1_2108	KPN_RS10840
lcl|NC_009648.1_cds_WP_002907811.1_2109	KPN_RS10850
lcl|NC_009648.1_cds_WP_002907812.1_2110	KPN_RS10855
lcl|NC_009648.1_cds_WP_041937640.1_2111	KPN_RS10860
lcl|NC_009648.1_cds_WP_004175834.1_2112	KPN_RS10865
lcl|NC_009648.1_cds_WP_009486400.1_2113	KPN_RS10870
lcl|NC_009648.1_cds_WP_040238101.1_2114	KPN_RS10875
lcl|NC_009648.1_cds_WP_004175825.1_2115	KPN_RS10880
lcl|NC_009648.1_cds_WP_072159829.1_2116	KPN_RS10885
lcl|NC_009648.1_cds_WP_004151192.1_2117	KPN_RS10890
lcl|NC_009648.1_cds_WP_015958537.1_2118	KPN_RS10895
lcl|NC_009648.1_cds_WP_002907918.1_2119	KPN_RS10900
lcl|NC_009648.1_cds_WP_004175817.1_2120	KPN_RS10905
lcl|NC_009648.1_cds_WP_048337121.1_2121	KPN_RS10910
lcl|NC_009648.1_cds_WP_041937641.1_2122	KPN_RS10915
lcl|NC_009648.1_cds_WP_004210091.1_2123	KPN_RS10920
lcl|NC_009648.1_cds_WP_004189630.1_2124	KPN_RS10925
lcl|NC_009648.1_cds_WP_004189627.1_2125	KPN_RS10930
lcl|NC_009648.1_cds_WP_001554382.1_2126	KPN_RS28965
lcl|NC_009648.1_cds_WP_072198902.1_2127	KPN_RS10935
lcl|NC_009648.1_cds_WP_004210086.1_2128	KPN_RS10940
lcl|NC_009648.1_cds_WP_004180237.1_2129	KPN_RS10945
lcl|NC_009648.1_cds_WP_002908057.1_2130	KPN_RS10950
lcl|NC_009648.1_cds_WP_009486386.1_2131	KPN_RS10960
lcl|NC_009648.1_cds_WP_015958544.1_2132	KPN_RS10965
lcl|NC_009648.1_cds_WP_002908128.1_2133	KPN_RS10970
lcl|NC_009648.1_cds_WP_015958545.1_2134	KPN_RS10975
lcl|NC_009648.1_cds_WP_004184312.1_2135	KPN_RS10980
lcl|NC_009648.1_cds_WP_004189603.1_2136	KPN_RS10985
lcl|NC_009648.1_cds_WP_002908134.1_2137	KPN_RS10990
lcl|NC_009648.1_cds_WP_015958546.1_2138	KPN_RS10995
lcl|NC_009648.1_cds_WP_015958547.1_2139	KPN_RS11000
lcl|NC_009648.1_cds_WP_015958548.1_2140	KPN_RS11005
lcl|NC_009648.1_cds_WP_023301844.1_2141	KPN_RS11010
lcl|NC_009648.1_cds_WP_015958550.1_2142	KPN_RS11015
lcl|NC_009648.1_cds_WP_004189593.1_2143	KPN_RS11020
lcl|NC_009648.1_cds_WP_024264441.1_2144	KPN_RS11025
lcl|NC_009648.1_cds_WP_004175772.1_2145	KPN_RS11030
lcl|NC_009648.1_cds_WP_004175770.1_2146	KPN_RS11035
lcl|NC_009648.1_cds_WP_041937642.1_2147	KPN_RS11040
lcl|NC_009648.1_cds_WP_004151183.1_2148	KPN_RS11045
lcl|NC_009648.1_cds_WP_002908189.1_2149	KPN_RS30440
lcl|NC_009648.1_cds_WP_004189584.1_2150	KPN_RS11055
lcl|NC_009648.1_cds_WP_015958552.1_2151	KPN_RS11060
lcl|NC_009648.1_cds_WP_015958553.1_2152	KPN_RS11065
lcl|NC_009648.1_cds_WP_015958554.1_2153	KPN_RS11070
lcl|NC_009648.1_cds_WP_015958555.1_2154	KPN_RS11075
lcl|NC_009648.1_cds_WP_014907456.1_2155	KPN_RS11080
lcl|NC_009648.1_cds_WP_004189574.1_2156	KPN_RS11085
lcl|NC_009648.1_cds_WP_004145376.1_2157	KPN_RS11090
lcl|NC_009648.1_cds_WP_002908205.1_2158	KPN_RS11095
lcl|NC_009648.1_cds_WP_015958557.1_2159	KPN_RS11100
lcl|NC_009648.1_cds_WP_015958558.1_2160	KPN_RS11105
lcl|NC_009648.1_cds_WP_004145379.1_2161	KPN_RS32430
lcl|NC_009648.1_cds_WP_004184321.1_2162	KPN_RS11115
lcl|NC_009648.1_cds_WP_015958559.1_2163	KPN_RS11120
lcl|NC_009648.1_cds_WP_004151176.1_2164	KPN_RS11125
lcl|NC_009648.1_cds_WP_004219658.1_2165	KPN_RS31380
lcl|NC_009648.1_cds_WP_004151175.1_2166	KPN_RS11135
lcl|NC_009648.1_cds_WP_015958561.1_2167	KPN_RS11140
lcl|NC_009648.1_cds_KPN_RS11145_2168	KPN_RS11145
lcl|NC_009648.1_cds_WP_000019473.1_2169	KPN_RS11150
lcl|NC_009648.1_cds_WP_335334236.1_2170	KPN_RS32635
lcl|NC_009648.1_cds_KPN_RS30445_2171	KPN_RS30445
lcl|NC_009648.1_cds_WP_015958562.1_2172	KPN_RS11160
lcl|NC_009648.1_cds_WP_015958563.1_2173	KPN_RS11165
lcl|NC_009648.1_cds_WP_015958564.1_2174	KPN_RS11170
lcl|NC_009648.1_cds_WP_004189563.1_2175	KPN_RS11175
lcl|NC_009648.1_cds_WP_015958565.1_2176	KPN_RS32225
lcl|NC_009648.1_cds_WP_074194234.1_2177	KPN_RS11185
lcl|NC_009648.1_cds_WP_004189556.1_2178	KPN_RS11190
lcl|NC_009648.1_cds_WP_015958566.1_2179	KPN_RS11195
lcl|NC_009648.1_cds_WP_004143391.1_2180	KPN_RS11200
lcl|NC_009648.1_cds_WP_004143390.1_2181	KPN_RS11205
lcl|NC_009648.1_cds_WP_002908223.1_2182	KPN_RS11210
lcl|NC_009648.1_cds_WP_004891310.1_2183	KPN_RS11215
lcl|NC_009648.1_cds_WP_004151165.1_2184	KPN_RS11220
lcl|NC_009648.1_cds_WP_004217197.1_2185	KPN_RS11225
lcl|NC_009648.1_cds_WP_004189551.1_2186	KPN_RS11230
lcl|NC_009648.1_cds_WP_004175724.1_2187	KPN_RS11235
lcl|NC_009648.1_cds_WP_015958567.1_2188	KPN_RS11240
lcl|NC_009648.1_cds_WP_015958568.1_2189	KPN_RS11245
lcl|NC_009648.1_cds_WP_002908294.1_2190	KPN_RS11250
lcl|NC_009648.1_cds_WP_004148645.1_2191	KPN_RS11255
lcl|NC_009648.1_cds_WP_004148647.1_2192	KPN_RS11265
lcl|NC_009648.1_cds_WP_015958569.1_2193	KPN_RS11270
lcl|NC_009648.1_cds_WP_004148649.1_2194	KPN_RS11275
lcl|NC_009648.1_cds_WP_015958570.1_2195	KPN_RS11280
lcl|NC_009648.1_cds_WP_004180313.1_2196	KPN_RS11285
lcl|NC_009648.1_cds_WP_002908368.1_2197	KPN_RS11290
lcl|NC_009648.1_cds_WP_002908370.1_2198	KPN_RS11295
lcl|NC_009648.1_cds_WP_004151162.1_2199	KPN_RS11300
lcl|NC_009648.1_cds_WP_004189541.1_2200	KPN_RS11305
lcl|NC_009648.1_cds_WP_004151161.1_2201	KPN_RS11310
lcl|NC_009648.1_cds_WP_004898768.1_2202	KPN_RS11315
lcl|NC_009648.1_cds_KPN_RS11325_2203	KPN_RS11325
lcl|NC_009648.1_cds_WP_015958572.1_2204	KPN_RS11330
lcl|NC_009648.1_cds_WP_015958573.1_2205	KPN_RS11335
lcl|NC_009648.1_cds_WP_015958574.1_2206	KPN_RS11340
lcl|NC_009648.1_cds_WP_002908416.1_2207	KPN_RS11345
lcl|NC_009648.1_cds_WP_004200219.1_2208	KPN_RS11350
lcl|NC_009648.1_cds_WP_002908439.1_2209	KPN_RS11355
lcl|NC_009648.1_cds_WP_015958575.1_2210	KPN_RS11360
lcl|NC_009648.1_cds_WP_004215165.1_2211	KPN_RS11365
lcl|NC_009648.1_cds_WP_004175710.1_2212	KPN_RS11370
lcl|NC_009648.1_cds_WP_015958577.1_2213	KPN_RS11375
lcl|NC_009648.1_cds_KPN_RS11380_2214	KPN_RS11380
lcl|NC_009648.1_cds_WP_015958578.1_2215	KPN_RS11385
lcl|NC_009648.1_cds_WP_002908526.1_2216	KPN_RS11390
lcl|NC_009648.1_cds_WP_015958579.1_2217	KPN_RS11395
lcl|NC_009648.1_cds_WP_015958580.1_2218	KPN_RS11400
lcl|NC_009648.1_cds_WP_004148691.1_2219	KPN_RS11405
lcl|NC_009648.1_cds_WP_015958581.1_2220	KPN_RS11410
lcl|NC_009648.1_cds_WP_014907417.1_2221	KPN_RS11415
lcl|NC_009648.1_cds_WP_002908598.1_2222	KPN_RS11420
lcl|NC_009648.1_cds_WP_015958582.1_2223	KPN_RS11425
lcl|NC_009648.1_cds_WP_004148696.1_2224	KPN_RS11430
lcl|NC_009648.1_cds_WP_015958583.1_2225	KPN_RS11435
lcl|NC_009648.1_cds_WP_004184404.1_2226	KPN_RS11440
lcl|NC_009648.1_cds_WP_015958584.1_2227	KPN_RS11445
lcl|NC_009648.1_cds_WP_015958585.1_2228	KPN_RS11450
lcl|NC_009648.1_cds_WP_004151841.1_2229	KPN_RS11455
lcl|NC_009648.1_cds_WP_015958586.1_2230	KPN_RS11460
lcl|NC_009648.1_cds_WP_015958587.1_2231	KPN_RS11465
lcl|NC_009648.1_cds_WP_004148701.1_2232	KPN_RS11470
lcl|NC_009648.1_cds_WP_015958588.1_2233	KPN_RS11475
lcl|NC_009648.1_cds_WP_002908844.1_2234	KPN_RS11480
lcl|NC_009648.1_cds_WP_004180357.1_2235	KPN_RS11485
lcl|NC_009648.1_cds_WP_014343172.1_2236	KPN_RS11490
lcl|NC_009648.1_cds_WP_004217210.1_2237	KPN_RS31405
lcl|NC_009648.1_cds_WP_002908859.1_2238	KPN_RS11500
lcl|NC_009648.1_cds_WP_002908860.1_2239	KPN_RS11505
lcl|NC_009648.1_cds_WP_004143241.1_2240	KPN_RS11510
lcl|NC_009648.1_cds_WP_015958589.1_2241	KPN_RS11515
lcl|NC_009648.1_cds_WP_002908867.1_2242	KPN_RS11520
lcl|NC_009648.1_cds_WP_002908869.1_2243	KPN_RS11525
lcl|NC_009648.1_cds_WP_002908876.1_2244	KPN_RS11530
lcl|NC_009648.1_cds_WP_002908877.1_2245	KPN_RS11535
lcl|NC_009648.1_cds_WP_004143232.1_2246	KPN_RS11540
lcl|NC_009648.1_cds_WP_002908880.1_2247	KPN_RS11545
lcl|NC_009648.1_cds_KPN_RS31410_2248	KPN_RS31410
lcl|NC_009648.1_cds_WP_004151846.1_2249	KPN_RS11555
lcl|NC_009648.1_cds_WP_015958590.1_2250	KPN_RS11560
lcl|NC_009648.1_cds_WP_015958591.1_2251	KPN_RS11565
lcl|NC_009648.1_cds_WP_004143215.1_2252	KPN_RS11570
lcl|NC_009648.1_cds_WP_015958593.1_2253	KPN_RS11575
lcl|NC_009648.1_cds_WP_004180365.1_2254	KPN_RS11580
lcl|NC_009648.1_cds_WP_004175650.1_2255	KPN_RS11585
lcl|NC_009648.1_cds_WP_015958595.1_2256	KPN_RS11590
lcl|NC_009648.1_cds_WP_015958596.1_2257	KPN_RS11595
lcl|NC_009648.1_cds_WP_162467043.1_2258	KPN_RS11600
lcl|NC_009648.1_cds_WP_002909005.1_2259	KPN_RS11605
lcl|NC_009648.1_cds_WP_002909008.1_2260	KPN_RS11610
lcl|NC_009648.1_cds_WP_004212509.1_2261	KPN_RS11615
lcl|NC_009648.1_cds_WP_002909014.1_2262	KPN_RS11620
lcl|NC_009648.1_cds_WP_002909015.1_2263	KPN_RS11625
lcl|NC_009648.1_cds_WP_015958598.1_2264	KPN_RS11630
lcl|NC_009648.1_cds_WP_004148729.1_2265	KPN_RS11635
lcl|NC_009648.1_cds_WP_015958599.1_2266	KPN_RS11640
lcl|NC_009648.1_cds_WP_002909058.1_2267	KPN_RS31415
lcl|NC_009648.1_cds_WP_041937721.1_2268	KPN_RS11650
lcl|NC_009648.1_cds_WP_004180369.1_2269	KPN_RS11655
lcl|NC_009648.1_cds_WP_014343179.1_2270	KPN_RS11660
lcl|NC_009648.1_cds_WP_004184566.1_2271	KPN_RS11665
lcl|NC_009648.1_cds_WP_002909082.1_2272	KPN_RS11670
lcl|NC_009648.1_cds_WP_015958601.1_2273	KPN_RS11675
lcl|NC_009648.1_cds_WP_004175610.1_2274	KPN_RS11680
lcl|NC_009648.1_cds_WP_002909085.1_2275	KPN_RS11685
lcl|NC_009648.1_cds_WP_041937645.1_2276	KPN_RS11690
lcl|NC_009648.1_cds_WP_015958603.1_2277	KPN_RS11695
lcl|NC_009648.1_cds_WP_002909089.1_2278	KPN_RS11700
lcl|NC_009648.1_cds_WP_322972623.1_2279	KPN_RS11705
lcl|NC_009648.1_cds_WP_004143154.1_2280	KPN_RS11710
lcl|NC_009648.1_cds_WP_002909098.1_2281	KPN_RS11715
lcl|NC_009648.1_cds_WP_015958605.1_2282	KPN_RS11720
lcl|NC_009648.1_cds_WP_002909105.1_2283	KPN_RS11725
lcl|NC_009648.1_cds_WP_001386830.1_2284	KPN_RS30900
lcl|NC_009648.1_cds_WP_000124850.1_2285	KPN_RS11730
lcl|NC_009648.1_cds_WP_001124225.1_2286	KPN_RS11735
lcl|NC_009648.1_cds_WP_004189469.1_2287	KPN_RS11740
lcl|NC_009648.1_cds_WP_002910026.1_2288	KPN_RS11745
lcl|NC_009648.1_cds_WP_015958606.1_2289	KPN_RS11750
lcl|NC_009648.1_cds_WP_002910030.1_2290	KPN_RS11755
lcl|NC_009648.1_cds_WP_004145382.1_2291	KPN_RS11760
lcl|NC_009648.1_cds_WP_015958607.1_2292	KPN_RS11765
lcl|NC_009648.1_cds_WP_002910036.1_2293	KPN_RS11770
lcl|NC_009648.1_cds_WP_015958608.1_2294	KPN_RS11775
lcl|NC_009648.1_cds_WP_002910042.1_2295	KPN_RS11780
lcl|NC_009648.1_cds_WP_032103891.1_2296	KPN_RS31420
lcl|NC_009648.1_cds_WP_004148751.1_2297	KPN_RS11790
lcl|NC_009648.1_cds_WP_004194006.1_2298	KPN_RS30470
lcl|NC_009648.1_cds_WP_002910077.1_2299	KPN_RS11800
lcl|NC_009648.1_cds_WP_002910079.1_2300	KPN_RS11805
lcl|NC_009648.1_cds_WP_002910080.1_2301	KPN_RS11810
lcl|NC_009648.1_cds_WP_002910083.1_2302	KPN_RS11815
lcl|NC_009648.1_cds_WP_004151853.1_2303	KPN_RS11820
lcl|NC_009648.1_cds_WP_004145396.1_2304	KPN_RS11825
lcl|NC_009648.1_cds_WP_002910089.1_2305	KPN_RS11830
lcl|NC_009648.1_cds_WP_004148754.1_2306	KPN_RS11835
lcl|NC_009648.1_cds_WP_002910095.1_2307	KPN_RS11845
lcl|NC_009648.1_cds_WP_004145398.1_2308	KPN_RS31430
lcl|NC_009648.1_cds_WP_002910097.1_2309	KPN_RS11855
lcl|NC_009648.1_cds_WP_002910100.1_2310	KPN_RS11860
lcl|NC_009648.1_cds_WP_004145401.1_2311	KPN_RS31435
lcl|NC_009648.1_cds_WP_002910103.1_2312	KPN_RS11870
lcl|NC_009648.1_cds_WP_002910105.1_2313	KPN_RS11875
lcl|NC_009648.1_cds_WP_004175574.1_2314	KPN_RS11880
lcl|NC_009648.1_cds_WP_002910108.1_2315	KPN_RS11885
lcl|NC_009648.1_cds_WP_004189455.1_2316	KPN_RS11890
lcl|NC_009648.1_cds_WP_004151854.1_2317	KPN_RS11895
lcl|NC_009648.1_cds_WP_015958609.1_2318	KPN_RS11910
lcl|NC_009648.1_cds_KPN_RS11915_2319	KPN_RS11915
lcl|NC_009648.1_cds_WP_002910189.1_2320	KPN_RS11920
lcl|NC_009648.1_cds_WP_002910191.1_2321	KPN_RS11925
lcl|NC_009648.1_cds_WP_002910193.1_2322	KPN_RS11930
lcl|NC_009648.1_cds_WP_004189443.1_2323	KPN_RS11935
lcl|NC_009648.1_cds_WP_032428329.1_2324	KPN_RS31440
lcl|NC_009648.1_cds_WP_004175568.1_2325	KPN_RS11945
lcl|NC_009648.1_cds_WP_015958611.1_2326	KPN_RS11950
lcl|NC_009648.1_cds_WP_002910198.1_2327	KPN_RS11955
lcl|NC_009648.1_cds_WP_002910201.1_2328	KPN_RS11960
lcl|NC_009648.1_cds_WP_015958612.1_2329	KPN_RS11965
lcl|NC_009648.1_cds_WP_077250646.1_2330	KPN_RS32230
lcl|NC_009648.1_cds_WP_004145418.1_2331	KPN_RS11975
lcl|NC_009648.1_cds_WP_004148772.1_2332	KPN_RS11980
lcl|NC_009648.1_cds_WP_041937723.1_2333	KPN_RS11985
lcl|NC_009648.1_cds_WP_004214922.1_2334	KPN_RS11995
lcl|NC_009648.1_cds_WP_002910380.1_2335	KPN_RS12000
lcl|NC_009648.1_cds_WP_002910387.1_2336	KPN_RS12005
lcl|NC_009648.1_cds_WP_004152258.1_2337	KPN_RS12010
lcl|NC_009648.1_cds_WP_002910389.1_2338	KPN_RS12015
lcl|NC_009648.1_cds_WP_002910392.1_2339	KPN_RS12020
lcl|NC_009648.1_cds_WP_002910393.1_2340	KPN_RS12025
lcl|NC_009648.1_cds_WP_002910395.1_2341	KPN_RS12030
lcl|NC_009648.1_cds_WP_004145428.1_2342	KPN_RS12035
lcl|NC_009648.1_cds_WP_041937646.1_2343	KPN_RS12040
lcl|NC_009648.1_cds_WP_002910403.1_2344	KPN_RS12045
lcl|NC_009648.1_cds_WP_002910404.1_2345	KPN_RS12050
lcl|NC_009648.1_cds_WP_004145431.1_2346	KPN_RS12055
lcl|NC_009648.1_cds_WP_004898981.1_2347	KPN_RS12060
lcl|NC_009648.1_cds_WP_002910407.1_2348	KPN_RS12065
lcl|NC_009648.1_cds_WP_004200291.1_2349	KPN_RS12070
lcl|NC_009648.1_cds_WP_015958617.1_2350	KPN_RS12075
lcl|NC_009648.1_cds_WP_002910437.1_2351	KPN_RS12080
lcl|NC_009648.1_cds_WP_004180389.1_2352	KPN_RS12085
lcl|NC_009648.1_cds_WP_002910443.1_2353	KPN_RS12090
lcl|NC_009648.1_cds_WP_004145442.1_2354	KPN_RS12095
lcl|NC_009648.1_cds_KPN_RS12100_2355	KPN_RS12100
lcl|NC_009648.1_cds_WP_015958620.1_2356	KPN_RS12105
lcl|NC_009648.1_cds_WP_023317007.1_2357	KPN_RS12110
lcl|NC_009648.1_cds_WP_004175532.1_2358	KPN_RS12115
lcl|NC_009648.1_cds_WP_072159832.1_2359	KPN_RS12120
lcl|NC_009648.1_cds_WP_004148784.1_2360	KPN_RS12125
lcl|NC_009648.1_cds_WP_015958622.1_2361	KPN_RS12130
lcl|NC_009648.1_cds_WP_015958623.1_2362	KPN_RS12135
lcl|NC_009648.1_cds_WP_015958624.1_2363	KPN_RS12140
lcl|NC_009648.1_cds_WP_040219122.1_2364	KPN_RS32565
lcl|NC_009648.1_cds_KPN_RS32570_2365	KPN_RS32570
lcl|NC_009648.1_cds_WP_236945285.1_2366	KPN_RS32440
lcl|NC_009648.1_cds_WP_015958627.1_2367	KPN_RS12160
lcl|NC_009648.1_cds_WP_032410376.1_2368	KPN_RS31465
lcl|NC_009648.1_cds_WP_015958628.1_2369	KPN_RS12170
lcl|NC_009648.1_cds_WP_015958629.1_2370	KPN_RS12175
lcl|NC_009648.1_cds_WP_074187925.1_2371	KPN_RS12180
lcl|NC_009648.1_cds_KPN_RS12185_2372	KPN_RS12185
lcl|NC_009648.1_cds_WP_015958632.1_2373	KPN_RS12190
lcl|NC_009648.1_cds_WP_004200304.1_2374	KPN_RS12195
lcl|NC_009648.1_cds_WP_015958633.1_2375	KPN_RS12200
lcl|NC_009648.1_cds_WP_002910586.1_2376	KPN_RS12205
lcl|NC_009648.1_cds_WP_002910589.1_2377	KPN_RS32235
lcl|NC_009648.1_cds_WP_002910591.1_2378	KPN_RS12210
lcl|NC_009648.1_cds_WP_002910593.1_2379	KPN_RS12215
lcl|NC_009648.1_cds_WP_015958634.1_2380	KPN_RS12220
lcl|NC_009648.1_cds_KPN_RS12225_2381	KPN_RS12225
lcl|NC_009648.1_cds_WP_004184626.1_2382	KPN_RS12230
lcl|NC_009648.1_cds_WP_041937648.1_2383	KPN_RS12235
lcl|NC_009648.1_cds_WP_015958636.1_2384	KPN_RS12240
lcl|NC_009648.1_cds_KPN_RS31470_2385	KPN_RS31470
lcl|NC_009648.1_cds_WP_015958637.1_2386	KPN_RS12245
lcl|NC_009648.1_cds_WP_032421529.1_2387	KPN_RS12250
lcl|NC_009648.1_cds_WP_016947153.1_2388	KPN_RS12255
lcl|NC_009648.1_cds_WP_015958639.1_2389	KPN_RS32640
lcl|NC_009648.1_cds_WP_002910650.1_2390	KPN_RS12265
lcl|NC_009648.1_cds_WP_002910652.1_2391	KPN_RS12270
lcl|NC_009648.1_cds_WP_041937649.1_2392	KPN_RS12275
lcl|NC_009648.1_cds_WP_002910657.1_2393	KPN_RS12280
lcl|NC_009648.1_cds_WP_004152315.1_2394	KPN_RS12285
lcl|NC_009648.1_cds_WP_004145468.1_2395	KPN_RS12290
lcl|NC_009648.1_cds_WP_004152313.1_2396	KPN_RS12295
lcl|NC_009648.1_cds_WP_002910715.1_2397	KPN_RS12300
lcl|NC_009648.1_cds_WP_002910717.1_2398	KPN_RS12305
lcl|NC_009648.1_cds_WP_004180410.1_2399	KPN_RS12310
lcl|NC_009648.1_cds_WP_002910720.1_2400	KPN_RS12315
lcl|NC_009648.1_cds_WP_004175491.1_2401	KPN_RS12320
lcl|NC_009648.1_cds_WP_004148803.1_2402	KPN_RS12325
lcl|NC_009648.1_cds_WP_004148804.1_2403	KPN_RS12330
lcl|NC_009648.1_cds_WP_004175489.1_2404	KPN_RS12335
lcl|NC_009648.1_cds_WP_004189329.1_2405	KPN_RS12340
lcl|NC_009648.1_cds_WP_004225356.1_2406	KPN_RS31475
lcl|NC_009648.1_cds_WP_041937725.1_2407	KPN_RS12350
lcl|NC_009648.1_cds_WP_015958642.1_2408	KPN_RS12355
lcl|NC_009648.1_cds_WP_004200322.1_2409	KPN_RS12360
lcl|NC_009648.1_cds_WP_002910762.1_2410	KPN_RS12365
lcl|NC_009648.1_cds_WP_002910764.1_2411	KPN_RS12370
lcl|NC_009648.1_cds_WP_004219597.1_2412	KPN_RS31480
lcl|NC_009648.1_cds_WP_004145488.1_2413	KPN_RS12380
lcl|NC_009648.1_cds_WP_029602073.1_2414	KPN_RS12385
lcl|NC_009648.1_cds_WP_026005872.1_2415	KPN_RS12390
lcl|NC_009648.1_cds_WP_015958643.1_2416	KPN_RS12395
lcl|NC_009648.1_cds_WP_002910832.1_2417	KPN_RS12400
lcl|NC_009648.1_cds_WP_002910835.1_2418	KPN_RS12405
lcl|NC_009648.1_cds_WP_004211064.1_2419	KPN_RS12410
lcl|NC_009648.1_cds_KPN_RS32240_2420	KPN_RS32240
lcl|NC_009648.1_cds_WP_015958644.1_2421	KPN_RS12415
lcl|NC_009648.1_cds_WP_015958645.1_2422	KPN_RS12420
lcl|NC_009648.1_cds_WP_002910846.1_2423	KPN_RS12425
lcl|NC_009648.1_cds_WP_002910883.1_2424	KPN_RS12430
lcl|NC_009648.1_cds_WP_002910885.1_2425	KPN_RS12435
lcl|NC_009648.1_cds_WP_002910887.1_2426	KPN_RS12440
lcl|NC_009648.1_cds_WP_009307557.1_2427	KPN_RS12445
lcl|NC_009648.1_cds_WP_032413859.1_2428	KPN_RS31485
lcl|NC_009648.1_cds_WP_002910889.1_2429	KPN_RS12455
lcl|NC_009648.1_cds_WP_002910890.1_2430	KPN_RS12460
lcl|NC_009648.1_cds_WP_004163532.1_2431	KPN_RS32585
lcl|NC_009648.1_cds_WP_041937650.1_2432	KPN_RS12465
lcl|NC_009648.1_cds_WP_002910894.1_2433	KPN_RS12470
lcl|NC_009648.1_cds_WP_002910895.1_2434	KPN_RS12475
lcl|NC_009648.1_cds_WP_002910896.1_2435	KPN_RS12480
lcl|NC_009648.1_cds_WP_004180422.1_2436	KPN_RS12485
lcl|NC_009648.1_cds_WP_002910898.1_2437	KPN_RS12490
lcl|NC_009648.1_cds_WP_002910899.1_2438	KPN_RS12500
lcl|NC_009648.1_cds_WP_002910900.1_2439	KPN_RS12505
lcl|NC_009648.1_cds_WP_002910902.1_2440	KPN_RS12510
lcl|NC_009648.1_cds_WP_014343235.1_2441	KPN_RS12515
lcl|NC_009648.1_cds_WP_041937726.1_2442	KPN_RS12520
lcl|NC_009648.1_cds_WP_015958649.1_2443	KPN_RS12525
lcl|NC_009648.1_cds_WP_004151443.1_2444	KPN_RS12530
lcl|NC_009648.1_cds_WP_015958650.1_2445	KPN_RS12535
lcl|NC_009648.1_cds_WP_002910910.1_2446	KPN_RS12540
lcl|NC_009648.1_cds_WP_004145519.1_2447	KPN_RS12545
lcl|NC_009648.1_cds_WP_015958651.1_2448	KPN_RS12550
lcl|NC_009648.1_cds_WP_004180429.1_2449	KPN_RS12555
lcl|NC_009648.1_cds_WP_004151445.1_2450	KPN_RS12560
lcl|NC_009648.1_cds_WP_004211022.1_2451	KPN_RS12570
lcl|NC_009648.1_cds_WP_004145524.1_2452	KPN_RS12575
lcl|NC_009648.1_cds_WP_002910917.1_2453	KPN_RS12580
lcl|NC_009648.1_cds_WP_002910918.1_2454	KPN_RS12585
lcl|NC_009648.1_cds_WP_004145526.1_2455	KPN_RS12590
lcl|NC_009648.1_cds_WP_004215046.1_2456	KPN_RS12595
lcl|NC_009648.1_cds_WP_002910921.1_2457	KPN_RS12600
lcl|NC_009648.1_cds_WP_015958653.1_2458	KPN_RS12605
lcl|NC_009648.1_cds_WP_002910924.1_2459	KPN_RS12610
lcl|NC_009648.1_cds_WP_001062678.1_2460	KPN_RS12615
lcl|NC_009648.1_cds_KPN_RS29035_2461	KPN_RS29035
lcl|NC_009648.1_cds_WP_002911374.1_2462	KPN_RS12625
lcl|NC_009648.1_cds_WP_002911375.1_2463	KPN_RS29045
lcl|NC_009648.1_cds_WP_004145533.1_2464	KPN_RS12635
lcl|NC_009648.1_cds_WP_002911378.1_2465	KPN_RS12640
lcl|NC_009648.1_cds_WP_015958654.1_2466	KPN_RS12645
lcl|NC_009648.1_cds_WP_002911381.1_2467	KPN_RS12650
lcl|NC_009648.1_cds_WP_004145536.1_2468	KPN_RS12655
lcl|NC_009648.1_cds_WP_002911385.1_2469	KPN_RS12660
lcl|NC_009648.1_cds_KPN_RS12665_2470	KPN_RS12665
lcl|NC_009648.1_cds_WP_002911387.1_2471	KPN_RS12670
lcl|NC_009648.1_cds_WP_002911388.1_2472	KPN_RS12675
lcl|NC_009648.1_cds_WP_004148845.1_2473	KPN_RS12680
lcl|NC_009648.1_cds_WP_002911393.1_2474	KPN_RS12685
lcl|NC_009648.1_cds_WP_002911395.1_2475	KPN_RS12690
lcl|NC_009648.1_cds_WP_004891053.1_2476	KPN_RS12695
lcl|NC_009648.1_cds_WP_004151446.1_2477	KPN_RS12700
lcl|NC_009648.1_cds_WP_002911398.1_2478	KPN_RS30490
lcl|NC_009648.1_cds_WP_002911404.1_2479	KPN_RS12710
lcl|NC_009648.1_cds_WP_004189267.1_2480	KPN_RS12715
lcl|NC_009648.1_cds_WP_004151448.1_2481	KPN_RS12720
lcl|NC_009648.1_cds_WP_002911406.1_2482	KPN_RS12725
lcl|NC_009648.1_cds_WP_002911407.1_2483	KPN_RS12730
lcl|NC_009648.1_cds_WP_004151449.1_2484	KPN_RS12735
lcl|NC_009648.1_cds_WP_004145550.1_2485	KPN_RS12740
lcl|NC_009648.1_cds_WP_002911410.1_2486	KPN_RS12745
lcl|NC_009648.1_cds_WP_002911418.1_2487	KPN_RS12750
lcl|NC_009648.1_cds_WP_002911423.1_2488	KPN_RS12755
lcl|NC_009648.1_cds_WP_002911425.1_2489	KPN_RS12760
lcl|NC_009648.1_cds_WP_002911427.1_2490	KPN_RS12765
lcl|NC_009648.1_cds_WP_004145554.1_2491	KPN_RS31500
lcl|NC_009648.1_cds_WP_004145555.1_2492	KPN_RS12775
lcl|NC_009648.1_cds_WP_002911440.1_2493	KPN_RS12780
lcl|NC_009648.1_cds_WP_002911442.1_2494	KPN_RS12785
lcl|NC_009648.1_cds_WP_004148858.1_2495	KPN_RS12790
lcl|NC_009648.1_cds_WP_041937651.1_2496	KPN_RS12795
lcl|NC_009648.1_cds_WP_002911449.1_2497	KPN_RS12800
lcl|NC_009648.1_cds_WP_002911451.1_2498	KPN_RS12805
lcl|NC_009648.1_cds_WP_004148860.1_2499	KPN_RS12810
lcl|NC_009648.1_cds_WP_002911454.1_2500	KPN_RS12815
lcl|NC_009648.1_cds_WP_002911456.1_2501	KPN_RS12820
lcl|NC_009648.1_cds_WP_002911459.1_2502	KPN_RS12825
lcl|NC_009648.1_cds_WP_002911477.1_2503	KPN_RS12830
lcl|NC_009648.1_cds_WP_002911479.1_2504	KPN_RS12835
lcl|NC_009648.1_cds_WP_015958657.1_2505	KPN_RS12840
lcl|NC_009648.1_cds_WP_015958658.1_2506	KPN_RS12845
lcl|NC_009648.1_cds_WP_002911484.1_2507	KPN_RS12850
lcl|NC_009648.1_cds_WP_004175417.1_2508	KPN_RS12855
lcl|NC_009648.1_cds_WP_004151451.1_2509	KPN_RS12860
lcl|NC_009648.1_cds_WP_002911488.1_2510	KPN_RS12865
lcl|NC_009648.1_cds_WP_015958659.1_2511	KPN_RS12870
lcl|NC_009648.1_cds_WP_004151452.1_2512	KPN_RS12875
lcl|NC_009648.1_cds_WP_002911497.1_2513	KPN_RS12880
lcl|NC_009648.1_cds_WP_002911499.1_2514	KPN_RS12885
lcl|NC_009648.1_cds_WP_004175415.1_2515	KPN_RS12890
lcl|NC_009648.1_cds_WP_004175414.1_2516	KPN_RS12895
lcl|NC_009648.1_cds_WP_002911505.1_2517	KPN_RS12900
lcl|NC_009648.1_cds_WP_002911507.1_2518	KPN_RS12905
lcl|NC_009648.1_cds_WP_002911516.1_2519	KPN_RS12910
lcl|NC_009648.1_cds_WP_002911518.1_2520	KPN_RS12915
lcl|NC_009648.1_cds_KPN_RS31505_2521	KPN_RS31505
lcl|NC_009648.1_cds_WP_004175413.1_2522	KPN_RS12920
lcl|NC_009648.1_cds_WP_004148869.1_2523	KPN_RS31510
lcl|NC_009648.1_cds_WP_002911522.1_2524	KPN_RS12930
lcl|NC_009648.1_cds_WP_002911524.1_2525	KPN_RS12935
lcl|NC_009648.1_cds_WP_004148871.1_2526	KPN_RS12940
lcl|NC_009648.1_cds_WP_002911528.1_2527	KPN_RS12945
lcl|NC_009648.1_cds_WP_020804451.1_2528	KPN_RS12950
lcl|NC_009648.1_cds_WP_004141101.1_2529	KPN_RS12955
lcl|NC_009648.1_cds_WP_015958661.1_2530	KPN_RS12960
lcl|NC_009648.1_cds_WP_015958662.1_2531	KPN_RS12965
lcl|NC_009648.1_cds_WP_004141106.1_2532	KPN_RS12970
lcl|NC_009648.1_cds_KPN_RS12975_2533	KPN_RS12975
lcl|NC_009648.1_cds_WP_004141115.1_2534	KPN_RS12995
lcl|NC_009648.1_cds_WP_002911538.1_2535	KPN_RS13000
lcl|NC_009648.1_cds_WP_002911539.1_2536	KPN_RS13005
lcl|NC_009648.1_cds_WP_002911541.1_2537	KPN_RS13010
lcl|NC_009648.1_cds_WP_002911542.1_2538	KPN_RS13015
lcl|NC_009648.1_cds_WP_004151455.1_2539	KPN_RS13020
lcl|NC_009648.1_cds_WP_002911547.1_2540	KPN_RS13025
lcl|NC_009648.1_cds_WP_004180445.1_2541	KPN_RS13030
lcl|NC_009648.1_cds_WP_004141135.1_2542	KPN_RS13035
lcl|NC_009648.1_cds_WP_004189225.1_2543	KPN_RS13040
lcl|NC_009648.1_cds_WP_004189223.1_2544	KPN_RS13045
lcl|NC_009648.1_cds_WP_002911561.1_2545	KPN_RS13050
lcl|NC_009648.1_cds_WP_002911586.1_2546	KPN_RS13055
lcl|NC_009648.1_cds_WP_002911589.1_2547	KPN_RS13060
lcl|NC_009648.1_cds_WP_009307521.1_2548	KPN_RS13065
lcl|NC_009648.1_cds_WP_002911591.1_2549	KPN_RS13070
lcl|NC_009648.1_cds_WP_015958666.1_2550	KPN_RS13075
lcl|NC_009648.1_cds_WP_004200342.1_2551	KPN_RS13080
lcl|NC_009648.1_cds_WP_074182028.1_2552	KPN_RS13085
lcl|NC_009648.1_cds_WP_002911594.1_2553	KPN_RS13090
lcl|NC_009648.1_cds_WP_004151461.1_2554	KPN_RS13095
lcl|NC_009648.1_cds_WP_015958668.1_2555	KPN_RS13100
lcl|NC_009648.1_cds_WP_004227143.1_2556	KPN_RS13110
lcl|NC_009648.1_cds_WP_223343550.1_2557	KPN_RS13120
lcl|NC_009648.1_cds_WP_015958670.1_2558	KPN_RS13125
lcl|NC_009648.1_cds_WP_015958671.1_2559	KPN_RS13130
lcl|NC_009648.1_cds_WP_002911729.1_2560	KPN_RS13135
lcl|NC_009648.1_cds_WP_004148971.1_2561	KPN_RS13145
lcl|NC_009648.1_cds_KPN_RS13150_2562	KPN_RS13150
lcl|NC_009648.1_cds_WP_227542143.1_2563	KPN_RS13155
lcl|NC_009648.1_cds_WP_004184763.1_2564	KPN_RS13160
lcl|NC_009648.1_cds_WP_015958673.1_2565	KPN_RS13165
lcl|NC_009648.1_cds_WP_004141189.1_2566	KPN_RS13170
lcl|NC_009648.1_cds_WP_004148975.1_2567	KPN_RS13175
lcl|NC_009648.1_cds_WP_015958674.1_2568	KPN_RS13185
lcl|NC_009648.1_cds_KPN_RS32450_2569	KPN_RS32450
lcl|NC_009648.1_cds_WP_015958675.1_2570	KPN_RS13200
lcl|NC_009648.1_cds_WP_009307509.1_2571	KPN_RS13205
lcl|NC_009648.1_cds_WP_004180471.1_2572	KPN_RS13210
lcl|NC_009648.1_cds_WP_004175291.1_2573	KPN_RS13215
lcl|NC_009648.1_cds_WP_015958676.1_2574	KPN_RS13220
lcl|NC_009648.1_cds_WP_004148980.1_2575	KPN_RS13225
lcl|NC_009648.1_cds_WP_002911866.1_2576	KPN_RS13230
lcl|NC_009648.1_cds_KPN_RS31530_2577	KPN_RS31530
lcl|NC_009648.1_cds_WP_041937652.1_2578	KPN_RS13240
lcl|NC_009648.1_cds_WP_014343289.1_2579	KPN_RS13245
lcl|NC_009648.1_cds_WP_015958679.1_2580	KPN_RS13255
lcl|NC_009648.1_cds_WP_015958680.1_2581	KPN_RS13260
lcl|NC_009648.1_cds_WP_004180478.1_2582	KPN_RS13265
lcl|NC_009648.1_cds_WP_004175282.1_2583	KPN_RS13270
lcl|NC_009648.1_cds_WP_002911879.1_2584	KPN_RS13275
lcl|NC_009648.1_cds_WP_004184774.1_2585	KPN_RS13280
lcl|NC_009648.1_cds_WP_015958681.1_2586	KPN_RS13285
lcl|NC_009648.1_cds_WP_015958682.1_2587	KPN_RS13290
lcl|NC_009648.1_cds_WP_002911883.1_2588	KPN_RS13295
lcl|NC_009648.1_cds_WP_002911885.1_2589	KPN_RS13300
lcl|NC_009648.1_cds_WP_004144123.1_2590	KPN_RS13305
lcl|NC_009648.1_cds_WP_004153104.1_2591	KPN_RS13310
lcl|NC_009648.1_cds_WP_015958684.1_2592	KPN_RS13315
lcl|NC_009648.1_cds_WP_015958685.1_2593	KPN_RS13320
lcl|NC_009648.1_cds_WP_002912109.1_2594	KPN_RS13325
lcl|NC_009648.1_cds_WP_004148994.1_2595	KPN_RS13330
lcl|NC_009648.1_cds_WP_004175276.1_2596	KPN_RS13335
lcl|NC_009648.1_cds_WP_004152513.1_2597	KPN_RS13340
lcl|NC_009648.1_cds_WP_004899375.1_2598	KPN_RS30510
lcl|NC_009648.1_cds_WP_002912152.1_2599	KPN_RS13345
lcl|NC_009648.1_cds_WP_004175275.1_2600	KPN_RS13350
lcl|NC_009648.1_cds_WP_004149000.1_2601	KPN_RS13355
lcl|NC_009648.1_cds_WP_015958686.1_2602	KPN_RS13360
lcl|NC_009648.1_cds_WP_008804113.1_2603	KPN_RS13365
lcl|NC_009648.1_cds_WP_015958687.1_2604	KPN_RS13370
lcl|NC_009648.1_cds_WP_004180497.1_2605	KPN_RS13375
lcl|NC_009648.1_cds_WP_004184787.1_2606	KPN_RS13380
lcl|NC_009648.1_cds_WP_015958688.1_2607	KPN_RS13385
lcl|NC_009648.1_cds_WP_015958689.1_2608	KPN_RS13390
lcl|NC_009648.1_cds_WP_015958690.1_2609	KPN_RS13395
lcl|NC_009648.1_cds_WP_015958691.1_2610	KPN_RS13400
lcl|NC_009648.1_cds_WP_015958692.1_2611	KPN_RS29065
lcl|NC_009648.1_cds_WP_015958693.1_2612	KPN_RS13405
lcl|NC_009648.1_cds_WP_223621990.1_2613	KPN_RS13410
lcl|NC_009648.1_cds_WP_004175258.1_2614	KPN_RS13415
lcl|NC_009648.1_cds_WP_015958694.1_2615	KPN_RS13420
lcl|NC_009648.1_cds_WP_015958695.1_2616	KPN_RS13425
lcl|NC_009648.1_cds_WP_004144151.1_2617	KPN_RS30520
lcl|NC_009648.1_cds_WP_015958696.1_2618	KPN_RS13440
lcl|NC_009648.1_cds_WP_015958697.1_2619	KPN_RS13445
lcl|NC_009648.1_cds_WP_023149890.1_2620	KPN_RS13450
lcl|NC_009648.1_cds_WP_004175258.1_2621	KPN_RS13455
lcl|NC_009648.1_cds_WP_015958698.1_2622	KPN_RS13460
lcl|NC_009648.1_cds_WP_015958700.1_2623	KPN_RS13465
lcl|NC_009648.1_cds_WP_041937727.1_2624	KPN_RS13470
lcl|NC_009648.1_cds_WP_015958702.1_2625	KPN_RS13475
lcl|NC_009648.1_cds_WP_015958703.1_2626	KPN_RS30525
lcl|NC_009648.1_cds_WP_015958704.1_2627	KPN_RS29070
lcl|NC_009648.1_cds_WP_015958705.1_2628	KPN_RS29075
lcl|NC_009648.1_cds_WP_015958706.1_2629	KPN_RS13480
lcl|NC_009648.1_cds_WP_136895717.1_2630	KPN_RS13485
lcl|NC_009648.1_cds_WP_015958708.1_2631	KPN_RS30125
lcl|NC_009648.1_cds_WP_015958709.1_2632	KPN_RS29080
lcl|NC_009648.1_cds_WP_041937730.1_2633	KPN_RS13495
lcl|NC_009648.1_cds_WP_015958711.1_2634	KPN_RS13500
lcl|NC_009648.1_cds_WP_031592319.1_2635	KPN_RS13505
lcl|NC_009648.1_cds_WP_015958713.1_2636	KPN_RS13510
lcl|NC_009648.1_cds_WP_015958714.1_2637	KPN_RS13515
lcl|NC_009648.1_cds_KPN_RS31540_2638	KPN_RS31540
lcl|NC_009648.1_cds_WP_004151150.1_2639	KPN_RS13525
lcl|NC_009648.1_cds_KPN_RS13530_2640	KPN_RS13530
lcl|NC_009648.1_cds_WP_004151147.1_2641	KPN_RS13535
lcl|NC_009648.1_cds_WP_004180531.1_2642	KPN_RS13540
lcl|NC_009648.1_cds_WP_004151145.1_2643	KPN_RS13545
lcl|NC_009648.1_cds_WP_002912442.1_2644	KPN_RS13550
lcl|NC_009648.1_cds_WP_004213673.1_2645	KPN_RS13555
lcl|NC_009648.1_cds_WP_032432406.1_2646	KPN_RS13560
lcl|NC_009648.1_cds_WP_032425481.1_2647	KPN_RS13565
lcl|NC_009648.1_cds_WP_004151141.1_2648	KPN_RS13570
lcl|NC_009648.1_cds_WP_004180546.1_2649	KPN_RS30530
lcl|NC_009648.1_cds_WP_009483956.1_2650	KPN_RS13580
lcl|NC_009648.1_cds_WP_004151139.1_2651	KPN_RS13585
lcl|NC_009648.1_cds_WP_004175207.1_2652	KPN_RS13590
lcl|NC_009648.1_cds_WP_004149055.1_2653	KPN_RS13595
lcl|NC_009648.1_cds_WP_002912617.1_2654	KPN_RS13600
lcl|NC_009648.1_cds_WP_004149057.1_2655	KPN_RS13605
lcl|NC_009648.1_cds_WP_015958719.1_2656	KPN_RS13610
lcl|NC_009648.1_cds_WP_015958720.1_2657	KPN_RS13615
lcl|NC_009648.1_cds_WP_004144192.1_2658	KPN_RS13620
lcl|NC_009648.1_cds_WP_004151134.1_2659	KPN_RS13625
lcl|NC_009648.1_cds_WP_004180550.1_2660	KPN_RS13630
lcl|NC_009648.1_cds_WP_004175147.1_2661	KPN_RS13635
lcl|NC_009648.1_cds_WP_015958721.1_2662	KPN_RS13640
lcl|NC_009648.1_cds_WP_004151133.1_2663	KPN_RS13645
lcl|NC_009648.1_cds_WP_015958722.1_2664	KPN_RS13650
lcl|NC_009648.1_cds_WP_004189101.1_2665	KPN_RS13655
lcl|NC_009648.1_cds_WP_015958723.1_2666	KPN_RS13660
lcl|NC_009648.1_cds_WP_002912654.1_2667	KPN_RS13665
lcl|NC_009648.1_cds_WP_015958724.1_2668	KPN_RS13670
lcl|NC_009648.1_cds_WP_009486185.1_2669	KPN_RS13675
lcl|NC_009648.1_cds_WP_004144198.1_2670	KPN_RS13680
lcl|NC_009648.1_cds_WP_004180590.1_2671	KPN_RS13685
lcl|NC_009648.1_cds_WP_004180592.1_2672	KPN_RS13690
lcl|NC_009648.1_cds_WP_015958725.1_2673	KPN_RS13695
lcl|NC_009648.1_cds_WP_004175116.1_2674	KPN_RS13700
lcl|NC_009648.1_cds_WP_002912704.1_2675	KPN_RS13705
lcl|NC_009648.1_cds_WP_002912707.1_2676	KPN_RS13710
lcl|NC_009648.1_cds_WP_015875043.1_2677	KPN_RS13715
lcl|NC_009648.1_cds_WP_004151130.1_2678	KPN_RS13725
lcl|NC_009648.1_cds_WP_004175111.1_2679	KPN_RS13730
lcl|NC_009648.1_cds_WP_015958726.1_2680	KPN_RS13735
lcl|NC_009648.1_cds_WP_015958727.1_2681	KPN_RS13740
lcl|NC_009648.1_cds_WP_004149074.1_2682	KPN_RS13745
lcl|NC_009648.1_cds_WP_002912749.1_2683	KPN_RS13750
lcl|NC_009648.1_cds_WP_015958728.1_2684	KPN_RS13755
lcl|NC_009648.1_cds_WP_002912751.1_2685	KPN_RS13760
lcl|NC_009648.1_cds_WP_002912753.1_2686	KPN_RS13765
lcl|NC_009648.1_cds_WP_002912756.1_2687	KPN_RS13770
lcl|NC_009648.1_cds_WP_004144215.1_2688	KPN_RS13775
lcl|NC_009648.1_cds_WP_020317136.1_2689	KPN_RS13780
lcl|NC_009648.1_cds_WP_002912762.1_2690	KPN_RS13785
lcl|NC_009648.1_cds_WP_004151128.1_2691	KPN_RS13790
lcl|NC_009648.1_cds_WP_004149083.1_2692	KPN_RS13795
lcl|NC_009648.1_cds_WP_015958730.1_2693	KPN_RS13800
lcl|NC_009648.1_cds_WP_002912823.1_2694	KPN_RS13805
lcl|NC_009648.1_cds_WP_004175093.1_2695	KPN_RS13810
lcl|NC_009648.1_cds_WP_015958731.1_2696	KPN_RS13815
lcl|NC_009648.1_cds_WP_002912829.1_2697	KPN_RS13820
lcl|NC_009648.1_cds_WP_085955203.1_2698	KPN_RS30535
lcl|NC_009648.1_cds_WP_004180615.1_2699	KPN_RS13835
lcl|NC_009648.1_cds_WP_004144230.1_2700	KPN_RS13840
lcl|NC_009648.1_cds_WP_002912833.1_2701	KPN_RS13845
lcl|NC_009648.1_cds_WP_004149095.1_2702	KPN_RS13850
lcl|NC_009648.1_cds_WP_015958733.1_2703	KPN_RS13860
lcl|NC_009648.1_cds_KPN_RS13865_2704	KPN_RS13865
lcl|NC_009648.1_cds_WP_004175082.1_2705	KPN_RS13870
lcl|NC_009648.1_cds_WP_004189044.1_2706	KPN_RS13875
lcl|NC_009648.1_cds_WP_002912862.1_2707	KPN_RS13880
lcl|NC_009648.1_cds_WP_002912865.1_2708	KPN_RS13885
lcl|NC_009648.1_cds_WP_002912867.1_2709	KPN_RS13890
lcl|NC_009648.1_cds_WP_002912869.1_2710	KPN_RS13895
lcl|NC_009648.1_cds_WP_002912870.1_2711	KPN_RS13900
lcl|NC_009648.1_cds_WP_002912871.1_2712	KPN_RS13905
lcl|NC_009648.1_cds_WP_041937657.1_2713	KPN_RS13910
lcl|NC_009648.1_cds_WP_002912878.1_2714	KPN_RS13915
lcl|NC_009648.1_cds_WP_002912919.1_2715	KPN_RS13920
lcl|NC_009648.1_cds_WP_004149106.1_2716	KPN_RS13925
lcl|NC_009648.1_cds_WP_004184878.1_2717	KPN_RS13930
lcl|NC_009648.1_cds_WP_015958737.1_2718	KPN_RS13935
lcl|NC_009648.1_cds_WP_041937658.1_2719	KPN_RS13940
lcl|NC_009648.1_cds_WP_002912929.1_2720	KPN_RS13945
lcl|NC_009648.1_cds_WP_002912932.1_2721	KPN_RS13950
lcl|NC_009648.1_cds_KPN_RS13960_2722	KPN_RS13960
lcl|NC_009648.1_cds_WP_002912937.1_2723	KPN_RS13965
lcl|NC_009648.1_cds_WP_015958740.1_2724	KPN_RS13970
lcl|NC_009648.1_cds_WP_002912941.1_2725	KPN_RS13975
lcl|NC_009648.1_cds_WP_002912947.1_2726	KPN_RS13980
lcl|NC_009648.1_cds_WP_004151122.1_2727	KPN_RS13985
lcl|NC_009648.1_cds_WP_004175066.1_2728	KPN_RS13990
lcl|NC_009648.1_cds_WP_015958741.1_2729	KPN_RS13995
lcl|NC_009648.1_cds_WP_002912952.1_2730	KPN_RS14000
lcl|NC_009648.1_cds_WP_015958742.1_2731	KPN_RS14005
lcl|NC_009648.1_cds_WP_015958743.1_2732	KPN_RS14010
lcl|NC_009648.1_cds_WP_015958744.1_2733	KPN_RS14015
lcl|NC_009648.1_cds_WP_002912967.1_2734	KPN_RS14020
lcl|NC_009648.1_cds_WP_015958745.1_2735	KPN_RS14025
lcl|NC_009648.1_cds_WP_009307406.1_2736	KPN_RS14030
lcl|NC_009648.1_cds_WP_015958746.1_2737	KPN_RS14035
lcl|NC_009648.1_cds_WP_002912972.1_2738	KPN_RS14040
lcl|NC_009648.1_cds_WP_004151118.1_2739	KPN_RS14045
lcl|NC_009648.1_cds_WP_002912974.1_2740	KPN_RS14050
lcl|NC_009648.1_cds_WP_009486448.1_2741	KPN_RS14055
lcl|NC_009648.1_cds_WP_002912977.1_2742	KPN_RS14060
lcl|NC_009648.1_cds_WP_004144263.1_2743	KPN_RS14065
lcl|NC_009648.1_cds_WP_004189006.1_2744	KPN_RS14070
lcl|NC_009648.1_cds_WP_004189004.1_2745	KPN_RS14075
lcl|NC_009648.1_cds_WP_032428031.1_2746	KPN_RS14080
lcl|NC_009648.1_cds_WP_004144265.1_2747	KPN_RS14085
lcl|NC_009648.1_cds_WP_002912986.1_2748	KPN_RS14090
lcl|NC_009648.1_cds_WP_004144267.1_2749	KPN_RS14095
lcl|NC_009648.1_cds_WP_004195346.1_2750	KPN_RS14100
lcl|NC_009648.1_cds_WP_002912990.1_2751	KPN_RS14105
lcl|NC_009648.1_cds_WP_002912992.1_2752	KPN_RS14115
lcl|NC_009648.1_cds_WP_004175048.1_2753	KPN_RS14120
lcl|NC_009648.1_cds_WP_009486440.1_2754	KPN_RS14125
lcl|NC_009648.1_cds_KPN_RS14130_2755	KPN_RS14130
lcl|NC_009648.1_cds_WP_002912996.1_2756	KPN_RS14135
lcl|NC_009648.1_cds_WP_004175044.1_2757	KPN_RS14140
lcl|NC_009648.1_cds_WP_004140817.1_2758	KPN_RS14145
lcl|NC_009648.1_cds_WP_004211965.1_2759	KPN_RS14150
lcl|NC_009648.1_cds_WP_004180700.1_2760	KPN_RS14155
lcl|NC_009648.1_cds_WP_015958749.1_2761	KPN_RS14160
lcl|NC_009648.1_cds_WP_002913006.1_2762	KPN_RS14165
lcl|NC_009648.1_cds_WP_002913007.1_2763	KPN_RS14170
lcl|NC_009648.1_cds_WP_002913009.1_2764	KPN_RS14175
lcl|NC_009648.1_cds_WP_015958750.1_2765	KPN_RS14180
lcl|NC_009648.1_cds_WP_002913014.1_2766	KPN_RS14185
lcl|NC_009648.1_cds_WP_002913016.1_2767	KPN_RS14190
lcl|NC_009648.1_cds_WP_004140835.1_2768	KPN_RS14195
lcl|NC_009648.1_cds_WP_004140836.1_2769	KPN_RS14200
lcl|NC_009648.1_cds_WP_004214637.1_2770	KPN_RS14205
lcl|NC_009648.1_cds_WP_002913019.1_2771	KPN_RS14210
lcl|NC_009648.1_cds_WP_015958751.1_2772	KPN_RS14215
lcl|NC_009648.1_cds_WP_015958752.1_2773	KPN_RS14220
lcl|NC_009648.1_cds_WP_002913041.1_2774	KPN_RS14225
lcl|NC_009648.1_cds_WP_004899554.1_2775	KPN_RS14230
lcl|NC_009648.1_cds_WP_002913045.1_2776	KPN_RS14235
lcl|NC_009648.1_cds_WP_004175029.1_2777	KPN_RS14240
lcl|NC_009648.1_cds_WP_002913046.1_2778	KPN_RS14245
lcl|NC_009648.1_cds_WP_004151110.1_2779	KPN_RS14250
lcl|NC_009648.1_cds_WP_002913070.1_2780	KPN_RS14255
lcl|NC_009648.1_cds_WP_002913072.1_2781	KPN_RS14265
lcl|NC_009648.1_cds_WP_009484772.1_2782	KPN_RS14270
lcl|NC_009648.1_cds_WP_002913076.1_2783	KPN_RS14275
lcl|NC_009648.1_cds_WP_015958755.1_2784	KPN_RS14280
lcl|NC_009648.1_cds_WP_002913098.1_2785	KPN_RS14285
lcl|NC_009648.1_cds_WP_015958756.1_2786	KPN_RS14290
lcl|NC_009648.1_cds_WP_015958757.1_2787	KPN_RS14295
lcl|NC_009648.1_cds_WP_004184985.1_2788	KPN_RS14300
lcl|NC_009648.1_cds_WP_004184987.1_2789	KPN_RS14305
lcl|NC_009648.1_cds_WP_015958759.1_2790	KPN_RS14310
lcl|NC_009648.1_cds_WP_004151107.1_2791	KPN_RS14315
lcl|NC_009648.1_cds_WP_002913146.1_2792	KPN_RS14320
lcl|NC_009648.1_cds_WP_004140895.1_2793	KPN_RS14325
lcl|NC_009648.1_cds_WP_002913148.1_2794	KPN_RS14330
lcl|NC_009648.1_cds_WP_002913150.1_2795	KPN_RS14335
lcl|NC_009648.1_cds_WP_002913152.1_2796	KPN_RS14340
lcl|NC_009648.1_cds_WP_002913156.1_2797	KPN_RS14345
lcl|NC_009648.1_cds_WP_004149179.1_2798	KPN_RS14350
lcl|NC_009648.1_cds_WP_002913158.1_2799	KPN_RS14355
lcl|NC_009648.1_cds_WP_002913160.1_2800	KPN_RS14360
lcl|NC_009648.1_cds_WP_002913162.1_2801	KPN_RS14365
lcl|NC_009648.1_cds_WP_002913178.1_2802	KPN_RS14370
lcl|NC_009648.1_cds_WP_002913181.1_2803	KPN_RS14375
lcl|NC_009648.1_cds_WP_002913183.1_2804	KPN_RS14385
lcl|NC_009648.1_cds_WP_002913185.1_2805	KPN_RS14390
lcl|NC_009648.1_cds_WP_002913188.1_2806	KPN_RS14395
lcl|NC_009648.1_cds_WP_004180741.1_2807	KPN_RS14400
lcl|NC_009648.1_cds_WP_004174996.1_2808	KPN_RS14405
lcl|NC_009648.1_cds_KPN_RS14410_2809	KPN_RS14410
lcl|NC_009648.1_cds_WP_002913194.1_2810	KPN_RS14415
lcl|NC_009648.1_cds_WP_002913195.1_2811	KPN_RS14420
lcl|NC_009648.1_cds_WP_023313452.1_2812	KPN_RS14425
lcl|NC_009648.1_cds_WP_002913197.1_2813	KPN_RS14430
lcl|NC_009648.1_cds_WP_004899586.1_2814	KPN_RS14435
lcl|NC_009648.1_cds_WP_009307378.1_2815	KPN_RS14440
lcl|NC_009648.1_cds_WP_015958763.1_2816	KPN_RS14445
lcl|NC_009648.1_cds_WP_002913200.1_2817	KPN_RS14450
lcl|NC_009648.1_cds_WP_002913203.1_2818	KPN_RS14455
lcl|NC_009648.1_cds_WP_004217247.1_2819	KPN_RS31555
lcl|NC_009648.1_cds_WP_004140943.1_2820	KPN_RS14465
lcl|NC_009648.1_cds_WP_002913206.1_2821	KPN_RS14470
lcl|NC_009648.1_cds_WP_002913207.1_2822	KPN_RS14475
lcl|NC_009648.1_cds_WP_002913208.1_2823	KPN_RS14480
lcl|NC_009648.1_cds_WP_002913209.1_2824	KPN_RS14485
lcl|NC_009648.1_cds_WP_002913210.1_2825	KPN_RS14490
lcl|NC_009648.1_cds_WP_004140952.1_2826	KPN_RS31560
lcl|NC_009648.1_cds_WP_002913212.1_2827	KPN_RS14500
lcl|NC_009648.1_cds_WP_002913213.1_2828	KPN_RS14505
lcl|NC_009648.1_cds_WP_002913214.1_2829	KPN_RS14510
lcl|NC_009648.1_cds_WP_004140953.1_2830	KPN_RS14515
lcl|NC_009648.1_cds_WP_015958765.1_2831	KPN_RS14520
lcl|NC_009648.1_cds_WP_002913220.1_2832	KPN_RS14525
lcl|NC_009648.1_cds_WP_002913221.1_2833	KPN_RS14530
lcl|NC_009648.1_cds_WP_015958766.1_2834	KPN_RS14535
lcl|NC_009648.1_cds_WP_015958767.1_2835	KPN_RS14540
lcl|NC_009648.1_cds_WP_002913228.1_2836	KPN_RS14545
lcl|NC_009648.1_cds_WP_022615607.1_2837	KPN_RS14550
lcl|NC_009648.1_cds_WP_041937659.1_2838	KPN_RS14555
lcl|NC_009648.1_cds_WP_002913291.1_2839	KPN_RS14560
lcl|NC_009648.1_cds_WP_015958770.1_2840	KPN_RS14565
lcl|NC_009648.1_cds_WP_002913338.1_2841	KPN_RS14570
lcl|NC_009648.1_cds_WP_015958772.1_2842	KPN_RS14575
lcl|NC_009648.1_cds_WP_002913340.1_2843	KPN_RS14580
lcl|NC_009648.1_cds_WP_004174960.1_2844	KPN_RS14585
lcl|NC_009648.1_cds_WP_002913342.1_2845	KPN_RS14590
lcl|NC_009648.1_cds_WP_002913346.1_2846	KPN_RS14595
lcl|NC_009648.1_cds_WP_002913348.1_2847	KPN_RS14600
lcl|NC_009648.1_cds_WP_002913355.1_2848	KPN_RS14605
lcl|NC_009648.1_cds_WP_015958773.1_2849	KPN_RS14610
lcl|NC_009648.1_cds_WP_015958774.1_2850	KPN_RS14615
lcl|NC_009648.1_cds_WP_002913359.1_2851	KPN_RS14620
lcl|NC_009648.1_cds_WP_002913360.1_2852	KPN_RS14625
lcl|NC_009648.1_cds_WP_002913362.1_2853	KPN_RS14630
lcl|NC_009648.1_cds_WP_004149224.1_2854	KPN_RS14635
lcl|NC_009648.1_cds_WP_015958775.1_2855	KPN_RS14645
lcl|NC_009648.1_cds_WP_009486226.1_2856	KPN_RS14650
lcl|NC_009648.1_cds_WP_015958776.1_2857	KPN_RS14655
lcl|NC_009648.1_cds_WP_009486224.1_2858	KPN_RS14660
lcl|NC_009648.1_cds_WP_015958777.1_2859	KPN_RS14665
lcl|NC_009648.1_cds_WP_099119320.1_2860	KPN_RS30545
lcl|NC_009648.1_cds_WP_002913372.1_2861	KPN_RS14670
lcl|NC_009648.1_cds_WP_041937660.1_2862	KPN_RS31565
lcl|NC_009648.1_cds_WP_004153200.1_2863	KPN_RS31570
lcl|NC_009648.1_cds_WP_004149230.1_2864	KPN_RS14685
lcl|NC_009648.1_cds_WP_002913374.1_2865	KPN_RS14690
lcl|NC_009648.1_cds_WP_002913377.1_2866	KPN_RS14695
lcl|NC_009648.1_cds_WP_004154521.1_2867	KPN_RS14700
lcl|NC_009648.1_cds_WP_040223984.1_2868	KPN_RS14705
lcl|NC_009648.1_cds_WP_009486218.1_2869	KPN_RS14710
lcl|NC_009648.1_cds_WP_002913419.1_2870	KPN_RS14715
lcl|NC_009648.1_cds_WP_002913421.1_2871	KPN_RS14720
lcl|NC_009648.1_cds_WP_009486216.1_2872	KPN_RS14725
lcl|NC_009648.1_cds_WP_004149240.1_2873	KPN_RS14730
lcl|NC_009648.1_cds_WP_002913434.1_2874	KPN_RS14745
lcl|NC_009648.1_cds_WP_002913435.1_2875	KPN_RS14750
lcl|NC_009648.1_cds_WP_015958780.1_2876	KPN_RS14755
lcl|NC_009648.1_cds_WP_002913438.1_2877	KPN_RS14780
lcl|NC_009648.1_cds_WP_002913439.1_2878	KPN_RS14785
lcl|NC_009648.1_cds_WP_002913440.1_2879	KPN_RS14790
lcl|NC_009648.1_cds_WP_004180820.1_2880	KPN_RS14795
lcl|NC_009648.1_cds_WP_004151995.1_2881	KPN_RS14800
lcl|NC_009648.1_cds_WP_004174922.1_2882	KPN_RS14810
lcl|NC_009648.1_cds_WP_002913498.1_2883	KPN_RS14815
lcl|NC_009648.1_cds_WP_002913505.1_2884	KPN_RS14825
lcl|NC_009648.1_cds_WP_004180827.1_2885	KPN_RS14830
lcl|NC_009648.1_cds_WP_000522253.1_2886	KPN_RS14835
lcl|NC_009648.1_cds_WP_002913605.1_2887	KPN_RS14840
lcl|NC_009648.1_cds_WP_004174917.1_2888	KPN_RS14845
lcl|NC_009648.1_cds_WP_002913617.1_2889	KPN_RS14850
lcl|NC_009648.1_cds_WP_004209729.1_2890	KPN_RS14855
lcl|NC_009648.1_cds_WP_004145610.1_2891	KPN_RS14860
lcl|NC_009648.1_cds_WP_002913623.1_2892	KPN_RS14865
lcl|NC_009648.1_cds_WP_002913625.1_2893	KPN_RS14870
lcl|NC_009648.1_cds_WP_002913626.1_2894	KPN_RS14875
lcl|NC_009648.1_cds_WP_015958782.1_2895	KPN_RS14880
lcl|NC_009648.1_cds_KPN_RS29105_2896	KPN_RS29105
lcl|NC_009648.1_cds_WP_004145614.1_2897	KPN_RS14895
lcl|NC_009648.1_cds_WP_002913630.1_2898	KPN_RS14900
lcl|NC_009648.1_cds_WP_002913635.1_2899	KPN_RS14905
lcl|NC_009648.1_cds_WP_002913637.1_2900	KPN_RS14910
lcl|NC_009648.1_cds_WP_002913639.1_2901	KPN_RS14915
lcl|NC_009648.1_cds_WP_004145617.1_2902	KPN_RS14920
lcl|NC_009648.1_cds_WP_002913642.1_2903	KPN_RS14925
lcl|NC_009648.1_cds_WP_004151997.1_2904	KPN_RS14930
lcl|NC_009648.1_cds_WP_004174905.1_2905	KPN_RS14935
lcl|NC_009648.1_cds_WP_004174901.1_2906	KPN_RS14940
lcl|NC_009648.1_cds_WP_004152001.1_2907	KPN_RS14945
lcl|NC_009648.1_cds_WP_004213212.1_2908	KPN_RS14950
lcl|NC_009648.1_cds_WP_004149260.1_2909	KPN_RS14955
lcl|NC_009648.1_cds_WP_004899751.1_2910	KPN_RS14960
lcl|NC_009648.1_cds_WP_004180842.1_2911	KPN_RS14965
lcl|NC_009648.1_cds_WP_015958783.1_2912	KPN_RS14970
lcl|NC_009648.1_cds_WP_002913719.1_2913	KPN_RS14975
lcl|NC_009648.1_cds_WP_000387720.1_2914	KPN_RS14980
lcl|NC_009648.1_cds_WP_004213203.1_2915	KPN_RS14985
lcl|NC_009648.1_cds_WP_015958784.1_2916	KPN_RS14990
lcl|NC_009648.1_cds_WP_015958785.1_2917	KPN_RS14995
lcl|NC_009648.1_cds_WP_002913727.1_2918	KPN_RS15000
lcl|NC_009648.1_cds_WP_002913729.1_2919	KPN_RS15005
lcl|NC_009648.1_cds_WP_002913731.1_2920	KPN_RS15010
lcl|NC_009648.1_cds_WP_004174884.1_2921	KPN_RS15015
lcl|NC_009648.1_cds_WP_004149269.1_2922	KPN_RS15020
lcl|NC_009648.1_cds_WP_009309515.1_2923	KPN_RS15025
lcl|NC_009648.1_cds_WP_002913754.1_2924	KPN_RS15030
lcl|NC_009648.1_cds_WP_004145639.1_2925	KPN_RS15035
lcl|NC_009648.1_cds_WP_015958788.1_2926	KPN_RS15040
lcl|NC_009648.1_cds_WP_100181659.1_2927	KPN_RS30550
lcl|NC_009648.1_cds_WP_002913764.1_2928	KPN_RS15045
lcl|NC_009648.1_cds_WP_015958789.1_2929	KPN_RS15050
lcl|NC_009648.1_cds_WP_002913768.1_2930	KPN_RS15055
lcl|NC_009648.1_cds_WP_015958790.1_2931	KPN_RS15060
lcl|NC_009648.1_cds_WP_015958791.1_2932	KPN_RS15065
lcl|NC_009648.1_cds_WP_002913800.1_2933	KPN_RS15070
lcl|NC_009648.1_cds_WP_002913801.1_2934	KPN_RS15075
lcl|NC_009648.1_cds_WP_004149279.1_2935	KPN_RS15080
lcl|NC_009648.1_cds_WP_002913803.1_2936	KPN_RS15085
lcl|NC_009648.1_cds_WP_002913804.1_2937	KPN_RS15090
lcl|NC_009648.1_cds_WP_002913805.1_2938	KPN_RS15095
lcl|NC_009648.1_cds_WP_002913806.1_2939	KPN_RS15100
lcl|NC_009648.1_cds_WP_004221267.1_2940	KPN_RS31580
lcl|NC_009648.1_cds_WP_002913807.1_2941	KPN_RS15110
lcl|NC_009648.1_cds_WP_002913810.1_2942	KPN_RS15115
lcl|NC_009648.1_cds_WP_002913812.1_2943	KPN_RS15120
lcl|NC_009648.1_cds_WP_020947395.1_2944	KPN_RS15125
lcl|NC_009648.1_cds_WP_015958792.1_2945	KPN_RS15130
lcl|NC_009648.1_cds_WP_002913827.1_2946	KPN_RS15135
lcl|NC_009648.1_cds_WP_002913829.1_2947	KPN_RS15140
lcl|NC_009648.1_cds_WP_015958793.1_2948	KPN_RS15145
lcl|NC_009648.1_cds_WP_002913836.1_2949	KPN_RS15150
lcl|NC_009648.1_cds_WP_004145656.1_2950	KPN_RS15155
lcl|NC_009648.1_cds_WP_002913838.1_2951	KPN_RS15160
lcl|NC_009648.1_cds_WP_002913839.1_2952	KPN_RS15165
lcl|NC_009648.1_cds_WP_015958794.1_2953	KPN_RS15170
lcl|NC_009648.1_cds_WP_004174861.1_2954	KPN_RS15175
lcl|NC_009648.1_cds_WP_072198214.1_2955	KPN_RS15180
lcl|NC_009648.1_cds_WP_032421623.1_2956	KPN_RS15185
lcl|NC_009648.1_cds_WP_032409521.1_2957	KPN_RS15190
lcl|NC_009648.1_cds_WP_015958797.1_2958	KPN_RS15195
lcl|NC_009648.1_cds_WP_004151979.1_2959	KPN_RS15200
lcl|NC_009648.1_cds_WP_004151980.1_2960	KPN_RS15205
lcl|NC_009648.1_cds_WP_015958798.1_2961	KPN_RS15210
lcl|NC_009648.1_cds_WP_004144303.1_2962	KPN_RS15215
lcl|NC_009648.1_cds_WP_015958799.1_2963	KPN_RS15220
lcl|NC_009648.1_cds_WP_020317242.1_2964	KPN_RS15225
lcl|NC_009648.1_cds_WP_015958800.1_2965	KPN_RS15235
lcl|NC_009648.1_cds_WP_095033700.1_2966	KPN_RS15240
lcl|NC_009648.1_cds_KPN_RS15245_2967	KPN_RS15245
lcl|NC_009648.1_cds_WP_004144309.1_2968	KPN_RS15255
lcl|NC_009648.1_cds_WP_015958802.1_2969	KPN_RS15260
lcl|NC_009648.1_cds_WP_002913890.1_2970	KPN_RS15265
lcl|NC_009648.1_cds_WP_004149335.1_2971	KPN_RS15270
lcl|NC_009648.1_cds_WP_002913892.1_2972	KPN_RS15275
lcl|NC_009648.1_cds_WP_004149336.1_2973	KPN_RS15280
lcl|NC_009648.1_cds_WP_002913894.1_2974	KPN_RS15285
lcl|NC_009648.1_cds_WP_004144312.1_2975	KPN_RS15290
lcl|NC_009648.1_cds_WP_015958803.1_2976	KPN_RS15295
lcl|NC_009648.1_cds_WP_015958804.1_2977	KPN_RS15300
lcl|NC_009648.1_cds_WP_002913950.1_2978	KPN_RS15305
lcl|NC_009648.1_cds_WP_004899839.1_2979	KPN_RS15310
lcl|NC_009648.1_cds_WP_004174837.1_2980	KPN_RS15315
lcl|NC_009648.1_cds_WP_015958805.1_2981	KPN_RS15320
lcl|NC_009648.1_cds_WP_002913953.1_2982	KPN_RS15325
lcl|NC_009648.1_cds_WP_002913954.1_2983	KPN_RS15330
lcl|NC_009648.1_cds_WP_002913956.1_2984	KPN_RS15335
lcl|NC_009648.1_cds_WP_004149343.1_2985	KPN_RS15340
lcl|NC_009648.1_cds_WP_004174835.1_2986	KPN_RS15345
lcl|NC_009648.1_cds_WP_002913979.1_2987	KPN_RS15350
lcl|NC_009648.1_cds_WP_002913991.1_2988	KPN_RS15355
lcl|NC_009648.1_cds_WP_002913992.1_2989	KPN_RS15360
lcl|NC_009648.1_cds_WP_002913993.1_2990	KPN_RS15365
lcl|NC_009648.1_cds_WP_002913994.1_2991	KPN_RS15370
lcl|NC_009648.1_cds_WP_002913995.1_2992	KPN_RS15375
lcl|NC_009648.1_cds_WP_015958806.1_2993	KPN_RS15380
lcl|NC_009648.1_cds_WP_015958807.1_2994	KPN_RS15385
lcl|NC_009648.1_cds_WP_032434910.1_2995	KPN_RS15390
lcl|NC_009648.1_cds_WP_015958808.1_2996	KPN_RS15395
lcl|NC_009648.1_cds_WP_004149349.1_2997	KPN_RS15400
lcl|NC_009648.1_cds_WP_004899867.1_2998	KPN_RS15405
lcl|NC_009648.1_cds_WP_002914018.1_2999	KPN_RS15410
lcl|NC_009648.1_cds_WP_015958809.1_3000	KPN_RS15415
lcl|NC_009648.1_cds_WP_004214134.1_3001	KPN_RS15420
lcl|NC_009648.1_cds_WP_002914024.1_3002	KPN_RS15425
lcl|NC_009648.1_cds_WP_002914027.1_3003	KPN_RS15430
lcl|NC_009648.1_cds_WP_004185137.1_3004	KPN_RS15435
lcl|NC_009648.1_cds_WP_002914032.1_3005	KPN_RS15440
lcl|NC_009648.1_cds_WP_004149357.1_3006	KPN_RS15445
lcl|NC_009648.1_cds_WP_002914033.1_3007	KPN_RS15450
lcl|NC_009648.1_cds_WP_004888415.1_3008	KPN_RS15455
lcl|NC_009648.1_cds_WP_004185139.1_3009	KPN_RS15460
lcl|NC_009648.1_cds_WP_004144346.1_3010	KPN_RS15470
lcl|NC_009648.1_cds_WP_004180920.1_3011	KPN_RS15475
lcl|NC_009648.1_cds_WP_004180922.1_3012	KPN_RS15480
lcl|NC_009648.1_cds_WP_004144349.1_3013	KPN_RS15485
lcl|NC_009648.1_cds_WP_004888420.1_3014	KPN_RS15490
lcl|NC_009648.1_cds_WP_004144351.1_3015	KPN_RS15495
lcl|NC_009648.1_cds_WP_004888422.1_3016	KPN_RS15500
lcl|NC_009648.1_cds_WP_002914062.1_3017	KPN_RS15505
lcl|NC_009648.1_cds_WP_002914063.1_3018	KPN_RS15510
lcl|NC_009648.1_cds_WP_002914065.1_3019	KPN_RS15515
lcl|NC_009648.1_cds_WP_002914067.1_3020	KPN_RS15525
lcl|NC_009648.1_cds_WP_002914069.1_3021	KPN_RS15530
lcl|NC_009648.1_cds_WP_004144354.1_3022	KPN_RS15535
lcl|NC_009648.1_cds_WP_002914070.1_3023	KPN_RS15540
lcl|NC_009648.1_cds_WP_002914072.1_3024	KPN_RS15545
lcl|NC_009648.1_cds_WP_002914074.1_3025	KPN_RS15550
lcl|NC_009648.1_cds_WP_004180927.1_3026	KPN_RS15555
lcl|NC_009648.1_cds_WP_002914079.1_3027	KPN_RS15560
lcl|NC_009648.1_cds_WP_002914082.1_3028	KPN_RS15565
lcl|NC_009648.1_cds_WP_002914084.1_3029	KPN_RS15570
lcl|NC_009648.1_cds_WP_002914088.1_3030	KPN_RS15575
lcl|NC_009648.1_cds_WP_002914089.1_3031	KPN_RS15580
lcl|NC_009648.1_cds_WP_002914091.1_3032	KPN_RS15585
lcl|NC_009648.1_cds_WP_002914092.1_3033	KPN_RS15590
lcl|NC_009648.1_cds_WP_015958811.1_3034	KPN_RS15595
lcl|NC_009648.1_cds_WP_004180947.1_3035	KPN_RS15600
lcl|NC_009648.1_cds_WP_002914095.1_3036	KPN_RS15605
lcl|NC_009648.1_cds_WP_004144368.1_3037	KPN_RS15610
lcl|NC_009648.1_cds_WP_004150973.1_3038	KPN_RS15640
lcl|NC_009648.1_cds_WP_015958812.1_3039	KPN_RS15645
lcl|NC_009648.1_cds_WP_002914110.1_3040	KPN_RS15650
lcl|NC_009648.1_cds_WP_004145664.1_3041	KPN_RS15655
lcl|NC_009648.1_cds_WP_002914111.1_3042	KPN_RS15660
lcl|NC_009648.1_cds_WP_100250063.1_3043	KPN_RS30565
lcl|NC_009648.1_cds_WP_004150975.1_3044	KPN_RS15665
lcl|NC_009648.1_cds_WP_015958814.1_3045	KPN_RS15670
lcl|NC_009648.1_cds_WP_002914113.1_3046	KPN_RS15675
lcl|NC_009648.1_cds_WP_002914114.1_3047	KPN_RS15680
lcl|NC_009648.1_cds_WP_004174804.1_3048	KPN_RS15685
lcl|NC_009648.1_cds_WP_002914116.1_3049	KPN_RS15690
lcl|NC_009648.1_cds_WP_004145671.1_3050	KPN_RS15695
lcl|NC_009648.1_cds_WP_015958816.1_3051	KPN_RS15700
lcl|NC_009648.1_cds_WP_015958817.1_3052	KPN_RS15705
lcl|NC_009648.1_cds_WP_002914145.1_3053	KPN_RS15715
lcl|NC_009648.1_cds_WP_015958818.1_3054	KPN_RS15720
lcl|NC_009648.1_cds_WP_004150977.1_3055	KPN_RS15725
lcl|NC_009648.1_cds_WP_002914149.1_3056	KPN_RS15730
lcl|NC_009648.1_cds_WP_002914152.1_3057	KPN_RS15735
lcl|NC_009648.1_cds_WP_002914153.1_3058	KPN_RS15740
lcl|NC_009648.1_cds_WP_004149392.1_3059	KPN_RS15745
lcl|NC_009648.1_cds_WP_004174800.1_3060	KPN_RS15750
lcl|NC_009648.1_cds_WP_002914158.1_3061	KPN_RS15755
lcl|NC_009648.1_cds_WP_015958819.1_3062	KPN_RS15760
lcl|NC_009648.1_cds_WP_002914160.1_3063	KPN_RS15770
lcl|NC_009648.1_cds_WP_004145682.1_3064	KPN_RS15775
lcl|NC_009648.1_cds_WP_004145683.1_3065	KPN_RS15780
lcl|NC_009648.1_cds_WP_002914164.1_3066	KPN_RS15785
lcl|NC_009648.1_cds_WP_015958820.1_3067	KPN_RS15790
lcl|NC_009648.1_cds_WP_015958821.1_3068	KPN_RS15795
lcl|NC_009648.1_cds_WP_015958822.1_3069	KPN_RS15800
lcl|NC_009648.1_cds_WP_015958823.1_3070	KPN_RS15805
lcl|NC_009648.1_cds_KPN_RS15810_3071	KPN_RS15810
lcl|NC_009648.1_cds_WP_071889157.1_3072	KPN_RS29135
lcl|NC_009648.1_cds_WP_087652692.1_3073	KPN_RS15820
lcl|NC_009648.1_cds_WP_000749979.1_3074	KPN_RS15825
lcl|NC_009648.1_cds_WP_015958827.1_3075	KPN_RS15830
lcl|NC_009648.1_cds_WP_015958828.1_3076	KPN_RS15835
lcl|NC_009648.1_cds_WP_015958829.1_3077	KPN_RS15840
lcl|NC_009648.1_cds_KPN_RS15845_3078	KPN_RS15845
lcl|NC_009648.1_cds_WP_123615962.1_3079	KPN_RS30575
lcl|NC_009648.1_cds_WP_015958833.1_3080	KPN_RS15855
lcl|NC_009648.1_cds_WP_049771237.1_3081	KPN_RS15860
lcl|NC_009648.1_cds_WP_015958835.1_3082	KPN_RS15865
lcl|NC_009648.1_cds_WP_041937661.1_3083	KPN_RS15870
lcl|NC_009648.1_cds_WP_015958837.1_3084	KPN_RS15875
lcl|NC_009648.1_cds_KPN_RS30580_3085	KPN_RS30580
lcl|NC_009648.1_cds_WP_015958838.1_3086	KPN_RS15880
lcl|NC_009648.1_cds_WP_015958839.1_3087	KPN_RS15885
lcl|NC_009648.1_cds_WP_015958840.1_3088	KPN_RS15890
lcl|NC_009648.1_cds_WP_015958841.1_3089	KPN_RS15895
lcl|NC_009648.1_cds_WP_002914178.1_3090	KPN_RS15900
lcl|NC_009648.1_cds_WP_015958842.1_3091	KPN_RS15905
lcl|NC_009648.1_cds_WP_002914181.1_3092	KPN_RS15910
lcl|NC_009648.1_cds_WP_002914189.1_3093	KPN_RS15915
lcl|NC_009648.1_cds_WP_015958843.1_3094	KPN_RS15920
lcl|NC_009648.1_cds_WP_000888203.1_3095	KPN_RS15925
lcl|NC_009648.1_cds_WP_002914199.1_3096	KPN_RS15930
lcl|NC_009648.1_cds_WP_015958844.1_3097	KPN_RS15935
lcl|NC_009648.1_cds_WP_004145694.1_3098	KPN_RS15940
lcl|NC_009648.1_cds_WP_004145695.1_3099	KPN_RS15945
lcl|NC_009648.1_cds_WP_032434942.1_3100	KPN_RS15950
lcl|NC_009648.1_cds_WP_004212910.1_3101	KPN_RS15955
lcl|NC_009648.1_cds_WP_004174769.1_3102	KPN_RS15960
lcl|NC_009648.1_cds_WP_015958846.1_3103	KPN_RS15965
lcl|NC_009648.1_cds_WP_015958847.1_3104	KPN_RS15970
lcl|NC_009648.1_cds_WP_015958848.1_3105	KPN_RS15975
lcl|NC_009648.1_cds_WP_015958849.1_3106	KPN_RS15980
lcl|NC_009648.1_cds_WP_015958850.1_3107	KPN_RS15985
lcl|NC_009648.1_cds_WP_032434944.1_3108	KPN_RS15990
lcl|NC_009648.1_cds_WP_009486158.1_3109	KPN_RS15995
lcl|NC_009648.1_cds_WP_015958852.1_3110	KPN_RS16000
lcl|NC_009648.1_cds_WP_002914263.1_3111	KPN_RS16005
lcl|NC_009648.1_cds_WP_004185325.1_3112	KPN_RS16010
lcl|NC_009648.1_cds_WP_023287917.1_3113	KPN_RS16015
lcl|NC_009648.1_cds_WP_004185341.1_3114	KPN_RS16020
lcl|NC_009648.1_cds_WP_004145710.1_3115	KPN_RS16025
lcl|NC_009648.1_cds_WP_004174747.1_3116	KPN_RS16030
lcl|NC_009648.1_cds_WP_015958854.1_3117	KPN_RS16035
lcl|NC_009648.1_cds_WP_015958855.1_3118	KPN_RS16040
lcl|NC_009648.1_cds_WP_004174743.1_3119	KPN_RS16045
lcl|NC_009648.1_cds_WP_002914277.1_3120	KPN_RS16050
lcl|NC_009648.1_cds_WP_015958856.1_3121	KPN_RS16055
lcl|NC_009648.1_cds_WP_002914281.1_3122	KPN_RS16060
lcl|NC_009648.1_cds_WP_002914284.1_3123	KPN_RS16065
lcl|NC_009648.1_cds_WP_002914287.1_3124	KPN_RS16070
lcl|NC_009648.1_cds_WP_002914289.1_3125	KPN_RS16080
lcl|NC_009648.1_cds_WP_002914291.1_3126	KPN_RS16085
lcl|NC_009648.1_cds_WP_002914293.1_3127	KPN_RS16090
lcl|NC_009648.1_cds_KPN_RS16095_3128	KPN_RS16095
lcl|NC_009648.1_cds_WP_015958858.1_3129	KPN_RS16100
lcl|NC_009648.1_cds_WP_002914320.1_3130	KPN_RS16105
lcl|NC_009648.1_cds_WP_002914321.1_3131	KPN_RS16110
lcl|NC_009648.1_cds_WP_020802076.1_3132	KPN_RS16115
lcl|NC_009648.1_cds_WP_015958861.1_3133	KPN_RS16120
lcl|NC_009648.1_cds_WP_002914328.1_3134	KPN_RS16125
lcl|NC_009648.1_cds_WP_004900048.1_3135	KPN_RS16130
lcl|NC_009648.1_cds_WP_020802079.1_3136	KPN_RS16135
lcl|NC_009648.1_cds_WP_004180986.1_3137	KPN_RS16140
lcl|NC_009648.1_cds_WP_004174712.1_3138	KPN_RS16145
lcl|NC_009648.1_cds_WP_002914337.1_3139	KPN_RS16155
lcl|NC_009648.1_cds_WP_002914339.1_3140	KPN_RS16165
lcl|NC_009648.1_cds_WP_002914342.1_3141	KPN_RS16170
lcl|NC_009648.1_cds_WP_004185353.1_3142	KPN_RS16175
lcl|NC_009648.1_cds_WP_004149452.1_3143	KPN_RS16180
lcl|NC_009648.1_cds_WP_002914351.1_3144	KPN_RS16185
lcl|NC_009648.1_cds_WP_002914353.1_3145	KPN_RS16190
lcl|NC_009648.1_cds_WP_002914355.1_3146	KPN_RS16195
lcl|NC_009648.1_cds_WP_004174701.1_3147	KPN_RS16200
lcl|NC_009648.1_cds_WP_015958864.1_3148	KPN_RS16205
lcl|NC_009648.1_cds_WP_000906486.1_3149	KPN_RS16240
lcl|NC_009648.1_cds_WP_015958865.1_3150	KPN_RS16245
lcl|NC_009648.1_cds_WP_004213244.1_3151	KPN_RS16250
lcl|NC_009648.1_cds_WP_002914769.1_3152	KPN_RS16255
lcl|NC_009648.1_cds_WP_002914771.1_3153	KPN_RS16260
lcl|NC_009648.1_cds_WP_004174698.1_3154	KPN_RS16265
lcl|NC_009648.1_cds_WP_004149458.1_3155	KPN_RS16270
lcl|NC_009648.1_cds_WP_015958867.1_3156	KPN_RS16275
lcl|NC_009648.1_cds_WP_004174694.1_3157	KPN_RS16280
lcl|NC_009648.1_cds_WP_002914812.1_3158	KPN_RS16285
lcl|NC_009648.1_cds_WP_015958868.1_3159	KPN_RS16290
lcl|NC_009648.1_cds_WP_004174693.1_3160	KPN_RS16295
lcl|NC_009648.1_cds_WP_002914815.1_3161	KPN_RS16300
lcl|NC_009648.1_cds_WP_004145754.1_3162	KPN_RS16305
lcl|NC_009648.1_cds_WP_004181024.1_3163	KPN_RS16310
lcl|NC_009648.1_cds_WP_004174691.1_3164	KPN_RS16315
lcl|NC_009648.1_cds_WP_004890240.1_3165	KPN_RS16320
lcl|NC_009648.1_cds_WP_015958870.1_3166	KPN_RS16330
lcl|NC_009648.1_cds_WP_004890235.1_3167	KPN_RS16335
lcl|NC_009648.1_cds_WP_004181028.1_3168	KPN_RS16340
lcl|NC_009648.1_cds_WP_015958871.1_3169	KPN_RS16345
lcl|NC_009648.1_cds_WP_002914875.1_3170	KPN_RS16350
lcl|NC_009648.1_cds_WP_004174685.1_3171	KPN_RS16355
lcl|NC_009648.1_cds_WP_002914879.1_3172	KPN_RS16365
lcl|NC_009648.1_cds_WP_015958872.1_3173	KPN_RS16370
lcl|NC_009648.1_cds_WP_002914883.1_3174	KPN_RS16375
lcl|NC_009648.1_cds_WP_004174683.1_3175	KPN_RS16380
lcl|NC_009648.1_cds_WP_002914887.1_3176	KPN_RS16385
lcl|NC_009648.1_cds_WP_002914891.1_3177	KPN_RS16390
lcl|NC_009648.1_cds_WP_002914893.1_3178	KPN_RS16395
lcl|NC_009648.1_cds_WP_004151044.1_3179	KPN_RS16400
lcl|NC_009648.1_cds_WP_015958873.1_3180	KPN_RS16405
lcl|NC_009648.1_cds_WP_015958874.1_3181	KPN_RS16410
lcl|NC_009648.1_cds_WP_041937662.1_3182	KPN_RS16415
lcl|NC_009648.1_cds_WP_002914925.1_3183	KPN_RS16420
lcl|NC_009648.1_cds_WP_002914928.1_3184	KPN_RS16425
lcl|NC_009648.1_cds_WP_004890205.1_3185	KPN_RS16430
lcl|NC_009648.1_cds_WP_002914934.1_3186	KPN_RS16435
lcl|NC_009648.1_cds_WP_004151048.1_3187	KPN_RS16440
lcl|NC_009648.1_cds_WP_009485513.1_3188	KPN_RS16445
lcl|NC_009648.1_cds_WP_004174677.1_3189	KPN_RS16450
lcl|NC_009648.1_cds_WP_002914970.1_3190	KPN_RS16455
lcl|NC_009648.1_cds_WP_015958876.1_3191	KPN_RS16460
lcl|NC_009648.1_cds_WP_002914972.1_3192	KPN_RS16465
lcl|NC_009648.1_cds_WP_004151052.1_3193	KPN_RS16470
lcl|NC_009648.1_cds_WP_002914979.1_3194	KPN_RS16475
lcl|NC_009648.1_cds_KPN_RS16480_3195	KPN_RS16480
lcl|NC_009648.1_cds_WP_002914983.1_3196	KPN_RS16485
lcl|NC_009648.1_cds_WP_004151053.1_3197	KPN_RS16490
lcl|NC_009648.1_cds_WP_015958879.1_3198	KPN_RS16495
lcl|NC_009648.1_cds_WP_004174672.1_3199	KPN_RS16500
lcl|NC_009648.1_cds_WP_015958880.1_3200	KPN_RS16505
lcl|NC_009648.1_cds_WP_015958881.1_3201	KPN_RS16510
lcl|NC_009648.1_cds_WP_002915035.1_3202	KPN_RS16515
lcl|NC_009648.1_cds_WP_004900121.1_3203	KPN_RS16520
lcl|NC_009648.1_cds_WP_004181063.1_3204	KPN_RS16525
lcl|NC_009648.1_cds_WP_002915041.1_3205	KPN_RS16530
lcl|NC_009648.1_cds_WP_015958882.1_3206	KPN_RS16535
lcl|NC_009648.1_cds_WP_002915045.1_3207	KPN_RS16540
lcl|NC_009648.1_cds_WP_015958883.1_3208	KPN_RS16545
lcl|NC_009648.1_cds_WP_032428391.1_3209	KPN_RS16550
lcl|NC_009648.1_cds_WP_004185409.1_3210	KPN_RS16555
lcl|NC_009648.1_cds_WP_004174663.1_3211	KPN_RS16560
lcl|NC_009648.1_cds_WP_015958885.1_3212	KPN_RS16565
lcl|NC_009648.1_cds_WP_015958886.1_3213	KPN_RS16570
lcl|NC_009648.1_cds_WP_004188736.1_3214	KPN_RS29155
lcl|NC_009648.1_cds_WP_004181075.1_3215	KPN_RS16575
lcl|NC_009648.1_cds_WP_004151059.1_3216	KPN_RS16580
lcl|NC_009648.1_cds_WP_002915097.1_3217	KPN_RS16585
lcl|NC_009648.1_cds_WP_002915098.1_3218	KPN_RS16590
lcl|NC_009648.1_cds_WP_004151060.1_3219	KPN_RS16595
lcl|NC_009648.1_cds_WP_002915099.1_3220	KPN_RS16600
lcl|NC_009648.1_cds_WP_002915102.1_3221	KPN_RS16605
lcl|NC_009648.1_cds_WP_004181081.1_3222	KPN_RS16610
lcl|NC_009648.1_cds_WP_015958887.1_3223	KPN_RS16615
lcl|NC_009648.1_cds_WP_002915104.1_3224	KPN_RS16620
lcl|NC_009648.1_cds_WP_002915106.1_3225	KPN_RS16625
lcl|NC_009648.1_cds_WP_002915107.1_3226	KPN_RS16630
lcl|NC_009648.1_cds_WP_002915108.1_3227	KPN_RS16635
lcl|NC_009648.1_cds_WP_002915109.1_3228	KPN_RS16640
lcl|NC_009648.1_cds_WP_004185423.1_3229	KPN_RS16645
lcl|NC_009648.1_cds_WP_004181093.1_3230	KPN_RS16650
lcl|NC_009648.1_cds_WP_009485534.1_3231	KPN_RS16655
lcl|NC_009648.1_cds_WP_002915156.1_3232	KPN_RS16660
lcl|NC_009648.1_cds_WP_002915157.1_3233	KPN_RS16665
lcl|NC_009648.1_cds_WP_002915158.1_3234	KPN_RS16670
lcl|NC_009648.1_cds_WP_004181094.1_3235	KPN_RS16675
lcl|NC_009648.1_cds_WP_002915160.1_3236	KPN_RS16680
lcl|NC_009648.1_cds_WP_073553611.1_3237	KPN_RS16685
lcl|NC_009648.1_cds_WP_004174643.1_3238	KPN_RS16690
lcl|NC_009648.1_cds_WP_002915177.1_3239	KPN_RS16695
lcl|NC_009648.1_cds_WP_004142787.1_3240	KPN_RS16700
lcl|NC_009648.1_cds_WP_004151065.1_3241	KPN_RS16705
lcl|NC_009648.1_cds_WP_004174641.1_3242	KPN_RS16715
lcl|NC_009648.1_cds_WP_002915210.1_3243	KPN_RS16720
lcl|NC_009648.1_cds_WP_015958889.1_3244	KPN_RS16730
lcl|NC_009648.1_cds_WP_002915213.1_3245	KPN_RS16735
lcl|NC_009648.1_cds_WP_004142808.1_3246	KPN_RS16740
lcl|NC_009648.1_cds_WP_002915215.1_3247	KPN_RS16745
lcl|NC_009648.1_cds_WP_002915217.1_3248	KPN_RS16750
lcl|NC_009648.1_cds_WP_004174638.1_3249	KPN_RS16755
lcl|NC_009648.1_cds_WP_004151066.1_3250	KPN_RS16760
lcl|NC_009648.1_cds_WP_015958890.1_3251	KPN_RS16765
lcl|NC_009648.1_cds_WP_002915223.1_3252	KPN_RS16770
lcl|NC_009648.1_cds_WP_004185436.1_3253	KPN_RS16775
lcl|NC_009648.1_cds_WP_002915225.1_3254	KPN_RS16780
lcl|NC_009648.1_cds_WP_002915235.1_3255	KPN_RS16785
lcl|NC_009648.1_cds_WP_002915236.1_3256	KPN_RS16790
lcl|NC_009648.1_cds_WP_002915249.1_3257	KPN_RS16795
lcl|NC_009648.1_cds_WP_002915253.1_3258	KPN_RS16800
lcl|NC_009648.1_cds_WP_004174633.1_3259	KPN_RS16805
lcl|NC_009648.1_cds_WP_002915258.1_3260	KPN_RS16810
lcl|NC_009648.1_cds_WP_004151070.1_3261	KPN_RS16815
lcl|NC_009648.1_cds_WP_002915259.1_3262	KPN_RS16820
lcl|NC_009648.1_cds_WP_002915261.1_3263	KPN_RS16825
lcl|NC_009648.1_cds_WP_002915263.1_3264	KPN_RS16830
lcl|NC_009648.1_cds_WP_004210603.1_3265	KPN_RS16835
lcl|NC_009648.1_cds_WP_015958892.1_3266	KPN_RS16840
lcl|NC_009648.1_cds_WP_015958893.1_3267	KPN_RS16845
lcl|NC_009648.1_cds_KPN_RS16850_3268	KPN_RS16850
lcl|NC_009648.1_cds_WP_002915313.1_3269	KPN_RS16855
lcl|NC_009648.1_cds_WP_015958895.1_3270	KPN_RS16860
lcl|NC_009648.1_cds_WP_015958896.1_3271	KPN_RS16865
lcl|NC_009648.1_cds_WP_004219275.1_3272	KPN_RS31630
lcl|NC_009648.1_cds_WP_015958897.1_3273	KPN_RS16875
lcl|NC_009648.1_cds_WP_004142871.1_3274	KPN_RS16880
lcl|NC_009648.1_cds_WP_041937663.1_3275	KPN_RS16885
lcl|NC_009648.1_cds_WP_002915470.1_3276	KPN_RS16890
lcl|NC_009648.1_cds_WP_004151076.1_3277	KPN_RS16900
lcl|NC_009648.1_cds_WP_002915510.1_3278	KPN_RS16905
lcl|NC_009648.1_cds_WP_015958899.1_3279	KPN_RS16910
lcl|NC_009648.1_cds_WP_015958900.1_3280	KPN_RS16915
lcl|NC_009648.1_cds_WP_004142883.1_3281	KPN_RS16920
lcl|NC_009648.1_cds_WP_015958901.1_3282	KPN_RS16925
lcl|NC_009648.1_cds_WP_002915543.1_3283	KPN_RS16930
lcl|NC_009648.1_cds_WP_002915545.1_3284	KPN_RS16935
lcl|NC_009648.1_cds_WP_002915549.1_3285	KPN_RS16940
lcl|NC_009648.1_cds_WP_015958902.1_3286	KPN_RS16945
lcl|NC_009648.1_cds_WP_004142894.1_3287	KPN_RS16950
lcl|NC_009648.1_cds_WP_002915577.1_3288	KPN_RS16955
lcl|NC_009648.1_cds_WP_002915579.1_3289	KPN_RS16960
lcl|NC_009648.1_cds_WP_004142901.1_3290	KPN_RS16985
lcl|NC_009648.1_cds_WP_009485626.1_3291	KPN_RS16990
lcl|NC_009648.1_cds_WP_015958903.1_3292	KPN_RS16995
lcl|NC_009648.1_cds_WP_015958904.1_3293	KPN_RS17000
lcl|NC_009648.1_cds_WP_015958905.1_3294	KPN_RS17005
lcl|NC_009648.1_cds_WP_009485630.1_3295	KPN_RS17010
lcl|NC_009648.1_cds_WP_009485631.1_3296	KPN_RS17015
lcl|NC_009648.1_cds_WP_009485632.1_3297	KPN_RS17020
lcl|NC_009648.1_cds_WP_009485633.1_3298	KPN_RS17025
lcl|NC_009648.1_cds_WP_162868567.1_3299	KPN_RS17030
lcl|NC_009648.1_cds_WP_009485635.1_3300	KPN_RS17035
lcl|NC_009648.1_cds_WP_015958909.1_3301	KPN_RS30140
lcl|NC_009648.1_cds_WP_223364882.1_3302	KPN_RS17050
lcl|NC_009648.1_cds_WP_015958911.1_3303	KPN_RS17055
lcl|NC_009648.1_cds_WP_015958912.1_3304	KPN_RS17060
lcl|NC_009648.1_cds_WP_004181151.1_3305	KPN_RS17065
lcl|NC_009648.1_cds_WP_004181152.1_3306	KPN_RS17070
lcl|NC_009648.1_cds_WP_153582952.1_3307	KPN_RS30905
lcl|NC_009648.1_cds_WP_004174599.1_3308	KPN_RS17075
lcl|NC_009648.1_cds_WP_004174597.1_3309	KPN_RS17080
lcl|NC_009648.1_cds_WP_004174595.1_3310	KPN_RS17085
lcl|NC_009648.1_cds_WP_002915614.1_3311	KPN_RS17090
lcl|NC_009648.1_cds_WP_015958913.1_3312	KPN_RS17095
lcl|NC_009648.1_cds_WP_002915619.1_3313	KPN_RS17100
lcl|NC_009648.1_cds_WP_004143926.1_3314	KPN_RS17105
lcl|NC_009648.1_cds_WP_002915624.1_3315	KPN_RS17110
lcl|NC_009648.1_cds_WP_015958914.1_3316	KPN_RS17115
lcl|NC_009648.1_cds_WP_015958915.1_3317	KPN_RS17120
lcl|NC_009648.1_cds_WP_004143930.1_3318	KPN_RS17125
lcl|NC_009648.1_cds_WP_015958916.1_3319	KPN_RS17130
lcl|NC_009648.1_cds_WP_004900267.1_3320	KPN_RS17135
lcl|NC_009648.1_cds_WP_002915684.1_3321	KPN_RS17140
lcl|NC_009648.1_cds_WP_015958917.1_3322	KPN_RS17145
lcl|NC_009648.1_cds_WP_015958918.1_3323	KPN_RS17150
lcl|NC_009648.1_cds_WP_002915711.1_3324	KPN_RS17155
lcl|NC_009648.1_cds_WP_014906992.1_3325	KPN_RS17160
lcl|NC_009648.1_cds_WP_041937665.1_3326	KPN_RS17165
lcl|NC_009648.1_cds_WP_004181164.1_3327	KPN_RS17170
lcl|NC_009648.1_cds_WP_002915732.1_3328	KPN_RS17175
lcl|NC_009648.1_cds_WP_002915737.1_3329	KPN_RS17180
lcl|NC_009648.1_cds_WP_002915739.1_3330	KPN_RS17185
lcl|NC_009648.1_cds_WP_015958920.1_3331	KPN_RS17190
lcl|NC_009648.1_cds_WP_008806302.1_3332	KPN_RS17195
lcl|NC_009648.1_cds_WP_002915750.1_3333	KPN_RS17200
lcl|NC_009648.1_cds_WP_009485657.1_3334	KPN_RS17205
lcl|NC_009648.1_cds_WP_002915803.1_3335	KPN_RS17210
lcl|NC_009648.1_cds_WP_002915806.1_3336	KPN_RS17215
lcl|NC_009648.1_cds_WP_002915808.1_3337	KPN_RS17220
lcl|NC_009648.1_cds_WP_002915810.1_3338	KPN_RS17225
lcl|NC_009648.1_cds_WP_004900288.1_3339	KPN_RS17230
lcl|NC_009648.1_cds_WP_002915814.1_3340	KPN_RS17235
lcl|NC_009648.1_cds_WP_015958921.1_3341	KPN_RS17240
lcl|NC_009648.1_cds_WP_004143947.1_3342	KPN_RS17245
lcl|NC_009648.1_cds_WP_015958922.1_3343	KPN_RS17250
lcl|NC_009648.1_cds_WP_009485662.1_3344	KPN_RS17255
lcl|NC_009648.1_cds_WP_004151971.1_3345	KPN_RS17260
lcl|NC_009648.1_cds_WP_002915850.1_3346	KPN_RS17265
lcl|NC_009648.1_cds_WP_015958923.1_3347	KPN_RS17270
lcl|NC_009648.1_cds_WP_015958924.1_3348	KPN_RS17275
lcl|NC_009648.1_cds_WP_004193729.1_3349	KPN_RS17280
lcl|NC_009648.1_cds_WP_015958925.1_3350	KPN_RS17285
lcl|NC_009648.1_cds_WP_004174538.1_3351	KPN_RS17290
lcl|NC_009648.1_cds_WP_004149616.1_3352	KPN_RS17295
lcl|NC_009648.1_cds_WP_002915873.1_3353	KPN_RS17300
lcl|NC_009648.1_cds_WP_004149617.1_3354	KPN_RS17305
lcl|NC_009648.1_cds_WP_015875135.1_3355	KPN_RS17310
lcl|NC_009648.1_cds_WP_009485670.1_3356	KPN_RS17315
lcl|NC_009648.1_cds_WP_020802345.1_3357	KPN_RS17320
lcl|NC_009648.1_cds_WP_002915888.1_3358	KPN_RS17325
lcl|NC_009648.1_cds_WP_004181182.1_3359	KPN_RS17330
lcl|NC_009648.1_cds_WP_004143963.1_3360	KPN_RS17335
lcl|NC_009648.1_cds_WP_004889953.1_3361	KPN_RS17340
lcl|NC_009648.1_cds_WP_015958927.1_3362	KPN_RS30610
lcl|NC_009648.1_cds_WP_002915934.1_3363	KPN_RS30615
lcl|NC_009648.1_cds_WP_002915935.1_3364	KPN_RS17355
lcl|NC_009648.1_cds_WP_002915936.1_3365	KPN_RS17360
lcl|NC_009648.1_cds_WP_004218186.1_3366	KPN_RS31640
lcl|NC_009648.1_cds_WP_004143967.1_3367	KPN_RS17370
lcl|NC_009648.1_cds_WP_002915973.1_3368	KPN_RS17375
lcl|NC_009648.1_cds_WP_002915974.1_3369	KPN_RS17380
lcl|NC_009648.1_cds_WP_002915975.1_3370	KPN_RS17385
lcl|NC_009648.1_cds_WP_002915976.1_3371	KPN_RS17390
lcl|NC_009648.1_cds_WP_002915977.1_3372	KPN_RS17395
lcl|NC_009648.1_cds_KPN_RS32245_3373	KPN_RS32245
lcl|NC_009648.1_cds_WP_002915981.1_3374	KPN_RS17405
lcl|NC_009648.1_cds_WP_004174522.1_3375	KPN_RS17410
lcl|NC_009648.1_cds_WP_002915985.1_3376	KPN_RS17415
lcl|NC_009648.1_cds_WP_015958928.1_3377	KPN_RS17420
lcl|NC_009648.1_cds_WP_004174520.1_3378	KPN_RS17425
lcl|NC_009648.1_cds_WP_004229436.1_3379	KPN_RS17430
lcl|NC_009648.1_cds_WP_002915990.1_3380	KPN_RS17435
lcl|NC_009648.1_cds_WP_009308578.1_3381	KPN_RS17440
lcl|NC_009648.1_cds_WP_002915992.1_3382	KPN_RS17445
lcl|NC_009648.1_cds_WP_002915993.1_3383	KPN_RS17450
lcl|NC_009648.1_cds_WP_002915995.1_3384	KPN_RS17455
lcl|NC_009648.1_cds_WP_002915996.1_3385	KPN_RS17460
lcl|NC_009648.1_cds_WP_002915997.1_3386	KPN_RS17465
lcl|NC_009648.1_cds_WP_002915998.1_3387	KPN_RS17470
lcl|NC_009648.1_cds_WP_004151959.1_3388	KPN_RS17475
lcl|NC_009648.1_cds_WP_025367901.1_3389	KPN_RS17480
lcl|NC_009648.1_cds_WP_002916000.1_3390	KPN_RS17485
lcl|NC_009648.1_cds_WP_004143987.1_3391	KPN_RS31645
lcl|NC_009648.1_cds_WP_004181200.1_3392	KPN_RS17495
lcl|NC_009648.1_cds_WP_002916001.1_3393	KPN_RS17500
lcl|NC_009648.1_cds_WP_002916003.1_3394	KPN_RS17505
lcl|NC_009648.1_cds_WP_004143992.1_3395	KPN_RS32590
lcl|NC_009648.1_cds_WP_015958932.1_3396	KPN_RS17515
lcl|NC_009648.1_cds_WP_004143995.1_3397	KPN_RS17520
lcl|NC_009648.1_cds_WP_015958933.1_3398	KPN_RS17525
lcl|NC_009648.1_cds_WP_002916055.1_3399	KPN_RS17530
lcl|NC_009648.1_cds_WP_002916056.1_3400	KPN_RS17535
lcl|NC_009648.1_cds_WP_002916058.1_3401	KPN_RS17540
lcl|NC_009648.1_cds_WP_002916061.1_3402	KPN_RS17545
lcl|NC_009648.1_cds_WP_004152886.1_3403	KPN_RS17550
lcl|NC_009648.1_cds_WP_002916079.1_3404	KPN_RS17555
lcl|NC_009648.1_cds_WP_004144002.1_3405	KPN_RS17560
lcl|NC_009648.1_cds_WP_002916122.1_3406	KPN_RS17565
lcl|NC_009648.1_cds_WP_002916123.1_3407	KPN_RS17570
lcl|NC_009648.1_cds_WP_000813718.1_3408	KPN_RS17575
lcl|NC_009648.1_cds_WP_000820818.1_3409	KPN_RS17580
lcl|NC_009648.1_cds_WP_002916128.1_3410	KPN_RS17585
lcl|NC_009648.1_cds_WP_002916131.1_3411	KPN_RS17590
lcl|NC_009648.1_cds_WP_004151952.1_3412	KPN_RS17595
lcl|NC_009648.1_cds_WP_002916184.1_3413	KPN_RS17600
lcl|NC_009648.1_cds_WP_004900395.1_3414	KPN_RS17605
lcl|NC_009648.1_cds_WP_029497017.1_3415	KPN_RS32645
lcl|NC_009648.1_cds_WP_004151951.1_3416	KPN_RS17615
lcl|NC_009648.1_cds_WP_002916189.1_3417	KPN_RS17620
lcl|NC_009648.1_cds_WP_002916190.1_3418	KPN_RS17630
lcl|NC_009648.1_cds_WP_041937666.1_3419	KPN_RS17635
lcl|NC_009648.1_cds_WP_085848589.1_3420	KPN_RS17640
lcl|NC_009648.1_cds_WP_004900404.1_3421	KPN_RS17645
lcl|NC_009648.1_cds_WP_032418373.1_3422	KPN_RS17650
lcl|NC_009648.1_cds_WP_004229447.1_3423	KPN_RS17655
lcl|NC_009648.1_cds_WP_024264619.1_3424	KPN_RS17660
lcl|NC_009648.1_cds_WP_015958940.1_3425	KPN_RS17665
lcl|NC_009648.1_cds_WP_002916201.1_3426	KPN_RS17670
lcl|NC_009648.1_cds_WP_002916202.1_3427	KPN_RS17675
lcl|NC_009648.1_cds_WP_002916204.1_3428	KPN_RS17680
lcl|NC_009648.1_cds_WP_004174502.1_3429	KPN_RS17685
lcl|NC_009648.1_cds_WP_015958941.1_3430	KPN_RS17690
lcl|NC_009648.1_cds_WP_002916272.1_3431	KPN_RS17695
lcl|NC_009648.1_cds_WP_002916274.1_3432	KPN_RS17700
lcl|NC_009648.1_cds_KPN_RS17705_3433	KPN_RS17705
lcl|NC_009648.1_cds_WP_002916278.1_3434	KPN_RS17710
lcl|NC_009648.1_cds_WP_015958944.1_3435	KPN_RS17715
lcl|NC_009648.1_cds_WP_002916281.1_3436	KPN_RS17720
lcl|NC_009648.1_cds_WP_015958945.1_3437	KPN_RS17725
lcl|NC_009648.1_cds_WP_002916283.1_3438	KPN_RS17730
lcl|NC_009648.1_cds_WP_015958946.1_3439	KPN_RS17735
lcl|NC_009648.1_cds_WP_004151785.1_3440	KPN_RS17740
lcl|NC_009648.1_cds_WP_004181226.1_3441	KPN_RS17745
lcl|NC_009648.1_cds_WP_041937667.1_3442	KPN_RS17750
lcl|NC_009648.1_cds_WP_004185540.1_3443	KPN_RS17755
lcl|NC_009648.1_cds_WP_015958948.1_3444	KPN_RS17760
lcl|NC_009648.1_cds_WP_023325351.1_3445	KPN_RS17765
lcl|NC_009648.1_cds_WP_004157874.1_3446	KPN_RS17775
lcl|NC_009648.1_cds_WP_002916298.1_3447	KPN_RS17785
lcl|NC_009648.1_cds_WP_015958949.1_3448	KPN_RS17790
lcl|NC_009648.1_cds_WP_095858446.1_3449	KPN_RS17795
lcl|NC_009648.1_cds_WP_004149758.1_3450	KPN_RS17800
lcl|NC_009648.1_cds_WP_002916301.1_3451	KPN_RS17805
lcl|NC_009648.1_cds_WP_004144729.1_3452	KPN_RS17810
lcl|NC_009648.1_cds_WP_004144730.1_3453	KPN_RS17815
lcl|NC_009648.1_cds_WP_002916310.1_3454	KPN_RS17820
lcl|NC_009648.1_cds_WP_002916312.1_3455	KPN_RS17825
lcl|NC_009648.1_cds_WP_023286864.1_3456	KPN_RS17830
lcl|NC_009648.1_cds_WP_002916317.1_3457	KPN_RS17835
lcl|NC_009648.1_cds_WP_004144734.1_3458	KPN_RS17840
lcl|NC_009648.1_cds_WP_015958951.1_3459	KPN_RS17845
lcl|NC_009648.1_cds_WP_002916322.1_3460	KPN_RS17850
lcl|NC_009648.1_cds_WP_015958952.1_3461	KPN_RS17855
lcl|NC_009648.1_cds_WP_015958953.1_3462	KPN_RS17860
lcl|NC_009648.1_cds_WP_015958954.1_3463	KPN_RS17865
lcl|NC_009648.1_cds_WP_004889808.1_3464	KPN_RS17870
lcl|NC_009648.1_cds_WP_087760150.1_3465	KPN_RS30625
lcl|NC_009648.1_cds_WP_015958956.1_3466	KPN_RS17885
lcl|NC_009648.1_cds_WP_015958957.1_3467	KPN_RS17890
lcl|NC_009648.1_cds_WP_015958958.1_3468	KPN_RS17895
lcl|NC_009648.1_cds_WP_015958959.1_3469	KPN_RS17900
lcl|NC_009648.1_cds_WP_002916481.1_3470	KPN_RS17905
lcl|NC_009648.1_cds_WP_002916482.1_3471	KPN_RS17910
lcl|NC_009648.1_cds_WP_002916483.1_3472	KPN_RS17915
lcl|NC_009648.1_cds_WP_015958960.1_3473	KPN_RS17920
lcl|NC_009648.1_cds_WP_002916488.1_3474	KPN_RS17925
lcl|NC_009648.1_cds_WP_002916490.1_3475	KPN_RS17930
lcl|NC_009648.1_cds_WP_002916493.1_3476	KPN_RS17935
lcl|NC_009648.1_cds_WP_002916495.1_3477	KPN_RS17945
lcl|NC_009648.1_cds_WP_002916497.1_3478	KPN_RS17950
lcl|NC_009648.1_cds_WP_002916499.1_3479	KPN_RS17955
lcl|NC_009648.1_cds_WP_015958961.1_3480	KPN_RS17960
lcl|NC_009648.1_cds_WP_002916504.1_3481	KPN_RS17970
lcl|NC_009648.1_cds_WP_004144748.1_3482	KPN_RS17975
lcl|NC_009648.1_cds_WP_002916508.1_3483	KPN_RS17980
lcl|NC_009648.1_cds_WP_015958963.1_3484	KPN_RS17985
lcl|NC_009648.1_cds_WP_015958964.1_3485	KPN_RS17990
lcl|NC_009648.1_cds_WP_004151780.1_3486	KPN_RS17995
lcl|NC_009648.1_cds_WP_015958965.1_3487	KPN_RS18000
lcl|NC_009648.1_cds_WP_015958966.1_3488	KPN_RS18005
lcl|NC_009648.1_cds_WP_004151779.1_3489	KPN_RS18010
lcl|NC_009648.1_cds_WP_004211378.1_3490	KPN_RS18015
lcl|NC_009648.1_cds_WP_002916526.1_3491	KPN_RS18020
lcl|NC_009648.1_cds_WP_004174434.1_3492	KPN_RS18025
lcl|NC_009648.1_cds_WP_004152888.1_3493	KPN_RS18030
lcl|NC_009648.1_cds_WP_015958968.1_3494	KPN_RS18035
lcl|NC_009648.1_cds_WP_004174432.1_3495	KPN_RS18040
lcl|NC_009648.1_cds_WP_004149799.1_3496	KPN_RS18045
lcl|NC_009648.1_cds_WP_004174431.1_3497	KPN_RS18050
lcl|NC_009648.1_cds_WP_015958969.1_3498	KPN_RS18055
lcl|NC_009648.1_cds_WP_004151770.1_3499	KPN_RS18060
lcl|NC_009648.1_cds_WP_004144765.1_3500	KPN_RS18065
lcl|NC_009648.1_cds_WP_004151769.1_3501	KPN_RS18070
lcl|NC_009648.1_cds_WP_041937669.1_3502	KPN_RS18075
lcl|NC_009648.1_cds_WP_002916572.1_3503	KPN_RS18080
lcl|NC_009648.1_cds_WP_004149805.1_3504	KPN_RS18085
lcl|NC_009648.1_cds_WP_002916578.1_3505	KPN_RS29180
lcl|NC_009648.1_cds_WP_004149807.1_3506	KPN_RS18095
lcl|NC_009648.1_cds_WP_002916587.1_3507	KPN_RS18100
lcl|NC_009648.1_cds_WP_002916588.1_3508	KPN_RS18105
lcl|NC_009648.1_cds_WP_002916589.1_3509	KPN_RS18110
lcl|NC_009648.1_cds_WP_015958971.1_3510	KPN_RS18115
lcl|NC_009648.1_cds_WP_002916600.1_3511	KPN_RS18120
lcl|NC_009648.1_cds_WP_002916603.1_3512	KPN_RS18125
lcl|NC_009648.1_cds_WP_002916605.1_3513	KPN_RS18130
lcl|NC_009648.1_cds_WP_002916607.1_3514	KPN_RS18135
lcl|NC_009648.1_cds_WP_004149811.1_3515	KPN_RS18145
lcl|NC_009648.1_cds_WP_004144780.1_3516	KPN_RS18150
lcl|NC_009648.1_cds_WP_015958972.1_3517	KPN_RS18155
lcl|NC_009648.1_cds_WP_002916614.1_3518	KPN_RS18160
lcl|NC_009648.1_cds_WP_002916615.1_3519	KPN_RS18165
lcl|NC_009648.1_cds_WP_015958973.1_3520	KPN_RS18170
lcl|NC_009648.1_cds_WP_002916619.1_3521	KPN_RS18175
lcl|NC_009648.1_cds_WP_002916620.1_3522	KPN_RS18180
lcl|NC_009648.1_cds_WP_002916627.1_3523	KPN_RS18185
lcl|NC_009648.1_cds_WP_002916628.1_3524	KPN_RS18190
lcl|NC_009648.1_cds_WP_004105744.1_3525	KPN_RS18195
lcl|NC_009648.1_cds_WP_002916629.1_3526	KPN_RS18200
lcl|NC_009648.1_cds_WP_004144787.1_3527	KPN_RS18205
lcl|NC_009648.1_cds_WP_004151766.1_3528	KPN_RS18210
lcl|NC_009648.1_cds_WP_002916694.1_3529	KPN_RS18215
lcl|NC_009648.1_cds_KPN_RS18225_3530	KPN_RS18225
lcl|NC_009648.1_cds_KPN_RS29200_3531	KPN_RS29200
lcl|NC_009648.1_cds_WP_041937670.1_3532	KPN_RS18230
lcl|NC_009648.1_cds_WP_041937671.1_3533	KPN_RS18235
lcl|NC_009648.1_cds_WP_032430742.1_3534	KPN_RS18240
lcl|NC_009648.1_cds_WP_015958979.1_3535	KPN_RS18245
lcl|NC_009648.1_cds_WP_004211544.1_3536	KPN_RS18250
lcl|NC_009648.1_cds_WP_004185634.1_3537	KPN_RS18255
lcl|NC_009648.1_cds_WP_004900612.1_3538	KPN_RS18260
lcl|NC_009648.1_cds_WP_004185638.1_3539	KPN_RS18265
lcl|NC_009648.1_cds_WP_004181304.1_3540	KPN_RS18270
lcl|NC_009648.1_cds_WP_015958982.1_3541	KPN_RS18275
lcl|NC_009648.1_cds_WP_015958983.1_3542	KPN_RS18280
lcl|NC_009648.1_cds_WP_015958984.1_3543	KPN_RS18285
lcl|NC_009648.1_cds_WP_004185642.1_3544	KPN_RS18290
lcl|NC_009648.1_cds_WP_002916738.1_3545	KPN_RS18295
lcl|NC_009648.1_cds_WP_015958985.1_3546	KPN_RS18300
lcl|NC_009648.1_cds_WP_002916740.1_3547	KPN_RS18305
lcl|NC_009648.1_cds_WP_004217169.1_3548	KPN_RS30915
lcl|NC_009648.1_cds_WP_004150918.1_3549	KPN_RS18315
lcl|NC_009648.1_cds_WP_002916742.1_3550	KPN_RS18320
lcl|NC_009648.1_cds_WP_002916743.1_3551	KPN_RS18325
lcl|NC_009648.1_cds_WP_004144560.1_3552	KPN_RS18330
lcl|NC_009648.1_cds_WP_004105804.1_3553	KPN_RS18335
lcl|NC_009648.1_cds_WP_009308665.1_3554	KPN_RS18340
lcl|NC_009648.1_cds_WP_002916782.1_3555	KPN_RS18345
lcl|NC_009648.1_cds_WP_002916785.1_3556	KPN_RS18350
lcl|NC_009648.1_cds_WP_004174395.1_3557	KPN_RS18355
lcl|NC_009648.1_cds_WP_014599264.1_3558	KPN_RS18360
lcl|NC_009648.1_cds_WP_004149836.1_3559	KPN_RS18365
lcl|NC_009648.1_cds_WP_002916791.1_3560	KPN_RS18370
lcl|NC_009648.1_cds_WP_004144552.1_3561	KPN_RS18375
lcl|NC_009648.1_cds_WP_004144551.1_3562	KPN_RS18380
lcl|NC_009648.1_cds_WP_002916796.1_3563	KPN_RS18385
lcl|NC_009648.1_cds_WP_004144550.1_3564	KPN_RS18390
lcl|NC_009648.1_cds_KPN_RS18395_3565	KPN_RS18395
lcl|NC_009648.1_cds_WP_004144547.1_3566	KPN_RS18400
lcl|NC_009648.1_cds_WP_002916826.1_3567	KPN_RS18405
lcl|NC_009648.1_cds_WP_004181324.1_3568	KPN_RS18410
lcl|NC_009648.1_cds_WP_002916831.1_3569	KPN_RS18415
lcl|NC_009648.1_cds_WP_015958988.1_3570	KPN_RS18420
lcl|NC_009648.1_cds_WP_015958989.1_3571	KPN_RS18425
lcl|NC_009648.1_cds_KPN_RS18430_3572	KPN_RS18430
lcl|NC_009648.1_cds_WP_002916840.1_3573	KPN_RS18435
lcl|NC_009648.1_cds_WP_015958991.1_3574	KPN_RS18440
lcl|NC_009648.1_cds_WP_002916844.1_3575	KPN_RS18445
lcl|NC_009648.1_cds_WP_002916845.1_3576	KPN_RS18450
lcl|NC_009648.1_cds_WP_002916846.1_3577	KPN_RS18455
lcl|NC_009648.1_cds_WP_002916847.1_3578	KPN_RS18460
lcl|NC_009648.1_cds_WP_002916848.1_3579	KPN_RS18465
lcl|NC_009648.1_cds_WP_004174363.1_3580	KPN_RS18470
lcl|NC_009648.1_cds_WP_002916849.1_3581	KPN_RS18475
lcl|NC_009648.1_cds_WP_004144540.1_3582	KPN_RS18480
lcl|NC_009648.1_cds_WP_004174357.1_3583	KPN_RS18485
lcl|NC_009648.1_cds_WP_002916852.1_3584	KPN_RS18490
lcl|NC_009648.1_cds_WP_004185664.1_3585	KPN_RS18495
lcl|NC_009648.1_cds_WP_002916856.1_3586	KPN_RS18500
lcl|NC_009648.1_cds_WP_002916857.1_3587	KPN_RS18505
lcl|NC_009648.1_cds_WP_004144536.1_3588	KPN_RS31675
lcl|NC_009648.1_cds_WP_002916858.1_3589	KPN_RS18515
lcl|NC_009648.1_cds_WP_014906913.1_3590	KPN_RS18520
lcl|NC_009648.1_cds_WP_015958996.1_3591	KPN_RS18525
lcl|NC_009648.1_cds_WP_002916862.1_3592	KPN_RS18530
lcl|NC_009648.1_cds_WP_015958997.1_3593	KPN_RS18535
lcl|NC_009648.1_cds_WP_004144532.1_3594	KPN_RS18540
lcl|NC_009648.1_cds_WP_004150923.1_3595	KPN_RS18545
lcl|NC_009648.1_cds_WP_015958998.1_3596	KPN_RS18550
lcl|NC_009648.1_cds_WP_020324810.1_3597	KPN_RS31680
lcl|NC_009648.1_cds_WP_004144529.1_3598	KPN_RS31685
lcl|NC_009648.1_cds_WP_002916869.1_3599	KPN_RS18565
lcl|NC_009648.1_cds_WP_002916871.1_3600	KPN_RS18570
lcl|NC_009648.1_cds_WP_002916872.1_3601	KPN_RS18575
lcl|NC_009648.1_cds_WP_015958999.1_3602	KPN_RS18580
lcl|NC_009648.1_cds_WP_004215466.1_3603	KPN_RS18585
lcl|NC_009648.1_cds_WP_015959000.1_3604	KPN_RS18590
lcl|NC_009648.1_cds_WP_002916877.1_3605	KPN_RS18595
lcl|NC_009648.1_cds_WP_004181356.1_3606	KPN_RS18600
lcl|NC_009648.1_cds_WP_004900709.1_3607	KPN_RS18605
lcl|NC_009648.1_cds_WP_001144069.1_3608	KPN_RS18610
lcl|NC_009648.1_cds_WP_015959001.1_3609	KPN_RS18615
lcl|NC_009648.1_cds_WP_004174339.1_3610	KPN_RS18620
lcl|NC_009648.1_cds_WP_002917636.1_3611	KPN_RS18625
lcl|NC_009648.1_cds_WP_032420109.1_3612	KPN_RS29210
lcl|NC_009648.1_cds_WP_015959002.1_3613	KPN_RS18640
lcl|NC_009648.1_cds_WP_015959003.1_3614	KPN_RS18645
lcl|NC_009648.1_cds_WP_015959004.1_3615	KPN_RS18650
lcl|NC_009648.1_cds_WP_014343413.1_3616	KPN_RS18655
lcl|NC_009648.1_cds_WP_004195711.1_3617	KPN_RS18660
lcl|NC_009648.1_cds_WP_014343412.1_3618	KPN_RS18665
lcl|NC_009648.1_cds_WP_015959006.1_3619	KPN_RS18670
lcl|NC_009648.1_cds_WP_041937673.1_3620	KPN_RS18675
lcl|NC_009648.1_cds_WP_015959008.1_3621	KPN_RS18680
lcl|NC_009648.1_cds_WP_015959009.1_3622	KPN_RS18685
lcl|NC_009648.1_cds_WP_015959010.1_3623	KPN_RS18690
lcl|NC_009648.1_cds_WP_014343405.1_3624	KPN_RS18695
lcl|NC_009648.1_cds_WP_229297262.1_3625	KPN_RS18700
lcl|NC_009648.1_cds_WP_015959012.1_3626	KPN_RS18705
lcl|NC_009648.1_cds_WP_015959013.1_3627	KPN_RS18710
lcl|NC_009648.1_cds_WP_032433630.1_3628	KPN_RS18715
lcl|NC_009648.1_cds_WP_115722967.1_3629	KPN_RS32455
lcl|NC_009648.1_cds_WP_015959015.1_3630	KPN_RS18725
lcl|NC_009648.1_cds_WP_015959016.1_3631	KPN_RS18730
lcl|NC_009648.1_cds_WP_004195910.1_3632	KPN_RS18735
lcl|NC_009648.1_cds_WP_015959017.1_3633	KPN_RS18740
lcl|NC_009648.1_cds_WP_015959018.1_3634	KPN_RS18745
lcl|NC_009648.1_cds_WP_032433633.1_3635	KPN_RS18750
lcl|NC_009648.1_cds_WP_015959020.1_3636	KPN_RS18755
lcl|NC_009648.1_cds_WP_015959021.1_3637	KPN_RS18760
lcl|NC_009648.1_cds_WP_015959022.1_3638	KPN_RS18765
lcl|NC_009648.1_cds_WP_004195876.1_3639	KPN_RS18770
lcl|NC_009648.1_cds_WP_015959023.1_3640	KPN_RS18780
lcl|NC_009648.1_cds_WP_015959024.1_3641	KPN_RS18785
lcl|NC_009648.1_cds_WP_049771241.1_3642	KPN_RS30150
lcl|NC_009648.1_cds_WP_162467044.1_3643	KPN_RS18795
lcl|NC_009648.1_cds_WP_015959027.1_3644	KPN_RS18800
lcl|NC_009648.1_cds_WP_015959028.1_3645	KPN_RS18805
lcl|NC_009648.1_cds_WP_015959029.1_3646	KPN_RS18810
lcl|NC_009648.1_cds_WP_032433679.1_3647	KPN_RS18815
lcl|NC_009648.1_cds_WP_015959030.1_3648	KPN_RS18820
lcl|NC_009648.1_cds_WP_001630878.1_3649	KPN_RS18825
lcl|NC_009648.1_cds_WP_015959031.1_3650	KPN_RS18830
lcl|NC_009648.1_cds_WP_015959032.1_3651	KPN_RS18835
lcl|NC_009648.1_cds_WP_015959033.1_3652	KPN_RS18840
lcl|NC_009648.1_cds_WP_002917638.1_3653	KPN_RS18845
lcl|NC_009648.1_cds_WP_026005884.1_3654	KPN_RS18850
lcl|NC_009648.1_cds_WP_004174237.1_3655	KPN_RS18855
lcl|NC_009648.1_cds_WP_015959034.1_3656	KPN_RS18860
lcl|NC_009648.1_cds_WP_015959035.1_3657	KPN_RS18865
lcl|NC_009648.1_cds_WP_004185750.1_3658	KPN_RS18870
lcl|NC_009648.1_cds_WP_002917655.1_3659	KPN_RS18875
lcl|NC_009648.1_cds_WP_015959037.1_3660	KPN_RS18880
lcl|NC_009648.1_cds_WP_002917661.1_3661	KPN_RS18885
lcl|NC_009648.1_cds_WP_002917670.1_3662	KPN_RS18890
lcl|NC_009648.1_cds_WP_002917672.1_3663	KPN_RS18895
lcl|NC_009648.1_cds_WP_002917676.1_3664	KPN_RS18900
lcl|NC_009648.1_cds_WP_041937676.1_3665	KPN_RS18905
lcl|NC_009648.1_cds_WP_004150927.1_3666	KPN_RS18910
lcl|NC_009648.1_cds_WP_002917678.1_3667	KPN_RS18915
lcl|NC_009648.1_cds_WP_015959039.1_3668	KPN_RS18920
lcl|NC_009648.1_cds_WP_002917680.1_3669	KPN_RS18925
lcl|NC_009648.1_cds_WP_002917681.1_3670	KPN_RS18930
lcl|NC_009648.1_cds_WP_020324489.1_3671	KPN_RS18935
lcl|NC_009648.1_cds_WP_002917682.1_3672	KPN_RS18940
lcl|NC_009648.1_cds_WP_004181378.1_3673	KPN_RS18945
lcl|NC_009648.1_cds_WP_004174229.1_3674	KPN_RS18950
lcl|NC_009648.1_cds_WP_004900760.1_3675	KPN_RS18955
lcl|NC_009648.1_cds_WP_004144829.1_3676	KPN_RS18960
lcl|NC_009648.1_cds_WP_002917718.1_3677	KPN_RS18970
lcl|NC_009648.1_cds_WP_004174227.1_3678	KPN_RS18975
lcl|NC_009648.1_cds_WP_004181386.1_3679	KPN_RS18980
lcl|NC_009648.1_cds_WP_002917724.1_3680	KPN_RS18985
lcl|NC_009648.1_cds_WP_015959041.1_3681	KPN_RS18990
lcl|NC_009648.1_cds_WP_015959042.1_3682	KPN_RS18995
lcl|NC_009648.1_cds_WP_015959043.1_3683	KPN_RS19000
lcl|NC_009648.1_cds_WP_041937677.1_3684	KPN_RS19005
lcl|NC_009648.1_cds_WP_004174223.1_3685	KPN_RS19010
lcl|NC_009648.1_cds_WP_015959045.1_3686	KPN_RS19015
lcl|NC_009648.1_cds_WP_015959046.1_3687	KPN_RS19020
lcl|NC_009648.1_cds_WP_002917887.1_3688	KPN_RS19025
lcl|NC_009648.1_cds_WP_002917889.1_3689	KPN_RS19030
lcl|NC_009648.1_cds_WP_004150936.1_3690	KPN_RS19035
lcl|NC_009648.1_cds_WP_004144843.1_3691	KPN_RS19040
lcl|NC_009648.1_cds_WP_004181399.1_3692	KPN_RS19045
lcl|NC_009648.1_cds_WP_004144845.1_3693	KPN_RS19050
lcl|NC_009648.1_cds_WP_002917895.1_3694	KPN_RS19055
lcl|NC_009648.1_cds_WP_002917897.1_3695	KPN_RS19060
lcl|NC_009648.1_cds_WP_002917898.1_3696	KPN_RS19065
lcl|NC_009648.1_cds_WP_002917899.1_3697	KPN_RS19070
lcl|NC_009648.1_cds_WP_002917905.1_3698	KPN_RS19075
lcl|NC_009648.1_cds_WP_002917907.1_3699	KPN_RS19080
lcl|NC_009648.1_cds_WP_002917909.1_3700	KPN_RS19085
lcl|NC_009648.1_cds_WP_004218213.1_3701	KPN_RS19090
lcl|NC_009648.1_cds_WP_004144860.1_3702	KPN_RS19095
lcl|NC_009648.1_cds_WP_002917916.1_3703	KPN_RS19100
lcl|NC_009648.1_cds_WP_002917917.1_3704	KPN_RS19105
lcl|NC_009648.1_cds_WP_004181402.1_3705	KPN_RS19110
lcl|NC_009648.1_cds_WP_002917920.1_3706	KPN_RS19115
lcl|NC_009648.1_cds_WP_002917922.1_3707	KPN_RS19120
lcl|NC_009648.1_cds_WP_002917923.1_3708	KPN_RS19125
lcl|NC_009648.1_cds_WP_004144865.1_3709	KPN_RS19130
lcl|NC_009648.1_cds_WP_002917925.1_3710	KPN_RS19135
lcl|NC_009648.1_cds_WP_002917926.1_3711	KPN_RS31700
lcl|NC_009648.1_cds_WP_004149907.1_3712	KPN_RS19145
lcl|NC_009648.1_cds_WP_004150939.1_3713	KPN_RS19155
lcl|NC_009648.1_cds_WP_015959048.1_3714	KPN_RS19160
lcl|NC_009648.1_cds_WP_002917952.1_3715	KPN_RS19165
lcl|NC_009648.1_cds_WP_004144873.1_3716	KPN_RS19170
lcl|NC_009648.1_cds_WP_004149911.1_3717	KPN_RS19175
lcl|NC_009648.1_cds_WP_002917960.1_3718	KPN_RS19185
lcl|NC_009648.1_cds_WP_002917963.1_3719	KPN_RS19190
lcl|NC_009648.1_cds_WP_004218217.1_3720	KPN_RS19195
lcl|NC_009648.1_cds_WP_002917968.1_3721	KPN_RS19205
lcl|NC_009648.1_cds_WP_002917970.1_3722	KPN_RS19210
lcl|NC_009648.1_cds_WP_004149915.1_3723	KPN_RS19215
lcl|NC_009648.1_cds_WP_002918068.1_3724	KPN_RS19220
lcl|NC_009648.1_cds_WP_002918071.1_3725	KPN_RS19225
lcl|NC_009648.1_cds_WP_002918116.1_3726	KPN_RS19230
lcl|NC_009648.1_cds_WP_002918119.1_3727	KPN_RS19235
lcl|NC_009648.1_cds_WP_002918121.1_3728	KPN_RS19240
lcl|NC_009648.1_cds_WP_004149917.1_3729	KPN_RS19245
lcl|NC_009648.1_cds_WP_002918124.1_3730	KPN_RS19250
lcl|NC_009648.1_cds_WP_004150941.1_3731	KPN_RS19255
lcl|NC_009648.1_cds_WP_015959049.1_3732	KPN_RS19260
lcl|NC_009648.1_cds_WP_004185807.1_3733	KPN_RS19265
lcl|NC_009648.1_cds_WP_002918206.1_3734	KPN_RS19270
lcl|NC_009648.1_cds_WP_002918211.1_3735	KPN_RS19275
lcl|NC_009648.1_cds_WP_015959051.1_3736	KPN_RS19280
lcl|NC_009648.1_cds_WP_015959052.1_3737	KPN_RS19285
lcl|NC_009648.1_cds_WP_002918218.1_3738	KPN_RS19290
lcl|NC_009648.1_cds_WP_002918221.1_3739	KPN_RS19295
lcl|NC_009648.1_cds_WP_002918223.1_3740	KPN_RS19300
lcl|NC_009648.1_cds_WP_002918226.1_3741	KPN_RS19305
lcl|NC_009648.1_cds_WP_002918229.1_3742	KPN_RS19310
lcl|NC_009648.1_cds_WP_002918231.1_3743	KPN_RS19315
lcl|NC_009648.1_cds_WP_015959053.1_3744	KPN_RS19320
lcl|NC_009648.1_cds_WP_015959054.1_3745	KPN_RS19325
lcl|NC_009648.1_cds_WP_002918234.1_3746	KPN_RS19330
lcl|NC_009648.1_cds_WP_015959055.1_3747	KPN_RS19335
lcl|NC_009648.1_cds_WP_004150943.1_3748	KPN_RS19340
lcl|NC_009648.1_cds_WP_085903200.1_3749	KPN_RS30650
lcl|NC_009648.1_cds_WP_002918241.1_3750	KPN_RS19345
lcl|NC_009648.1_cds_KPN_RS19350_3751	KPN_RS19350
lcl|NC_009648.1_cds_WP_002918244.1_3752	KPN_RS19360
lcl|NC_009648.1_cds_WP_004144892.1_3753	KPN_RS19365
lcl|NC_009648.1_cds_WP_002918248.1_3754	KPN_RS19370
lcl|NC_009648.1_cds_WP_002918250.1_3755	KPN_RS19375
lcl|NC_009648.1_cds_WP_002918252.1_3756	KPN_RS19380
lcl|NC_009648.1_cds_WP_002918364.1_3757	KPN_RS19385
lcl|NC_009648.1_cds_WP_004144895.1_3758	KPN_RS19400
lcl|NC_009648.1_cds_WP_015959057.1_3759	KPN_RS19405
lcl|NC_009648.1_cds_WP_002918367.1_3760	KPN_RS19410
lcl|NC_009648.1_cds_WP_014906872.1_3761	KPN_RS31725
lcl|NC_009648.1_cds_WP_002918369.1_3762	KPN_RS19425
lcl|NC_009648.1_cds_WP_002918370.1_3763	KPN_RS19430
lcl|NC_009648.1_cds_WP_002918371.1_3764	KPN_RS19435
lcl|NC_009648.1_cds_WP_002918372.1_3765	KPN_RS19440
lcl|NC_009648.1_cds_WP_002918373.1_3766	KPN_RS19445
lcl|NC_009648.1_cds_WP_002918374.1_3767	KPN_RS19450
lcl|NC_009648.1_cds_WP_002918375.1_3768	KPN_RS19455
lcl|NC_009648.1_cds_WP_002918376.1_3769	KPN_RS19460
lcl|NC_009648.1_cds_WP_002918377.1_3770	KPN_RS19465
lcl|NC_009648.1_cds_WP_004149938.1_3771	KPN_RS19470
lcl|NC_009648.1_cds_WP_002434222.1_3772	KPN_RS19475
lcl|NC_009648.1_cds_WP_002918379.1_3773	KPN_RS19480
lcl|NC_009648.1_cds_WP_004144907.1_3774	KPN_RS19485
lcl|NC_009648.1_cds_WP_002918381.1_3775	KPN_RS19490
lcl|NC_009648.1_cds_WP_002918382.1_3776	KPN_RS19495
lcl|NC_009648.1_cds_WP_004144910.1_3777	KPN_RS19500
lcl|NC_009648.1_cds_WP_004144912.1_3778	KPN_RS19505
lcl|NC_009648.1_cds_WP_015959058.1_3779	KPN_RS19510
lcl|NC_009648.1_cds_WP_002918387.1_3780	KPN_RS19515
lcl|NC_009648.1_cds_WP_004150949.1_3781	KPN_RS19520
lcl|NC_009648.1_cds_WP_004150950.1_3782	KPN_RS19525
lcl|NC_009648.1_cds_WP_015959059.1_3783	KPN_RS19530
lcl|NC_009648.1_cds_WP_002918399.1_3784	KPN_RS19535
lcl|NC_009648.1_cds_WP_002918405.1_3785	KPN_RS19540
lcl|NC_009648.1_cds_WP_002918413.1_3786	KPN_RS19545
lcl|NC_009648.1_cds_WP_002918415.1_3787	KPN_RS19550
lcl|NC_009648.1_cds_WP_002918417.1_3788	KPN_RS19555
lcl|NC_009648.1_cds_WP_002918420.1_3789	KPN_RS19560
lcl|NC_009648.1_cds_WP_002918423.1_3790	KPN_RS19565
lcl|NC_009648.1_cds_WP_004144926.1_3791	KPN_RS19570
lcl|NC_009648.1_cds_WP_002918428.1_3792	KPN_RS19575
lcl|NC_009648.1_cds_WP_002918431.1_3793	KPN_RS19580
lcl|NC_009648.1_cds_WP_004144927.1_3794	KPN_RS19585
lcl|NC_009648.1_cds_WP_004185856.1_3795	KPN_RS19590
lcl|NC_009648.1_cds_WP_002918444.1_3796	KPN_RS19595
lcl|NC_009648.1_cds_WP_002918448.1_3797	KPN_RS19600
lcl|NC_009648.1_cds_WP_002918451.1_3798	KPN_RS19610
lcl|NC_009648.1_cds_WP_002918453.1_3799	KPN_RS19615
lcl|NC_009648.1_cds_WP_015959060.1_3800	KPN_RS19620
lcl|NC_009648.1_cds_WP_004144939.1_3801	KPN_RS19625
lcl|NC_009648.1_cds_WP_015959062.1_3802	KPN_RS19630
lcl|NC_009648.1_cds_WP_004188425.1_3803	KPN_RS19635
lcl|NC_009648.1_cds_WP_002918465.1_3804	KPN_RS19640
lcl|NC_009648.1_cds_WP_002918467.1_3805	KPN_RS19645
lcl|NC_009648.1_cds_WP_135801240.1_3806	KPN_RS30920
lcl|NC_009648.1_cds_WP_000829818.1_3807	KPN_RS19650
lcl|NC_009648.1_cds_WP_002918559.1_3808	KPN_RS19655
lcl|NC_009648.1_cds_WP_004144945.1_3809	KPN_RS19660
lcl|NC_009648.1_cds_WP_002918565.1_3810	KPN_RS19665
lcl|NC_009648.1_cds_WP_004174125.1_3811	KPN_RS19670
lcl|NC_009648.1_cds_WP_002918568.1_3812	KPN_RS19675
lcl|NC_009648.1_cds_WP_023279306.1_3813	KPN_RS19680
lcl|NC_009648.1_cds_WP_004188415.1_3814	KPN_RS19685
lcl|NC_009648.1_cds_WP_015959064.1_3815	KPN_RS19690
lcl|NC_009648.1_cds_WP_004188412.1_3816	KPN_RS19695
lcl|NC_009648.1_cds_WP_004188410.1_3817	KPN_RS19700
lcl|NC_009648.1_cds_WP_004188409.1_3818	KPN_RS19705
lcl|NC_009648.1_cds_WP_015959067.1_3819	KPN_RS19710
lcl|NC_009648.1_cds_WP_004181429.1_3820	KPN_RS19715
lcl|NC_009648.1_cds_WP_009309620.1_3821	KPN_RS19720
lcl|NC_009648.1_cds_WP_002918570.1_3822	KPN_RS19725
lcl|NC_009648.1_cds_WP_002918625.1_3823	KPN_RS19730
lcl|NC_009648.1_cds_KPN_RS19735_3824	KPN_RS19735
lcl|NC_009648.1_cds_WP_002918627.1_3825	KPN_RS19740
lcl|NC_009648.1_cds_WP_002918629.1_3826	KPN_RS19745
lcl|NC_009648.1_cds_WP_002918632.1_3827	KPN_RS19750
lcl|NC_009648.1_cds_WP_002918639.1_3828	KPN_RS19755
lcl|NC_009648.1_cds_WP_002918640.1_3829	KPN_RS19760
lcl|NC_009648.1_cds_WP_002918641.1_3830	KPN_RS19765
lcl|NC_009648.1_cds_WP_004144958.1_3831	KPN_RS19770
lcl|NC_009648.1_cds_WP_041937678.1_3832	KPN_RS19775
lcl|NC_009648.1_cds_WP_002918644.1_3833	KPN_RS19780
lcl|NC_009648.1_cds_WP_002918646.1_3834	KPN_RS19785
lcl|NC_009648.1_cds_WP_002918648.1_3835	KPN_RS19790
lcl|NC_009648.1_cds_WP_004149974.1_3836	KPN_RS19795
lcl|NC_009648.1_cds_WP_002918653.1_3837	KPN_RS19800
lcl|NC_009648.1_cds_WP_015959071.1_3838	KPN_RS19805
lcl|NC_009648.1_cds_WP_004211674.1_3839	KPN_RS19810
lcl|NC_009648.1_cds_WP_002918688.1_3840	KPN_RS19815
lcl|NC_009648.1_cds_WP_015959072.1_3841	KPN_RS19820
lcl|NC_009648.1_cds_WP_004144967.1_3842	KPN_RS19825
lcl|NC_009648.1_cds_WP_004206250.1_3843	KPN_RS19830
lcl|NC_009648.1_cds_WP_002918738.1_3844	KPN_RS19835
lcl|NC_009648.1_cds_WP_002918740.1_3845	KPN_RS19840
lcl|NC_009648.1_cds_WP_004181435.1_3846	KPN_RS19845
lcl|NC_009648.1_cds_WP_002918745.1_3847	KPN_RS19850
lcl|NC_009648.1_cds_KPN_RS19855_3848	KPN_RS19855
lcl|NC_009648.1_cds_WP_000462905.1_3849	KPN_RS19860
lcl|NC_009648.1_cds_WP_015959075.1_3850	KPN_RS19865
lcl|NC_009648.1_cds_WP_004144974.1_3851	KPN_RS19870
lcl|NC_009648.1_cds_WP_015959076.1_3852	KPN_RS19875
lcl|NC_009648.1_cds_WP_002919103.1_3853	KPN_RS19880
lcl|NC_009648.1_cds_WP_002919123.1_3854	KPN_RS19910
lcl|NC_009648.1_cds_WP_002919125.1_3855	KPN_RS19915
lcl|NC_009648.1_cds_WP_002919126.1_3856	KPN_RS19920
lcl|NC_009648.1_cds_WP_002919132.1_3857	KPN_RS19925
lcl|NC_009648.1_cds_WP_004145330.1_3858	KPN_RS19930
lcl|NC_009648.1_cds_WP_002919137.1_3859	KPN_RS19935
lcl|NC_009648.1_cds_WP_009484602.1_3860	KPN_RS19940
lcl|NC_009648.1_cds_WP_004174081.1_3861	KPN_RS19945
lcl|NC_009648.1_cds_WP_004150007.1_3862	KPN_RS19950
lcl|NC_009648.1_cds_WP_015959078.1_3863	KPN_RS19955
lcl|NC_009648.1_cds_WP_002919153.1_3864	KPN_RS19960
lcl|NC_009648.1_cds_WP_004145325.1_3865	KPN_RS19965
lcl|NC_009648.1_cds_WP_004188380.1_3866	KPN_RS29255
lcl|NC_009648.1_cds_WP_004185894.1_3867	KPN_RS19970
lcl|NC_009648.1_cds_WP_009308687.1_3868	KPN_RS19975
lcl|NC_009648.1_cds_WP_002919206.1_3869	KPN_RS19980
lcl|NC_009648.1_cds_WP_002919219.1_3870	KPN_RS19985
lcl|NC_009648.1_cds_WP_002919224.1_3871	KPN_RS19990
lcl|NC_009648.1_cds_WP_002919257.1_3872	KPN_RS19995
lcl|NC_009648.1_cds_WP_002919259.1_3873	KPN_RS20000
lcl|NC_009648.1_cds_WP_000868187.1_3874	KPN_RS29260
lcl|NC_009648.1_cds_WP_015959079.1_3875	KPN_RS20005
lcl|NC_009648.1_cds_WP_002919516.1_3876	KPN_RS20010
lcl|NC_009648.1_cds_WP_001140434.1_3877	KPN_RS20015
lcl|NC_009648.1_cds_WP_002919545.1_3878	KPN_RS20020
lcl|NC_009648.1_cds_WP_000358960.1_3879	KPN_RS20025
lcl|NC_009648.1_cds_WP_002919662.1_3880	KPN_RS20030
lcl|NC_009648.1_cds_WP_002919665.1_3881	KPN_RS20035
lcl|NC_009648.1_cds_WP_002919667.1_3882	KPN_RS20040
lcl|NC_009648.1_cds_WP_001096200.1_3883	KPN_RS20045
lcl|NC_009648.1_cds_WP_000729185.1_3884	KPN_RS20050
lcl|NC_009648.1_cds_WP_002919748.1_3885	KPN_RS20055
lcl|NC_009648.1_cds_WP_002919751.1_3886	KPN_RS20060
lcl|NC_009648.1_cds_WP_002919754.1_3887	KPN_RS20065
lcl|NC_009648.1_cds_WP_002919759.1_3888	KPN_RS20070
lcl|NC_009648.1_cds_WP_002919766.1_3889	KPN_RS20075
lcl|NC_009648.1_cds_WP_002919773.1_3890	KPN_RS20080
lcl|NC_009648.1_cds_WP_001138115.1_3891	KPN_RS20085
lcl|NC_009648.1_cds_WP_002919786.1_3892	KPN_RS20090
lcl|NC_009648.1_cds_WP_000617546.1_3893	KPN_RS20095
lcl|NC_009648.1_cds_WP_002919794.1_3894	KPN_RS20100
lcl|NC_009648.1_cds_WP_002919796.1_3895	KPN_RS20105
lcl|NC_009648.1_cds_WP_001181005.1_3896	KPN_RS20110
lcl|NC_009648.1_cds_WP_015959081.1_3897	KPN_RS20115
lcl|NC_009648.1_cds_WP_002919971.1_3898	KPN_RS20120
lcl|NC_009648.1_cds_WP_004152415.1_3899	KPN_RS20125
lcl|NC_009648.1_cds_WP_004174069.1_3900	KPN_RS20130
lcl|NC_009648.1_cds_WP_002920103.1_3901	KPN_RS20135
lcl|NC_009648.1_cds_WP_015369416.1_3902	KPN_RS20140
lcl|NC_009648.1_cds_WP_002920115.1_3903	KPN_RS20145
lcl|NC_009648.1_cds_WP_002920119.1_3904	KPN_RS20150
lcl|NC_009648.1_cds_WP_004174061.1_3905	KPN_RS20155
lcl|NC_009648.1_cds_WP_002920128.1_3906	KPN_RS20160
lcl|NC_009648.1_cds_WP_002920130.1_3907	KPN_RS20165
lcl|NC_009648.1_cds_WP_015959083.1_3908	KPN_RS20170
lcl|NC_009648.1_cds_WP_002920136.1_3909	KPN_RS20175
lcl|NC_009648.1_cds_WP_002920140.1_3910	KPN_RS20180
lcl|NC_009648.1_cds_WP_002920143.1_3911	KPN_RS20185
lcl|NC_009648.1_cds_WP_015959084.1_3912	KPN_RS20190
lcl|NC_009648.1_cds_WP_015959085.1_3913	KPN_RS20195
lcl|NC_009648.1_cds_WP_009484163.1_3914	KPN_RS20200
lcl|NC_009648.1_cds_WP_024264627.1_3915	KPN_RS20210
lcl|NC_009648.1_cds_WP_004174055.1_3916	KPN_RS20215
lcl|NC_009648.1_cds_WP_002920153.1_3917	KPN_RS20220
lcl|NC_009648.1_cds_WP_002920158.1_3918	KPN_RS20225
lcl|NC_009648.1_cds_WP_000242758.1_3919	KPN_RS20230
lcl|NC_009648.1_cds_WP_004188352.1_3920	KPN_RS20235
lcl|NC_009648.1_cds_WP_002920226.1_3921	KPN_RS20240
lcl|NC_009648.1_cds_WP_002920229.1_3922	KPN_RS20245
lcl|NC_009648.1_cds_WP_004181446.1_3923	KPN_RS20250
lcl|NC_009648.1_cds_WP_002920231.1_3924	KPN_RS20255
lcl|NC_009648.1_cds_WP_002920238.1_3925	KPN_RS20260
lcl|NC_009648.1_cds_WP_002920240.1_3926	KPN_RS20265
lcl|NC_009648.1_cds_WP_015959086.1_3927	KPN_RS20270
lcl|NC_009648.1_cds_WP_004889472.1_3928	KPN_RS20280
lcl|NC_009648.1_cds_WP_002920249.1_3929	KPN_RS20285
lcl|NC_009648.1_cds_WP_002920252.1_3930	KPN_RS20290
lcl|NC_009648.1_cds_WP_002920253.1_3931	KPN_RS20295
lcl|NC_009648.1_cds_WP_015959088.1_3932	KPN_RS20300
lcl|NC_009648.1_cds_WP_002920259.1_3933	KPN_RS20305
lcl|NC_009648.1_cds_WP_002920260.1_3934	KPN_RS20310
lcl|NC_009648.1_cds_WP_015959089.1_3935	KPN_RS20315
lcl|NC_009648.1_cds_WP_015959090.1_3936	KPN_RS20320
lcl|NC_009648.1_cds_WP_002920267.1_3937	KPN_RS20325
lcl|NC_009648.1_cds_WP_004174030.1_3938	KPN_RS20330
lcl|NC_009648.1_cds_WP_004889465.1_3939	KPN_RS20335
lcl|NC_009648.1_cds_WP_015959091.1_3940	KPN_RS20340
lcl|NC_009648.1_cds_WP_004174028.1_3941	KPN_RS20345
lcl|NC_009648.1_cds_WP_004872583.1_3942	KPN_RS20350
lcl|NC_009648.1_cds_WP_004185951.1_3943	KPN_RS20355
lcl|NC_009648.1_cds_WP_002920321.1_3944	KPN_RS20360
lcl|NC_009648.1_cds_WP_004174025.1_3945	KPN_RS20365
lcl|NC_009648.1_cds_WP_015959093.1_3946	KPN_RS20370
lcl|NC_009648.1_cds_WP_002920326.1_3947	KPN_RS20375
lcl|NC_009648.1_cds_WP_004188324.1_3948	KPN_RS20380
lcl|NC_009648.1_cds_WP_015959094.1_3949	KPN_RS20390
lcl|NC_009648.1_cds_WP_002920333.1_3950	KPN_RS20395
lcl|NC_009648.1_cds_WP_001157751.1_3951	KPN_RS20400
lcl|NC_009648.1_cds_WP_002920503.1_3952	KPN_RS20405
lcl|NC_009648.1_cds_WP_004150056.1_3953	KPN_RS20410
lcl|NC_009648.1_cds_WP_002920506.1_3954	KPN_RS20415
lcl|NC_009648.1_cds_WP_015959095.1_3955	KPN_RS20420
lcl|NC_009648.1_cds_WP_002920509.1_3956	KPN_RS20425
lcl|NC_009648.1_cds_WP_002920510.1_3957	KPN_RS20430
lcl|NC_009648.1_cds_WP_004174021.1_3958	KPN_RS20435
lcl|NC_009648.1_cds_WP_004160062.1_3959	KPN_RS20440
lcl|NC_009648.1_cds_WP_002920540.1_3960	KPN_RS20445
lcl|NC_009648.1_cds_WP_002920542.1_3961	KPN_RS20450
lcl|NC_009648.1_cds_WP_004185965.1_3962	KPN_RS20455
lcl|NC_009648.1_cds_WP_004151407.1_3963	KPN_RS20460
lcl|NC_009648.1_cds_WP_015959097.1_3964	KPN_RS20465
lcl|NC_009648.1_cds_WP_002920548.1_3965	KPN_RS20470
lcl|NC_009648.1_cds_WP_004151408.1_3966	KPN_RS20475
lcl|NC_009648.1_cds_WP_002920552.1_3967	KPN_RS20480
lcl|NC_009648.1_cds_WP_015959098.1_3968	KPN_RS20485
lcl|NC_009648.1_cds_WP_004174017.1_3969	KPN_RS20490
lcl|NC_009648.1_cds_WP_015959099.1_3970	KPN_RS20495
lcl|NC_009648.1_cds_WP_002920561.1_3971	KPN_RS20500
lcl|NC_009648.1_cds_WP_002920564.1_3972	KPN_RS20505
lcl|NC_009648.1_cds_WP_002920566.1_3973	KPN_RS20510
lcl|NC_009648.1_cds_WP_015959100.1_3974	KPN_RS20515
lcl|NC_009648.1_cds_WP_004150069.1_3975	KPN_RS20520
lcl|NC_009648.1_cds_WP_002920570.1_3976	KPN_RS20525
lcl|NC_009648.1_cds_WP_032447701.1_3977	KPN_RS20530
lcl|NC_009648.1_cds_WP_002920773.1_3978	KPN_RS20535
lcl|NC_009648.1_cds_WP_002920775.1_3979	KPN_RS20540
lcl|NC_009648.1_cds_WP_002920777.1_3980	KPN_RS20545
lcl|NC_009648.1_cds_WP_002920779.1_3981	KPN_RS20550
lcl|NC_009648.1_cds_WP_004200666.1_3982	KPN_RS20555
lcl|NC_009648.1_cds_WP_015959101.1_3983	KPN_RS20560
lcl|NC_009648.1_cds_WP_004181470.1_3984	KPN_RS20565
lcl|NC_009648.1_cds_WP_009308738.1_3985	KPN_RS20570
lcl|NC_009648.1_cds_WP_004150073.1_3986	KPN_RS20575
lcl|NC_009648.1_cds_WP_004889425.1_3987	KPN_RS20580
lcl|NC_009648.1_cds_WP_004150074.1_3988	KPN_RS20585
lcl|NC_009648.1_cds_WP_004185988.1_3989	KPN_RS20590
lcl|NC_009648.1_cds_WP_002920792.1_3990	KPN_RS20595
lcl|NC_009648.1_cds_WP_004174008.1_3991	KPN_RS20600
lcl|NC_009648.1_cds_WP_002920800.1_3992	KPN_RS20605
lcl|NC_009648.1_cds_WP_004174006.1_3993	KPN_RS20610
lcl|NC_009648.1_cds_WP_004145133.1_3994	KPN_RS20615
lcl|NC_009648.1_cds_WP_002920803.1_3995	KPN_RS20620
lcl|NC_009648.1_cds_WP_004174005.1_3996	KPN_RS20625
lcl|NC_009648.1_cds_WP_015959103.1_3997	KPN_RS20630
lcl|NC_009648.1_cds_WP_002920808.1_3998	KPN_RS20635
lcl|NC_009648.1_cds_WP_015959104.1_3999	KPN_RS20650
lcl|NC_009648.1_cds_WP_002920812.1_4000	KPN_RS20655
lcl|NC_009648.1_cds_WP_002920813.1_4001	KPN_RS20660
lcl|NC_009648.1_cds_WP_000427619.1_4002	KPN_RS20665
lcl|NC_009648.1_cds_WP_002920814.1_4003	KPN_RS20670
lcl|NC_009648.1_cds_WP_004181476.1_4004	KPN_RS20675
lcl|NC_009648.1_cds_WP_002920815.1_4005	KPN_RS20680
lcl|NC_009648.1_cds_WP_002920816.1_4006	KPN_RS20685
lcl|NC_009648.1_cds_WP_002920817.1_4007	KPN_RS20690
lcl|NC_009648.1_cds_WP_004188286.1_4008	KPN_RS20695
lcl|NC_009648.1_cds_WP_015959105.1_4009	KPN_RS20700
lcl|NC_009648.1_cds_WP_002920822.1_4010	KPN_RS20705
lcl|NC_009648.1_cds_WP_004173989.1_4011	KPN_RS20710
lcl|NC_009648.1_cds_WP_004173987.1_4012	KPN_RS20715
lcl|NC_009648.1_cds_WP_015959106.1_4013	KPN_RS20720
lcl|NC_009648.1_cds_WP_002920858.1_4014	KPN_RS20725
lcl|NC_009648.1_cds_WP_002920860.1_4015	KPN_RS20730
lcl|NC_009648.1_cds_WP_002920861.1_4016	KPN_RS20735
lcl|NC_009648.1_cds_WP_004173981.1_4017	KPN_RS20740
lcl|NC_009648.1_cds_WP_004145147.1_4018	KPN_RS20745
lcl|NC_009648.1_cds_WP_002920863.1_4019	KPN_RS20750
lcl|NC_009648.1_cds_WP_002920864.1_4020	KPN_RS20755
lcl|NC_009648.1_cds_WP_015959107.1_4021	KPN_RS20760
lcl|NC_009648.1_cds_WP_009308746.1_4022	KPN_RS20765
lcl|NC_009648.1_cds_WP_004173963.1_4023	KPN_RS20770
lcl|NC_009648.1_cds_WP_002921035.1_4024	KPN_RS20775
lcl|NC_009648.1_cds_WP_004889389.1_4025	KPN_RS20780
lcl|NC_009648.1_cds_WP_004181483.1_4026	KPN_RS20785
lcl|NC_009648.1_cds_WP_004151421.1_4027	KPN_RS20790
lcl|NC_009648.1_cds_WP_004173960.1_4028	KPN_RS20795
lcl|NC_009648.1_cds_WP_002921105.1_4029	KPN_RS20800
lcl|NC_009648.1_cds_WP_015959109.1_4030	KPN_RS20805
lcl|NC_009648.1_cds_WP_015959110.1_4031	KPN_RS20810
lcl|NC_009648.1_cds_WP_004889385.1_4032	KPN_RS20815
lcl|NC_009648.1_cds_WP_002921188.1_4033	KPN_RS20820
lcl|NC_009648.1_cds_WP_015959111.1_4034	KPN_RS20825
lcl|NC_009648.1_cds_WP_041937679.1_4035	KPN_RS20830
lcl|NC_009648.1_cds_WP_002921200.1_4036	KPN_RS20835
lcl|NC_009648.1_cds_WP_002921203.1_4037	KPN_RS20840
lcl|NC_009648.1_cds_WP_004145166.1_4038	KPN_RS20845
lcl|NC_009648.1_cds_WP_002921264.1_4039	KPN_RS20850
lcl|NC_009648.1_cds_WP_004173956.1_4040	KPN_RS20855
lcl|NC_009648.1_cds_WP_004151426.1_4041	KPN_RS20860
lcl|NC_009648.1_cds_WP_015959113.1_4042	KPN_RS20865
lcl|NC_009648.1_cds_WP_002921269.1_4043	KPN_RS20870
lcl|NC_009648.1_cds_WP_041937680.1_4044	KPN_RS20875
lcl|NC_009648.1_cds_WP_004173953.1_4045	KPN_RS20880
lcl|NC_009648.1_cds_WP_004188256.1_4046	KPN_RS20885
lcl|NC_009648.1_cds_WP_015959116.1_4047	KPN_RS20890
lcl|NC_009648.1_cds_WP_002921333.1_4048	KPN_RS20895
lcl|NC_009648.1_cds_WP_002921336.1_4049	KPN_RS20900
lcl|NC_009648.1_cds_WP_015959117.1_4050	KPN_RS20905
lcl|NC_009648.1_cds_WP_002921337.1_4051	KPN_RS20910
lcl|NC_009648.1_cds_WP_004150118.1_4052	KPN_RS20915
lcl|NC_009648.1_cds_WP_004901194.1_4053	KPN_RS20920
lcl|NC_009648.1_cds_WP_002921434.1_4054	KPN_RS20930
lcl|NC_009648.1_cds_WP_002921436.1_4055	KPN_RS20935
lcl|NC_009648.1_cds_WP_002921438.1_4056	KPN_RS20940
lcl|NC_009648.1_cds_WP_020317212.1_4057	KPN_RS20945
lcl|NC_009648.1_cds_WP_015959119.1_4058	KPN_RS20955
lcl|NC_009648.1_cds_WP_015959120.1_4059	KPN_RS20960
lcl|NC_009648.1_cds_WP_009484214.1_4060	KPN_RS20965
lcl|NC_009648.1_cds_WP_002921508.1_4061	KPN_RS20970
lcl|NC_009648.1_cds_WP_002921510.1_4062	KPN_RS20975
lcl|NC_009648.1_cds_WP_002921513.1_4063	KPN_RS20980
lcl|NC_009648.1_cds_WP_002921516.1_4064	KPN_RS20985
lcl|NC_009648.1_cds_WP_002921518.1_4065	KPN_RS20990
lcl|NC_009648.1_cds_WP_004173944.1_4066	KPN_RS20995
lcl|NC_009648.1_cds_WP_015959121.1_4067	KPN_RS21000
lcl|NC_009648.1_cds_WP_002921529.1_4068	KPN_RS21005
lcl|NC_009648.1_cds_WP_041937681.1_4069	KPN_RS21010
lcl|NC_009648.1_cds_WP_004151435.1_4070	KPN_RS21015
lcl|NC_009648.1_cds_WP_004186066.1_4071	KPN_RS21020
lcl|NC_009648.1_cds_KPN_RS21025_4072	KPN_RS21025
lcl|NC_009648.1_cds_WP_041937682.1_4073	KPN_RS21030
lcl|NC_009648.1_cds_WP_004145206.1_4074	KPN_RS31745
lcl|NC_009648.1_cds_WP_002921784.1_4075	KPN_RS21040
lcl|NC_009648.1_cds_WP_015959123.1_4076	KPN_RS21045
lcl|NC_009648.1_cds_WP_004145207.1_4077	KPN_RS21050
lcl|NC_009648.1_cds_WP_002921786.1_4078	KPN_RS21055
lcl|NC_009648.1_cds_WP_009484203.1_4079	KPN_RS21060
lcl|NC_009648.1_cds_WP_085955203.1_4080	KPN_RS30660
lcl|NC_009648.1_cds_WP_021468889.1_4081	KPN_RS21085
lcl|NC_009648.1_cds_WP_004152427.1_4082	KPN_RS21090
lcl|NC_009648.1_cds_WP_002921907.1_4083	KPN_RS21095
lcl|NC_009648.1_cds_WP_014906797.1_4084	KPN_RS21100
lcl|NC_009648.1_cds_WP_002921914.1_4085	KPN_RS21105
lcl|NC_009648.1_cds_WP_015959126.1_4086	KPN_RS21110
lcl|NC_009648.1_cds_WP_041937683.1_4087	KPN_RS21115
lcl|NC_009648.1_cds_WP_002921917.1_4088	KPN_RS21120
lcl|NC_009648.1_cds_WP_002921918.1_4089	KPN_RS21130
lcl|NC_009648.1_cds_WP_002921919.1_4090	KPN_RS21135
lcl|NC_009648.1_cds_WP_002921921.1_4091	KPN_RS21140
lcl|NC_009648.1_cds_WP_002921927.1_4092	KPN_RS21145
lcl|NC_009648.1_cds_WP_004145219.1_4093	KPN_RS21150
lcl|NC_009648.1_cds_WP_002921929.1_4094	KPN_RS21155
lcl|NC_009648.1_cds_WP_015959128.1_4095	KPN_RS21160
lcl|NC_009648.1_cds_WP_002921931.1_4096	KPN_RS21165
lcl|NC_009648.1_cds_WP_000014594.1_4097	KPN_RS21170
lcl|NC_009648.1_cds_WP_015959129.1_4098	KPN_RS21175
lcl|NC_009648.1_cds_WP_002922102.1_4099	KPN_RS21180
lcl|NC_009648.1_cds_WP_002922127.1_4100	KPN_RS21185
lcl|NC_009648.1_cds_WP_002922128.1_4101	KPN_RS21190
lcl|NC_009648.1_cds_WP_002922129.1_4102	KPN_RS21195
lcl|NC_009648.1_cds_WP_004173929.1_4103	KPN_RS21200
lcl|NC_009648.1_cds_WP_004188180.1_4104	KPN_RS21205
lcl|NC_009648.1_cds_WP_004181516.1_4105	KPN_RS21210
lcl|NC_009648.1_cds_WP_004150156.1_4106	KPN_RS21215
lcl|NC_009648.1_cds_WP_002922139.1_4107	KPN_RS21220
lcl|NC_009648.1_cds_WP_004152040.1_4108	KPN_RS21225
lcl|NC_009648.1_cds_WP_015959131.1_4109	KPN_RS21230
lcl|NC_009648.1_cds_WP_002922349.1_4110	KPN_RS21235
lcl|NC_009648.1_cds_WP_002922351.1_4111	KPN_RS21240
lcl|NC_009648.1_cds_WP_004188166.1_4112	KPN_RS21245
lcl|NC_009648.1_cds_WP_004145234.1_4113	KPN_RS21250
lcl|NC_009648.1_cds_WP_002922359.1_4114	KPN_RS21255
lcl|NC_009648.1_cds_WP_002922360.1_4115	KPN_RS21260
lcl|NC_009648.1_cds_KPN_RS30165_4116	KPN_RS30165
lcl|NC_009648.1_cds_WP_015959132.1_4117	KPN_RS21265
lcl|NC_009648.1_cds_WP_004186109.1_4118	KPN_RS21270
lcl|NC_009648.1_cds_WP_004145238.1_4119	KPN_RS21275
lcl|NC_009648.1_cds_KPN_RS32460_4120	KPN_RS32460
lcl|NC_009648.1_cds_WP_002922397.1_4121	KPN_RS21280
lcl|NC_009648.1_cds_WP_015959133.1_4122	KPN_RS21285
lcl|NC_009648.1_cds_WP_002922401.1_4123	KPN_RS21290
lcl|NC_009648.1_cds_WP_002922402.1_4124	KPN_RS21295
lcl|NC_009648.1_cds_WP_002922410.1_4125	KPN_RS21300
lcl|NC_009648.1_cds_WP_002922413.1_4126	KPN_RS21305
lcl|NC_009648.1_cds_WP_002922415.1_4127	KPN_RS21310
lcl|NC_009648.1_cds_WP_002922420.1_4128	KPN_RS21315
lcl|NC_009648.1_cds_WP_002922423.1_4129	KPN_RS21320
lcl|NC_009648.1_cds_WP_002922426.1_4130	KPN_RS21325
lcl|NC_009648.1_cds_WP_002922427.1_4131	KPN_RS21330
lcl|NC_009648.1_cds_WP_002922428.1_4132	KPN_RS21335
lcl|NC_009648.1_cds_WP_002922429.1_4133	KPN_RS21340
lcl|NC_009648.1_cds_WP_002922436.1_4134	KPN_RS21345
lcl|NC_009648.1_cds_WP_004152046.1_4135	KPN_RS21350
lcl|NC_009648.1_cds_WP_002922458.1_4136	KPN_RS21355
lcl|NC_009648.1_cds_WP_015959136.1_4137	KPN_RS21360
lcl|NC_009648.1_cds_WP_004186125.1_4138	KPN_RS21365
lcl|NC_009648.1_cds_WP_002922461.1_4139	KPN_RS21370
lcl|NC_009648.1_cds_WP_002922462.1_4140	KPN_RS21375
lcl|NC_009648.1_cds_WP_002922463.1_4141	KPN_RS21380
lcl|NC_009648.1_cds_WP_002922465.1_4142	KPN_RS21385
lcl|NC_009648.1_cds_WP_004152048.1_4143	KPN_RS21390
lcl|NC_009648.1_cds_WP_002922468.1_4144	KPN_RS21395
lcl|NC_009648.1_cds_WP_004164973.1_4145	KPN_RS21400
lcl|NC_009648.1_cds_WP_002922472.1_4146	KPN_RS21405
lcl|NC_009648.1_cds_WP_002922494.1_4147	KPN_RS21410
lcl|NC_009648.1_cds_WP_004181527.1_4148	KPN_RS21415
lcl|NC_009648.1_cds_WP_009308781.1_4149	KPN_RS21420
lcl|NC_009648.1_cds_WP_004145262.1_4150	KPN_RS21425
lcl|NC_009648.1_cds_WP_004173909.1_4151	KPN_RS21430
lcl|NC_009648.1_cds_WP_004145263.1_4152	KPN_RS21435
lcl|NC_009648.1_cds_WP_004145264.1_4153	KPN_RS21440
lcl|NC_009648.1_cds_WP_002922501.1_4154	KPN_RS21445
lcl|NC_009648.1_cds_WP_015959138.1_4155	KPN_RS21450
lcl|NC_009648.1_cds_WP_002922510.1_4156	KPN_RS21455
lcl|NC_009648.1_cds_WP_000091955.1_4157	KPN_RS21460
lcl|NC_009648.1_cds_WP_002922589.1_4158	KPN_RS21465
lcl|NC_009648.1_cds_WP_004188117.1_4159	KPN_RS21470
lcl|NC_009648.1_cds_WP_004145270.1_4160	KPN_RS21475
lcl|NC_009648.1_cds_WP_002922598.1_4161	KPN_RS21480
lcl|NC_009648.1_cds_WP_015959139.1_4162	KPN_RS21485
lcl|NC_009648.1_cds_WP_015959140.1_4163	KPN_RS21490
lcl|NC_009648.1_cds_WP_002922602.1_4164	KPN_RS21495
lcl|NC_009648.1_cds_WP_015875241.1_4165	KPN_RS21500
lcl|NC_009648.1_cds_WP_004173902.1_4166	KPN_RS21505
lcl|NC_009648.1_cds_WP_269465041.1_4167	KPN_RS21510
lcl|NC_009648.1_cds_WP_015959141.1_4168	KPN_RS31755
lcl|NC_009648.1_cds_WP_009483928.1_4169	KPN_RS21515
lcl|NC_009648.1_cds_WP_002922636.1_4170	KPN_RS21525
lcl|NC_009648.1_cds_WP_004181536.1_4171	KPN_RS21535
lcl|NC_009648.1_cds_WP_004151500.1_4172	KPN_RS21540
lcl|NC_009648.1_cds_WP_004188107.1_4173	KPN_RS21545
lcl|NC_009648.1_cds_WP_002922654.1_4174	KPN_RS21550
lcl|NC_009648.1_cds_WP_041937684.1_4175	KPN_RS21555
lcl|NC_009648.1_cds_WP_002922664.1_4176	KPN_RS21560
lcl|NC_009648.1_cds_WP_000135058.1_4177	KPN_RS21565
lcl|NC_009648.1_cds_WP_004150214.1_4178	KPN_RS21570
lcl|NC_009648.1_cds_WP_004181538.1_4179	KPN_RS21575
lcl|NC_009648.1_cds_WP_004151504.1_4180	KPN_RS21580
lcl|NC_009648.1_cds_WP_002922903.1_4181	KPN_RS21585
lcl|NC_009648.1_cds_WP_004173895.1_4182	KPN_RS21590
lcl|NC_009648.1_cds_WP_004901418.1_4183	KPN_RS21595
lcl|NC_009648.1_cds_WP_041937685.1_4184	KPN_RS21600
lcl|NC_009648.1_cds_WP_002922909.1_4185	KPN_RS21605
lcl|NC_009648.1_cds_WP_004151505.1_4186	KPN_RS21610
lcl|NC_009648.1_cds_WP_020324206.1_4187	KPN_RS21615
lcl|NC_009648.1_cds_WP_002922936.1_4188	KPN_RS21620
lcl|NC_009648.1_cds_WP_004150222.1_4189	KPN_RS21625
lcl|NC_009648.1_cds_WP_002922941.1_4190	KPN_RS21630
lcl|NC_009648.1_cds_WP_002922944.1_4191	KPN_RS21635
lcl|NC_009648.1_cds_WP_002922948.1_4192	KPN_RS21640
lcl|NC_009648.1_cds_WP_015959144.1_4193	KPN_RS21650
lcl|NC_009648.1_cds_WP_015959145.1_4194	KPN_RS21655
lcl|NC_009648.1_cds_WP_015959146.1_4195	KPN_RS21660
lcl|NC_009648.1_cds_WP_015959147.1_4196	KPN_RS21665
lcl|NC_009648.1_cds_WP_004889196.1_4197	KPN_RS21670
lcl|NC_009648.1_cds_WP_015959148.1_4198	KPN_RS21675
lcl|NC_009648.1_cds_WP_002922962.1_4199	KPN_RS21680
lcl|NC_009648.1_cds_WP_015959149.1_4200	KPN_RS21690
lcl|NC_009648.1_cds_WP_015959150.1_4201	KPN_RS21695
lcl|NC_009648.1_cds_WP_002922965.1_4202	KPN_RS21700
lcl|NC_009648.1_cds_WP_004151507.1_4203	KPN_RS21705
lcl|NC_009648.1_cds_KPN_RS21710_4204	KPN_RS21710
lcl|NC_009648.1_cds_WP_015959151.1_4205	KPN_RS21715
lcl|NC_009648.1_cds_WP_004173886.1_4206	KPN_RS21720
lcl|NC_009648.1_cds_WP_002922970.1_4207	KPN_RS21725
lcl|NC_009648.1_cds_WP_002922972.1_4208	KPN_RS21730
lcl|NC_009648.1_cds_WP_015959152.1_4209	KPN_RS21735
lcl|NC_009648.1_cds_WP_004150236.1_4210	KPN_RS21740
lcl|NC_009648.1_cds_WP_004188074.1_4211	KPN_RS21745
lcl|NC_009648.1_cds_WP_004173883.1_4212	KPN_RS21750
lcl|NC_009648.1_cds_WP_015959153.1_4213	KPN_RS21755
lcl|NC_009648.1_cds_WP_162467039.1_4214	KPN_RS21760
lcl|NC_009648.1_cds_WP_004145022.1_4215	KPN_RS21765
lcl|NC_009648.1_cds_WP_015959155.1_4216	KPN_RS21770
lcl|NC_009648.1_cds_WP_004173879.1_4217	KPN_RS21780
lcl|NC_009648.1_cds_WP_014343452.1_4218	KPN_RS31770
lcl|NC_009648.1_cds_WP_004150240.1_4219	KPN_RS31775
lcl|NC_009648.1_cds_WP_004150241.1_4220	KPN_RS21800
lcl|NC_009648.1_cds_WP_004901494.1_4221	KPN_RS21805
lcl|NC_009648.1_cds_WP_041937686.1_4222	KPN_RS21810
lcl|NC_009648.1_cds_WP_015959157.1_4223	KPN_RS21815
lcl|NC_009648.1_cds_WP_002923109.1_4224	KPN_RS21820
lcl|NC_009648.1_cds_WP_002923111.1_4225	KPN_RS21825
lcl|NC_009648.1_cds_WP_002923118.1_4226	KPN_RS21830
lcl|NC_009648.1_cds_WP_002923120.1_4227	KPN_RS21835
lcl|NC_009648.1_cds_WP_004181570.1_4228	KPN_RS21840
lcl|NC_009648.1_cds_WP_004145035.1_4229	KPN_RS21845
lcl|NC_009648.1_cds_WP_004145036.1_4230	KPN_RS21850
lcl|NC_009648.1_cds_WP_015959159.1_4231	KPN_RS21855
lcl|NC_009648.1_cds_WP_002923147.1_4232	KPN_RS21860
lcl|NC_009648.1_cds_WP_002923152.1_4233	KPN_RS21865
lcl|NC_009648.1_cds_WP_002923153.1_4234	KPN_RS21870
lcl|NC_009648.1_cds_WP_002923154.1_4235	KPN_RS21875
lcl|NC_009648.1_cds_WP_004145041.1_4236	KPN_RS21880
lcl|NC_009648.1_cds_WP_002923156.1_4237	KPN_RS21885
lcl|NC_009648.1_cds_WP_002923158.1_4238	KPN_RS21890
lcl|NC_009648.1_cds_WP_040151405.1_4239	KPN_RS21895
lcl|NC_009648.1_cds_WP_004145044.1_4240	KPN_RS21900
lcl|NC_009648.1_cds_WP_004150257.1_4241	KPN_RS21905
lcl|NC_009648.1_cds_WP_004150258.1_4242	KPN_RS21910
lcl|NC_009648.1_cds_WP_015959162.1_4243	KPN_RS21915
lcl|NC_009648.1_cds_WP_041937687.1_4244	KPN_RS21920
lcl|NC_009648.1_cds_WP_004181579.1_4245	KPN_RS21925
lcl|NC_009648.1_cds_WP_015959164.1_4246	KPN_RS21930
lcl|NC_009648.1_cds_WP_002923205.1_4247	KPN_RS21935
lcl|NC_009648.1_cds_WP_004173863.1_4248	KPN_RS21940
lcl|NC_009648.1_cds_WP_004173862.1_4249	KPN_RS21945
lcl|NC_009648.1_cds_WP_004181583.1_4250	KPN_RS21950
lcl|NC_009648.1_cds_WP_015959165.1_4251	KPN_RS21955
lcl|NC_009648.1_cds_WP_004145056.1_4252	KPN_RS21960
lcl|NC_009648.1_cds_WP_074182042.1_4253	KPN_RS21965
lcl|NC_009648.1_cds_WP_002923282.1_4254	KPN_RS21970
lcl|NC_009648.1_cds_WP_002923283.1_4255	KPN_RS21975
lcl|NC_009648.1_cds_WP_004173858.1_4256	KPN_RS21980
lcl|NC_009648.1_cds_WP_002923286.1_4257	KPN_RS29340
lcl|NC_009648.1_cds_WP_004150272.1_4258	KPN_RS31780
lcl|NC_009648.1_cds_WP_004145059.1_4259	KPN_RS21985
lcl|NC_009648.1_cds_WP_002923294.1_4260	KPN_RS21990
lcl|NC_009648.1_cds_WP_002923296.1_4261	KPN_RS21995
lcl|NC_009648.1_cds_WP_032428099.1_4262	KPN_RS22000
lcl|NC_009648.1_cds_WP_004150274.1_4263	KPN_RS22005
lcl|NC_009648.1_cds_WP_004150275.1_4264	KPN_RS31785
lcl|NC_009648.1_cds_WP_015959168.1_4265	KPN_RS22015
lcl|NC_009648.1_cds_WP_032428100.1_4266	KPN_RS22020
lcl|NC_009648.1_cds_WP_002923302.1_4267	KPN_RS22025
lcl|NC_009648.1_cds_WP_002923304.1_4268	KPN_RS22030
lcl|NC_009648.1_cds_WP_002923305.1_4269	KPN_RS22035
lcl|NC_009648.1_cds_WP_015959171.1_4270	KPN_RS22040
lcl|NC_009648.1_cds_WP_002923307.1_4271	KPN_RS22045
lcl|NC_009648.1_cds_WP_004151520.1_4272	KPN_RS22050
lcl|NC_009648.1_cds_WP_015959172.1_4273	KPN_RS22055
lcl|NC_009648.1_cds_WP_009308837.1_4274	KPN_RS22060
lcl|NC_009648.1_cds_WP_015959173.1_4275	KPN_RS22065
lcl|NC_009648.1_cds_WP_004151523.1_4276	KPN_RS22070
lcl|NC_009648.1_cds_WP_004151524.1_4277	KPN_RS22075
lcl|NC_009648.1_cds_WP_015959175.1_4278	KPN_RS22080
lcl|NC_009648.1_cds_WP_004150285.1_4279	KPN_RS22085
lcl|NC_009648.1_cds_WP_004150286.1_4280	KPN_RS22090
lcl|NC_009648.1_cds_WP_004145082.1_4281	KPN_RS22095
lcl|NC_009648.1_cds_WP_015959176.1_4282	KPN_RS22100
lcl|NC_009648.1_cds_WP_004145084.1_4283	KPN_RS22105
lcl|NC_009648.1_cds_WP_015959177.1_4284	KPN_RS22110
lcl|NC_009648.1_cds_WP_015875264.1_4285	KPN_RS22115
lcl|NC_009648.1_cds_WP_004151530.1_4286	KPN_RS22120
lcl|NC_009648.1_cds_WP_004173845.1_4287	KPN_RS22125
lcl|NC_009648.1_cds_WP_004151532.1_4288	KPN_RS22130
lcl|NC_009648.1_cds_WP_004145090.1_4289	KPN_RS22135
lcl|NC_009648.1_cds_WP_004151534.1_4290	KPN_RS22140
lcl|NC_009648.1_cds_WP_000831330.1_4291	KPN_RS22145
lcl|NC_009648.1_cds_WP_004151535.1_4292	KPN_RS29350
lcl|NC_009648.1_cds_WP_004151536.1_4293	KPN_RS22155
lcl|NC_009648.1_cds_WP_004150295.1_4294	KPN_RS22160
lcl|NC_009648.1_cds_WP_004186273.1_4295	KPN_RS22165
lcl|NC_009648.1_cds_KPN_RS22170_4296	KPN_RS22170
lcl|NC_009648.1_cds_WP_015959180.1_4297	KPN_RS22175
lcl|NC_009648.1_cds_WP_000896275.1_4298	KPN_RS22180
lcl|NC_009648.1_cds_WP_041937688.1_4299	KPN_RS22185
lcl|NC_009648.1_cds_WP_223364911.1_4300	KPN_RS22190
lcl|NC_009648.1_cds_KPN_RS22195_4301	KPN_RS22195
lcl|NC_009648.1_cds_WP_015959185.1_4302	KPN_RS22200
lcl|NC_009648.1_cds_WP_015959186.1_4303	KPN_RS22205
lcl|NC_009648.1_cds_WP_004151539.1_4304	KPN_RS22210
lcl|NC_009648.1_cds_WP_015959187.1_4305	KPN_RS22215
lcl|NC_009648.1_cds_WP_004211197.1_4306	KPN_RS22220
lcl|NC_009648.1_cds_WP_004145098.1_4307	KPN_RS22225
lcl|NC_009648.1_cds_WP_004151543.1_4308	KPN_RS22230
lcl|NC_009648.1_cds_WP_009308842.1_4309	KPN_RS22235
lcl|NC_009648.1_cds_WP_004145102.1_4310	KPN_RS22245
lcl|NC_009648.1_cds_WP_015959188.1_4311	KPN_RS22250
lcl|NC_009648.1_cds_WP_015959189.1_4312	KPN_RS22255
lcl|NC_009648.1_cds_WP_004150305.1_4313	KPN_RS22260
lcl|NC_009648.1_cds_WP_004145007.1_4314	KPN_RS22270
lcl|NC_009648.1_cds_WP_004145006.1_4315	KPN_RS22275
lcl|NC_009648.1_cds_WP_004151547.1_4316	KPN_RS22280
lcl|NC_009648.1_cds_WP_004145004.1_4317	KPN_RS22285
lcl|NC_009648.1_cds_WP_004150308.1_4318	KPN_RS22290
lcl|NC_009648.1_cds_WP_008806727.1_4319	KPN_RS22295
lcl|NC_009648.1_cds_WP_004173839.1_4320	KPN_RS22300
lcl|NC_009648.1_cds_WP_001251971.1_4321	KPN_RS22320
lcl|NC_009648.1_cds_WP_004144997.1_4322	KPN_RS22325
lcl|NC_009648.1_cds_WP_004144996.1_4323	KPN_RS22330
lcl|NC_009648.1_cds_WP_004144995.1_4324	KPN_RS22335
lcl|NC_009648.1_cds_WP_004144994.1_4325	KPN_RS22340
lcl|NC_009648.1_cds_WP_004107293.1_4326	KPN_RS22345
lcl|NC_009648.1_cds_WP_000429386.1_4327	KPN_RS22350
lcl|NC_009648.1_cds_WP_004151552.1_4328	KPN_RS22355
lcl|NC_009648.1_cds_WP_004144991.1_4329	KPN_RS22360
lcl|NC_009648.1_cds_WP_004151554.1_4330	KPN_RS22365
lcl|NC_009648.1_cds_WP_004144989.1_4331	KPN_RS22370
lcl|NC_009648.1_cds_WP_004144988.1_4332	KPN_RS22375
lcl|NC_009648.1_cds_WP_002882510.1_4333	KPN_RS22380
lcl|NC_009648.1_cds_WP_002882514.1_4334	KPN_RS22385
lcl|NC_009648.1_cds_WP_002882517.1_4335	KPN_RS22390
lcl|NC_009648.1_cds_WP_004151555.1_4336	KPN_RS22395
lcl|NC_009648.1_cds_WP_002882520.1_4337	KPN_RS22400
lcl|NC_009648.1_cds_WP_015959192.1_4338	KPN_RS22405
lcl|NC_009648.1_cds_WP_002882529.1_4339	KPN_RS22410
lcl|NC_009648.1_cds_WP_002882531.1_4340	KPN_RS22415
lcl|NC_009648.1_cds_WP_002882536.1_4341	KPN_RS22420
lcl|NC_009648.1_cds_WP_015959193.1_4342	KPN_RS22425
lcl|NC_009648.1_cds_WP_085848693.1_4343	KPN_RS22430
lcl|NC_009648.1_cds_WP_002882539.1_4344	KPN_RS22435
lcl|NC_009648.1_cds_WP_002882540.1_4345	KPN_RS22440
lcl|NC_009648.1_cds_WP_002882596.1_4346	KPN_RS22465
lcl|NC_009648.1_cds_WP_004178039.1_4347	KPN_RS22470
lcl|NC_009648.1_cds_WP_002882612.1_4348	KPN_RS22475
lcl|NC_009648.1_cds_WP_004187940.1_4349	KPN_RS22480
lcl|NC_009648.1_cds_WP_004146224.1_4350	KPN_RS22485
lcl|NC_009648.1_cds_WP_004150336.1_4351	KPN_RS22490
lcl|NC_009648.1_cds_WP_015959197.1_4352	KPN_RS22495
lcl|NC_009648.1_cds_WP_002882734.1_4353	KPN_RS22500
lcl|NC_009648.1_cds_WP_002882743.1_4354	KPN_RS22505
lcl|NC_009648.1_cds_WP_002882745.1_4355	KPN_RS22510
lcl|NC_009648.1_cds_WP_004152951.1_4356	KPN_RS30695
lcl|NC_009648.1_cds_WP_002882749.1_4357	KPN_RS22515
lcl|NC_009648.1_cds_WP_004146229.1_4358	KPN_RS22520
lcl|NC_009648.1_cds_WP_002882753.1_4359	KPN_RS22525
lcl|NC_009648.1_cds_WP_002882755.1_4360	KPN_RS22535
lcl|NC_009648.1_cds_WP_004151865.1_4361	KPN_RS22540
lcl|NC_009648.1_cds_WP_004146232.1_4362	KPN_RS22545
lcl|NC_009648.1_cds_WP_002882809.1_4363	KPN_RS22550
lcl|NC_009648.1_cds_WP_004178031.1_4364	KPN_RS22555
lcl|NC_009648.1_cds_WP_015959199.1_4365	KPN_RS22560
lcl|NC_009648.1_cds_WP_004150355.1_4366	KPN_RS22565
lcl|NC_009648.1_cds_WP_002882817.1_4367	KPN_RS22570
lcl|NC_009648.1_cds_WP_004150358.1_4368	KPN_RS22575
lcl|NC_009648.1_cds_WP_002882818.1_4369	KPN_RS22580
lcl|NC_009648.1_cds_WP_002882822.1_4370	KPN_RS22585
lcl|NC_009648.1_cds_WP_085921749.1_4371	KPN_RS22590
lcl|NC_009648.1_cds_WP_002882828.1_4372	KPN_RS22600
lcl|NC_009648.1_cds_WP_002882830.1_4373	KPN_RS22605
lcl|NC_009648.1_cds_WP_015959200.1_4374	KPN_RS22610
lcl|NC_009648.1_cds_WP_004151864.1_4375	KPN_RS22615
lcl|NC_009648.1_cds_WP_015959201.1_4376	KPN_RS22620
lcl|NC_009648.1_cds_WP_002882856.1_4377	KPN_RS22625
lcl|NC_009648.1_cds_WP_002882858.1_4378	KPN_RS22630
lcl|NC_009648.1_cds_WP_002882861.1_4379	KPN_RS22635
lcl|NC_009648.1_cds_WP_002882862.1_4380	KPN_RS22640
lcl|NC_009648.1_cds_WP_002882863.1_4381	KPN_RS22645
lcl|NC_009648.1_cds_WP_004195589.1_4382	KPN_RS22650
lcl|NC_009648.1_cds_WP_002882865.1_4383	KPN_RS22655
lcl|NC_009648.1_cds_WP_002882866.1_4384	KPN_RS22660
lcl|NC_009648.1_cds_WP_015959202.1_4385	KPN_RS22665
lcl|NC_009648.1_cds_WP_015959203.1_4386	KPN_RS22670
lcl|NC_009648.1_cds_WP_015959204.1_4387	KPN_RS22675
lcl|NC_009648.1_cds_WP_032432391.1_4388	KPN_RS22680
lcl|NC_009648.1_cds_WP_015959206.1_4389	KPN_RS22685
lcl|NC_009648.1_cds_WP_004220853.1_4390	KPN_RS22690
lcl|NC_009648.1_cds_WP_004150373.1_4391	KPN_RS22695
lcl|NC_009648.1_cds_WP_015959207.1_4392	KPN_RS22700
lcl|NC_009648.1_cds_WP_002882882.1_4393	KPN_RS22705
lcl|NC_009648.1_cds_WP_004150375.1_4394	KPN_RS22710
lcl|NC_009648.1_cds_WP_004187190.1_4395	KPN_RS22715
lcl|NC_009648.1_cds_WP_002882888.1_4396	KPN_RS22720
lcl|NC_009648.1_cds_WP_002882891.1_4397	KPN_RS22725
lcl|NC_009648.1_cds_WP_002882892.1_4398	KPN_RS22730
lcl|NC_009648.1_cds_WP_002882894.1_4399	KPN_RS22735
lcl|NC_009648.1_cds_WP_004181626.1_4400	KPN_RS22740
lcl|NC_009648.1_cds_WP_002882898.1_4401	KPN_RS22745
lcl|NC_009648.1_cds_WP_002882901.1_4402	KPN_RS22750
lcl|NC_009648.1_cds_WP_004178004.1_4403	KPN_RS22755
lcl|NC_009648.1_cds_WP_002882907.1_4404	KPN_RS22760
lcl|NC_009648.1_cds_WP_002882911.1_4405	KPN_RS22765
lcl|NC_009648.1_cds_WP_002882913.1_4406	KPN_RS22770
lcl|NC_009648.1_cds_WP_002882914.1_4407	KPN_RS22775
lcl|NC_009648.1_cds_WP_015959208.1_4408	KPN_RS22780
lcl|NC_009648.1_cds_WP_002882918.1_4409	KPN_RS22785
lcl|NC_009648.1_cds_WP_002882919.1_4410	KPN_RS22790
lcl|NC_009648.1_cds_WP_002882921.1_4411	KPN_RS22795
lcl|NC_009648.1_cds_WP_004177997.1_4412	KPN_RS22805
lcl|NC_009648.1_cds_WP_002882922.1_4413	KPN_RS22810
lcl|NC_009648.1_cds_WP_002882924.1_4414	KPN_RS22815
lcl|NC_009648.1_cds_WP_004150388.1_4415	KPN_RS22820
lcl|NC_009648.1_cds_WP_002882944.1_4416	KPN_RS22825
lcl|NC_009648.1_cds_WP_015959210.1_4417	KPN_RS22830
lcl|NC_009648.1_cds_WP_041937689.1_4418	KPN_RS22835
lcl|NC_009648.1_cds_WP_002882947.1_4419	KPN_RS22840
lcl|NC_009648.1_cds_WP_015959212.1_4420	KPN_RS22845
lcl|NC_009648.1_cds_WP_002882952.1_4421	KPN_RS22850
lcl|NC_009648.1_cds_WP_041937690.1_4422	KPN_RS22855
lcl|NC_009648.1_cds_WP_015959214.1_4423	KPN_RS22860
lcl|NC_009648.1_cds_WP_004212041.1_4424	KPN_RS22865
lcl|NC_009648.1_cds_WP_004220885.1_4425	KPN_RS22870
lcl|NC_009648.1_cds_WP_004187297.1_4426	KPN_RS22875
lcl|NC_009648.1_cds_WP_004181636.1_4427	KPN_RS22880
lcl|NC_009648.1_cds_WP_041937691.1_4428	KPN_RS22885
lcl|NC_009648.1_cds_WP_015959217.1_4429	KPN_RS22890
lcl|NC_009648.1_cds_WP_015959218.1_4430	KPN_RS22895
lcl|NC_009648.1_cds_WP_004146283.1_4431	KPN_RS22900
lcl|NC_009648.1_cds_WP_002883015.1_4432	KPN_RS22905
lcl|NC_009648.1_cds_WP_002883016.1_4433	KPN_RS22910
lcl|NC_009648.1_cds_WP_004151856.1_4434	KPN_RS22915
lcl|NC_009648.1_cds_WP_002883021.1_4435	KPN_RS22920
lcl|NC_009648.1_cds_WP_015959219.1_4436	KPN_RS22925
lcl|NC_009648.1_cds_WP_004187300.1_4437	KPN_RS22930
lcl|NC_009648.1_cds_WP_002883026.1_4438	KPN_RS22935
lcl|NC_009648.1_cds_WP_002883081.1_4439	KPN_RS22975
lcl|NC_009648.1_cds_WP_004146520.1_4440	KPN_RS22980
lcl|NC_009648.1_cds_WP_002883134.1_4441	KPN_RS22985
lcl|NC_009648.1_cds_WP_001311244.1_4442	KPN_RS29395
lcl|NC_009648.1_cds_WP_002883142.1_4443	KPN_RS22995
lcl|NC_009648.1_cds_WP_002883170.1_4444	KPN_RS23000
lcl|NC_009648.1_cds_WP_002883171.1_4445	KPN_RS23005
lcl|NC_009648.1_cds_WP_002883173.1_4446	KPN_RS23010
lcl|NC_009648.1_cds_WP_002883174.1_4447	KPN_RS23015
lcl|NC_009648.1_cds_WP_002883176.1_4448	KPN_RS23020
lcl|NC_009648.1_cds_WP_002883178.1_4449	KPN_RS23025
lcl|NC_009648.1_cds_WP_002883180.1_4450	KPN_RS23030
lcl|NC_009648.1_cds_WP_002883181.1_4451	KPN_RS23035
lcl|NC_009648.1_cds_WP_004181641.1_4452	KPN_RS23040
lcl|NC_009648.1_cds_WP_002883185.1_4453	KPN_RS23045
lcl|NC_009648.1_cds_WP_004181642.1_4454	KPN_RS23050
lcl|NC_009648.1_cds_WP_004187815.1_4455	KPN_RS23055
lcl|NC_009648.1_cds_WP_004150419.1_4456	KPN_RS23060
lcl|NC_009648.1_cds_WP_002883222.1_4457	KPN_RS23065
lcl|NC_009648.1_cds_WP_002883224.1_4458	KPN_RS23070
lcl|NC_009648.1_cds_WP_002883293.1_4459	KPN_RS23075
lcl|NC_009648.1_cds_WP_002883295.1_4460	KPN_RS23080
lcl|NC_009648.1_cds_WP_002883296.1_4461	KPN_RS23085
lcl|NC_009648.1_cds_WP_002883297.1_4462	KPN_RS23090
lcl|NC_009648.1_cds_WP_015959221.1_4463	KPN_RS23095
lcl|NC_009648.1_cds_WP_004177948.1_4464	KPN_RS23100
lcl|NC_009648.1_cds_WP_002883307.1_4465	KPN_RS23105
lcl|NC_009648.1_cds_WP_004146507.1_4466	KPN_RS23110
lcl|NC_009648.1_cds_WP_002883310.1_4467	KPN_RS23115
lcl|NC_009648.1_cds_WP_002883312.1_4468	KPN_RS23120
lcl|NC_009648.1_cds_WP_015959223.1_4469	KPN_RS23125
lcl|NC_009648.1_cds_WP_004186365.1_4470	KPN_RS23130
lcl|NC_009648.1_cds_WP_004177935.1_4471	KPN_RS23135
lcl|NC_009648.1_cds_WP_015959224.1_4472	KPN_RS23140
lcl|NC_009648.1_cds_WP_009483984.1_4473	KPN_RS23170
lcl|NC_009648.1_cds_WP_015959225.1_4474	KPN_RS23175
lcl|NC_009648.1_cds_WP_002883380.1_4475	KPN_RS23180
lcl|NC_009648.1_cds_WP_002883381.1_4476	KPN_RS23185
lcl|NC_009648.1_cds_WP_002883383.1_4477	KPN_RS23195
lcl|NC_009648.1_cds_WP_002883389.1_4478	KPN_RS23200
lcl|NC_009648.1_cds_WP_002883392.1_4479	KPN_RS23205
lcl|NC_009648.1_cds_WP_041937692.1_4480	KPN_RS23210
lcl|NC_009648.1_cds_WP_002883395.1_4481	KPN_RS23215
lcl|NC_009648.1_cds_WP_015959227.1_4482	KPN_RS23220
lcl|NC_009648.1_cds_WP_004146477.1_4483	KPN_RS23225
lcl|NC_009648.1_cds_WP_002883398.1_4484	KPN_RS23230
lcl|NC_009648.1_cds_WP_002883400.1_4485	KPN_RS23240
lcl|NC_009648.1_cds_WP_002883402.1_4486	KPN_RS23245
lcl|NC_009648.1_cds_WP_002883404.1_4487	KPN_RS23250
lcl|NC_009648.1_cds_WP_002883408.1_4488	KPN_RS23255
lcl|NC_009648.1_cds_WP_004213315.1_4489	KPN_RS23260
lcl|NC_009648.1_cds_WP_004177928.1_4490	KPN_RS23265
lcl|NC_009648.1_cds_WP_015959228.1_4491	KPN_RS23270
lcl|NC_009648.1_cds_WP_004181651.1_4492	KPN_RS23275
lcl|NC_009648.1_cds_WP_002883412.1_4493	KPN_RS23280
lcl|NC_009648.1_cds_WP_015959229.1_4494	KPN_RS23285
lcl|NC_009648.1_cds_WP_002883414.1_4495	KPN_RS23290
lcl|NC_009648.1_cds_WP_002883415.1_4496	KPN_RS23295
lcl|NC_009648.1_cds_WP_015959230.1_4497	KPN_RS23300
lcl|NC_009648.1_cds_WP_002883417.1_4498	KPN_RS23305
lcl|NC_009648.1_cds_WP_002883419.1_4499	KPN_RS23310
lcl|NC_009648.1_cds_WP_015959231.1_4500	KPN_RS23315
lcl|NC_009648.1_cds_WP_002883421.1_4501	KPN_RS23320
lcl|NC_009648.1_cds_WP_002883422.1_4502	KPN_RS23325
lcl|NC_009648.1_cds_WP_002883424.1_4503	KPN_RS23330
lcl|NC_009648.1_cds_WP_002883425.1_4504	KPN_RS23335
lcl|NC_009648.1_cds_WP_015959232.1_4505	KPN_RS23340
lcl|NC_009648.1_cds_WP_002883427.1_4506	KPN_RS23345
lcl|NC_009648.1_cds_WP_015959233.1_4507	KPN_RS23350
lcl|NC_009648.1_cds_WP_002883430.1_4508	KPN_RS23355
lcl|NC_009648.1_cds_WP_004146456.1_4509	KPN_RS23365
lcl|NC_009648.1_cds_WP_002883448.1_4510	KPN_RS23370
lcl|NC_009648.1_cds_WP_015959234.1_4511	KPN_RS23375
lcl|NC_009648.1_cds_WP_004901902.1_4512	KPN_RS23380
lcl|NC_009648.1_cds_WP_004181656.1_4513	KPN_RS23385
lcl|NC_009648.1_cds_WP_002883449.1_4514	KPN_RS23390
lcl|NC_009648.1_cds_WP_002883450.1_4515	KPN_RS23395
lcl|NC_009648.1_cds_WP_002883453.1_4516	KPN_RS23400
lcl|NC_009648.1_cds_WP_015959236.1_4517	KPN_RS23430
lcl|NC_009648.1_cds_WP_002883521.1_4518	KPN_RS23435
lcl|NC_009648.1_cds_WP_002883524.1_4519	KPN_RS23440
lcl|NC_009648.1_cds_WP_004174069.1_4520	KPN_RS23465
lcl|NC_009648.1_cds_WP_002883772.1_4521	KPN_RS23470
lcl|NC_009648.1_cds_WP_001287521.1_4522	KPN_RS23475
lcl|NC_009648.1_cds_WP_002884034.1_4523	KPN_RS23480
lcl|NC_009648.1_cds_WP_002884036.1_4524	KPN_RS23485
lcl|NC_009648.1_cds_WP_001207203.1_4525	KPN_RS23490
lcl|NC_009648.1_cds_WP_002884142.1_4526	KPN_RS23495
lcl|NC_009648.1_cds_WP_004901914.1_4527	KPN_RS23500
lcl|NC_009648.1_cds_WP_002884146.1_4528	KPN_RS23505
lcl|NC_009648.1_cds_WP_002884148.1_4529	KPN_RS23510
lcl|NC_009648.1_cds_WP_002884149.1_4530	KPN_RS23515
lcl|NC_009648.1_cds_WP_002884150.1_4531	KPN_RS23520
lcl|NC_009648.1_cds_WP_004186411.1_4532	KPN_RS23525
lcl|NC_009648.1_cds_WP_015959239.1_4533	KPN_RS23535
lcl|NC_009648.1_cds_WP_015959240.1_4534	KPN_RS23540
lcl|NC_009648.1_cds_WP_002884183.1_4535	KPN_RS23545
lcl|NC_009648.1_cds_WP_004177871.1_4536	KPN_RS23550
lcl|NC_009648.1_cds_WP_004152310.1_4537	KPN_RS23555
lcl|NC_009648.1_cds_WP_004873297.1_4538	KPN_RS23560
lcl|NC_009648.1_cds_WP_002884324.1_4539	KPN_RS23565
lcl|NC_009648.1_cds_WP_002884327.1_4540	KPN_RS23570
lcl|NC_009648.1_cds_WP_002884329.1_4541	KPN_RS23575
lcl|NC_009648.1_cds_WP_004152311.1_4542	KPN_RS23580
lcl|NC_009648.1_cds_WP_015959241.1_4543	KPN_RS23585
lcl|NC_009648.1_cds_WP_002884342.1_4544	KPN_RS23590
lcl|NC_009648.1_cds_WP_002884344.1_4545	KPN_RS23595
lcl|NC_009648.1_cds_WP_002884346.1_4546	KPN_RS23600
lcl|NC_009648.1_cds_WP_015959242.1_4547	KPN_RS23610
lcl|NC_009648.1_cds_WP_015959243.1_4548	KPN_RS23615
lcl|NC_009648.1_cds_WP_002884357.1_4549	KPN_RS23620
lcl|NC_009648.1_cds_WP_015959244.1_4550	KPN_RS23625
lcl|NC_009648.1_cds_WP_015959245.1_4551	KPN_RS23655
lcl|NC_009648.1_cds_WP_004146576.1_4552	KPN_RS23660
lcl|NC_009648.1_cds_WP_015959246.1_4553	KPN_RS23665
lcl|NC_009648.1_cds_WP_029602897.1_4554	KPN_RS23670
lcl|NC_009648.1_cds_WP_002884575.1_4555	KPN_RS23675
lcl|NC_009648.1_cds_WP_002884578.1_4556	KPN_RS23680
lcl|NC_009648.1_cds_WP_015959249.1_4557	KPN_RS23685
lcl|NC_009648.1_cds_WP_004177864.1_4558	KPN_RS23690
lcl|NC_009648.1_cds_WP_004221827.1_4559	KPN_RS23695
lcl|NC_009648.1_cds_WP_015959250.1_4560	KPN_RS23700
lcl|NC_009648.1_cds_WP_002884590.1_4561	KPN_RS23705
lcl|NC_009648.1_cds_WP_002884608.1_4562	KPN_RS23710
lcl|NC_009648.1_cds_WP_004151751.1_4563	KPN_RS23715
lcl|NC_009648.1_cds_WP_015959253.1_4564	KPN_RS23720
lcl|NC_009648.1_cds_WP_002884614.1_4565	KPN_RS23725
lcl|NC_009648.1_cds_WP_002884616.1_4566	KPN_RS23730
lcl|NC_009648.1_cds_WP_002884619.1_4567	KPN_RS23735
lcl|NC_009648.1_cds_WP_002884625.1_4568	KPN_RS23740
lcl|NC_009648.1_cds_WP_002884627.1_4569	KPN_RS23745
lcl|NC_009648.1_cds_WP_004146591.1_4570	KPN_RS23750
lcl|NC_009648.1_cds_WP_002884631.1_4571	KPN_RS23755
lcl|NC_009648.1_cds_WP_004177857.1_4572	KPN_RS23760
lcl|NC_009648.1_cds_WP_004177856.1_4573	KPN_RS23765
lcl|NC_009648.1_cds_WP_004178266.1_4574	KPN_RS23770
lcl|NC_009648.1_cds_WP_004177855.1_4575	KPN_RS23775
lcl|NC_009648.1_cds_WP_004177854.1_4576	KPN_RS23780
lcl|NC_009648.1_cds_WP_015959255.1_4577	KPN_RS23785
lcl|NC_009648.1_cds_WP_002884721.1_4578	KPN_RS23790
lcl|NC_009648.1_cds_WP_002884725.1_4579	KPN_RS23795
lcl|NC_009648.1_cds_WP_002884726.1_4580	KPN_RS23800
lcl|NC_009648.1_cds_WP_002884740.1_4581	KPN_RS23805
lcl|NC_009648.1_cds_WP_002884743.1_4582	KPN_RS23810
lcl|NC_009648.1_cds_WP_002884747.1_4583	KPN_RS23815
lcl|NC_009648.1_cds_WP_004151749.1_4584	KPN_RS23820
lcl|NC_009648.1_cds_WP_002884807.1_4585	KPN_RS23825
lcl|NC_009648.1_cds_WP_002884808.1_4586	KPN_RS23830
lcl|NC_009648.1_cds_WP_004178269.1_4587	KPN_RS23835
lcl|NC_009648.1_cds_WP_002884819.1_4588	KPN_RS23840
lcl|NC_009648.1_cds_WP_002884822.1_4589	KPN_RS23845
lcl|NC_009648.1_cds_WP_015959257.1_4590	KPN_RS23850
lcl|NC_009648.1_cds_WP_004219133.1_4591	KPN_RS31825
lcl|NC_009648.1_cds_WP_004151747.1_4592	KPN_RS23860
lcl|NC_009648.1_cds_WP_002884931.1_4593	KPN_RS23865
lcl|NC_009648.1_cds_WP_002884935.1_4594	KPN_RS23875
lcl|NC_009648.1_cds_WP_041937695.1_4595	KPN_RS23880
lcl|NC_009648.1_cds_WP_009484997.1_4596	KPN_RS23885
lcl|NC_009648.1_cds_WP_002884941.1_4597	KPN_RS23890
lcl|NC_009648.1_cds_WP_002884942.1_4598	KPN_RS23895
lcl|NC_009648.1_cds_WP_015959259.1_4599	KPN_RS23900
lcl|NC_009648.1_cds_WP_002884946.1_4600	KPN_RS23905
lcl|NC_009648.1_cds_WP_004151745.1_4601	KPN_RS23910
lcl|NC_009648.1_cds_WP_002884951.1_4602	KPN_RS23915
lcl|NC_009648.1_cds_WP_002884953.1_4603	KPN_RS23920
lcl|NC_009648.1_cds_WP_004146620.1_4604	KPN_RS23925
lcl|NC_009648.1_cds_WP_004151744.1_4605	KPN_RS23930
lcl|NC_009648.1_cds_WP_015959261.1_4606	KPN_RS23935
lcl|NC_009648.1_cds_WP_015959262.1_4607	KPN_RS23945
lcl|NC_009648.1_cds_WP_004186495.1_4608	KPN_RS23950
lcl|NC_009648.1_cds_WP_004186498.1_4609	KPN_RS23955
lcl|NC_009648.1_cds_WP_004192625.1_4610	KPN_RS23965
lcl|NC_009648.1_cds_WP_004186501.1_4611	KPN_RS23970
lcl|NC_009648.1_cds_WP_002885039.1_4612	KPN_RS23975
lcl|NC_009648.1_cds_WP_004177841.1_4613	KPN_RS23980
lcl|NC_009648.1_cds_WP_004186508.1_4614	KPN_RS23985
lcl|NC_009648.1_cds_WP_002885048.1_4615	KPN_RS23990
lcl|NC_009648.1_cds_WP_004177837.1_4616	KPN_RS23995
lcl|NC_009648.1_cds_WP_004177835.1_4617	KPN_RS24000
lcl|NC_009648.1_cds_WP_004177833.1_4618	KPN_RS24005
lcl|NC_009648.1_cds_WP_004186517.1_4619	KPN_RS24010
lcl|NC_009648.1_cds_WP_004177826.1_4620	KPN_RS24015
lcl|NC_009648.1_cds_WP_004177824.1_4621	KPN_RS24020
lcl|NC_009648.1_cds_WP_004151738.1_4622	KPN_RS24025
lcl|NC_009648.1_cds_WP_002885077.1_4623	KPN_RS24030
lcl|NC_009648.1_cds_WP_002885078.1_4624	KPN_RS24035
lcl|NC_009648.1_cds_WP_002885079.1_4625	KPN_RS24040
lcl|NC_009648.1_cds_WP_002885082.1_4626	KPN_RS24045
lcl|NC_009648.1_cds_WP_002885085.1_4627	KPN_RS24050
lcl|NC_009648.1_cds_WP_002885086.1_4628	KPN_RS24055
lcl|NC_009648.1_cds_WP_002885088.1_4629	KPN_RS24060
lcl|NC_009648.1_cds_WP_004192602.1_4630	KPN_RS24070
lcl|NC_009648.1_cds_WP_004210006.1_4631	KPN_RS24075
lcl|NC_009648.1_cds_WP_019725412.1_4632	KPN_RS24080
lcl|NC_009648.1_cds_WP_004151734.1_4633	KPN_RS24085
lcl|NC_009648.1_cds_WP_041937697.1_4634	KPN_RS24090
lcl|NC_009648.1_cds_WP_024623073.1_4635	KPN_RS24095
lcl|NC_009648.1_cds_WP_004177812.1_4636	KPN_RS24100
lcl|NC_009648.1_cds_WP_002885145.1_4637	KPN_RS24110
lcl|NC_009648.1_cds_WP_004226113.1_4638	KPN_RS24115
lcl|NC_009648.1_cds_WP_004146659.1_4639	KPN_RS24120
lcl|NC_009648.1_cds_WP_004151733.1_4640	KPN_RS24125
lcl|NC_009648.1_cds_WP_077598928.1_4641	KPN_RS24130
lcl|NC_009648.1_cds_WP_002885152.1_4642	KPN_RS24145
lcl|NC_009648.1_cds_WP_004177809.1_4643	KPN_RS24150
lcl|NC_009648.1_cds_WP_015959269.1_4644	KPN_RS24155
lcl|NC_009648.1_cds_WP_015959270.1_4645	KPN_RS24160
lcl|NC_009648.1_cds_WP_002885156.1_4646	KPN_RS24165
lcl|NC_009648.1_cds_WP_002885172.1_4647	KPN_RS24170
lcl|NC_009648.1_cds_WP_002885173.1_4648	KPN_RS24175
lcl|NC_009648.1_cds_WP_004151730.1_4649	KPN_RS24180
lcl|NC_009648.1_cds_WP_004151729.1_4650	KPN_RS24185
lcl|NC_009648.1_cds_WP_004178303.1_4651	KPN_RS24190
lcl|NC_009648.1_cds_WP_015959271.1_4652	KPN_RS24195
lcl|NC_009648.1_cds_WP_004177788.1_4653	KPN_RS24200
lcl|NC_009648.1_cds_WP_015959272.1_4654	KPN_RS24205
lcl|NC_009648.1_cds_WP_004178305.1_4655	KPN_RS24210
lcl|NC_009648.1_cds_WP_002885202.1_4656	KPN_RS24215
lcl|NC_009648.1_cds_WP_015959273.1_4657	KPN_RS24220
lcl|NC_009648.1_cds_WP_002885207.1_4658	KPN_RS24225
lcl|NC_009648.1_cds_WP_004210036.1_4659	KPN_RS24230
lcl|NC_009648.1_cds_WP_004177785.1_4660	KPN_RS24235
lcl|NC_009648.1_cds_WP_002885221.1_4661	KPN_RS24240
lcl|NC_009648.1_cds_WP_004210038.1_4662	KPN_RS24245
lcl|NC_009648.1_cds_WP_004151725.1_4663	KPN_RS32650
lcl|NC_009648.1_cds_WP_004177782.1_4664	KPN_RS24255
lcl|NC_009648.1_cds_WP_002885229.1_4665	KPN_RS24260
lcl|NC_009648.1_cds_WP_004186565.1_4666	KPN_RS24265
lcl|NC_009648.1_cds_WP_004218080.1_4667	KPN_RS24270
lcl|NC_009648.1_cds_WP_004146677.1_4668	KPN_RS31845
lcl|NC_009648.1_cds_WP_004177778.1_4669	KPN_RS24280
lcl|NC_009648.1_cds_WP_004186571.1_4670	KPN_RS24285
lcl|NC_009648.1_cds_WP_002885324.1_4671	KPN_RS24290
lcl|NC_009648.1_cds_WP_004210044.1_4672	KPN_RS24295
lcl|NC_009648.1_cds_WP_020316611.1_4673	KPN_RS31850
lcl|NC_009648.1_cds_WP_026005887.1_4674	KPN_RS24305
lcl|NC_009648.1_cds_WP_002885391.1_4675	KPN_RS24315
lcl|NC_009648.1_cds_WP_004210047.1_4676	KPN_RS24320
lcl|NC_009648.1_cds_WP_004210049.1_4677	KPN_RS24325
lcl|NC_009648.1_cds_WP_041937738.1_4678	KPN_RS24330
lcl|NC_009648.1_cds_WP_072198926.1_4679	KPN_RS24335
lcl|NC_009648.1_cds_WP_002885396.1_4680	KPN_RS24340
lcl|NC_009648.1_cds_WP_004146686.1_4681	KPN_RS31860
lcl|NC_009648.1_cds_WP_004153693.1_4682	KPN_RS24350
lcl|NC_009648.1_cds_WP_009484467.1_4683	KPN_RS24355
lcl|NC_009648.1_cds_WP_009484466.1_4684	KPN_RS24360
lcl|NC_009648.1_cds_WP_009484465.1_4685	KPN_RS24365
lcl|NC_009648.1_cds_WP_087661600.1_4686	KPN_RS30715
lcl|NC_009648.1_cds_WP_004177767.1_4687	KPN_RS24395
lcl|NC_009648.1_cds_WP_002885410.1_4688	KPN_RS24400
lcl|NC_009648.1_cds_WP_015959279.1_4689	KPN_RS24405
lcl|NC_009648.1_cds_WP_002885422.1_4690	KPN_RS24410
lcl|NC_009648.1_cds_WP_002885423.1_4691	KPN_RS24415
lcl|NC_009648.1_cds_WP_004177762.1_4692	KPN_RS24420
lcl|NC_009648.1_cds_WP_002885425.1_4693	KPN_RS24430
lcl|NC_009648.1_cds_WP_015959280.1_4694	KPN_RS24435
lcl|NC_009648.1_cds_WP_015959281.1_4695	KPN_RS24445
lcl|NC_009648.1_cds_WP_002885441.1_4696	KPN_RS24450
lcl|NC_009648.1_cds_WP_004152419.1_4697	KPN_RS24455
lcl|NC_009648.1_cds_WP_015959282.1_4698	KPN_RS24460
lcl|NC_009648.1_cds_WP_004192519.1_4699	KPN_RS24465
lcl|NC_009648.1_cds_WP_004177748.1_4700	KPN_RS24470
lcl|NC_009648.1_cds_WP_004177746.1_4701	KPN_RS24475
lcl|NC_009648.1_cds_WP_004177744.1_4702	KPN_RS24480
lcl|NC_009648.1_cds_WP_041937698.1_4703	KPN_RS24485
lcl|NC_009648.1_cds_WP_004177740.1_4704	KPN_RS24490
lcl|NC_009648.1_cds_WP_004177738.1_4705	KPN_RS24495
lcl|NC_009648.1_cds_WP_041937699.1_4706	KPN_RS24500
lcl|NC_009648.1_cds_WP_002885500.1_4707	KPN_RS24505
lcl|NC_009648.1_cds_WP_002885506.1_4708	KPN_RS24510
lcl|NC_009648.1_cds_WP_002885511.1_4709	KPN_RS24515
lcl|NC_009648.1_cds_WP_002885518.1_4710	KPN_RS24520
lcl|NC_009648.1_cds_WP_002885521.1_4711	KPN_RS24525
lcl|NC_009648.1_cds_WP_002885523.1_4712	KPN_RS24530
lcl|NC_009648.1_cds_WP_002885526.1_4713	KPN_RS24535
lcl|NC_009648.1_cds_WP_015959287.1_4714	KPN_RS24540
lcl|NC_009648.1_cds_WP_004177729.1_4715	KPN_RS24545
lcl|NC_009648.1_cds_WP_015959288.1_4716	KPN_RS24550
lcl|NC_009648.1_cds_WP_004146714.1_4717	KPN_RS24555
lcl|NC_009648.1_cds_WP_004178330.1_4718	KPN_RS24560
lcl|NC_009648.1_cds_WP_004146716.1_4719	KPN_RS24565
lcl|NC_009648.1_cds_WP_002885536.1_4720	KPN_RS24570
lcl|NC_009648.1_cds_WP_002885537.1_4721	KPN_RS24575
lcl|NC_009648.1_cds_WP_015959290.1_4722	KPN_RS24580
lcl|NC_009648.1_cds_WP_004177719.1_4723	KPN_RS24585
lcl|NC_009648.1_cds_WP_004178333.1_4724	KPN_RS24610
lcl|NC_009648.1_cds_WP_004198690.1_4725	KPN_RS24615
lcl|NC_009648.1_cds_WP_002885589.1_4726	KPN_RS24620
lcl|NC_009648.1_cds_WP_015959291.1_4727	KPN_RS24625
lcl|NC_009648.1_cds_WP_004222064.1_4728	KPN_RS24630
lcl|NC_009648.1_cds_WP_002885652.1_4729	KPN_RS24635
lcl|NC_009648.1_cds_WP_002885659.1_4730	KPN_RS24640
lcl|NC_009648.1_cds_WP_004146725.1_4731	KPN_RS24645
lcl|NC_009648.1_cds_WP_004146726.1_4732	KPN_RS24650
lcl|NC_009648.1_cds_WP_002885662.1_4733	KPN_RS24655
lcl|NC_009648.1_cds_WP_002885663.1_4734	KPN_RS24660
lcl|NC_009648.1_cds_WP_002885664.1_4735	KPN_RS24670
lcl|NC_009648.1_cds_WP_002885665.1_4736	KPN_RS24675
lcl|NC_009648.1_cds_WP_002885667.1_4737	KPN_RS24680
lcl|NC_009648.1_cds_WP_004192475.1_4738	KPN_RS24685
lcl|NC_009648.1_cds_WP_002885669.1_4739	KPN_RS24690
lcl|NC_009648.1_cds_WP_032434369.1_4740	KPN_RS24695
lcl|NC_009648.1_cds_WP_002885673.1_4741	KPN_RS24700
lcl|NC_009648.1_cds_WP_004177699.1_4742	KPN_RS24705
lcl|NC_009648.1_cds_WP_004192466.1_4743	KPN_RS24710
lcl|NC_009648.1_cds_WP_004177697.1_4744	KPN_RS24715
lcl|NC_009648.1_cds_WP_004194176.1_4745	KPN_RS24720
lcl|NC_009648.1_cds_WP_002885681.1_4746	KPN_RS24725
lcl|NC_009648.1_cds_WP_002885682.1_4747	KPN_RS24730
lcl|NC_009648.1_cds_WP_002885683.1_4748	KPN_RS24735
lcl|NC_009648.1_cds_WP_002885684.1_4749	KPN_RS24740
lcl|NC_009648.1_cds_WP_004210671.1_4750	KPN_RS24745
lcl|NC_009648.1_cds_WP_015959293.1_4751	KPN_RS24750
lcl|NC_009648.1_cds_WP_004177693.1_4752	KPN_RS24755
lcl|NC_009648.1_cds_WP_002885689.1_4753	KPN_RS24760
lcl|NC_009648.1_cds_WP_002885691.1_4754	KPN_RS24765
lcl|NC_009648.1_cds_WP_002885722.1_4755	KPN_RS24770
lcl|NC_009648.1_cds_WP_000135199.1_4756	KPN_RS24775
lcl|NC_009648.1_cds_WP_002886682.1_4757	KPN_RS24780
lcl|NC_009648.1_cds_KPN_RS24785_4758	KPN_RS24785
lcl|NC_009648.1_cds_WP_002886687.1_4759	KPN_RS24790
lcl|NC_009648.1_cds_WP_015959296.1_4760	KPN_RS24795
lcl|NC_009648.1_cds_WP_004152016.1_4761	KPN_RS24800
lcl|NC_009648.1_cds_WP_002886691.1_4762	KPN_RS24805
lcl|NC_009648.1_cds_WP_002886699.1_4763	KPN_RS24810
lcl|NC_009648.1_cds_WP_002886702.1_4764	KPN_RS24815
lcl|NC_009648.1_cds_WP_004152015.1_4765	KPN_RS24820
lcl|NC_009648.1_cds_WP_015959297.1_4766	KPN_RS24825
lcl|NC_009648.1_cds_WP_004177677.1_4767	KPN_RS24830
lcl|NC_009648.1_cds_WP_002886706.1_4768	KPN_RS24835
lcl|NC_009648.1_cds_WP_002886707.1_4769	KPN_RS24840
lcl|NC_009648.1_cds_WP_004178353.1_4770	KPN_RS24845
lcl|NC_009648.1_cds_WP_004210661.1_4771	KPN_RS24850
lcl|NC_009648.1_cds_WP_041937700.1_4772	KPN_RS24855
lcl|NC_009648.1_cds_WP_002886718.1_4773	KPN_RS24860
lcl|NC_009648.1_cds_WP_002886721.1_4774	KPN_RS24865
lcl|NC_009648.1_cds_WP_002886722.1_4775	KPN_RS24870
lcl|NC_009648.1_cds_WP_004210658.1_4776	KPN_RS24875
lcl|NC_009648.1_cds_WP_002886724.1_4777	KPN_RS24880
lcl|NC_009648.1_cds_WP_015959299.1_4778	KPN_RS24885
lcl|NC_009648.1_cds_WP_015959300.1_4779	KPN_RS24890
lcl|NC_009648.1_cds_WP_015959301.1_4780	KPN_RS24895
lcl|NC_009648.1_cds_WP_002886769.1_4781	KPN_RS24900
lcl|NC_009648.1_cds_WP_002886772.1_4782	KPN_RS24910
lcl|NC_009648.1_cds_WP_004152011.1_4783	KPN_RS24915
lcl|NC_009648.1_cds_WP_015959303.1_4784	KPN_RS24920
lcl|NC_009648.1_cds_WP_002886827.1_4785	KPN_RS24925
lcl|NC_009648.1_cds_WP_041937701.1_4786	KPN_RS24930
lcl|NC_009648.1_cds_WP_015959305.1_4787	KPN_RS24935
lcl|NC_009648.1_cds_WP_015959306.1_4788	KPN_RS24940
lcl|NC_009648.1_cds_WP_032409181.1_4789	KPN_RS31875
lcl|NC_009648.1_cds_WP_004177664.1_4790	KPN_RS24950
lcl|NC_009648.1_cds_WP_004152265.1_4791	KPN_RS24955
lcl|NC_009648.1_cds_WP_002886893.1_4792	KPN_RS24960
lcl|NC_009648.1_cds_WP_032435474.1_4793	KPN_RS31880
lcl|NC_009648.1_cds_WP_002886894.1_4794	KPN_RS24970
lcl|NC_009648.1_cds_WP_015959307.1_4795	KPN_RS24975
lcl|NC_009648.1_cds_WP_002886896.1_4796	KPN_RS24980
lcl|NC_009648.1_cds_WP_002886897.1_4797	KPN_RS24985
lcl|NC_009648.1_cds_WP_004152267.1_4798	KPN_RS24990
lcl|NC_009648.1_cds_WP_015959308.1_4799	KPN_RS24995
lcl|NC_009648.1_cds_WP_015959309.1_4800	KPN_RS25000
lcl|NC_009648.1_cds_WP_015959310.1_4801	KPN_RS25005
lcl|NC_009648.1_cds_WP_004178372.1_4802	KPN_RS25010
lcl|NC_009648.1_cds_WP_015959311.1_4803	KPN_RS25015
lcl|NC_009648.1_cds_WP_002886901.1_4804	KPN_RS25020
lcl|NC_009648.1_cds_WP_004178374.1_4805	KPN_RS25025
lcl|NC_009648.1_cds_WP_004222151.1_4806	KPN_RS25030
lcl|NC_009648.1_cds_WP_004186701.1_4807	KPN_RS25035
lcl|NC_009648.1_cds_WP_002886905.1_4808	KPN_RS25045
lcl|NC_009648.1_cds_WP_032103426.1_4809	KPN_RS31885
lcl|NC_009648.1_cds_WP_012737232.1_4810	KPN_RS25055
lcl|NC_009648.1_cds_WP_015959312.1_4811	KPN_RS25060
lcl|NC_009648.1_cds_WP_004177661.1_4812	KPN_RS25065
lcl|NC_009648.1_cds_WP_015959313.1_4813	KPN_RS25070
lcl|NC_009648.1_cds_WP_004186710.1_4814	KPN_RS25075
lcl|NC_009648.1_cds_WP_015959314.1_4815	KPN_RS25080
lcl|NC_009648.1_cds_WP_004152273.1_4816	KPN_RS25085
lcl|NC_009648.1_cds_WP_002886926.1_4817	KPN_RS25090
lcl|NC_009648.1_cds_WP_002886927.1_4818	KPN_RS25095
lcl|NC_009648.1_cds_WP_002886928.1_4819	KPN_RS25100
lcl|NC_009648.1_cds_WP_002886930.1_4820	KPN_RS29470
lcl|NC_009648.1_cds_WP_004894676.1_4821	KPN_RS25105
lcl|NC_009648.1_cds_WP_004178387.1_4822	KPN_RS25110
lcl|NC_009648.1_cds_WP_002886947.1_4823	KPN_RS25115
lcl|NC_009648.1_cds_WP_015959315.1_4824	KPN_RS25120
lcl|NC_009648.1_cds_WP_004152275.1_4825	KPN_RS25125
lcl|NC_009648.1_cds_WP_015959316.1_4826	KPN_RS25130
lcl|NC_009648.1_cds_WP_015959317.1_4827	KPN_RS25135
lcl|NC_009648.1_cds_WP_002886954.1_4828	KPN_RS25140
lcl|NC_009648.1_cds_WP_002886955.1_4829	KPN_RS25145
lcl|NC_009648.1_cds_WP_002886956.1_4830	KPN_RS25150
lcl|NC_009648.1_cds_WP_004210619.1_4831	KPN_RS25155
lcl|NC_009648.1_cds_WP_004178392.1_4832	KPN_RS25160
lcl|NC_009648.1_cds_WP_004146794.1_4833	KPN_RS25165
lcl|NC_009648.1_cds_WP_004177654.1_4834	KPN_RS25170
lcl|NC_009648.1_cds_WP_004152190.1_4835	KPN_RS25175
lcl|NC_009648.1_cds_WP_015959319.1_4836	KPN_RS25180
lcl|NC_009648.1_cds_WP_004152191.1_4837	KPN_RS25190
lcl|NC_009648.1_cds_WP_004186740.1_4838	KPN_RS25195
lcl|NC_009648.1_cds_WP_015959321.1_4839	KPN_RS25200
lcl|NC_009648.1_cds_WP_002886970.1_4840	KPN_RS25205
lcl|NC_009648.1_cds_WP_015959322.1_4841	KPN_RS25210
lcl|NC_009648.1_cds_WP_004177647.1_4842	KPN_RS25215
lcl|NC_009648.1_cds_WP_004192335.1_4843	KPN_RS25220
lcl|NC_009648.1_cds_WP_004894651.1_4844	KPN_RS25225
lcl|NC_009648.1_cds_WP_012737244.1_4845	KPN_RS25230
lcl|NC_009648.1_cds_WP_004178400.1_4846	KPN_RS25235
lcl|NC_009648.1_cds_WP_015959323.1_4847	KPN_RS25240
lcl|NC_009648.1_cds_WP_015959324.1_4848	KPN_RS25245
lcl|NC_009648.1_cds_KPN_RS25255_4849	KPN_RS25255
lcl|NC_009648.1_cds_WP_015959327.1_4850	KPN_RS25260
lcl|NC_009648.1_cds_WP_015959328.1_4851	KPN_RS25265
lcl|NC_009648.1_cds_WP_015959329.1_4852	KPN_RS25270
lcl|NC_009648.1_cds_WP_015959330.1_4853	KPN_RS25275
lcl|NC_009648.1_cds_WP_015959331.1_4854	KPN_RS25280
lcl|NC_009648.1_cds_WP_015959332.1_4855	KPN_RS25285
lcl|NC_009648.1_cds_WP_032428106.1_4856	KPN_RS25290
lcl|NC_009648.1_cds_WP_015959334.1_4857	KPN_RS25295
lcl|NC_009648.1_cds_WP_015959335.1_4858	KPN_RS25300
lcl|NC_009648.1_cds_WP_015959336.1_4859	KPN_RS25305
lcl|NC_009648.1_cds_WP_015959337.1_4860	KPN_RS30735
lcl|NC_009648.1_cds_WP_015959338.1_4861	KPN_RS25310
lcl|NC_009648.1_cds_WP_012737303.1_4862	KPN_RS25315
lcl|NC_009648.1_cds_WP_015959339.1_4863	KPN_RS25320
lcl|NC_009648.1_cds_WP_015959340.1_4864	KPN_RS25325
lcl|NC_009648.1_cds_WP_001561320.1_4865	KPN_RS25330
lcl|NC_009648.1_cds_WP_015959341.1_4866	KPN_RS25335
lcl|NC_009648.1_cds_WP_012737308.1_4867	KPN_RS25340
lcl|NC_009648.1_cds_WP_015959342.1_4868	KPN_RS25345
lcl|NC_009648.1_cds_WP_015959343.1_4869	KPN_RS25350
lcl|NC_009648.1_cds_WP_015959344.1_4870	KPN_RS25355
lcl|NC_009648.1_cds_WP_015959345.1_4871	KPN_RS25360
lcl|NC_009648.1_cds_WP_015959346.1_4872	KPN_RS29495
lcl|NC_009648.1_cds_WP_032428110.1_4873	KPN_RS25380
lcl|NC_009648.1_cds_KPN_RS30740_4874	KPN_RS30740
lcl|NC_009648.1_cds_WP_006686502.1_4875	KPN_RS25385
lcl|NC_009648.1_cds_WP_015959347.1_4876	KPN_RS25390
lcl|NC_009648.1_cds_WP_032428111.1_4877	KPN_RS25395
lcl|NC_009648.1_cds_WP_015959348.1_4878	KPN_RS25400
lcl|NC_009648.1_cds_KPN_RS29500_4879	KPN_RS29500
lcl|NC_009648.1_cds_WP_004186803.1_4880	KPN_RS25410
lcl|NC_009648.1_cds_KPN_RS30190_4881	KPN_RS30190
lcl|NC_009648.1_cds_KPN_RS29510_4882	KPN_RS29510
lcl|NC_009648.1_cds_WP_032428112.1_4883	KPN_RS25420
lcl|NC_009648.1_cds_KPN_RS25425_4884	KPN_RS25425
lcl|NC_009648.1_cds_KPN_RS29515_4885	KPN_RS29515
lcl|NC_009648.1_cds_WP_016946727.1_4886	KPN_RS32470
lcl|NC_009648.1_cds_KPN_RS32255_4887	KPN_RS32255
lcl|NC_009648.1_cds_WP_004186812.1_4888	KPN_RS25440
lcl|NC_009648.1_cds_WP_004186815.1_4889	KPN_RS25445
lcl|NC_009648.1_cds_WP_004186817.1_4890	KPN_RS25450
lcl|NC_009648.1_cds_WP_004153321.1_4891	KPN_RS25455
lcl|NC_009648.1_cds_WP_004178432.1_4892	KPN_RS25460
lcl|NC_009648.1_cds_WP_004146875.1_4893	KPN_RS25470
lcl|NC_009648.1_cds_WP_015959355.1_4894	KPN_RS25475
lcl|NC_009648.1_cds_WP_015959356.1_4895	KPN_RS25480
lcl|NC_009648.1_cds_WP_004186821.1_4896	KPN_RS25485
lcl|NC_009648.1_cds_WP_015959357.1_4897	KPN_RS25490
lcl|NC_009648.1_cds_WP_015959358.1_4898	KPN_RS25495
lcl|NC_009648.1_cds_WP_004894582.1_4899	KPN_RS25500
lcl|NC_009648.1_cds_WP_015959359.1_4900	KPN_RS25505
lcl|NC_009648.1_cds_WP_015959360.1_4901	KPN_RS25510
lcl|NC_009648.1_cds_WP_004178448.1_4902	KPN_RS25515
lcl|NC_009648.1_cds_WP_004177571.1_4903	KPN_RS25520
lcl|NC_009648.1_cds_WP_002887259.1_4904	KPN_RS25525
lcl|NC_009648.1_cds_WP_015959361.1_4905	KPN_RS25530
lcl|NC_009648.1_cds_WP_015959362.1_4906	KPN_RS25535
lcl|NC_009648.1_cds_WP_015959363.1_4907	KPN_RS25540
lcl|NC_009648.1_cds_WP_015959364.1_4908	KPN_RS25545
lcl|NC_009648.1_cds_WP_032428115.1_4909	KPN_RS25550
lcl|NC_009648.1_cds_WP_002887273.1_4910	KPN_RS25560
lcl|NC_009648.1_cds_WP_015959366.1_4911	KPN_RS25565
lcl|NC_009648.1_cds_WP_032428116.1_4912	KPN_RS25570
lcl|NC_009648.1_cds_WP_002887280.1_4913	KPN_RS25575
lcl|NC_009648.1_cds_WP_002887282.1_4914	KPN_RS25580
lcl|NC_009648.1_cds_WP_002887322.1_4915	KPN_RS25610
lcl|NC_009648.1_cds_WP_040221657.1_4916	KPN_RS25615
lcl|NC_009648.1_cds_WP_015959368.1_4917	KPN_RS25620
lcl|NC_009648.1_cds_WP_004178470.1_4918	KPN_RS25625
lcl|NC_009648.1_cds_WP_015959369.1_4919	KPN_RS25630
lcl|NC_009648.1_cds_WP_002887349.1_4920	KPN_RS25635
lcl|NC_009648.1_cds_WP_004146908.1_4921	KPN_RS25640
lcl|NC_009648.1_cds_WP_004146909.1_4922	KPN_RS25645
lcl|NC_009648.1_cds_WP_002887352.1_4923	KPN_RS25650
lcl|NC_009648.1_cds_WP_004177550.1_4924	KPN_RS25655
lcl|NC_009648.1_cds_WP_004178483.1_4925	KPN_RS25660
lcl|NC_009648.1_cds_WP_004146118.1_4926	KPN_RS25665
lcl|NC_009648.1_cds_WP_002887384.1_4927	KPN_RS25670
lcl|NC_009648.1_cds_WP_002887388.1_4928	KPN_RS25675
lcl|NC_009648.1_cds_WP_004177547.1_4929	KPN_RS25680
lcl|NC_009648.1_cds_WP_002887394.1_4930	KPN_RS25685
lcl|NC_009648.1_cds_WP_002887411.1_4931	KPN_RS25690
lcl|NC_009648.1_cds_WP_002887412.1_4932	KPN_RS25695
lcl|NC_009648.1_cds_WP_002887413.1_4933	KPN_RS25700
lcl|NC_009648.1_cds_WP_002887414.1_4934	KPN_RS25705
lcl|NC_009648.1_cds_WP_002887416.1_4935	KPN_RS25710
lcl|NC_009648.1_cds_WP_004894536.1_4936	KPN_RS25715
lcl|NC_009648.1_cds_WP_004146918.1_4937	KPN_RS25720
lcl|NC_009648.1_cds_WP_004177543.1_4938	KPN_RS25725
lcl|NC_009648.1_cds_WP_015959370.1_4939	KPN_RS25730
lcl|NC_009648.1_cds_WP_002887421.1_4940	KPN_RS25735
lcl|NC_009648.1_cds_WP_004146105.1_4941	KPN_RS25740
lcl|NC_009648.1_cds_WP_004177540.1_4942	KPN_RS25745
lcl|NC_009648.1_cds_WP_002887442.1_4943	KPN_RS25750
lcl|NC_009648.1_cds_WP_002887451.1_4944	KPN_RS25755
lcl|NC_009648.1_cds_WP_002887454.1_4945	KPN_RS25760
lcl|NC_009648.1_cds_WP_041937702.1_4946	KPN_RS25765
lcl|NC_009648.1_cds_WP_002887465.1_4947	KPN_RS25770
lcl|NC_009648.1_cds_WP_002887467.1_4948	KPN_RS25775
lcl|NC_009648.1_cds_WP_002887473.1_4949	KPN_RS25780
lcl|NC_009648.1_cds_WP_015959372.1_4950	KPN_RS25785
lcl|NC_009648.1_cds_WP_015959373.1_4951	KPN_RS25790
lcl|NC_009648.1_cds_WP_015959374.1_4952	KPN_RS25795
lcl|NC_009648.1_cds_WP_002887487.1_4953	KPN_RS25800
lcl|NC_009648.1_cds_WP_004151392.1_4954	KPN_RS25805
lcl|NC_009648.1_cds_WP_002887492.1_4955	KPN_RS25810
lcl|NC_009648.1_cds_WP_012737355.1_4956	KPN_RS25815
lcl|NC_009648.1_cds_WP_015959375.1_4957	KPN_RS25820
lcl|NC_009648.1_cds_WP_004146085.1_4958	KPN_RS25825
lcl|NC_009648.1_cds_KPN_RS31905_4959	KPN_RS31905
lcl|NC_009648.1_cds_WP_002887503.1_4960	KPN_RS25835
lcl|NC_009648.1_cds_KPN_RS32475_4961	KPN_RS32475
lcl|NC_009648.1_cds_WP_015959376.1_4962	KPN_RS25850
lcl|NC_009648.1_cds_WP_041937704.1_4963	KPN_RS25855
lcl|NC_009648.1_cds_WP_032409297.1_4964	KPN_RS31920
lcl|NC_009648.1_cds_WP_002887553.1_4965	KPN_RS25865
lcl|NC_009648.1_cds_WP_004222482.1_4966	KPN_RS25870
lcl|NC_009648.1_cds_WP_004222484.1_4967	KPN_RS25875
lcl|NC_009648.1_cds_WP_015959379.1_4968	KPN_RS25880
lcl|NC_009648.1_cds_WP_004146077.1_4969	KPN_RS25885
lcl|NC_009648.1_cds_WP_004177525.1_4970	KPN_RS25890
lcl|NC_009648.1_cds_WP_002887560.1_4971	KPN_RS25895
lcl|NC_009648.1_cds_WP_004894480.1_4972	KPN_RS25900
lcl|NC_009648.1_cds_WP_015959380.1_4973	KPN_RS25905
lcl|NC_009648.1_cds_WP_002887606.1_4974	KPN_RS25910
lcl|NC_009648.1_cds_WP_002887607.1_4975	KPN_RS25915
lcl|NC_009648.1_cds_WP_015959381.1_4976	KPN_RS25920
lcl|NC_009648.1_cds_WP_041937705.1_4977	KPN_RS25925
lcl|NC_009648.1_cds_WP_012737366.1_4978	KPN_RS25930
lcl|NC_009648.1_cds_WP_015959384.1_4979	KPN_RS25935
lcl|NC_009648.1_cds_WP_015959385.1_4980	KPN_RS25940
lcl|NC_009648.1_cds_WP_004222503.1_4981	KPN_RS25945
lcl|NC_009648.1_cds_WP_004177504.1_4982	KPN_RS25950
lcl|NC_009648.1_cds_WP_024622969.1_4983	KPN_RS25955
lcl|NC_009648.1_cds_WP_002887624.1_4984	KPN_RS25960
lcl|NC_009648.1_cds_WP_002887631.1_4985	KPN_RS25965
lcl|NC_009648.1_cds_WP_004146059.1_4986	KPN_RS25970
lcl|NC_009648.1_cds_WP_004146953.1_4987	KPN_RS25980
lcl|NC_009648.1_cds_WP_002887643.1_4988	KPN_RS25985
lcl|NC_009648.1_cds_WP_041937744.1_4989	KPN_RS25990
lcl|NC_009648.1_cds_WP_002887647.1_4990	KPN_RS25995
lcl|NC_009648.1_cds_WP_004151383.1_4991	KPN_RS26000
lcl|NC_009648.1_cds_WP_002887650.1_4992	KPN_RS26005
lcl|NC_009648.1_cds_WP_002887652.1_4993	KPN_RS26010
lcl|NC_009648.1_cds_WP_041937706.1_4994	KPN_RS26015
lcl|NC_009648.1_cds_WP_004221147.1_4995	KPN_RS31925
lcl|NC_009648.1_cds_WP_002887654.1_4996	KPN_RS26025
lcl|NC_009648.1_cds_WP_004177499.1_4997	KPN_RS26045
lcl|NC_009648.1_cds_WP_015959390.1_4998	KPN_RS26050
lcl|NC_009648.1_cds_WP_004222533.1_4999	KPN_RS26055
lcl|NC_009648.1_cds_WP_004146044.1_5000	KPN_RS26060
lcl|NC_009648.1_cds_WP_002887711.1_5001	KPN_RS26065
lcl|NC_009648.1_cds_WP_004146042.1_5002	KPN_RS26070
lcl|NC_009648.1_cds_WP_002887716.1_5003	KPN_RS26075
lcl|NC_009648.1_cds_WP_004146038.1_5004	KPN_RS26080
lcl|NC_009648.1_cds_WP_004178546.1_5005	KPN_RS26085
lcl|NC_009648.1_cds_WP_004146034.1_5006	KPN_RS26090
lcl|NC_009648.1_cds_WP_002887784.1_5007	KPN_RS26095
lcl|NC_009648.1_cds_WP_002887787.1_5008	KPN_RS26100
lcl|NC_009648.1_cds_WP_004151380.1_5009	KPN_RS26105
lcl|NC_009648.1_cds_WP_002887789.1_5010	KPN_RS26110
lcl|NC_009648.1_cds_WP_002887791.1_5011	KPN_RS26115
lcl|NC_009648.1_cds_WP_002887794.1_5012	KPN_RS26120
lcl|NC_009648.1_cds_WP_004177487.1_5013	KPN_RS26125
lcl|NC_009648.1_cds_WP_002887800.1_5014	KPN_RS26130
lcl|NC_009648.1_cds_WP_002887802.1_5015	KPN_RS26135
lcl|NC_009648.1_cds_WP_002887805.1_5016	KPN_RS26140
lcl|NC_009648.1_cds_WP_004182874.1_5017	KPN_RS26145
lcl|NC_009648.1_cds_WP_002887809.1_5018	KPN_RS26150
lcl|NC_009648.1_cds_WP_004178555.1_5019	KPN_RS26155
lcl|NC_009648.1_cds_WP_002887811.1_5020	KPN_RS26160
lcl|NC_009648.1_cds_WP_002887812.1_5021	KPN_RS26165
lcl|NC_009648.1_cds_WP_041937707.1_5022	KPN_RS26170
lcl|NC_009648.1_cds_WP_002887820.1_5023	KPN_RS26175
lcl|NC_009648.1_cds_WP_015959394.1_5024	KPN_RS26180
lcl|NC_009648.1_cds_WP_012737378.1_5025	KPN_RS26185
lcl|NC_009648.1_cds_WP_002887843.1_5026	KPN_RS26190
lcl|NC_009648.1_cds_WP_004146984.1_5027	KPN_RS30750
lcl|NC_009648.1_cds_WP_002887846.1_5028	KPN_RS26195
lcl|NC_009649.1_cds_WP_004152301.1_5029	KPN_RS26225
lcl|NC_009649.1_cds_WP_004178052.1_5030	KPN_RS26230
lcl|NC_009649.1_cds_WP_004152299.1_5031	KPN_RS32655
lcl|NC_009649.1_cds_WP_004228432.1_5032	KPN_RS26240
lcl|NC_009649.1_cds_WP_004152296.1_5033	KPN_RS26245
lcl|NC_009649.1_cds_KPN_RS32480_5034	KPN_RS32480
lcl|NC_009649.1_cds_WP_004152294.1_5035	KPN_RS26250
lcl|NC_009649.1_cds_WP_004199332.1_5036	KPN_RS26255
lcl|NC_009649.1_cds_WP_004171457.1_5037	KPN_RS29555
lcl|NC_009649.1_cds_WP_004152292.1_5038	KPN_RS26260
lcl|NC_009649.1_cds_WP_000093087.1_5039	KPN_RS26275
lcl|NC_009649.1_cds_WP_004152291.1_5040	KPN_RS26280
lcl|NC_009649.1_cds_WP_004152290.1_5041	KPN_RS26285
lcl|NC_009649.1_cds_WP_011977764.1_5042	KPN_RS26290
lcl|NC_009649.1_cds_WP_003846917.1_5043	KPN_RS26295
lcl|NC_009649.1_cds_WP_004152287.1_5044	KPN_RS26300
lcl|NC_009649.1_cds_WP_004152286.1_5045	KPN_RS26305
lcl|NC_009649.1_cds_KPN_RS32485_5046	KPN_RS32485
lcl|NC_009649.1_cds_WP_004152285.1_5047	KPN_RS32660
lcl|NC_009649.1_cds_WP_004152284.1_5048	KPN_RS26315
lcl|NC_009649.1_cds_WP_000427619.1_5049	KPN_RS26320
lcl|NC_009649.1_cds_WP_044117068.1_5050	KPN_RS26325
lcl|NC_009649.1_cds_KPN_RS26330_5051	KPN_RS26330
lcl|NC_009649.1_cds_KPN_RS26335_5052	KPN_RS26335
lcl|NC_009649.1_cds_WP_001198018.1_5053	KPN_RS26340
lcl|NC_009649.1_cds_WP_011977761.1_5054	KPN_RS26345
lcl|NC_009649.1_cds_WP_011977760.1_5055	KPN_RS26350
lcl|NC_009649.1_cds_WP_016240364.1_5056	KPN_RS26355
lcl|NC_009649.1_cds_WP_011977758.1_5057	KPN_RS29565
lcl|NC_009649.1_cds_KPN_RS26360_5058	KPN_RS26360
lcl|NC_009649.1_cds_WP_000427619.1_5059	KPN_RS26365
lcl|NC_009649.1_cds_WP_004198116.1_5060	KPN_RS26370
lcl|NC_009649.1_cds_WP_004217321.1_5061	KPN_RS26375
lcl|NC_009649.1_cds_KPN_RS26380_5062	KPN_RS26380
lcl|NC_009649.1_cds_WP_004153729.1_5063	KPN_RS26385
lcl|NC_009649.1_cds_WP_004152695.1_5064	KPN_RS26390
lcl|NC_009649.1_cds_WP_004152694.1_5065	KPN_RS26395
lcl|NC_009649.1_cds_WP_004152693.1_5066	KPN_RS26400
lcl|NC_009649.1_cds_WP_004152692.1_5067	KPN_RS26405
lcl|NC_009649.1_cds_KPN_RS26410_5068	KPN_RS26410
lcl|NC_009649.1_cds_WP_000019473.1_5069	KPN_RS26415
lcl|NC_009649.1_cds_WP_223174644.1_5070	KPN_RS26420
lcl|NC_009649.1_cds_KPN_RS30770_5071	KPN_RS30770
lcl|NC_009649.1_cds_WP_004118209.1_5072	KPN_RS30775
lcl|NC_009649.1_cds_WP_004118208.1_5073	KPN_RS30780
lcl|NC_009649.1_cds_WP_004152118.1_5074	KPN_RS26435
lcl|NC_009649.1_cds_WP_004152117.1_5075	KPN_RS26440
lcl|NC_009649.1_cds_WP_004152116.1_5076	KPN_RS26445
lcl|NC_009649.1_cds_WP_004152115.1_5077	KPN_RS26450
lcl|NC_009649.1_cds_KPN_RS32495_5078	KPN_RS32495
lcl|NC_009649.1_cds_WP_004152114.1_5079	KPN_RS26455
lcl|NC_009649.1_cds_KPN_RS26460_5080	KPN_RS26460
lcl|NC_009649.1_cds_KPN_RS30785_5081	KPN_RS30785
lcl|NC_009649.1_cds_WP_004218042.1_5082	KPN_RS32595
lcl|NC_009649.1_cds_WP_020314316.1_5083	KPN_RS26475
lcl|NC_009649.1_cds_WP_001567369.1_5084	KPN_RS26480
lcl|NC_009649.1_cds_WP_001567368.1_5085	KPN_RS26485
lcl|NC_009649.1_cds_WP_003026803.1_5086	KPN_RS26490
lcl|NC_009649.1_cds_WP_003026799.1_5087	KPN_RS26495
lcl|NC_009649.1_cds_WP_004152108.1_5088	KPN_RS26500
lcl|NC_009649.1_cds_WP_004152107.1_5089	KPN_RS26505
lcl|NC_009649.1_cds_WP_004152106.1_5090	KPN_RS26510
lcl|NC_009649.1_cds_WP_004152105.1_5091	KPN_RS26515
lcl|NC_009649.1_cds_WP_004152104.1_5092	KPN_RS26520
lcl|NC_009649.1_cds_WP_004152103.1_5093	KPN_RS26525
lcl|NC_009649.1_cds_WP_004152102.1_5094	KPN_RS26530
lcl|NC_009649.1_cds_WP_004152101.1_5095	KPN_RS26535
lcl|NC_009649.1_cds_WP_004152100.1_5096	KPN_RS26540
lcl|NC_009649.1_cds_WP_004152099.1_5097	KPN_RS26545
lcl|NC_009649.1_cds_WP_004152098.1_5098	KPN_RS26550
lcl|NC_009649.1_cds_WP_004152097.1_5099	KPN_RS26555
lcl|NC_009649.1_cds_WP_004152096.1_5100	KPN_RS26560
lcl|NC_009649.1_cds_KPN_RS26565_5101	KPN_RS26565
lcl|NC_009649.1_cds_WP_004152095.1_5102	KPN_RS26570
lcl|NC_009649.1_cds_WP_004182005.1_5103	KPN_RS26575
lcl|NC_009649.1_cds_WP_004152093.1_5104	KPN_RS26580
lcl|NC_009649.1_cds_WP_004152092.1_5105	KPN_RS26585
lcl|NC_009649.1_cds_WP_004152091.1_5106	KPN_RS26590
lcl|NC_009649.1_cds_WP_031944101.1_5107	KPN_RS26595
lcl|NC_009649.1_cds_KPN_RS30215_5108	KPN_RS30215
lcl|NC_009649.1_cds_WP_004152086.1_5109	KPN_RS26615
lcl|NC_009649.1_cds_WP_004152085.1_5110	KPN_RS26620
lcl|NC_009649.1_cds_KPN_RS26625_5111	KPN_RS26625
lcl|NC_009649.1_cds_WP_223174630.1_5112	KPN_RS26635
lcl|NC_009649.1_cds_KPN_RS26640_5113	KPN_RS26640
lcl|NC_009649.1_cds_WP_001188930.1_5114	KPN_RS26645
lcl|NC_009649.1_cds_WP_080821469.1_5115	KPN_RS26650
lcl|NC_009649.1_cds_WP_000025662.1_5116	KPN_RS26655
lcl|NC_009649.1_cds_WP_001378118.1_5117	KPN_RS26660
lcl|NC_009649.1_cds_WP_000925242.1_5118	KPN_RS26665
lcl|NC_009649.1_cds_WP_001023257.1_5119	KPN_RS26670
lcl|NC_009649.1_cds_WP_004118669.1_5120	KPN_RS26675
lcl|NC_009649.1_cds_WP_000843497.1_5121	KPN_RS26680
lcl|NC_009649.1_cds_WP_004098955.1_5122	KPN_RS26685
lcl|NC_009649.1_cds_WP_000758228.1_5123	KPN_RS26690
lcl|NC_009649.1_cds_KPN_RS26695_5124	KPN_RS26695
lcl|NC_009649.1_cds_WP_004152079.1_5125	KPN_RS26700
lcl|NC_009649.1_cds_WP_001246153.1_5126	KPN_RS26705
lcl|NC_009649.1_cds_WP_000475512.1_5127	KPN_RS26710
lcl|NC_009649.1_cds_WP_001572351.1_5128	KPN_RS26715
lcl|NC_009649.1_cds_KPN_RS26720_5129	KPN_RS26720
lcl|NC_009649.1_cds_WP_004178091.1_5130	KPN_RS26725
lcl|NC_009649.1_cds_KPN_RS26730_5131	KPN_RS26730
lcl|NC_009649.1_cds_KPN_RS26735_5132	KPN_RS26735
lcl|NC_009649.1_cds_WP_085955172.1_5133	KPN_RS26745
lcl|NC_009649.1_cds_WP_223174975.1_5134	KPN_RS26750
lcl|NC_009649.1_cds_WP_004178088.1_5135	KPN_RS26755
lcl|NC_009649.1_cds_WP_004152070.1_5136	KPN_RS26760
lcl|NC_009649.1_cds_WP_004178087.1_5137	KPN_RS32500
lcl|NC_009649.1_cds_KPN_RS32505_5138	KPN_RS32505
lcl|NC_009649.1_cds_WP_085955172.1_5139	KPN_RS26775
lcl|NC_009649.1_cds_WP_004197688.1_5140	KPN_RS29635
lcl|NC_009649.1_cds_WP_011977741.1_5141	KPN_RS26780
lcl|NC_009649.1_cds_WP_071527918.1_5142	KPN_RS29640
lcl|NC_009649.1_cds_WP_004152065.1_5143	KPN_RS26785
lcl|NC_009649.1_cds_WP_001515717.1_5144	KPN_RS26790
lcl|NC_009649.1_cds_WP_004152063.1_5145	KPN_RS26795
lcl|NC_009649.1_cds_WP_000523813.1_5146	KPN_RS26800
lcl|NC_009649.1_cds_WP_004152062.1_5147	KPN_RS26805
lcl|NC_009649.1_cds_KPN_RS26815_5148	KPN_RS26815
lcl|NC_009649.1_cds_WP_001776126.1_5149	KPN_RS29665
lcl|NC_009649.1_cds_WP_004152715.1_5150	KPN_RS26820
lcl|NC_009649.1_cds_WP_004178083.1_5151	KPN_RS26825
lcl|NC_009649.1_cds_WP_004178082.1_5152	KPN_RS26830
lcl|NC_009649.1_cds_WP_004152753.1_5153	KPN_RS26835
lcl|NC_009649.1_cds_WP_004118478.1_5154	KPN_RS26840
lcl|NC_009649.1_cds_WP_004152754.1_5155	KPN_RS26845
lcl|NC_009649.1_cds_WP_004118473.1_5156	KPN_RS26850
lcl|NC_009649.1_cds_WP_004178072.1_5157	KPN_RS26860
lcl|NC_009649.1_cds_WP_004198570.1_5158	KPN_RS29675
lcl|NC_009649.1_cds_WP_004178068.1_5159	KPN_RS26865
lcl|NC_009649.1_cds_WP_004152645.1_5160	KPN_RS26870
lcl|NC_009649.1_cds_WP_004152644.1_5161	KPN_RS26875
lcl|NC_009649.1_cds_WP_004152643.1_5162	KPN_RS26880
lcl|NC_009649.1_cds_KPN_RS26885_5163	KPN_RS26885
lcl|NC_009649.1_cds_WP_004152641.1_5164	KPN_RS26890
lcl|NC_009649.1_cds_WP_004152640.1_5165	KPN_RS26895
lcl|NC_009649.1_cds_WP_004152639.1_5166	KPN_RS26900
lcl|NC_009649.1_cds_WP_004152638.1_5167	KPN_RS26905
lcl|NC_009649.1_cds_WP_004220208.1_5168	KPN_RS26910
lcl|NC_009649.1_cds_WP_004118124.1_5169	KPN_RS32575
lcl|NC_009649.1_cds_WP_004152759.1_5170	KPN_RS26920
lcl|NC_009649.1_cds_WP_004152758.1_5171	KPN_RS26925
lcl|NC_009649.1_cds_WP_004152717.1_5172	KPN_RS26930
lcl|NC_009649.1_cds_WP_004152718.1_5173	KPN_RS26935
lcl|NC_009649.1_cds_WP_004152719.1_5174	KPN_RS26940
lcl|NC_009649.1_cds_WP_004152720.1_5175	KPN_RS26945
lcl|NC_009649.1_cds_WP_004152721.1_5176	KPN_RS26950
lcl|NC_009649.1_cds_WP_004152722.1_5177	KPN_RS26955
lcl|NC_009649.1_cds_WP_011977737.1_5178	KPN_RS26965
lcl|NC_009649.1_cds_WP_011977736.1_5179	KPN_RS29720
lcl|NC_009649.1_cds_WP_004178063.1_5180	KPN_RS26970
lcl|NC_009649.1_cds_WP_004178062.1_5181	KPN_RS26975
lcl|NC_009649.1_cds_WP_004178061.1_5182	KPN_RS29725
lcl|NC_009649.1_cds_WP_004208838.1_5183	KPN_RS29730
lcl|NC_009649.1_cds_WP_004178060.1_5184	KPN_RS26985
lcl|NC_009649.1_cds_WP_004178059.1_5185	KPN_RS26990
lcl|NC_009649.1_cds_WP_004152602.1_5186	KPN_RS26995
lcl|NC_009649.1_cds_WP_004152601.1_5187	KPN_RS27000
lcl|NC_009649.1_cds_WP_004152600.1_5188	KPN_RS27005
lcl|NC_009649.1_cds_WP_004152599.1_5189	KPN_RS27010
lcl|NC_009649.1_cds_WP_004152598.1_5190	KPN_RS29735
lcl|NC_009649.1_cds_WP_004152597.1_5191	KPN_RS27015
lcl|NC_009649.1_cds_WP_004152596.1_5192	KPN_RS27020
lcl|NC_009649.1_cds_WP_004171484.1_5193	KPN_RS27025
lcl|NC_009649.1_cds_WP_004152595.1_5194	KPN_RS27030
lcl|NC_009649.1_cds_WP_004152594.1_5195	KPN_RS27035
lcl|NC_009649.1_cds_WP_004153071.1_5196	KPN_RS27040
lcl|NC_009649.1_cds_KPN_RS27045_5197	KPN_RS27045
lcl|NC_009649.1_cds_WP_004152591.1_5198	KPN_RS27050
lcl|NC_009649.1_cds_WP_004152590.1_5199	KPN_RS27055
lcl|NC_009649.1_cds_WP_015065634.1_5200	KPN_RS27060
lcl|NC_009649.1_cds_WP_011977786.1_5201	KPN_RS27065
lcl|NC_009649.1_cds_WP_004152673.1_5202	KPN_RS27070
lcl|NC_009649.1_cds_WP_004152674.1_5203	KPN_RS27075
lcl|NC_009649.1_cds_WP_004152675.1_5204	KPN_RS27080
lcl|NC_009649.1_cds_WP_004152676.1_5205	KPN_RS27085
lcl|NC_009649.1_cds_WP_004152677.1_5206	KPN_RS27090
lcl|NC_009649.1_cds_WP_004144400.1_5207	KPN_RS27095
lcl|NC_009649.1_cds_WP_013214031.1_5208	KPN_RS27100
lcl|NC_009649.1_cds_WP_004152679.1_5209	KPN_RS27105
lcl|NC_009649.1_cds_WP_011977731.1_5210	KPN_RS27110
lcl|NC_009649.1_cds_WP_004152624.1_5211	KPN_RS27115
lcl|NC_009649.1_cds_WP_004152623.1_5212	KPN_RS27120
lcl|NC_009649.1_cds_WP_004152622.1_5213	KPN_RS27125
lcl|NC_009649.1_cds_WP_004198206.1_5214	KPN_RS31995
lcl|NC_009649.1_cds_WP_004152620.1_5215	KPN_RS27135
lcl|NC_009649.1_cds_WP_004153029.1_5216	KPN_RS27140
lcl|NC_009649.1_cds_WP_004152303.1_5217	KPN_RS27145
lcl|NC_009649.1_cds_WP_004178053.1_5218	KPN_RS27150
lcl|NC_009650.1_cds_WP_004152301.1_5219	KPN_RS27155
lcl|NC_009650.1_cds_WP_004178052.1_5220	KPN_RS27160
lcl|NC_009650.1_cds_WP_004152299.1_5221	KPN_RS32665
lcl|NC_009650.1_cds_WP_004228432.1_5222	KPN_RS27170
lcl|NC_009650.1_cds_WP_004152296.1_5223	KPN_RS27175
lcl|NC_009650.1_cds_KPN_RS32520_5224	KPN_RS32520
lcl|NC_009650.1_cds_WP_004152294.1_5225	KPN_RS27180
lcl|NC_009650.1_cds_WP_004199332.1_5226	KPN_RS27185
lcl|NC_009650.1_cds_WP_004171457.1_5227	KPN_RS29750
lcl|NC_009650.1_cds_WP_004152292.1_5228	KPN_RS27190
lcl|NC_009650.1_cds_WP_004201125.1_5229	KPN_RS27200
lcl|NC_009650.1_cds_WP_001568067.1_5230	KPN_RS27205
lcl|NC_009650.1_cds_WP_000176305.1_5231	KPN_RS27210
lcl|NC_009650.1_cds_KPN_RS30810_5232	KPN_RS30810
lcl|NC_009650.1_cds_WP_001067855.1_5233	KPN_RS27215
lcl|NC_009650.1_cds_WP_002904004.1_5234	KPN_RS27220
lcl|NC_009650.1_cds_WP_002210513.1_5235	KPN_RS27225
lcl|NC_009650.1_cds_WP_002903955.1_5236	KPN_RS27230
lcl|NC_009650.1_cds_KPN_RS27235_5237	KPN_RS27235
lcl|NC_009650.1_cds_WP_011977770.1_5238	KPN_RS30815
lcl|NC_009650.1_cds_KPN_RS29765_5239	KPN_RS29765
lcl|NC_009650.1_cds_WP_011977771.1_5240	KPN_RS27245
lcl|NC_009650.1_cds_WP_001217881.1_5241	KPN_RS27250
lcl|NC_009650.1_cds_WP_063840280.1_5242	KPN_RS27255
lcl|NC_009650.1_cds_WP_001206315.1_5243	KPN_RS27260
lcl|NC_009650.1_cds_KPN_RS29770_5244	KPN_RS29770
lcl|NC_009650.1_cds_KPN_RS27275_5245	KPN_RS27275
lcl|NC_009650.1_cds_WP_000027057.1_5246	KPN_RS27280
lcl|NC_009650.1_cds_KPN_RS27285_5247	KPN_RS27285
lcl|NC_009650.1_cds_KPN_RS27290_5248	KPN_RS27290
lcl|NC_009650.1_cds_WP_001300294.1_5249	KPN_RS27295
lcl|NC_009650.1_cds_WP_000993386.1_5250	KPN_RS27300
lcl|NC_009650.1_cds_WP_001277456.1_5251	KPN_RS27305
lcl|NC_009650.1_cds_WP_000105636.1_5252	KPN_RS27310
lcl|NC_009650.1_cds_WP_001340589.1_5253	KPN_RS27315
lcl|NC_009650.1_cds_KPN_RS27320_5254	KPN_RS27320
lcl|NC_009650.1_cds_WP_223174630.1_5255	KPN_RS27325
lcl|NC_009650.1_cds_KPN_RS27330_5256	KPN_RS27330
lcl|NC_009650.1_cds_WP_001044770.1_5257	KPN_RS27335
lcl|NC_009650.1_cds_WP_001261282.1_5258	KPN_RS27340
lcl|NC_009650.1_cds_WP_072093212.1_5259	KPN_RS32010
lcl|NC_009650.1_cds_WP_004153649.1_5260	KPN_RS32670
lcl|NC_009650.1_cds_WP_004152336.1_5261	KPN_RS27350
lcl|NC_009650.1_cds_WP_004152337.1_5262	KPN_RS27355
lcl|NC_009650.1_cds_WP_004171440.1_5263	KPN_RS27360
lcl|NC_009650.1_cds_WP_004152339.1_5264	KPN_RS27365
lcl|NC_009650.1_cds_WP_004152340.1_5265	KPN_RS27370
lcl|NC_009650.1_cds_WP_011977773.1_5266	KPN_RS29790
lcl|NC_009650.1_cds_WP_004152341.1_5267	KPN_RS29795
lcl|NC_009650.1_cds_WP_004152342.1_5268	KPN_RS27380
lcl|NC_009650.1_cds_WP_004152343.1_5269	KPN_RS27385
lcl|NC_009650.1_cds_WP_004152344.1_5270	KPN_RS27390
lcl|NC_009650.1_cds_WP_004152345.1_5271	KPN_RS27395
lcl|NC_009650.1_cds_WP_004227314.1_5272	KPN_RS27400
lcl|NC_009650.1_cds_WP_004152347.1_5273	KPN_RS27405
lcl|NC_009650.1_cds_WP_004152348.1_5274	KPN_RS27410
lcl|NC_009650.1_cds_WP_004152349.1_5275	KPN_RS27415
lcl|NC_009650.1_cds_WP_004152350.1_5276	KPN_RS27420
lcl|NC_009650.1_cds_KPN_RS27425_5277	KPN_RS27425
lcl|NC_009650.1_cds_WP_004152352.1_5278	KPN_RS27430
lcl|NC_009650.1_cds_WP_032414078.1_5279	KPN_RS27435
lcl|NC_009650.1_cds_WP_004152354.1_5280	KPN_RS27440
lcl|NC_009650.1_cds_WP_001568040.1_5281	KPN_RS27445
lcl|NC_009650.1_cds_KPN_RS32525_5282	KPN_RS32525
lcl|NC_009650.1_cds_WP_004152355.1_5283	KPN_RS27450
lcl|NC_009650.1_cds_WP_001568042.1_5284	KPN_RS27455
lcl|NC_009650.1_cds_WP_001568043.1_5285	KPN_RS27460
lcl|NC_009650.1_cds_WP_001568044.1_5286	KPN_RS27465
lcl|NC_009650.1_cds_WP_023279469.1_5287	KPN_RS32260
lcl|NC_009650.1_cds_WP_011977778.1_5288	KPN_RS27475
lcl|NC_009650.1_cds_WP_001568047.1_5289	KPN_RS27480
lcl|NC_009650.1_cds_WP_011977779.1_5290	KPN_RS27485
lcl|NC_009650.1_cds_WP_004118473.1_5291	KPN_RS27490
lcl|NC_009650.1_cds_WP_004152790.1_5292	KPN_RS27500
lcl|NC_009650.1_cds_WP_001568051.1_5293	KPN_RS27505
lcl|NC_009650.1_cds_WP_011977780.1_5294	KPN_RS27510
lcl|NC_009650.1_cds_WP_004152756.1_5295	KPN_RS27515
lcl|NC_009650.1_cds_WP_004152654.1_5296	KPN_RS27520
lcl|NC_009650.1_cds_WP_004152655.1_5297	KPN_RS27525
lcl|NC_009650.1_cds_WP_004152656.1_5298	KPN_RS27530
lcl|NC_009650.1_cds_WP_004152657.1_5299	KPN_RS27535
lcl|NC_009650.1_cds_WP_004152658.1_5300	KPN_RS27540
lcl|NC_009650.1_cds_WP_004199367.1_5301	KPN_RS30820
lcl|NC_009650.1_cds_WP_004152660.1_5302	KPN_RS27550
lcl|NC_009650.1_cds_WP_004152661.1_5303	KPN_RS27555
lcl|NC_009650.1_cds_WP_004153414.1_5304	KPN_RS27560
lcl|NC_009650.1_cds_WP_004152748.1_5305	KPN_RS27565
lcl|NC_009650.1_cds_WP_004152749.1_5306	KPN_RS27570
lcl|NC_009650.1_cds_WP_004152750.1_5307	KPN_RS27575
lcl|NC_009650.1_cds_WP_004152751.1_5308	KPN_RS27580
lcl|NC_009650.1_cds_WP_004152492.1_5309	KPN_RS27585
lcl|NC_009650.1_cds_WP_011977736.1_5310	KPN_RS29860
lcl|NC_009650.1_cds_WP_001568108.1_5311	KPN_RS27590
lcl|NC_009650.1_cds_WP_004152493.1_5312	KPN_RS27595
lcl|NC_009650.1_cds_WP_004152494.1_5313	KPN_RS27600
lcl|NC_009650.1_cds_WP_004152495.1_5314	KPN_RS27605
lcl|NC_009650.1_cds_WP_004152496.1_5315	KPN_RS27610
lcl|NC_009650.1_cds_WP_004144424.1_5316	KPN_RS27615
lcl|NC_009650.1_cds_WP_004144423.1_5317	KPN_RS27620
lcl|NC_009650.1_cds_WP_004152497.1_5318	KPN_RS27625
lcl|NC_009650.1_cds_WP_004155033.1_5319	KPN_RS27630
lcl|NC_009650.1_cds_WP_004161368.1_5320	KPN_RS27635
lcl|NC_009650.1_cds_WP_004152499.1_5321	KPN_RS27640
lcl|NC_009650.1_cds_WP_004152501.1_5322	KPN_RS29865
lcl|NC_009650.1_cds_WP_004152502.1_5323	KPN_RS27645
lcl|NC_009650.1_cds_WP_004152503.1_5324	KPN_RS27650
lcl|NC_009650.1_cds_WP_004153076.1_5325	KPN_RS32265
lcl|NC_009650.1_cds_WP_011977783.1_5326	KPN_RS27660
lcl|NC_009650.1_cds_WP_004152505.1_5327	KPN_RS27665
lcl|NC_009650.1_cds_WP_004152506.1_5328	KPN_RS27670
lcl|NC_009650.1_cds_WP_004152507.1_5329	KPN_RS27675
lcl|NC_009650.1_cds_WP_004152508.1_5330	KPN_RS27680
lcl|NC_009650.1_cds_WP_011977785.1_5331	KPN_RS27685
lcl|NC_009650.1_cds_WP_011977786.1_5332	KPN_RS27690
lcl|NC_009650.1_cds_WP_004152673.1_5333	KPN_RS27695
lcl|NC_009650.1_cds_WP_004152674.1_5334	KPN_RS29875
lcl|NC_009650.1_cds_WP_004152675.1_5335	KPN_RS27700
lcl|NC_009650.1_cds_WP_004152676.1_5336	KPN_RS27705
lcl|NC_009650.1_cds_WP_004152677.1_5337	KPN_RS27710
lcl|NC_009650.1_cds_WP_004144400.1_5338	KPN_RS27715
lcl|NC_009650.1_cds_WP_013214031.1_5339	KPN_RS27720
lcl|NC_009650.1_cds_WP_004152679.1_5340	KPN_RS27725
lcl|NC_009650.1_cds_WP_011977731.1_5341	KPN_RS27730
lcl|NC_009650.1_cds_WP_004152624.1_5342	KPN_RS27735
lcl|NC_009650.1_cds_WP_004152623.1_5343	KPN_RS27740
lcl|NC_009650.1_cds_WP_004152622.1_5344	KPN_RS27745
lcl|NC_009650.1_cds_WP_004198206.1_5345	KPN_RS32070
lcl|NC_009650.1_cds_WP_004152620.1_5346	KPN_RS27755
lcl|NC_009650.1_cds_WP_004153029.1_5347	KPN_RS27760
lcl|NC_009650.1_cds_WP_004152303.1_5348	KPN_RS27765
lcl|NC_009650.1_cds_WP_004178053.1_5349	KPN_RS27770
lcl|NC_009651.1_cds_WP_001235713.1_5350	KPN_RS27775
lcl|NC_009651.1_cds_KPN_RS32270_5351	KPN_RS32270
lcl|NC_009651.1_cds_WP_001067855.1_5352	KPN_RS27785
lcl|NC_009651.1_cds_WP_011977789.1_5353	KPN_RS27790
lcl|NC_009651.1_cds_WP_011977790.1_5354	KPN_RS27795
lcl|NC_009651.1_cds_WP_009310031.1_5355	KPN_RS27800
lcl|NC_009651.1_cds_WP_001568050.1_5356	KPN_RS27805
lcl|NC_009651.1_cds_WP_001568049.1_5357	KPN_RS27810
lcl|NC_009651.1_cds_WP_004118476.1_5358	KPN_RS27815
lcl|NC_009651.1_cds_WP_001568047.1_5359	KPN_RS27820
lcl|NC_009651.1_cds_WP_001568046.1_5360	KPN_RS27825
lcl|NC_009651.1_cds_WP_004152356.1_5361	KPN_RS32275
lcl|NC_009651.1_cds_WP_001568044.1_5362	KPN_RS27840
lcl|NC_009651.1_cds_WP_041937750.1_5363	KPN_RS27845
lcl|NC_009651.1_cds_WP_001568042.1_5364	KPN_RS27850
lcl|NC_009651.1_cds_WP_011977792.1_5365	KPN_RS27855
lcl|NC_009651.1_cds_KPN_RS32280_5366	KPN_RS32280
lcl|NC_009651.1_cds_WP_001568040.1_5367	KPN_RS27860
lcl|NC_009651.1_cds_WP_001067855.1_5368	KPN_RS27865
lcl|NC_009651.1_cds_WP_000904895.1_5369	KPN_RS27870
lcl|NC_009651.1_cds_WP_001082319.1_5370	KPN_RS27875
lcl|NC_009651.1_cds_WP_000480968.1_5371	KPN_RS27880
lcl|NC_009651.1_cds_KPN_RS27885_5372	KPN_RS27885
lcl|NC_009651.1_cds_WP_000427619.1_5373	KPN_RS27890
lcl|NC_009651.1_cds_KPN_RS32530_5374	KPN_RS32530
lcl|NC_009651.1_cds_WP_001043260.1_5375	KPN_RS27900
lcl|NC_009651.1_cds_KPN_RS27905_5376	KPN_RS27905
lcl|NC_009651.1_cds_WP_001120888.1_5377	KPN_RS27910
lcl|NC_009651.1_cds_WP_049771270.1_5378	KPN_RS28380
lcl|NC_009651.1_cds_WP_041937751.1_5379	KPN_RS27915
lcl|NC_009651.1_cds_WP_001044210.1_5380	KPN_RS30935
lcl|NC_009651.1_cds_WP_001067855.1_5381	KPN_RS27920
lcl|NC_009651.1_cds_WP_049771271.1_5382	KPN_RS27925
lcl|NC_009651.1_cds_KPN_RS27930_5383	KPN_RS27930
lcl|NC_009651.1_cds_WP_011152973.1_5384	KPN_RS27935
lcl|NC_009651.1_cds_WP_001275039.1_5385	KPN_RS27940
lcl|NC_009651.1_cds_WP_001008622.1_5386	KPN_RS27945
lcl|NC_009651.1_cds_KPN_RS32535_5387	KPN_RS32535
lcl|NC_009651.1_cds_WP_000018326.1_5388	KPN_RS27955
lcl|NC_009651.1_cds_WP_001067858.1_5389	KPN_RS27960
lcl|NC_009651.1_cds_KPN_RS29935_5390	KPN_RS29935
lcl|NC_009651.1_cds_WP_011977798.1_5391	KPN_RS27970
lcl|NC_009651.1_cds_WP_011977799.1_5392	KPN_RS28385
lcl|NC_009651.1_cds_WP_000050481.1_5393	KPN_RS27980
lcl|NC_009651.1_cds_WP_000259031.1_5394	KPN_RS27985
lcl|NC_009651.1_cds_WP_000679427.1_5395	KPN_RS27990
lcl|NC_009651.1_cds_WP_012300772.1_5396	KPN_RS27995
lcl|NC_009651.1_cds_WP_011977801.1_5397	KPN_RS28000
lcl|NC_009651.1_cds_WP_032492013.1_5398	KPN_RS29945
lcl|NC_009651.1_cds_WP_000381802.1_5399	KPN_RS28005
lcl|NC_009651.1_cds_WP_000845054.1_5400	KPN_RS28010
lcl|NC_009651.1_cds_WP_001067858.1_5401	KPN_RS28020
lcl|NC_009651.1_cds_WP_011977803.1_5402	KPN_RS28025
lcl|NC_009651.1_cds_WP_041937752.1_5403	KPN_RS28030
lcl|NC_009651.1_cds_WP_011977805.1_5404	KPN_RS32290
lcl|NC_009651.1_cds_WP_011977806.1_5405	KPN_RS28045
lcl|NC_009651.1_cds_WP_048295721.1_5406	KPN_RS28390
lcl|NC_009651.1_cds_WP_011977808.1_5407	KPN_RS28055
lcl|NC_009651.1_cds_WP_041937753.1_5408	KPN_RS28060
lcl|NC_009651.1_cds_KPN_RS32100_5409	KPN_RS32100
lcl|NC_009651.1_cds_WP_011977810.1_5410	KPN_RS28070
lcl|NC_009651.1_cds_WP_011977811.1_5411	KPN_RS28075
lcl|NC_009651.1_cds_WP_011977812.1_5412	KPN_RS28080
lcl|NC_009651.1_cds_WP_011977813.1_5413	KPN_RS28085
lcl|NC_009651.1_cds_WP_011977814.1_5414	KPN_RS28090
lcl|NC_009651.1_cds_WP_013214009.1_5415	KPN_RS28095
lcl|NC_009651.1_cds_WP_013214010.1_5416	KPN_RS28100
lcl|NC_009651.1_cds_WP_014343462.1_5417	KPN_RS32115
lcl|NC_009651.1_cds_WP_004118283.1_5418	KPN_RS28110
lcl|NC_009651.1_cds_WP_011977818.1_5419	KPN_RS28120
lcl|NC_009651.1_cds_WP_011977819.1_5420	KPN_RS28125
lcl|NC_009651.1_cds_WP_011977820.1_5421	KPN_RS28130
lcl|NC_009651.1_cds_WP_001568036.1_5422	KPN_RS28135
lcl|NC_009651.1_cds_WP_011977821.1_5423	KPN_RS28140
lcl|NC_009651.1_cds_WP_011977822.1_5424	KPN_RS28145
lcl|NC_009651.1_cds_WP_001067855.1_5425	KPN_RS28150
lcl|NC_009651.1_cds_KPN_RS28155_5426	KPN_RS28155
lcl|NC_009651.1_cds_WP_002437846.1_5427	KPN_RS28160
lcl|NC_009651.1_cds_WP_002210543.1_5428	KPN_RS28165
lcl|NC_009651.1_cds_WP_032738601.1_5429	KPN_RS28170
lcl|NC_009651.1_cds_WP_011152976.1_5430	KPN_RS28175
lcl|NC_009651.1_cds_WP_001067855.1_5431	KPN_RS28180
lcl|NC_009651.1_cds_WP_000075580.1_5432	KPN_RS32300
lcl|NC_009651.1_cds_WP_001145103.1_5433	KPN_RS28185
lcl|NC_009651.1_cds_KPN_RS32120_5434	KPN_RS32120
lcl|NC_009651.1_cds_WP_000176305.1_5435	KPN_RS28190
lcl|NC_009651.1_cds_WP_001568067.1_5436	KPN_RS28195
lcl|NC_009651.1_cds_WP_004201125.1_5437	KPN_RS28200
lcl|NC_009651.1_cds_WP_001067855.1_5438	KPN_RS28210
lcl|NC_009651.1_cds_KPN_RS28215_5439	KPN_RS28215
lcl|NC_009651.1_cds_WP_001097412.1_5440	KPN_RS28220
lcl|NC_009651.1_cds_WP_001348195.1_5441	KPN_RS29975
lcl|NC_009651.1_cds_KPN_RS28225_5442	KPN_RS28225
lcl|NC_009651.1_cds_KPN_RS32605_5443	KPN_RS32605
lcl|NC_009651.1_cds_WP_000046891.1_5444	KPN_RS28230
lcl|NC_009651.1_cds_WP_031992596.1_5445	KPN_RS28235
lcl|NC_009651.1_cds_WP_001549885.1_5446	KPN_RS28240
lcl|NC_009651.1_cds_WP_004118529.1_5447	KPN_RS28245
lcl|NC_009651.1_cds_WP_001549953.1_5448	KPN_RS28250
lcl|NC_009651.1_cds_WP_004118534.1_5449	KPN_RS28255
lcl|NC_009651.1_cds_WP_011977829.1_5450	KPN_RS28260
lcl|NC_009651.1_cds_WP_004118538.1_5451	KPN_RS28265
lcl|NC_009651.1_cds_WP_001067855.1_5452	KPN_RS28270
lcl|NC_009651.1_cds_WP_000113282.1_5453	KPN_RS28275
lcl|NC_009651.1_cds_WP_001039466.1_5454	KPN_RS28280
lcl|NC_009651.1_cds_KPN_RS28285_5455	KPN_RS28285
lcl|NC_009651.1_cds_WP_000027057.1_5456	KPN_RS28290
lcl|NC_009652.1_cds_WP_000166328.1_5457	KPN_RS28295
lcl|NC_009652.1_cds_WP_009310048.1_5458	KPN_RS28300
lcl|NC_009652.1_cds_WP_011977832.1_5459	KPN_RS28305
lcl|NC_009652.1_cds_WP_011977833.1_5460	KPN_RS28310
lcl|NC_009653.1_cds_WP_117058735.1_5461	KPN_RS28315
lcl|NC_009653.1_cds_WP_011977835.1_5462	KPN_RS28320
lcl|NC_009653.1_cds_WP_011977836.1_5463	KPN_RS28325
lcl|NC_009653.1_cds_KPN_RS32540_5464	KPN_RS32540
lcl|NC_009653.1_cds_WP_011977837.1_5465	KPN_RS28330
lcl|NC_009653.1_cds_WP_011977838.1_5466	KPN_RS28335
