KPN_RS28480	GO:0031554,GO:0031556
KPN_RS00010	GO:0008652,GO:0009067,GO:0004072,GO:0004412,GO:0050661
KPN_RS00015	GO:0009088,GO:0004413
KPN_RS00020	GO:0009088,GO:0004795
KPN_RS00035	GO:0006814,GO:0006865,GO:0005283,GO:0015293,GO:0016020
KPN_RS00040	GO:0006098,GO:0004801
KPN_RS00045	GO:0006777
KPN_RS00050	GO:0055085,GO:0022857
KPN_RS00055	GO:0016020
KPN_RS00070	GO:0006457,GO:0005524,GO:0016887
KPN_RS00075	GO:0006457,GO:0009408,GO:0005515
KPN_RS00080	GO:0006814,GO:1902600,GO:0015385
KPN_RS00085	GO:0006355,GO:0003700
KPN_RS00095	GO:0006412,GO:0003735,GO:0000312,GO:0022627
KPN_RS00100	GO:0003919
KPN_RS00105	GO:0006428,GO:0004822,GO:0005737
KPN_RS00110	GO:0006508,GO:0009306,GO:0004190,GO:0005886
KPN_RS00115	GO:0003755
KPN_RS00120	GO:0019288,GO:0050992,GO:0046872,GO:0051745
KPN_RS00125	GO:0016799
KPN_RS00130	GO:0005886
KPN_RS00135	GO:0001216
KPN_RS00150	GO:0007165,GO:0000155,GO:0004673,GO:0005524
KPN_RS00160	GO:0006814,GO:0008948,GO:0015081
KPN_RS00175	GO:0006101,GO:0008771
KPN_RS00180	GO:0006113,GO:0008815,GO:0009346
KPN_RS00185	GO:0006113,GO:0008815,GO:0009346
KPN_RS00190	GO:0006113,GO:0008814,GO:0008815,GO:0009346
KPN_RS00195	GO:0019361,GO:0046917
KPN_RS00200	GO:0009089,GO:0008839
KPN_RS00215	GO:0009220,GO:0004088,GO:0005951
KPN_RS00220	GO:0006807,GO:0005524,GO:0046872
KPN_RS00225	GO:0005886
KPN_RS00230	GO:0006813
KPN_RS00235	GO:0006813,GO:0015503
KPN_RS00240	GO:0046654,GO:0004146
KPN_RS00245	GO:0006139,GO:0008803
KPN_RS00255	GO:0000179
KPN_RS00260	GO:0008615,GO:0050570
KPN_RS00265	GO:0006457,GO:0043165,GO:0050821,GO:0060274,GO:0003755,GO:0042277,GO:0051082,GO:0030288
KPN_RS00270	GO:0010033,GO:0015920,GO:0043165,GO:0019867
KPN_RS00275	GO:0051087
KPN_RS00280	GO:0000160
KPN_RS00285	GO:0007165,GO:0000155,GO:0004673,GO:0005524
KPN_RS00300	GO:0051191,GO:0050519
KPN_RS00305	GO:0001522,GO:0009451,GO:0003723,GO:0009982
KPN_RS00310	GO:0006355,GO:0005524,GO:0016817,GO:0140658
KPN_RS00315	GO:0003677,GO:0003887
KPN_RS00320	GO:0019568,GO:0008742
KPN_RS00325	GO:0005996,GO:0008733
KPN_RS00330	GO:0019568,GO:0008741
KPN_RS00340	GO:0006355,GO:0003700,GO:0043565
KPN_RS00345	GO:0055085
KPN_RS00360	GO:0015888,GO:0030974,GO:0030975,GO:0030976,GO:0048502,GO:0009897,GO:0030288,GO:0055052
KPN_RS00370	GO:0046325
KPN_RS00380	GO:0008643,GO:0005351
KPN_RS00385	GO:0055085,GO:0022857
KPN_RS00395	GO:0009423,GO:0003855
KPN_RS00400	GO:0055085,GO:0022857
KPN_RS00405	GO:0019632,GO:0004764,GO:0050661
KPN_RS00410	GO:0016491
KPN_RS00415	GO:0009098,GO:0003861,GO:0009316
KPN_RS00420	GO:0009098,GO:0003861,GO:0009316
KPN_RS00425	GO:0009098,GO:0003862
KPN_RS00430	GO:0019752,GO:0003852
KPN_RS28495	GO:0009098
KPN_RS00440	GO:0006355,GO:0003700
KPN_RS00445	GO:0009082,GO:0000287,GO:0003984,GO:0030976,GO:0050660
KPN_RS00450	GO:0009082,GO:1990610
KPN_RS00455	GO:0006355,GO:0009750,GO:0003677
KPN_RS00460	GO:0051302,GO:0043565
KPN_RS00465	GO:0016434
KPN_RS00480	GO:0008360,GO:0009058,GO:0051301,GO:0005524,GO:0016881
KPN_RS00485	GO:0009058,GO:0071555,GO:0005524,GO:0047480
KPN_RS00490	GO:0009252,GO:0008963
KPN_RS00495	GO:0009252,GO:0008764
KPN_RS00500	GO:0051301
KPN_RS00505	GO:0009252,GO:0050511
KPN_RS00510	GO:0009252,GO:0008763
KPN_RS00515	GO:0009252,GO:0005524,GO:0008716,GO:0046872
KPN_RS00520	GO:0090529
KPN_RS00525	GO:0051301,GO:0005515
KPN_RS00530	GO:0000910,GO:0003924
KPN_RS00535	GO:0009245,GO:0008759
KPN_RS00540	GO:0045182
KPN_RS00545	GO:0006605,GO:0006886,GO:0017038,GO:0005524
KPN_RS00550	GO:0006281,GO:0008413
KPN_RS00555	GO:0006355,GO:0008270
KPN_RS00565	GO:0015937,GO:0004140,GO:0005737
KPN_RS00575	GO:0009117,GO:0003920
KPN_RS00580	GO:0004827
KPN_RS00595	GO:0019363,GO:0004514
KPN_RS00600	GO:0009253,GO:0008745
KPN_RS00610	GO:0005975,GO:0004553
KPN_RS00615	GO:0055085,GO:0022857
KPN_RS00620	GO:0006865
KPN_RS00635	GO:0006086,GO:0004738,GO:0045250
KPN_RS00640	GO:0006096,GO:0004742,GO:0045254
KPN_RS00645	GO:0006096,GO:0045454,GO:0051068,GO:0004148
KPN_RS00670	GO:0006099,GO:0003994
KPN_RS00680	GO:0008295,GO:0004014
KPN_RS30270	GO:0003755
KPN_RS00705	GO:0005507,GO:0016491
KPN_RS00720	GO:0006166
KPN_RS00725	GO:0015976,GO:0004089,GO:0008270
KPN_RS00730	GO:0005524
KPN_RS00735	GO:0140359,GO:0016020,GO:0043190
KPN_RS00740	GO:0008643,GO:0009401,GO:0016310,GO:0016301,GO:1902495
KPN_RS00750	GO:0015940,GO:0004068
KPN_RS00755	GO:0015940,GO:0004592
KPN_RS00760	GO:0015940,GO:0003864
KPN_RS00770	GO:0006378,GO:0003723,GO:1990817
KPN_RS00775	GO:0006400,GO:0043039,GO:0000166,GO:0004812,GO:0005524
KPN_RS00785	GO:0000023,GO:0003677
KPN_RS00790	GO:0004113,GO:0008664
KPN_RS00795	GO:0004386,GO:0005524
KPN_RS00800	GO:0004190,GO:0016020
KPN_RS00815	GO:0015628,GO:0015627
KPN_RS00820	GO:0009306,GO:0016020
KPN_RS00825	GO:0015628,GO:0015627
KPN_RS00830	GO:0015628,GO:0015627
KPN_RS00835	GO:0015628,GO:0015627
KPN_RS00840	GO:0015628,GO:0015627
KPN_RS00845	GO:0015628,GO:0015627
KPN_RS00850	GO:0015628,GO:0015627
KPN_RS00860	GO:0015628,GO:0015627
KPN_RS00870	GO:0005983,GO:0051678,GO:0051060
KPN_RS00895	GO:0009252,GO:0046677,GO:0008658,GO:0008955,GO:0009274
KPN_RS00900	GO:0015891,GO:0015344,GO:0038023,GO:0009279
KPN_RS00905	GO:0005524
KPN_RS00915	GO:0022857
KPN_RS00920	GO:0006779,GO:0042286,GO:0005737
KPN_RS00925	GO:0006821,GO:0055085,GO:0005247,GO:0005886
KPN_RS00930	GO:0016226,GO:0051536
KPN_RS00940	GO:0005524,GO:0031419
KPN_RS00945	GO:0019509,GO:0008782,GO:0008930
KPN_RS00950	GO:0006203,GO:0000287,GO:0008832
KPN_RS00970	GO:0009089,GO:0008666
KPN_RS00975	GO:0006807,GO:0016779
KPN_RS00980	GO:0036211
KPN_RS00985	GO:0006412,GO:0003735,GO:0000314,GO:0022627
KPN_RS00990	GO:0006414,GO:0003746
KPN_RS00995	GO:0015949,GO:0033862
KPN_RS01000	GO:0006412,GO:0008135,GO:0005737
KPN_RS01005	GO:0008299,GO:0005515,GO:0030604,GO:0046872,GO:0070402
KPN_RS01010	GO:0043164,GO:0002094,GO:0008834
KPN_RS01015	GO:0016772
KPN_RS01020	GO:0006508,GO:0004222,GO:0005515,GO:0016020
KPN_RS01025	GO:0009279
KPN_RS01035	GO:0009245,GO:0016410
KPN_RS01045	GO:0008610,GO:0008780
KPN_RS01050	GO:0009245,GO:0008915
KPN_RS01055	GO:0003723,GO:0004523
KPN_RS01060	GO:0006260,GO:0003676,GO:0008408
KPN_RS01065	GO:0006633,GO:0003989,GO:0009317
KPN_RS01080	GO:0008033,GO:0000166,GO:0005524,GO:0016879
KPN_RS01100	GO:0006415,GO:0003747
KPN_RS01115	GO:0006433,GO:0004827,GO:0005737
KPN_RS01120	GO:0006400,GO:0008757,GO:0005737
KPN_RS01140	GO:0048473,GO:0005524,GO:0033232,GO:0009898,GO:0055052
KPN_RS01145	GO:0005975,GO:0016791
KPN_RS01180	GO:0047834
KPN_RS01185	GO:0006355,GO:0003700
KPN_RS01190	GO:0055085,GO:0022857,GO:0005886,GO:0016020
KPN_RS01200	GO:0008168,GO:0008757
KPN_RS01205	GO:0000270,GO:0008933,GO:0016020
KPN_RS01210	GO:0019243,GO:0004416
KPN_RS01215	GO:0032259,GO:0008168,GO:0008757
KPN_RS01220	GO:0003676,GO:0004523
KPN_RS01225	GO:0006260,GO:0003677,GO:0003887
KPN_RS01235	GO:0006355,GO:0003700
KPN_RS01245	GO:0006807
KPN_RS01250	GO:0033539,GO:0003995,GO:0050660
KPN_RS01255	GO:1901135,GO:0008968
KPN_RS01260	GO:0006541,GO:0016740
KPN_RS01275	GO:0006814,GO:0016655
KPN_RS01280	GO:0022904,GO:0055085,GO:0010181,GO:0016655,GO:0016020
KPN_RS01285	GO:0006814,GO:0016655,GO:0016020
KPN_RS01290	GO:0016655,GO:0016020
KPN_RS01295	GO:0006814,GO:0016655
KPN_RS01300	GO:0006814,GO:0016655
KPN_RS01310	GO:0006629,GO:0008081
KPN_RS01315	GO:0006281,GO:0003684,GO:0003887
KPN_RS01325	GO:0006508,GO:0016787
KPN_RS01330	GO:0009116,GO:0000310
KPN_RS01335	GO:0016788
KPN_RS01340	GO:0045893
KPN_RS01345	GO:0006355,GO:0003700
KPN_RS01350	GO:0006865,GO:0015185,GO:0016020
KPN_RS01355	GO:0009448,GO:0003867,GO:0030170
KPN_RS01360	GO:0009450,GO:0009013
KPN_RS01365	GO:0016491
KPN_RS01370	GO:0050498
KPN_RS01380	GO:0008168,GO:1904047
KPN_RS01385	GO:0004519
KPN_RS01405	GO:0071555,GO:0030288
KPN_RS01410	GO:0007155,GO:0009289
KPN_RS01435	GO:0044384
KPN_RS01450	GO:0006313,GO:0004803
KPN_RS01465	GO:0016787
KPN_RS01470	GO:0007155,GO:0009289
KPN_RS01475	GO:0061077
KPN_RS01480	GO:0009297,GO:0015473
KPN_RS01500	GO:0006561,GO:0004350
KPN_RS01505	GO:0006561,GO:0004349
KPN_RS01515	GO:0034220,GO:0015288,GO:0016020
KPN_RS30280	GO:0055085,GO:0005215
KPN_RS01530	GO:0016311,GO:0016791,GO:0046872
KPN_RS01540	GO:0015716,GO:0015416,GO:0005886,GO:0055052
KPN_RS01545	GO:0015716,GO:0015416,GO:0005886,GO:0055052
KPN_RS01550	GO:0015716,GO:0043190
KPN_RS01555	GO:0015716,GO:0005524,GO:0015416,GO:0009898,GO:0055052
KPN_RS01560	GO:0006355
KPN_RS01585	GO:0071555,GO:0030288
KPN_RS01590	GO:0006865,GO:0042626,GO:0140359
KPN_RS01595	GO:0006865,GO:0042626,GO:0140359
KPN_RS01600	GO:0005524,GO:0016887,GO:0042626,GO:0140359
KPN_RS01615	GO:0005524,GO:0016887,GO:0042626,GO:0140359
KPN_RS01620	GO:0005524,GO:0016887,GO:0042626,GO:0140359
KPN_RS01625	GO:0015803,GO:0042626,GO:0140359
KPN_RS01630	GO:0015658,GO:0140359,GO:0016020,GO:0043190
KPN_RS01645	GO:0006520,GO:0008851
KPN_RS01655	GO:0006865,GO:0015171,GO:0016020
KPN_RS01665	GO:0055085
KPN_RS01670	GO:0009086,GO:0047150
KPN_RS01675	GO:0055085,GO:0015411,GO:0042597,GO:0043190
KPN_RS01680	GO:0005524,GO:0015411,GO:0016020
KPN_RS01685	GO:0055085,GO:0015411,GO:0016020
KPN_RS01690	GO:0016491
KPN_RS01700	GO:0033014,GO:0004655
KPN_RS01715	GO:0015833,GO:1904680
KPN_RS01735	GO:0008716
KPN_RS01755	GO:0016791
KPN_RS01765	GO:0006561,GO:0004735
KPN_RS01780	GO:0009073,GO:0004765
KPN_RS01800	GO:0006310
KPN_RS01810	GO:0006260,GO:0004527
KPN_RS01815	GO:0006260,GO:0006310,GO:0004527
KPN_RS01825	GO:0000160,GO:0006355,GO:0016310,GO:0000155,GO:0004721,GO:0016020
KPN_RS01835	GO:0006865,GO:0055085,GO:0016020
KPN_RS01840	GO:0005975,GO:0004558
KPN_RS01850	GO:0016787
KPN_RS01860	GO:0016810
KPN_RS01865	GO:0006096,GO:0004332
KPN_RS01880	GO:0008643,GO:0009401,GO:0008982
KPN_RS01885	GO:0008643,GO:0009401,GO:0016310,GO:0016301,GO:1902495
KPN_RS01900	GO:0006633,GO:0008770
KPN_RS01910	GO:0006400,GO:0008616,GO:0051075,GO:0005737
KPN_RS01915	GO:0006400,GO:0008479,GO:0005737
KPN_RS01920	GO:0009306,GO:0015450,GO:0005886
KPN_RS01925	GO:0043952,GO:0015450,GO:0031522
KPN_RS01930	GO:0043952,GO:0015450,GO:0031522
KPN_RS01955	GO:0006355,GO:0140110
KPN_RS01960	GO:0008270,GO:0008703,GO:0008835,GO:0050661
KPN_RS01965	GO:0000906,GO:0009349
KPN_RS01970	GO:0006355
KPN_RS01975	GO:0009228,GO:0009030
KPN_RS01980	GO:0006629,GO:0008962
KPN_RS01985	GO:0016491
KPN_RS01990	GO:0008615,GO:0009228,GO:0009240,GO:0008661,GO:0005737
KPN_RS01995	GO:0008299
KPN_RS02005	GO:0006400,GO:0009228,GO:0140741
KPN_RS02020	GO:0015940,GO:0008677
KPN_RS02030	GO:0055085,GO:0022857
KPN_RS02035	GO:0016491,GO:0016651
KPN_RS02045	GO:0016853
KPN_RS02060	GO:0016491
KPN_RS02080	GO:0048034,GO:0008495,GO:0016020
KPN_RS02090	GO:0022904,GO:0004129
KPN_RS02095	GO:0004129
KPN_RS02100	GO:0022900,GO:0004129
KPN_RS02105	GO:0055085,GO:0022857,GO:0016020
KPN_RS02120	GO:0051083,GO:0003755,GO:0051082,GO:0005854
KPN_RS02125	GO:0006508,GO:0004176,GO:0004252,GO:0009368
KPN_RS02130	GO:0006508,GO:0004252,GO:0005524,GO:0051082,GO:0009368
KPN_RS02135	GO:0006508,GO:0004176,GO:0004252,GO:0016887,GO:0043565
KPN_RS02145	GO:0003755
KPN_RS02170	GO:0016818
KPN_RS02175	GO:0030170
KPN_RS02180	GO:0003677
KPN_RS02185	GO:0055085,GO:0005524,GO:0140359,GO:0016020
KPN_RS02190	GO:0055085,GO:0005524,GO:0140359,GO:0016020
KPN_RS02195	GO:0006808,GO:0030234
KPN_RS02200	GO:0072488,GO:0008519,GO:0005886
KPN_RS02215	GO:0006281,GO:0003677,GO:0003824
KPN_RS02235	GO:0030170
KPN_RS02255	GO:0007165
KPN_RS02260	GO:0005524,GO:0140359
KPN_RS02275	GO:0042626,GO:0140359
KPN_RS02280	GO:0008643,GO:0042626,GO:0140359
KPN_RS02295	GO:0009401,GO:0008982
KPN_RS02310	GO:0006412,GO:0003735,GO:0005840
KPN_RS02315	GO:0006412,GO:0003735,GO:0005840
KPN_RS02325	GO:0030170
KPN_RS02340	GO:0016407
KPN_RS02370	GO:0055085,GO:0016020
KPN_RS02395	GO:0006168,GO:0003999
KPN_RS02400	GO:0006260,GO:0003677,GO:0003887,GO:0005524,GO:0009360
KPN_RS02405	GO:0008150,GO:0003677,GO:0005737
KPN_RS02410	GO:0006281,GO:0006310
KPN_RS02415	GO:0006457,GO:0005524,GO:0016887,GO:0051082
KPN_RS02420	GO:0006139,GO:0004017,GO:0005524
KPN_RS02425	GO:0006779,GO:0004325
KPN_RS02435	GO:0006813,GO:0008324,GO:0051139,GO:0016020
KPN_RS02450	GO:0055085,GO:0022857
KPN_RS02455	GO:0009166,GO:0000166,GO:0016787,GO:0046872
KPN_RS02460	GO:0002161
KPN_RS02470	GO:0006812,GO:0019829
KPN_RS02480	GO:0016020
KPN_RS02485	GO:0016020
KPN_RS02500	GO:0061077
KPN_RS02505	GO:0016491
KPN_RS02510	GO:0006629,GO:0016298
KPN_RS02535	GO:0002098,GO:0043828
KPN_RS02540	GO:0006189,GO:0004638,GO:0005524,GO:0046872
KPN_RS02545	GO:0009152,GO:0004638,GO:0009320
KPN_RS02555	GO:0009245,GO:0008758
KPN_RS02565	GO:0006423,GO:0004817,GO:0005737
KPN_RS02575	GO:0004488
KPN_RS02590	GO:0019628
KPN_RS02605	GO:0046912
KPN_RS02620	GO:0007155,GO:0009289
KPN_RS02625	GO:0061077
KPN_RS02630	GO:0009297,GO:0015473
KPN_RS02635	GO:0007155,GO:0009289
KPN_RS02645	GO:0036104,GO:0016747
KPN_RS02655	GO:0000160,GO:0006355,GO:0003677
KPN_RS02660	GO:0043872
KPN_RS02670	GO:0006857,GO:0055085,GO:1904680,GO:0016020
KPN_RS02675	GO:0006430,GO:0004824,GO:0005737
KPN_RS02685	GO:0019310,GO:0050114
KPN_RS02690	GO:0016491,GO:0016651
KPN_RS02695	GO:0016491,GO:0016651
KPN_RS02700	GO:0000166,GO:0016491
KPN_RS02715	GO:0005524,GO:0016887,GO:0042626,GO:0140359
KPN_RS02720	GO:0008643,GO:0022857,GO:0005886
KPN_RS02735	GO:0006355,GO:0003677
KPN_RS02740	GO:0005975,GO:0004564
KPN_RS02745	GO:0009401,GO:0008982,GO:0016020
KPN_RS02755	GO:0016301
KPN_RS02775	GO:0055085,GO:0022857,GO:0016020
KPN_RS02780	GO:0005524,GO:0016887,GO:0042626,GO:0140359
KPN_RS02785	GO:0006826,GO:0042626,GO:0140359
KPN_RS02820	GO:0016787,GO:0016810
KPN_RS02825	GO:0006865,GO:0030288,GO:0055052
KPN_RS02840	GO:0016491
KPN_RS02845	GO:0008484
KPN_RS02850	GO:0018209,GO:0046500,GO:0016491,GO:0051539
KPN_RS02855	GO:0006355
KPN_RS02860	GO:0055085,GO:0022857
KPN_RS02875	GO:0022857,GO:0016020
KPN_RS02885	GO:0016491
KPN_RS02890	GO:0016491
KPN_RS02900	GO:0015891,GO:0015343,GO:0019867
KPN_RS02905	GO:0006865
KPN_RS02910	GO:0055085,GO:0022857
KPN_RS02915	GO:0003824
KPN_RS02920	GO:0016491,GO:0016651
KPN_RS02935	GO:0008381
KPN_RS02945	GO:0003677
KPN_RS02960	GO:0005975,GO:0016787,GO:0097367
KPN_RS02965	GO:1901135,GO:0097367
KPN_RS02970	GO:0008643,GO:0009401,GO:0016310,GO:0016301,GO:1902495
KPN_RS02980	GO:0009401,GO:0008982,GO:0005737
KPN_RS02985	GO:0008643,GO:0009401,GO:0016310,GO:0016301,GO:1902495
KPN_RS02990	GO:0016491
KPN_RS03000	GO:0006355,GO:0003677,GO:0003700
KPN_RS03030	GO:0006810,GO:0005215
KPN_RS03035	GO:0006810,GO:0015562,GO:0016020
KPN_RS03045	GO:0042398,GO:0004357
KPN_RS03055	GO:0055085
KPN_RS03060	GO:0042626,GO:0140359
KPN_RS03065	GO:0005524,GO:0016887,GO:0042626,GO:0140359
KPN_RS03070	GO:0005524,GO:0016887,GO:0042626,GO:0140359
KPN_RS03080	GO:0055085,GO:0005215
KPN_RS03085	GO:0030170
KPN_RS03090	GO:0030170
KPN_RS03100	GO:0006865,GO:0042626,GO:0140359
KPN_RS03105	GO:0015837,GO:0005886,GO:0055052
KPN_RS03110	GO:0005524,GO:0016887,GO:0042626,GO:0140359
KPN_RS03125	GO:0005524,GO:0016887,GO:0042626,GO:0140359
KPN_RS03130	GO:0005524,GO:0016887,GO:0042626,GO:0140359
KPN_RS03135	GO:0042626,GO:0140359
KPN_RS03140	GO:0055085
KPN_RS03145	GO:0042626,GO:0140359,GO:0055052
KPN_RS03155	GO:0019285,GO:0008812
KPN_RS03160	GO:0019285,GO:0008802,GO:0046872
KPN_RS03165	GO:0003677
KPN_RS03180	GO:0055085,GO:0016020
KPN_RS03190	GO:0006749,GO:0043295
KPN_RS03195	GO:0016310,GO:0005524,GO:0019200
KPN_RS03215	GO:0003677,GO:0030246
KPN_RS03225	GO:0008643,GO:0022857,GO:0005886
KPN_RS03230	GO:0005524,GO:0016887,GO:0042626,GO:0140359
KPN_RS03245	GO:0009239,GO:0000287,GO:0008897,GO:0009366
KPN_RS03255	GO:0005506,GO:0008849
KPN_RS03265	GO:0009058,GO:0003824,GO:0031177
KPN_RS03270	GO:0005524
KPN_RS03275	GO:0022857
KPN_RS03280	GO:0022857,GO:0016020
KPN_RS03285	GO:0042930,GO:0042931
KPN_RS03295	GO:0008909
KPN_RS03320	GO:0009267
KPN_RS03330	GO:0003677
KPN_RS03340	GO:0016491
KPN_RS03345	GO:0016491,GO:0046872
KPN_RS03350	GO:0005524,GO:0016887,GO:0042626,GO:0140359
KPN_RS03355	GO:0042626,GO:0140359
KPN_RS03370	GO:0019509,GO:0046522
KPN_RS03375	GO:0019509,GO:0046523
KPN_RS03400	GO:0016810
KPN_RS03410	GO:0055085,GO:0015209,GO:0016020
KPN_RS03415	GO:0019509,GO:0046872
KPN_RS03420	GO:0016310,GO:0005524,GO:0019200
KPN_RS03435	GO:0042626,GO:0140359
KPN_RS03440	GO:0042626,GO:0140359
KPN_RS03445	GO:0005524,GO:0016887,GO:0042626,GO:0140359
KPN_RS03455	GO:0016491
KPN_RS03465	GO:0019509,GO:0016791,GO:0016862
KPN_RS03470	GO:0008483,GO:0016740
KPN_RS03475	GO:0006807,GO:0007059,GO:0032259,GO:0043170,GO:0043412,GO:0044238,GO:0003677,GO:0008757
KPN_RS03485	GO:0006355,GO:0003700
KPN_RS03495	GO:0006979,GO:0102039
KPN_RS03500	GO:0006805,GO:0009398,GO:0016668
KPN_RS03510	GO:0032784,GO:0003677,GO:0070063
KPN_RS03520	GO:0015740,GO:0015556
KPN_RS03535	GO:0016020
KPN_RS03550	GO:0009107,GO:0016992,GO:0051539,GO:1904047
KPN_RS03555	GO:0006355,GO:0003700
KPN_RS03560	GO:0009249,GO:0033819
KPN_RS03570	GO:0006508,GO:0009002
KPN_RS03575	GO:0042834
KPN_RS03585	GO:0009252,GO:0008658,GO:0009002,GO:0016020
KPN_RS03590	GO:0006364,GO:0008168
KPN_RS03595	GO:0017148,GO:0043022
KPN_RS03600	GO:0009236,GO:0043755
KPN_RS03605	GO:0009435,GO:0016779
KPN_RS03610	GO:0006260,GO:0003887,GO:0009360
KPN_RS03615	GO:0043165,GO:0019867
KPN_RS03620	GO:0006429,GO:0004823,GO:0005737
KPN_RS03635	GO:0006811,GO:0015031,GO:0015288,GO:0046930
KPN_RS03645	GO:0005524,GO:0016887,GO:0042626,GO:0140359
KPN_RS03655	GO:0006865,GO:0042626,GO:0140359
KPN_RS03665	GO:0006497,GO:0042158,GO:0016410,GO:0016020
KPN_RS03670	GO:0050660
KPN_RS03675	GO:0042254,GO:0004540,GO:0046872
KPN_RS03680	GO:0005524
KPN_RS03685	GO:0006400,GO:0016782,GO:0051539,GO:1904047
KPN_RS03690	GO:0006744,GO:0016709
KPN_RS03730	GO:0006529,GO:0004066
KPN_RS03740	GO:0005975,GO:0006355,GO:0003677,GO:0003700
KPN_RS03745	GO:0006044,GO:0008448
KPN_RS03750	GO:0006044,GO:0004342
KPN_RS03755	GO:0009401,GO:0008982,GO:0015572,GO:0016020
KPN_RS03760	GO:0006425,GO:0004819,GO:0005737
KPN_RS03780	GO:0055085,GO:0022857
KPN_RS03785	GO:0006355,GO:0003700
KPN_RS03810	GO:0032297,GO:0003677
KPN_RS03815	GO:0005975,GO:0004614
KPN_RS03825	GO:0000160,GO:0006355,GO:0003677
KPN_RS03830	GO:0000160,GO:0000155
KPN_RS03835	GO:0006813,GO:0008556,GO:0016020
KPN_RS03840	GO:0006813,GO:0008556,GO:0031004
KPN_RS03845	GO:0006813,GO:0008556,GO:0031004
KPN_RS03860	GO:0006857,GO:0055085,GO:1904680,GO:0016020
KPN_RS03870	GO:0005975,GO:0006807,GO:0017168
KPN_RS03875	GO:0005975,GO:0006807,GO:0017168
KPN_RS03880	GO:0005975,GO:0003824
KPN_RS03895	GO:0030163
KPN_RS03900	GO:0006281,GO:0000703,GO:0003677,GO:0008270,GO:0140078
KPN_RS03910	GO:0006099,GO:0004108
KPN_RS03915	GO:0006099,GO:0000104,GO:0009055,GO:0016020,GO:0045281
KPN_RS03925	GO:0006099,GO:0022900,GO:0016627,GO:0050660
KPN_RS03935	GO:0006099,GO:0006554,GO:0006568,GO:0004591,GO:0045252
KPN_RS03940	GO:0006099,GO:0004149,GO:0045252
KPN_RS03945	GO:0006099,GO:0003824,GO:0005524,GO:0046872
KPN_RS03950	GO:0003824
KPN_RS03960	GO:0019646,GO:0009055,GO:0070069
KPN_RS03965	GO:0016020
KPN_RS03970	GO:0016682
KPN_RS03995	GO:0043213,GO:0019534,GO:0016020
KPN_RS04000	GO:0006810,GO:0005215,GO:0030288
KPN_RS04010	GO:0051301,GO:0070206,GO:0005515
KPN_RS04055	GO:0009435,GO:0008987,GO:0051539
KPN_RS04060	GO:0015890,GO:0015663,GO:0016020
KPN_RS04065	GO:0006829,GO:0055085,GO:0005385,GO:0016020
KPN_RS04080	GO:0016836
KPN_RS04085	GO:0006313,GO:0004803
KPN_RS04090	GO:0016829
KPN_RS04095	GO:0006355,GO:0003700
KPN_RS28630	GO:0006355,GO:0003700
KPN_RS04110	GO:0006814,GO:0008948,GO:0015081
KPN_RS04125	GO:0006096,GO:0004619
KPN_RS04130	GO:0006012,GO:0004034
KPN_RS04135	GO:0006012,GO:0046835,GO:0004335,GO:0005524
KPN_RS04140	GO:0006012,GO:0008108
KPN_RS04145	GO:0006012,GO:0003978
KPN_RS32165	GO:0005524
KPN_RS04160	GO:0006355,GO:0015689,GO:0003700,GO:0030151
KPN_RS04165	GO:1990961,GO:0042910,GO:0005886
KPN_RS04170	GO:0015689
KPN_RS04175	GO:0015689,GO:0015098,GO:0016020
KPN_RS04180	GO:0015689,GO:0005524,GO:0015098,GO:0016020
KPN_RS04185	GO:0016787
KPN_RS04190	GO:0017057
KPN_RS04195	GO:0071468
KPN_RS04215	GO:0006355,GO:0003677
KPN_RS04220	GO:0006355,GO:0003677
KPN_RS04225	GO:0071468
KPN_RS04240	GO:0016747
KPN_RS04245	GO:0022857,GO:0016020
KPN_RS04250	GO:0006810,GO:0005215
KPN_RS04265	GO:0042545,GO:0030599
KPN_RS04270	GO:0006548,GO:0050480
KPN_RS04275	GO:0019556,GO:0050415
KPN_RS32330	GO:0006548,GO:0016153
KPN_RS04290	GO:0006548,GO:0004397
KPN_RS04295	GO:0055085,GO:0022857,GO:0016020
KPN_RS04305	GO:0009102,GO:0004015,GO:0030170
KPN_RS04310	GO:0009102,GO:0004076,GO:0051537,GO:0051539,GO:1904047
KPN_RS04315	GO:0009102,GO:0008710
KPN_RS04320	GO:0009102,GO:0010340
KPN_RS04325	GO:0009102,GO:0004141
KPN_RS04330	GO:0005524
KPN_RS04345	GO:0006289,GO:0009381,GO:0009380
KPN_RS04360	GO:0016772
KPN_RS04370	GO:0006777,GO:0051539
KPN_RS04375	GO:0006777,GO:0003824
KPN_RS04380	GO:0006777,GO:0003824
KPN_RS04385	GO:0006777
KPN_RS04390	GO:0006777
KPN_RS04395	GO:0016020
KPN_RS04405	GO:0032049,GO:0008808
KPN_RS04410	GO:0003824
KPN_RS04420	GO:0042626,GO:0140359
KPN_RS04425	GO:0140359,GO:0016020
KPN_RS04430	GO:0005524
KPN_RS04455	GO:0055085,GO:0022857
KPN_RS04460	GO:0016491
KPN_RS04475	GO:0003724
KPN_RS04480	GO:0006139,GO:0003677,GO:0003678,GO:0005524,GO:0016818
KPN_RS04495	GO:0008270
KPN_RS04505	GO:0010181,GO:0016646
KPN_RS04510	GO:0006364,GO:0008988
KPN_RS04515	GO:0055085
KPN_RS04520	GO:0003333,GO:0005524,GO:0015424
KPN_RS04525	GO:0055085,GO:0022857,GO:0016020,GO:0043190
KPN_RS04530	GO:1903803,GO:0015599,GO:0043190
KPN_RS04535	GO:0016722
KPN_RS04555	GO:0009244,GO:1900727,GO:0008484,GO:0016776,GO:0005886
KPN_RS04565	GO:0006355,GO:0003677,GO:0003700,GO:0046914,GO:0046983
KPN_RS04575	GO:0005975,GO:0016798
KPN_RS04580	GO:0003677,GO:0003700
KPN_RS04590	GO:0006470,GO:0004721,GO:0004725
KPN_RS04595	GO:0005524,GO:0016887
KPN_RS04605	GO:0055085,GO:0022857
KPN_RS04610	GO:0006351,GO:0006355,GO:0045892,GO:0000976,GO:0003700,GO:0043565
KPN_RS04620	GO:0016787
KPN_RS04625	GO:0003824
KPN_RS04635	GO:0006777,GO:0008641
KPN_RS04640	GO:0006777,GO:0032324
KPN_RS04650	GO:0006810,GO:0000166,GO:0005524
KPN_RS04655	GO:0034775,GO:0034634,GO:0043190
KPN_RS04660	GO:0055085,GO:0016020
KPN_RS04665	GO:0055085,GO:0016020
KPN_RS04670	GO:0018339,GO:0008172,GO:0016782,GO:0051539,GO:1904047
KPN_RS04675	GO:0008643,GO:0005351,GO:0016020
KPN_RS04685	GO:0016901,GO:0070968
KPN_RS04690	GO:0006749,GO:0005515
KPN_RS04705	GO:0006355,GO:0003700
KPN_RS04710	GO:0050380,GO:0005886
KPN_RS04720	GO:0016787
KPN_RS04725	GO:0055085,GO:0022857
KPN_RS04730	GO:0003677
KPN_RS04740	GO:0006813,GO:0008324
KPN_RS04745	GO:0016020
KPN_RS04765	GO:0036211,GO:0005524,GO:0046872
KPN_RS04775	GO:0015846,GO:0019808,GO:0042597
KPN_RS04780	GO:0015846,GO:0055085,GO:0005524,GO:0015417,GO:0022857,GO:0043190
KPN_RS04785	GO:0055085,GO:0016020
KPN_RS04790	GO:0055085
KPN_RS04800	GO:0008649
KPN_RS04805	GO:0000160,GO:0006355,GO:0003677
KPN_RS04820	GO:0071705,GO:0022857,GO:0016020,GO:0043190
KPN_RS04825	GO:0055085,GO:0071705,GO:0022857,GO:0016020,GO:0043190
KPN_RS04830	GO:0015424,GO:0043190
KPN_RS04835	GO:0003333,GO:0005524,GO:0015424,GO:0043190
KPN_RS04850	GO:0071555,GO:0008270,GO:0008745
KPN_RS04855	GO:0016491
KPN_RS04865	GO:0006520,GO:0016829
KPN_RS04870	GO:0006090,GO:0000287,GO:0030976,GO:0052737
KPN_RS04880	GO:0016491,GO:0051536
KPN_RS04885	GO:0016661,GO:0051536
KPN_RS04895	GO:0006833,GO:0015250
KPN_RS04905	GO:1990961,GO:0022857,GO:0019898,GO:1990195
KPN_RS04910	GO:0005524,GO:0022857,GO:1990195
KPN_RS04920	GO:0006508
KPN_RS04925	GO:0043335,GO:0005524,GO:0016887
KPN_RS04930	GO:0006413,GO:0003743
KPN_RS04935	GO:0006508,GO:0008914
KPN_RS04940	GO:0034775,GO:0045454,GO:0005524,GO:0042626,GO:0140359,GO:0016020
KPN_RS04945	GO:0042883,GO:0005524,GO:0140359,GO:0016020
KPN_RS04950	GO:0019430,GO:0004791
KPN_RS04965	GO:0003677,GO:0005524
KPN_RS04970	GO:0009306,GO:0008320
KPN_RS04980	GO:0006434,GO:0004828,GO:0005737
KPN_RS04985	GO:0009389,GO:0030151
KPN_RS04995	GO:0009061,GO:0019645,GO:0009389,GO:0005886,GO:0009390
KPN_RS05010	GO:0043365,GO:0051539
KPN_RS05015	GO:0006113,GO:0015942,GO:0008861,GO:0005737
KPN_RS05030	GO:0016020
KPN_RS05035	GO:0006564,GO:0003824,GO:0004648
KPN_RS05040	GO:0009423,GO:0003866
KPN_RS05045	GO:0015949,GO:0004127
KPN_RS05050	GO:0006412,GO:0003723,GO:0003735,GO:0005840
KPN_RS05055	GO:0006310,GO:0006355,GO:0006417,GO:0075713,GO:0003677
KPN_RS05060	GO:0030420,GO:0016020
KPN_RS05065	GO:0055085,GO:0005524,GO:0034040,GO:0140359,GO:0016020
KPN_RS05070	GO:0009245,GO:0009029
KPN_RS05085	GO:0009244,GO:0008690
KPN_RS05105	GO:0007059,GO:0005509
KPN_RS05110	GO:0007059,GO:0030261
KPN_RS05115	GO:0007059,GO:0030261,GO:0003677
KPN_RS05120	GO:0016740
KPN_RS05130	GO:0016787
KPN_RS05135	GO:0008483,GO:0030170
KPN_RS05145	GO:0008168,GO:1904047
KPN_RS05155	GO:0006304,GO:0003677,GO:0004519
KPN_RS05160	GO:0006313,GO:0004803
KPN_RS05165	GO:0006421,GO:0004816,GO:0005524
KPN_RS05170	GO:0003677
KPN_RS05175	GO:0008838,GO:0030170
KPN_RS05180	GO:0003333
KPN_RS05190	GO:0016787,GO:0016810
KPN_RS05195	GO:0019358,GO:0004516
KPN_RS05205	GO:0006508,GO:0004177,GO:0008237
KPN_RS05210	GO:0005524
KPN_RS05215	GO:0055085,GO:0016020
KPN_RS05220	GO:0006790,GO:0008726,GO:0010181
KPN_RS05230	GO:0046306,GO:0008752
KPN_RS05235	GO:0006222,GO:0004152,GO:0016020
KPN_RS05250	GO:0031167,GO:0003723,GO:0008990
KPN_RS05255	GO:0005524
KPN_RS05275	GO:0141014,GO:0043022
KPN_RS05280	GO:0006633,GO:0008693
KPN_RS05290	GO:0006355,GO:0043565
KPN_RS05300	GO:0009432,GO:0051782,GO:0005515
KPN_RS05310	GO:0016020
KPN_RS05320	GO:0003677,GO:0003678,GO:0005524
KPN_RS05325	GO:0006007,GO:0019242,GO:0008929
KPN_RS05330	GO:0120225
KPN_RS05340	GO:0006810,GO:0015288,GO:0009279
KPN_RS05345	GO:0055085,GO:0005524,GO:0140359,GO:0016020
KPN_RS05350	GO:0030253
KPN_RS05355	GO:0016757
KPN_RS05370	GO:0003723,GO:0008649
KPN_RS05375	GO:0008150,GO:0003674,GO:0005575
KPN_RS05380	GO:0006355,GO:0003700,GO:0043565
KPN_RS05385	GO:0003998
KPN_RS05420	GO:0010181,GO:0016491,GO:0046872,GO:0051537
KPN_RS05435	GO:0071705,GO:0022857,GO:0016020
KPN_RS05440	GO:0046395,GO:0009027
KPN_RS05450	GO:0016491
KPN_RS05455	GO:0016620
KPN_RS05465	GO:0016787
KPN_RS05470	GO:0006542,GO:0004356,GO:0005524
KPN_RS05475	GO:0022857,GO:0016020
KPN_RS05490	GO:0016491
KPN_RS05495	GO:0003677
KPN_RS05510	GO:0003955,GO:0010181
KPN_RS05520	GO:0006950
KPN_RS05525	GO:0055085,GO:0005215
KPN_RS05530	GO:0006864,GO:0015218,GO:0016020
KPN_RS05540	GO:0016491
KPN_RS05545	GO:0006212,GO:0016811
KPN_RS05555	GO:0016811
KPN_RS05560	GO:0008150,GO:0010181,GO:0016491
KPN_RS05565	GO:0045892,GO:0003677
KPN_RS05575	GO:0006355,GO:0006561,GO:0003700,GO:0003842,GO:0004657,GO:0016620
KPN_RS05580	GO:0006814,GO:0015824,GO:0055085,GO:0005298,GO:0031402,GO:0016020
KPN_RS05595	GO:0034755,GO:0005381,GO:0033573
KPN_RS05600	GO:0006826
KPN_RS05605	GO:0033212,GO:0004601,GO:0020037
KPN_RS05635	GO:0006355,GO:0003677,GO:0003700
KPN_RS05650	GO:0016618,GO:0030267,GO:0051287
KPN_RS05660	GO:0061077
KPN_RS05665	GO:0005886
KPN_RS05670	GO:0003824
KPN_RS05675	GO:0003677
KPN_RS05680	GO:0016740
KPN_RS05690	GO:0016758
KPN_RS05705	GO:0055085,GO:0022857
KPN_RS05710	GO:0036104,GO:0016747
KPN_RS05730	GO:0050131
KPN_RS05745	GO:0009220,GO:0004151
KPN_RS05755	GO:0055085,GO:0022857
KPN_RS05760	GO:0008080
KPN_RS05770	GO:0016491,GO:0016651
KPN_RS05775	GO:0009252,GO:0034204
KPN_RS05780	GO:0055085,GO:0022857
KPN_RS05785	GO:0001216
KPN_RS05790	GO:0006396,GO:0003723,GO:0008995
KPN_RS05795	GO:0001522,GO:0003723,GO:0009982
KPN_RS05800	GO:0009117,GO:0000166,GO:0047429
KPN_RS05810	GO:0006412,GO:0003735,GO:0000315,GO:0022625
KPN_RS05815	GO:0008610,GO:0043811
KPN_RS05820	GO:0006633,GO:0004315,GO:0016746,GO:0033818
KPN_RS05825	GO:0006633,GO:0004314
KPN_RS05830	GO:0006633,GO:0004316,GO:0051287
KPN_RS05835	GO:0006633
KPN_RS05840	GO:0006633,GO:0004315
KPN_RS05845	GO:0046656,GO:0008696,GO:0030170
KPN_RS05855	GO:0015949,GO:0004798
KPN_RS05860	GO:0006260,GO:0003887,GO:0008408
KPN_RS05865	GO:0016788
KPN_RS05870	GO:0009401,GO:1904659,GO:0005355,GO:0008982
KPN_RS05890	GO:0006772,GO:0016310,GO:0019165
KPN_RS05895	GO:0005975,GO:0004553
KPN_RS05915	GO:0015891,GO:0015343,GO:0019867
KPN_RS05925	GO:0006355,GO:0003677,GO:0003700
KPN_RS05940	GO:0016740
KPN_RS05945	GO:0006281,GO:0003676,GO:0003684,GO:0005524
KPN_RS05955	GO:0042953,GO:0016020
KPN_RS05960	GO:0042953,GO:0005524,GO:0016020
KPN_RS05965	GO:0042953
KPN_RS05970	GO:0045127
KPN_RS05975	GO:0070403
KPN_RS05985	GO:0003677,GO:0030246
KPN_RS05990	GO:0004807
KPN_RS06015	GO:0009052,GO:0004751
KPN_RS06020	GO:0006098,GO:0004801
KPN_RS06025	GO:0006098,GO:0004802,GO:0005737
KPN_RS06035	GO:0016491
KPN_RS06040	GO:0015846,GO:0019808,GO:0042597
KPN_RS06045	GO:0055085
KPN_RS06050	GO:0055085,GO:0016020
KPN_RS06055	GO:0015846,GO:0005524,GO:0022857,GO:0016020,GO:0043190
KPN_RS06060	GO:0006508,GO:0045148
KPN_RS06065	GO:0043687
KPN_RS06070	GO:0000160,GO:0000155,GO:0004673,GO:0016772
KPN_RS06080	GO:0003700,GO:0043565
KPN_RS06090	GO:0006188,GO:0009152,GO:0004018
KPN_RS06100	GO:0002143,GO:0006396,GO:0004808,GO:0016783,GO:0005737
KPN_RS06105	GO:0016787,GO:0046872
KPN_RS06110	GO:0001522,GO:0009982
KPN_RS06115	GO:0006099,GO:0000287,GO:0004450,GO:0051287
KPN_RS06120	GO:0003677
KPN_RS06130	GO:0004497
KPN_RS06145	GO:0004024,GO:0008270,GO:0030554
KPN_RS06155	GO:0006950
KPN_RS06160	GO:0046872
KPN_RS06165	GO:0046872
KPN_RS06175	GO:0019646,GO:0009055,GO:0046872,GO:0016020,GO:0070069
KPN_RS06180	GO:0016682
KPN_RS06210	GO:0016831,GO:0046872
KPN_RS06245	GO:0009409,GO:0036104,GO:0008951,GO:0016020
KPN_RS06250	GO:0006865
KPN_RS06270	GO:0005515,GO:0046872,GO:0052621
KPN_RS06295	GO:0055085,GO:0022857
KPN_RS06300	GO:0006355,GO:0003677,GO:0003700
KPN_RS06315	GO:0016757
KPN_RS06325	GO:0000373,GO:0003964
KPN_RS06340	GO:0003677,GO:0003700
KPN_RS06350	GO:0055085,GO:0022857,GO:0005886,GO:0016020
KPN_RS06355	GO:0006355,GO:0003700
KPN_RS06390	GO:0009252,GO:0030674,GO:0009279
KPN_RS06400	GO:0005975,GO:0016857
KPN_RS06410	GO:0006979,GO:0030091,GO:0033743
KPN_RS06435	GO:0006520,GO:0004067
KPN_RS06440	GO:0006465,GO:0008233
KPN_RS06445	GO:0016491
KPN_RS06450	GO:0003993
KPN_RS06455	GO:0016260,GO:0004756
KPN_RS32190	GO:0006261,GO:0006265,GO:0006310,GO:0051304,GO:0003917,GO:0098847
KPN_RS06470	GO:0006520,GO:0016639
KPN_RS06480	GO:0016787
KPN_RS06485	GO:0008654,GO:0000287,GO:0016780,GO:0005886
KPN_RS06490	GO:0016783
KPN_RS06495	GO:0005524
KPN_RS06500	GO:0055085,GO:0016020
KPN_RS06515	GO:0016020
KPN_RS06520	GO:0016020
KPN_RS06525	GO:0006281,GO:0003677,GO:0004519,GO:0008311
KPN_RS06535	GO:0006527,GO:0008791
KPN_RS06540	GO:0006527,GO:0016620
KPN_RS06545	GO:0006527,GO:0009015
KPN_RS06550	GO:0006527,GO:0009017
KPN_RS06560	GO:0042597
KPN_RS06570	GO:0009435,GO:0003952,GO:0004359,GO:0008795
KPN_RS06575	GO:0019867
KPN_RS06590	GO:0009401,GO:0008982,GO:0016020
KPN_RS06600	GO:0006355,GO:0003700
KPN_RS06605	GO:0005975,GO:0008706,GO:0046872
KPN_RS06610	GO:0000272,GO:0016811
KPN_RS06615	GO:0006979,GO:0004096,GO:0020037
KPN_RS06625	GO:0005215
KPN_RS06635	GO:0000272,GO:0008678,GO:0016491,GO:0051287
KPN_RS06650	GO:0016790
KPN_RS06670	GO:0046872,GO:0051536
KPN_RS06675	GO:0019867
KPN_RS06685	GO:0015891,GO:0015344
KPN_RS06705	GO:0006355,GO:0003700
KPN_RS06710	GO:0000162,GO:0004834
KPN_RS06715	GO:0000162,GO:0004834
KPN_RS06720	GO:0006568,GO:0004425,GO:0004640
KPN_RS06725	GO:0000162,GO:0004048
KPN_RS06730	GO:0009058,GO:0004049
KPN_RS06740	GO:0006400,GO:0061710
KPN_RS06745	GO:0055085,GO:0005215
KPN_RS06750	GO:0006355,GO:0003700
KPN_RS06775	GO:0001522,GO:0003723,GO:0009982
KPN_RS06780	GO:0009236,GO:0008817
KPN_RS06785	GO:0016491
KPN_RS06795	GO:0006508,GO:0008233
KPN_RS06810	GO:0006260,GO:0006265,GO:0003677,GO:0003917,GO:0005737
KPN_RS06815	GO:0006355,GO:0003700
KPN_RS06830	GO:0006099,GO:0003994
KPN_RS06835	GO:0003935
KPN_RS06840	GO:0008654,GO:0004609
KPN_RS06850	GO:0008653,GO:0005515
KPN_RS06855	GO:0006207,GO:0044205,GO:0004590
KPN_RS06875	GO:0006355,GO:0003700
KPN_RS06885	GO:0006401,GO:0003723,GO:0008859
KPN_RS06925	GO:0055085,GO:0016020
KPN_RS06930	GO:0055085,GO:0016020
KPN_RS06935	GO:0055085,GO:0043190
KPN_RS06945	GO:0003677
KPN_RS06950	GO:0006355,GO:0003700,GO:0043565
KPN_RS06955	GO:0016787,GO:0016810
KPN_RS06975	GO:0009271
KPN_RS07005	GO:0005975,GO:0008706,GO:0046872
KPN_RS07010	GO:0006355,GO:0008134
KPN_RS07020	GO:0008379,GO:0016684
KPN_RS07025	GO:0009063,GO:0016855
KPN_RS07030	GO:0006508,GO:0004181,GO:0008270
KPN_RS07040	GO:0042626,GO:0140359,GO:0055052
KPN_RS07055	GO:0001216
KPN_RS07060	GO:0016787
KPN_RS07065	GO:0055085,GO:0022857,GO:0005886,GO:0016020
KPN_RS07085	GO:0003677,GO:0003700
KPN_RS07110	GO:0033103,GO:0003674
KPN_RS07115	GO:0033103,GO:0003674,GO:0033104
KPN_RS07120	GO:0033103,GO:0003674
KPN_RS07130	GO:0015288,GO:0042834
KPN_RS07140	GO:0033103,GO:0016887,GO:0033104
KPN_RS07155	GO:0006508,GO:0004222,GO:0046872
KPN_RS28345	GO:0004803
KPN_RS07205	GO:0004803
KPN_RS07210	GO:0033103,GO:0003674
KPN_RS07215	GO:0033103
KPN_RS07220	GO:0033103,GO:0003674
KPN_RS07235	GO:0016491
KPN_RS07240	GO:0006355,GO:0003677,GO:0003700
KPN_RS07250	GO:0006355,GO:0003700,GO:0043565
KPN_RS07265	GO:0003677,GO:0003700
KPN_RS07285	GO:0003677
KPN_RS07290	GO:0016491
KPN_RS07295	GO:0009058,GO:0030170
KPN_RS07305	GO:0005524
KPN_RS07310	GO:0048473,GO:0033232,GO:0042626
KPN_RS07315	GO:0008483,GO:0030170
KPN_RS07320	GO:0016020
KPN_RS07325	GO:0003677
KPN_RS07330	GO:0055085,GO:0022857,GO:0016020
KPN_RS07345	GO:0000166
KPN_RS07350	GO:0003700
KPN_RS07355	GO:0071577,GO:0005385,GO:0005886
KPN_RS07360	GO:0003676,GO:0003724,GO:0005524
KPN_RS07365	GO:0008033
KPN_RS07400	GO:0006259,GO:0003677
KPN_RS07405	GO:0090304,GO:0051908
KPN_RS07485	GO:0008168
KPN_RS07490	GO:0008080
KPN_RS07520	GO:0006355,GO:0003677
KPN_RS07730	GO:0006508,GO:0004252
KPN_RS07755	GO:0022900,GO:0005506,GO:0016903,GO:0030976
KPN_RS07775	GO:0008720,GO:0070404
KPN_RS07780	GO:0055085
KPN_RS07800	GO:0006355,GO:0003700,GO:0043565
KPN_RS07805	GO:0016491
KPN_RS07830	GO:0005524,GO:0016887,GO:0042626,GO:0140359
KPN_RS07840	GO:0050660,GO:0050661
KPN_RS07845	GO:0016787
KPN_RS07855	GO:0006592,GO:0008777
KPN_RS07870	GO:0009308,GO:0005507,GO:0008131,GO:0048038
KPN_RS07880	GO:0010124
KPN_RS07885	GO:0010124
KPN_RS07890	GO:0010124
KPN_RS07895	GO:0010124
KPN_RS07900	GO:0010124
KPN_RS07910	GO:0010124,GO:0004300
KPN_RS07920	GO:0010124
KPN_RS07925	GO:0019619,GO:0016747
KPN_RS07930	GO:0010124,GO:0047475
KPN_RS07935	GO:0006351
KPN_RS07940	GO:0010124
KPN_RS07945	GO:0046872
KPN_RS07955	GO:0003676,GO:0003724,GO:0005524
KPN_RS07960	GO:0032259,GO:0008757,GO:1904047
KPN_RS07965	GO:0006810,GO:0015288,GO:0009279
KPN_RS07970	GO:0055085,GO:0022857,GO:0016020
KPN_RS07975	GO:0055085,GO:0022857
KPN_RS07980	GO:0003677,GO:0003700
KPN_RS07985	GO:0001216
KPN_RS07990	GO:0016616
KPN_RS07995	GO:0000166,GO:0016491
KPN_RS08010	GO:0006527,GO:0008791
KPN_RS08015	GO:0006527,GO:0016620
KPN_RS08020	GO:0006527,GO:0009015
KPN_RS08025	GO:0006527,GO:0009017
KPN_RS08030	GO:0055085,GO:0022857,GO:0016020
KPN_RS08035	GO:0055085,GO:0022857
KPN_RS08050	GO:0016620
KPN_RS08055	GO:0006094,GO:0006096,GO:0019682
KPN_RS08060	GO:0016020
KPN_RS08095	GO:0055085,GO:0016020
KPN_RS08100	GO:0009086,GO:0004121,GO:0030170
KPN_RS08105	GO:0005355,GO:0005363
KPN_RS08120	GO:0009298,GO:0004476,GO:0008270
KPN_RS08130	GO:0006099,GO:0004333
KPN_RS08135	GO:0006274,GO:0003677
KPN_RS08140	GO:0007165,GO:0016310,GO:0000155,GO:0016020
KPN_RS08150	GO:0000160,GO:0006355,GO:0003677
KPN_RS08160	GO:0016491
KPN_RS08190	GO:0008750
KPN_RS08195	GO:0008750,GO:0050661,GO:0016020
KPN_RS08215	GO:0006281,GO:0003908
KPN_RS08240	GO:0006355,GO:0003700
KPN_RS08260	GO:0008410
KPN_RS08265	GO:0019619,GO:0016747
KPN_RS08270	GO:0019619,GO:0047472
KPN_RS08275	GO:0042952,GO:0047570
KPN_RS08280	GO:0047575
KPN_RS08285	GO:0055085,GO:0016020
KPN_RS08310	GO:0010181,GO:0016491
KPN_RS08315	GO:0017013,GO:0016740,GO:0046872,GO:0005886
KPN_RS08320	GO:0000160,GO:0003700
KPN_RS08340	GO:0006099,GO:0008924
KPN_RS08355	GO:0016740
KPN_RS08360	GO:0016779
KPN_RS08370	GO:0005975
KPN_RS08375	GO:0005975,GO:0006633,GO:0003989,GO:0016831,GO:0009317
KPN_RS08385	GO:0016310,GO:0005524,GO:0046917
KPN_RS08390	GO:0006810,GO:0015451
KPN_RS08415	GO:0006508,GO:0004252
KPN_RS08435	GO:0006508,GO:0004181,GO:0008270
KPN_RS08440	GO:0055085,GO:0022857
KPN_RS08445	GO:0003677,GO:0003700
KPN_RS08455	GO:0009102,GO:0004141
KPN_RS08460	GO:0006821,GO:0010447,GO:0005247,GO:0016020
KPN_RS08470	GO:0019645,GO:0016020
KPN_RS08490	GO:0005886
KPN_RS08495	GO:0008080
KPN_RS08505	GO:0016020
KPN_RS08510	GO:0055085,GO:0022857
KPN_RS08515	GO:0016491
KPN_RS08525	GO:0003700
KPN_RS08530	GO:0016491
KPN_RS08535	GO:0006508,GO:0008237
KPN_RS28855	GO:0006355,GO:0003677,GO:0003700
KPN_RS08565	GO:0006355,GO:0003677
KPN_RS08600	GO:0006355,GO:0003700,GO:0043565
KPN_RS08605	GO:0035429,GO:0015128,GO:0016020
KPN_RS08620	GO:0005975,GO:0005524,GO:0016301
KPN_RS08625	GO:0005975,GO:0016616
KPN_RS08630	GO:0003700
KPN_RS08645	GO:0005524,GO:0016887
KPN_RS08665	GO:0008080
KPN_RS08675	GO:0006355,GO:0003700,GO:0043565
KPN_RS08690	GO:0015840,GO:0033219,GO:0033221,GO:0030288,GO:0055052
KPN_RS08695	GO:0015840,GO:0033221,GO:0005886,GO:0055052
KPN_RS08700	GO:0015840,GO:0033221,GO:0005886,GO:0055052
KPN_RS08705	GO:0015840,GO:0005524,GO:0033221,GO:0009898,GO:0055052
KPN_RS08710	GO:0015840,GO:0005524,GO:0033221,GO:0009898,GO:0055052
KPN_RS08720	GO:0055085,GO:0022857
KPN_RS08725	GO:0016020
KPN_RS08750	GO:0016020
KPN_RS08755	GO:0055085,GO:0022857
KPN_RS08760	GO:0009058,GO:0016853,GO:0005737
KPN_RS08770	GO:0006096,GO:0004459,GO:0005737
KPN_RS08775	GO:0008080,GO:0016747
KPN_RS08785	GO:0004030
KPN_RS08790	GO:0006541,GO:0004359
KPN_RS08800	GO:0009966,GO:0009975
KPN_RS08805	GO:0008080
KPN_RS08815	GO:0008080
KPN_RS08835	GO:0003674
KPN_RS08845	GO:0051920
KPN_RS08850	GO:0030798
KPN_RS08860	GO:0055085,GO:0022857
KPN_RS08875	GO:0001216
KPN_RS08880	GO:0010181,GO:0016703
KPN_RS08885	GO:0048473,GO:0033232,GO:0042626
KPN_RS08890	GO:0005524
KPN_RS08920	GO:0006355,GO:0003700,GO:0043565
KPN_RS08925	GO:0055085,GO:0022857
KPN_RS08945	GO:0071949
KPN_RS08950	GO:0015205
KPN_RS08955	GO:0019628
KPN_RS08960	GO:0019628
KPN_RS08980	GO:0007155,GO:0009289
KPN_RS08985	GO:0009297,GO:0015473
KPN_RS08990	GO:0061077
KPN_RS08995	GO:0007155,GO:0009289
KPN_RS09005	GO:0036211
KPN_RS09045	GO:0055085,GO:0022857
KPN_RS09060	GO:0009401,GO:0008982,GO:0016020
KPN_RS09065	GO:0003677,GO:0003700
KPN_RS09070	GO:0006810
KPN_RS09075	GO:0001216
KPN_RS09080	GO:0050661,GO:0051287
KPN_RS09090	GO:0005524,GO:0008887
KPN_RS09095	GO:0055085,GO:0022857
KPN_RS09100	GO:0016787,GO:0046872
KPN_RS09105	GO:0055085,GO:0022857
KPN_RS09110	GO:0006635,GO:0016746
KPN_RS09115	GO:0006633,GO:0004316,GO:0051287
KPN_RS09125	GO:0005524
KPN_RS09135	GO:0015756,GO:0015535,GO:0005886
KPN_RS09140	GO:0005524,GO:0019200
KPN_RS09150	GO:0003700
KPN_RS09155	GO:0009264,GO:0004139
KPN_RS09160	GO:0016310,GO:0005524,GO:0019200
KPN_RS09165	GO:0003700
KPN_RS09170	GO:0006355,GO:0003700,GO:0043565
KPN_RS09180	GO:0016787
KPN_RS09190	GO:0006355,GO:0003700,GO:0043565
KPN_RS09195	GO:0006094,GO:0006096,GO:0019682
KPN_RS09205	GO:0006313,GO:0004803
KPN_RS28880	GO:0008080
KPN_RS09240	GO:0001216
KPN_RS09305	GO:0006351,GO:0006355,GO:0045892,GO:0000976,GO:0003700,GO:0043565
KPN_RS09310	GO:0005524
KPN_RS09315	GO:0008643,GO:0022857,GO:0005886
KPN_RS09335	GO:0016020
KPN_RS09345	GO:0001216
KPN_RS09350	GO:0001216
KPN_RS09355	GO:0055085,GO:0022857
KPN_RS09370	GO:0009401,GO:0016310,GO:0016301,GO:0022877,GO:0090563,GO:0090582
KPN_RS09375	GO:0008643,GO:0009401,GO:0016310,GO:0016301,GO:1902495
KPN_RS09385	GO:0009401
KPN_RS09390	GO:0008643,GO:0009401,GO:0008982
KPN_RS09395	GO:0008643,GO:0009401,GO:0016310,GO:0016301,GO:1902495
KPN_RS09400	GO:0006351,GO:0006355,GO:0045892,GO:0000976,GO:0003700,GO:0043565
KPN_RS09410	GO:0015297
KPN_RS09425	GO:0006355,GO:0003677,GO:0003700
KPN_RS09435	GO:0055085,GO:0005215
KPN_RS09440	GO:0055085,GO:0022857
KPN_RS09460	GO:0003677,GO:0003700
KPN_RS09465	GO:0010181,GO:0016703
KPN_RS09470	GO:0016813
KPN_RS09480	GO:0005524,GO:0016887,GO:0042626,GO:0140359
KPN_RS09485	GO:0006865,GO:0042626,GO:0140359
KPN_RS09490	GO:0006865,GO:0042626,GO:0140359
KPN_RS09515	GO:0003824
KPN_RS09525	GO:0008080,GO:0016747
KPN_RS09530	GO:0009089,GO:0004073
KPN_RS09540	GO:0003677
KPN_RS09545	GO:0055085,GO:0022857,GO:0016020
KPN_RS09550	GO:0006855,GO:0009410,GO:0005886
KPN_RS09555	GO:0006633,GO:0004315
KPN_RS09575	GO:0006313,GO:0004803
KPN_RS09580	GO:0006355,GO:0003677,GO:0003700
KPN_RS09590	GO:0016491
KPN_RS09595	GO:0016787
KPN_RS09610	GO:0006355,GO:0003677,GO:0003700
KPN_RS09615	GO:0006810
KPN_RS09620	GO:0000256,GO:0016810
KPN_RS09630	GO:0003700
KPN_RS09640	GO:0006147,GO:0008892
KPN_RS09660	GO:0007165,GO:0046872,GO:0052621
KPN_RS09675	GO:0016491,GO:0016651
KPN_RS09690	GO:0006772,GO:0050334
KPN_RS09695	GO:0005524,GO:0016887
KPN_RS09700	GO:0005524,GO:0022857
KPN_RS09710	GO:0009058,GO:0008483,GO:0030170
KPN_RS09735	GO:0000160
KPN_RS09740	GO:0016787
KPN_RS09745	GO:0006508,GO:0046872,GO:0070573
KPN_RS09750	GO:0018189,GO:0003824
KPN_RS09755	GO:0018189
KPN_RS09760	GO:0018189
KPN_RS09765	GO:0018189,GO:0048038
KPN_RS09770	GO:0018149,GO:0018189
KPN_RS32210	GO:0018189,GO:0004222
KPN_RS09785	GO:0009252,GO:0003824
KPN_RS09790	GO:0005886
KPN_RS09795	GO:0005886
KPN_RS09800	GO:0001216
KPN_RS09805	GO:0006979,GO:0004096,GO:0004601
KPN_RS09810	GO:0051301,GO:0005524,GO:0016887
KPN_RS09820	GO:0055085,GO:0022857
KPN_RS09825	GO:0009401,GO:0016740
KPN_RS09830	GO:0006355,GO:0003700
KPN_RS09835	GO:0016491
KPN_RS09840	GO:0005254
KPN_RS09845	GO:0008324
KPN_RS09860	GO:0016491
KPN_RS09865	GO:0006972,GO:0006979,GO:0033194,GO:0004601,GO:0051920,GO:0005829
KPN_RS09915	GO:0006950
KPN_RS09930	GO:0001216
KPN_RS09950	GO:0004470,GO:0004471,GO:0046872,GO:0051287
KPN_RS09965	GO:0005524
KPN_RS32405	GO:0008080
KPN_RS32630	GO:0003677
KPN_RS09990	GO:0055085,GO:0043190
KPN_RS09995	GO:0055085
KPN_RS10000	GO:0042626,GO:0140359
KPN_RS10005	GO:0005524,GO:0016887,GO:0042626,GO:0140359
KPN_RS10010	GO:0016705
KPN_RS10015	GO:0051920
KPN_RS10020	GO:0055085,GO:0022857
KPN_RS10030	GO:0006793,GO:0008976,GO:0005575
KPN_RS10045	GO:0045333,GO:0008863
KPN_RS10050	GO:0015942,GO:0009326
KPN_RS10060	GO:0016020
KPN_RS10075	GO:0006725
KPN_RS10080	GO:0051537
KPN_RS10085	GO:0019615,GO:0018576
KPN_RS10090	GO:0042952,GO:0016159
KPN_RS10110	GO:0003677
KPN_RS10120	GO:0009061,GO:0008940,GO:0009325
KPN_RS10125	GO:0009061,GO:0008940,GO:0009325
KPN_RS10130	GO:0051131,GO:0051082
KPN_RS10135	GO:0019645,GO:0008940,GO:0009325
KPN_RS10140	GO:0016407
KPN_RS10145	GO:0006826,GO:0042626,GO:0140359
KPN_RS10160	GO:0010181,GO:0016646
KPN_RS10165	GO:0006355,GO:0003700,GO:0043565
KPN_RS10175	GO:0055085,GO:0022857
KPN_RS10195	GO:0006749,GO:0005515
KPN_RS10205	GO:0005524,GO:0016887,GO:0042626,GO:0140359
KPN_RS10210	GO:0006865,GO:0042626,GO:0140359
KPN_RS10215	GO:0008080
KPN_RS32420	GO:0008152,GO:0010181,GO:0016491
KPN_RS10235	GO:0008150,GO:0010181,GO:0016491
KPN_RS10245	GO:0001216
KPN_RS10250	GO:0006865,GO:0016020
KPN_RS10255	GO:0005886
KPN_RS10270	GO:0016810
KPN_RS10285	GO:0006206,GO:0050263
KPN_RS10295	GO:0006355,GO:0003677,GO:0003700
KPN_RS10305	GO:0055085,GO:0005215,GO:0005886
KPN_RS10315	GO:0042626,GO:0140359,GO:0055052
KPN_RS10330	GO:0016787
KPN_RS10355	GO:0009447,GO:0019145
KPN_RS10360	GO:0055085,GO:0005524,GO:0016887,GO:0042626,GO:0140359,GO:0005886,GO:0055052
KPN_RS10365	GO:0055085,GO:0005524,GO:0016887,GO:0042626,GO:0140359,GO:0005886,GO:0055052
KPN_RS10370	GO:0005524,GO:0016887,GO:0042626,GO:0140359
KPN_RS10380	GO:0030170
KPN_RS10385	GO:0019646,GO:0009055,GO:0046872,GO:0016020,GO:0070069
KPN_RS10390	GO:0016682
KPN_RS10420	GO:0006355,GO:0003677,GO:0003700
KPN_RS10425	GO:0042919,GO:0042925,GO:0016020
KPN_RS10430	GO:0043565
KPN_RS10435	GO:0055085,GO:0005215
KPN_RS10445	GO:0046690,GO:0008757
KPN_RS10450	GO:0055085,GO:0016020
KPN_RS10485	GO:0046278,GO:0018578
KPN_RS10490	GO:0046278,GO:0018578
KPN_RS10500	GO:0016491,GO:0048038,GO:0016020,GO:0030288
KPN_RS10505	GO:0006113,GO:0009404,GO:0004024,GO:0051903
KPN_RS10515	GO:0022904,GO:0009055,GO:0016020
KPN_RS10530	GO:0003677
KPN_RS10535	GO:0055085,GO:0022857
KPN_RS10540	GO:0009168,GO:0004000
KPN_RS10550	GO:0030245,GO:0008422
KPN_RS10565	GO:0022900,GO:0016020
KPN_RS10570	GO:0022900,GO:0009055,GO:0051536
KPN_RS10575	GO:0009055,GO:0051539,GO:0016020
KPN_RS10580	GO:0022900,GO:0055085,GO:0016020
KPN_RS10585	GO:0022900,GO:0009055,GO:0010181,GO:0016020
KPN_RS10590	GO:0022900
KPN_RS10595	GO:0006284,GO:0003906
KPN_RS10605	GO:0015833,GO:0055085,GO:1904680,GO:0016020
KPN_RS10610	GO:0006749,GO:0005515
KPN_RS10615	GO:0009443,GO:0008478
KPN_RS10620	GO:0006437,GO:0004831,GO:0005737
KPN_RS10625	GO:0008615,GO:0004733,GO:0010181
KPN_RS10650	GO:0006355,GO:0003700
KPN_RS10655	GO:0016020
KPN_RS10660	GO:0055085,GO:0022857,GO:0016020
KPN_RS10665	GO:0006810,GO:0005886
KPN_RS10670	GO:0004784
KPN_RS10675	GO:0016491
KPN_RS10685	GO:0006355,GO:0003677,GO:0003700
KPN_RS10700	GO:0006364,GO:0042780,GO:0016896
KPN_RS10705	GO:0016491
KPN_RS10710	GO:0006508,GO:0008233,GO:0016787
KPN_RS10715	GO:0043565
KPN_RS10720	GO:0006801,GO:0004784,GO:0046872
KPN_RS10725	GO:0055085,GO:0022857,GO:0005886,GO:0016020
KPN_RS10735	GO:0006355,GO:0003677
KPN_RS10740	GO:0006355,GO:0003700
KPN_RS10745	GO:1990961,GO:0042910,GO:0016020
KPN_RS10800	GO:0016491
KPN_RS10805	GO:0006355,GO:0003700,GO:0043565
KPN_RS10830	GO:0000160,GO:0006355,GO:0003677
KPN_RS10850	GO:0004089,GO:0008270
KPN_RS10855	GO:0006865,GO:0016020
KPN_RS10860	GO:0003700
KPN_RS10875	GO:0042626,GO:0140359,GO:0055052
KPN_RS10880	GO:0055085
KPN_RS10885	GO:0140359,GO:0043190
KPN_RS10890	GO:0005524,GO:0016887,GO:0042626,GO:0140359
KPN_RS10895	GO:0015833,GO:0005524,GO:0015440,GO:0009898,GO:0043190
KPN_RS10930	GO:0003677,GO:0003700
KPN_RS28965	GO:0016846
KPN_RS10935	GO:0016491
KPN_RS10945	GO:0140359,GO:0055052
KPN_RS10950	GO:0006355,GO:0003700
KPN_RS10960	GO:0010181,GO:0016491,GO:0046872,GO:0051537
KPN_RS10970	GO:0016787
KPN_RS10980	GO:0140359,GO:0055052
KPN_RS10985	GO:0005524,GO:0016887
KPN_RS10990	GO:0005524,GO:0022857
KPN_RS10995	GO:0016491,GO:0050660
KPN_RS11015	GO:0015703,GO:0015109
KPN_RS11025	GO:0055085,GO:0022857
KPN_RS11030	GO:0006725,GO:0016853
KPN_RS11035	GO:0003677
KPN_RS11040	GO:0055085,GO:0022857
KPN_RS11055	GO:0006355,GO:0003677,GO:0003700,GO:0005829
KPN_RS11060	GO:0008410
KPN_RS11070	GO:0016747
KPN_RS11080	GO:0055085,GO:0022857
KPN_RS11085	GO:0003858
KPN_RS11095	GO:0006113,GO:0045151,GO:0047605
KPN_RS11100	GO:0006113,GO:0045151,GO:0003984
KPN_RS11105	GO:0045150,GO:0019152
KPN_RS11125	GO:0055085,GO:0005524,GO:0042626,GO:0140359,GO:0016020
KPN_RS11135	GO:0000160
KPN_RS11150	GO:0006313,GO:0004803
KPN_RS11165	GO:0006810,GO:0015291
KPN_RS11175	GO:0008080
KPN_RS32225	GO:0017004,GO:0051082
KPN_RS11190	GO:0017004,GO:0015036,GO:0030288
KPN_RS11200	GO:0017004,GO:0020037,GO:0005886
KPN_RS11205	GO:0015886,GO:0017004,GO:0016020
KPN_RS11215	GO:0015886,GO:0015232
KPN_RS11220	GO:0017004,GO:0005524,GO:0022857
KPN_RS11225	GO:0009055,GO:0020037
KPN_RS11230	GO:0016491
KPN_RS11245	GO:0005524,GO:0016887,GO:0042626,GO:0140359
KPN_RS11250	GO:0006826,GO:0042626,GO:0140359
KPN_RS11265	GO:0016491
KPN_RS11270	GO:0015942,GO:0008863,GO:0009326
KPN_RS11275	GO:0016787,GO:0016810
KPN_RS11280	GO:0055085,GO:0022857
KPN_RS11305	GO:0005524,GO:0016887,GO:0042626,GO:0140359
KPN_RS11310	GO:0006865,GO:0042626,GO:0140359
KPN_RS11325	GO:0006355,GO:0003700
KPN_RS11335	GO:0006826,GO:0042626,GO:0140359
KPN_RS11340	GO:0006826,GO:0042626,GO:0140359
KPN_RS11345	GO:0005524,GO:0016887,GO:0042626,GO:0140359
KPN_RS11350	GO:0015891,GO:0015343,GO:0019867
KPN_RS11355	GO:0005524,GO:0016887
KPN_RS11360	GO:0055085,GO:0016020
KPN_RS11365	GO:0140359,GO:0055052
KPN_RS11375	GO:0016491,GO:0050660
KPN_RS11380	GO:0010181,GO:0016491
KPN_RS11385	GO:0006355,GO:0003700
KPN_RS11405	GO:0055085,GO:0022857,GO:0016020
KPN_RS11435	GO:0019622,GO:0008688
KPN_RS11440	GO:0006355,GO:0003677
KPN_RS11450	GO:0006826,GO:0042626,GO:0140359
KPN_RS11455	GO:0005524,GO:0016887,GO:0042626,GO:0140359
KPN_RS11470	GO:0055085,GO:0022857
KPN_RS11480	GO:0003677
KPN_RS11500	GO:0006096,GO:0004743
KPN_RS11510	GO:0016740
KPN_RS11520	GO:0006534,GO:0030170,GO:0031071
KPN_RS11525	GO:0016226
KPN_RS11530	GO:0005524
KPN_RS11535	GO:0016226
KPN_RS11555	GO:0006089,GO:0004457,GO:0010181
KPN_RS11560	GO:0022857,GO:0016020
KPN_RS11565	GO:0006810,GO:0005215
KPN_RS11570	GO:0006355,GO:0003677,GO:0003700
KPN_RS11575	GO:0003824
KPN_RS11580	GO:0006355,GO:0003700
KPN_RS11590	GO:0006826,GO:0042626,GO:0140359
KPN_RS11595	GO:0005524,GO:0016887,GO:0042626,GO:0140359
KPN_RS11600	GO:0055085,GO:0022857
KPN_RS11605	GO:0009086,GO:0003871,GO:0008270
KPN_RS11620	GO:0016020
KPN_RS11630	GO:0046872,GO:0050660,GO:0051536
KPN_RS11640	GO:0006090,GO:0016310,GO:0005524,GO:0008986,GO:0016772
KPN_RS11650	GO:0006468,GO:0006470,GO:0004674,GO:0005524,GO:0016776
KPN_RS11665	GO:0018117,GO:0005524,GO:0070733
KPN_RS11675	GO:0015889,GO:0005524
KPN_RS11680	GO:0006979,GO:0004602
KPN_RS11690	GO:0005524,GO:0022857
KPN_RS11700	GO:0006355,GO:0003700
KPN_RS11705	GO:0019478,GO:0008718
KPN_RS11715	GO:0006310,GO:0006355,GO:0006417,GO:0075713,GO:0003677
KPN_RS11720	GO:0006432,GO:0004826,GO:0009328
KPN_RS11725	GO:0006432,GO:0004826,GO:0009328
KPN_RS30900	GO:0031556
KPN_RS11730	GO:0006412,GO:0003735,GO:0000315,GO:0022625
KPN_RS11735	GO:0006412,GO:0003735,GO:0000315,GO:0022625
KPN_RS11740	GO:0006413,GO:0003743
KPN_RS11745	GO:0006435,GO:0004829,GO:0005737
KPN_RS11760	GO:0005975,GO:0016773
KPN_RS11765	GO:0004521
KPN_RS11775	GO:0015891,GO:0055085,GO:0015343,GO:0030288
KPN_RS11790	GO:0042597
KPN_RS11800	GO:0032049,GO:0008808
KPN_RS11825	GO:0055085
KPN_RS11830	GO:0055085,GO:0016020
KPN_RS11835	GO:0055085,GO:0043190
KPN_RS11845	GO:0016020
KPN_RS11855	GO:0006066,GO:0015976,GO:0004022,GO:0016620,GO:0046872
KPN_RS11870	GO:0071824,GO:0003677
KPN_RS11880	GO:0000160
KPN_RS11885	GO:0006629,GO:0004622
KPN_RS11895	GO:0009152,GO:0008864
KPN_RS11910	GO:0003677
KPN_RS11915	GO:0055085,GO:0005215
KPN_RS11920	GO:0019645,GO:0008940,GO:0009325
KPN_RS11925	GO:0051131,GO:0051082
KPN_RS11930	GO:0009061,GO:0008940,GO:0009325
KPN_RS11935	GO:0009061,GO:0008940,GO:0009325
KPN_RS11945	GO:0015707,GO:0015514,GO:0005886
KPN_RS11950	GO:0000160,GO:0000155,GO:0046983,GO:0016020
KPN_RS11955	GO:0000160,GO:0006355,GO:0003677
KPN_RS32230	GO:0042128,GO:0008942,GO:0016491,GO:0050660,GO:0050661
KPN_RS11975	GO:0005524,GO:0016887
KPN_RS11980	GO:0015706,GO:0015414,GO:0005886,GO:0055052
KPN_RS11985	GO:0042626,GO:0140359,GO:0055052
KPN_RS11995	GO:0031564,GO:0003723
KPN_RS12025	GO:0008676
KPN_RS12040	GO:0006412,GO:0018364,GO:0008757
KPN_RS12045	GO:0006415,GO:0003747
KPN_RS12050	GO:0006779,GO:0008883,GO:0005737
KPN_RS12055	GO:0009306,GO:0008320
KPN_RS12060	GO:0016114,GO:0050515
KPN_RS12075	GO:0006355,GO:0003677
KPN_RS12085	GO:0006412,GO:0004045
KPN_RS12090	GO:0005525
KPN_RS12110	GO:0033103,GO:0003674
KPN_RS12115	GO:0033103,GO:0003674
KPN_RS12120	GO:0033103
KPN_RS12125	GO:0033103,GO:0003674
KPN_RS12245	GO:0015288,GO:0042834
KPN_RS12255	GO:0033103,GO:0003674
KPN_RS12275	GO:0001522,GO:0003723,GO:0009982
KPN_RS12285	GO:0006355,GO:0003677,GO:0003700,GO:0005829
KPN_RS12300	GO:0001216
KPN_RS12305	GO:0008080
KPN_RS12310	GO:0006094,GO:0004612
KPN_RS12320	GO:0005524,GO:0016887,GO:0042626,GO:0140359
KPN_RS12325	GO:0005524
KPN_RS12330	GO:0055085,GO:0015658,GO:0016020
KPN_RS12340	GO:0015803,GO:0055085,GO:0015658,GO:0022857,GO:0140359
KPN_RS12350	GO:0006113,GO:0015942,GO:0008861,GO:0005737
KPN_RS12355	GO:0006082,GO:0016310,GO:0016301
KPN_RS12365	GO:0006567,GO:0004794,GO:0030170
KPN_RS12370	GO:0006355,GO:0003700
KPN_RS12420	GO:0015891,GO:0015343,GO:0019867
KPN_RS12435	GO:0006813,GO:0006884,GO:0055085,GO:0051139,GO:0016020
KPN_RS12440	GO:0006522,GO:0008784
KPN_RS12445	GO:0055130,GO:0008718,GO:0016491,GO:0071949
KPN_RS12460	GO:0006355,GO:0019217,GO:0000062,GO:0003677,GO:0003700
KPN_RS12465	GO:0006814,GO:0015385,GO:0016020
KPN_RS12470	GO:0006457,GO:0015035,GO:0016020
KPN_RS12485	GO:0003824
KPN_RS12500	GO:0000918,GO:0004857
KPN_RS12510	GO:0032955
KPN_RS12515	GO:0008033,GO:0003676,GO:0008408,GO:0033890
KPN_RS12530	GO:0006400,GO:0003725
KPN_RS12535	GO:0003677,GO:0004386,GO:0005524
KPN_RS12550	GO:0009396
KPN_RS12555	GO:0000287,GO:0010945
KPN_RS12580	GO:0009401,GO:0008982
KPN_RS12585	GO:0009401,GO:0034219,GO:0016020
KPN_RS12605	GO:0008168
KPN_RS12610	GO:0009252,GO:0051301,GO:0008658,GO:0008955,GO:0005886
KPN_RS12640	GO:0006355,GO:0003700
KPN_RS12650	GO:0006508,GO:0004222
KPN_RS12655	GO:0006508,GO:0005515,GO:0008236
KPN_RS12660	GO:0010608,GO:0003723,GO:0033592,GO:0034057
KPN_RS12665	GO:0005515,GO:0033745
KPN_RS12680	GO:0001510,GO:0003723,GO:0008649
KPN_RS12695	GO:0016787
KPN_RS12715	GO:0006825,GO:0016020
KPN_RS12720	GO:0006825,GO:0005507
KPN_RS12750	GO:0009152,GO:0000287,GO:0004644,GO:0005524
KPN_RS12755	GO:0016830,GO:0016832,GO:0016833
KPN_RS12760	GO:0009255,GO:0004456
KPN_RS12765	GO:0006098,GO:0004345
KPN_RS12780	GO:0006096,GO:0004743,GO:0005737
KPN_RS12785	GO:0009245,GO:0016746
KPN_RS12790	GO:0042834
KPN_RS12795	GO:0006829,GO:0046872
KPN_RS12800	GO:0006829,GO:0005524,GO:0015633
KPN_RS12805	GO:0055085,GO:0042626
KPN_RS12810	GO:0006281,GO:0006310,GO:0003677,GO:0005524,GO:0009378
KPN_RS12815	GO:0006310,GO:0009378,GO:0009379
KPN_RS12820	GO:0006310,GO:0008821
KPN_RS12830	GO:0046656,GO:0008828,GO:0019177
KPN_RS12835	GO:0006422,GO:0004815,GO:0005737
KPN_RS12860	GO:0002098,GO:0016765
KPN_RS12865	GO:0055070,GO:0005507
KPN_RS12875	GO:0006420,GO:0004814,GO:0005737
KPN_RS12895	GO:0005992,GO:0003825
KPN_RS12900	GO:0005992,GO:0004805
KPN_RS12905	GO:0055085,GO:0022857,GO:0016020
KPN_RS12910	GO:0042882,GO:0005524,GO:0015612,GO:0016020
KPN_RS12930	GO:0055085,GO:0022857
KPN_RS12940	GO:0055085,GO:0022857
KPN_RS12955	GO:0006879,GO:0008199
KPN_RS12965	GO:0015801,GO:0015173,GO:0005886
KPN_RS13000	GO:0006289,GO:0009381,GO:0009380
KPN_RS13005	GO:0000160,GO:0006355,GO:0003677
KPN_RS13015	GO:0006355,GO:0003677
KPN_RS13020	GO:0003333,GO:0005524,GO:0015424
KPN_RS13030	GO:0019148
KPN_RS13035	GO:0015276,GO:0016020
KPN_RS13040	GO:0005975,GO:0004553,GO:0005509
KPN_RS13050	GO:0006355,GO:0003677
KPN_RS13075	GO:0016020
KPN_RS13100	GO:0034220,GO:0015288
KPN_RS13110	GO:0008237
KPN_RS13125	GO:0016740
KPN_RS13130	GO:0006355,GO:0003700
KPN_RS13135	GO:0006355,GO:0003700
KPN_RS13145	GO:0006814,GO:0006885,GO:1902600,GO:0015385
KPN_RS13155	GO:0004024,GO:0008270,GO:0030554
KPN_RS13165	GO:0016787
KPN_RS13175	GO:0009116,GO:0044209,GO:0008714
KPN_RS13185	GO:0055085,GO:0015297
KPN_RS13205	GO:0046872,GO:0052621
KPN_RS13210	GO:0016787
KPN_RS13255	GO:0055085,GO:0022857,GO:0016020
KPN_RS13265	GO:0001216
KPN_RS13285	GO:0009236,GO:0008939
KPN_RS13290	GO:0009236,GO:0008818
KPN_RS13310	GO:0006508,GO:0009002
KPN_RS13315	GO:0006281,GO:0000175,GO:0003676,GO:0008310
KPN_RS13320	GO:0006414,GO:0003746
KPN_RS13325	GO:0003677
KPN_RS13335	GO:0006355,GO:0003700
KPN_RS13340	GO:0005524,GO:0051287
KPN_RS30510	GO:0000105
KPN_RS13345	GO:0000105,GO:0003879
KPN_RS13350	GO:0000105,GO:0004399
KPN_RS13355	GO:0000105,GO:0004400
KPN_RS13360	GO:0000105,GO:0004401,GO:0004424
KPN_RS13365	GO:0000105,GO:0000107,GO:0016884
KPN_RS13370	GO:0000105,GO:0003949
KPN_RS13375	GO:0000105,GO:0000107
KPN_RS13380	GO:0000105,GO:0004635,GO:0004636
KPN_RS13385	GO:0005975,GO:0004565,GO:0009341
KPN_RS13400	GO:0140359,GO:0043190
KPN_RS29065	GO:0016757
KPN_RS13405	GO:0009243,GO:0019305,GO:0008830
KPN_RS13415	GO:0009243,GO:0019305,GO:0008879
KPN_RS13420	GO:0009243,GO:0019305,GO:0008460
KPN_RS13440	GO:0000271,GO:0003979
KPN_RS13445	GO:0009243,GO:0019305,GO:0008830
KPN_RS13455	GO:0009243,GO:0019305,GO:0008879
KPN_RS13460	GO:0009243,GO:0019305,GO:0008460
KPN_RS13465	GO:0006098,GO:0004616,GO:0050661
KPN_RS13475	GO:0016747
KPN_RS30125	GO:0016757
KPN_RS13495	GO:0000271,GO:0016740,GO:0016020
KPN_RS13500	GO:0045226
KPN_RS13510	GO:0015774,GO:0016020
KPN_RS13530	GO:0009225,GO:0030234
KPN_RS13535	GO:0005886
KPN_RS13545	GO:0009394,GO:0008829
KPN_RS13550	GO:0004849
KPN_RS13555	GO:0006281,GO:0003824
KPN_RS13560	GO:0005524,GO:0016887
KPN_RS13570	GO:0000160,GO:0006355,GO:0003677
KPN_RS13590	GO:0055085,GO:0022857,GO:0016020
KPN_RS13595	GO:0055085,GO:0022857,GO:0016020
KPN_RS13600	GO:0055085
KPN_RS13610	GO:0007165,GO:0016310,GO:0000155,GO:0016020
KPN_RS13615	GO:0000160,GO:0003677
KPN_RS13625	GO:0001727,GO:0046872
KPN_RS13630	GO:0005524,GO:0016887,GO:0042626,GO:0140359
KPN_RS13635	GO:0005524,GO:0016887,GO:0042626,GO:0140359
KPN_RS13640	GO:0042626,GO:0140359
KPN_RS13645	GO:0055085
KPN_RS13650	GO:0042626,GO:0140359,GO:0055052
KPN_RS13660	GO:0008152,GO:0016787
KPN_RS13670	GO:0005997,GO:0042732,GO:0004856,GO:0005515
KPN_RS13675	GO:0051161,GO:0047813
KPN_RS13680	GO:0030246
KPN_RS13685	GO:0006355,GO:0003677
KPN_RS13690	GO:0016491
KPN_RS13695	GO:0016310,GO:0005524,GO:0019200
KPN_RS13700	GO:0055085,GO:0022857
KPN_RS13705	GO:0004332
KPN_RS13710	GO:0009228,GO:0008902,GO:0008972
KPN_RS13715	GO:0009228,GO:0004417
KPN_RS13730	GO:0006355,GO:0003700
KPN_RS13740	GO:0015205,GO:0005886
KPN_RS13745	GO:0001216
KPN_RS13755	GO:0008080
KPN_RS13760	GO:0016226,GO:0005524,GO:0016887,GO:0051536
KPN_RS13765	GO:0006431,GO:0000166,GO:0004825,GO:0005524
KPN_RS13780	GO:0007165,GO:0000155,GO:0004673,GO:0005524
KPN_RS13790	GO:0042626,GO:0140359
KPN_RS13795	GO:0005524,GO:0016887,GO:0042626,GO:0140359
KPN_RS13800	GO:0042626,GO:0140359
KPN_RS13810	GO:0005975,GO:0004553
KPN_RS13815	GO:0006089,GO:0019516,GO:0016901
KPN_RS30535	GO:0006313,GO:0004803
KPN_RS13835	GO:0006508,GO:0009002
KPN_RS13840	GO:0006888,GO:0031267
KPN_RS13845	GO:0055085
KPN_RS13850	GO:0055085,GO:0015562,GO:0016020
KPN_RS13860	GO:0005975,GO:0004553
KPN_RS13870	GO:0006355
KPN_RS13880	GO:0002943,GO:0017150,GO:0050660
KPN_RS13895	GO:0009972,GO:0004126,GO:0008270
KPN_RS13905	GO:0008643,GO:0055085,GO:0022857,GO:0016020
KPN_RS13910	GO:0008643,GO:0005524,GO:0043211,GO:0016020
KPN_RS13915	GO:0030246
KPN_RS13920	GO:0006355,GO:0003677
KPN_RS13930	GO:0046654,GO:0003934
KPN_RS13935	GO:0046292,GO:0018738
KPN_RS13950	GO:0006355,GO:0003700
KPN_RS13965	GO:0006281,GO:0003677,GO:0008270
KPN_RS13970	GO:0009401,GO:0008982,GO:0022877
KPN_RS13975	GO:0008662,GO:0016773
KPN_RS13985	GO:0008643,GO:0055085,GO:0005351,GO:0022857,GO:0016020
KPN_RS13995	GO:0006414,GO:0043043,GO:0003746
KPN_RS14000	GO:0006064,GO:0008927
KPN_RS14005	GO:0016491
KPN_RS14010	GO:0003924,GO:0005525
KPN_RS14040	GO:0055085
KPN_RS14045	GO:0006810,GO:0000166,GO:0005524
KPN_RS14055	GO:0042908,GO:1990961,GO:0042910,GO:0016020
KPN_RS14065	GO:0003676,GO:0004386,GO:0005524,GO:0016887
KPN_RS14070	GO:0006412,GO:0003735,GO:0005840
KPN_RS14075	GO:0006355,GO:0003700
KPN_RS14080	GO:0016787
KPN_RS14085	GO:0016787
KPN_RS14090	GO:0003700
KPN_RS14095	GO:0009295
KPN_RS14105	GO:0008484
KPN_RS14115	GO:1905887,GO:0015562
KPN_RS14120	GO:0004867
KPN_RS14125	GO:0006099,GO:0008924
KPN_RS14130	GO:0008272,GO:0015116,GO:0016020
KPN_RS14135	GO:0015693,GO:0015095
KPN_RS14140	GO:0015833,GO:0140359,GO:1904680
KPN_RS14150	GO:0006281,GO:0006355,GO:0003700
KPN_RS14155	GO:0017013
KPN_RS14165	GO:0000160,GO:0009927,GO:0005886
KPN_RS14175	GO:0000160,GO:0006355,GO:0018106,GO:0000155,GO:0005524,GO:0016020
KPN_RS14180	GO:0006265,GO:0003916,GO:0003918,GO:0009330
KPN_RS14185	GO:0006744,GO:0061542
KPN_RS14190	GO:0006260,GO:0004748,GO:0005524
KPN_RS14195	GO:0009263,GO:0016491
KPN_RS14200	GO:0051537
KPN_RS14205	GO:0006629,GO:0008081
KPN_RS14210	GO:0015794,GO:0015169,GO:0016020
KPN_RS14215	GO:0006072,GO:0046174,GO:0004368,GO:0010181,GO:0050660,GO:0009331
KPN_RS14220	GO:0004368
KPN_RS14225	GO:0006071,GO:0004368,GO:0051536,GO:0009331
KPN_RS14235	GO:0055085,GO:0022857
KPN_RS14240	GO:0050032
KPN_RS14245	GO:0006355,GO:0003677,GO:0003700
KPN_RS14270	GO:0016818
KPN_RS14275	GO:0009234,GO:0005524,GO:0008756
KPN_RS14280	GO:0009234,GO:0000287,GO:0016836
KPN_RS14285	GO:0009234,GO:0008935
KPN_RS14290	GO:0009234,GO:0070205
KPN_RS14295	GO:0009234,GO:0070204
KPN_RS14300	GO:0008909
KPN_RS14310	GO:0042780,GO:0016891
KPN_RS14315	GO:0008137
KPN_RS14320	GO:0042773,GO:0008137
KPN_RS14325	GO:0042773,GO:0008137
KPN_RS14330	GO:0042773,GO:0016651
KPN_RS14335	GO:0008137
KPN_RS14340	GO:0016651,GO:0051539,GO:0016020
KPN_RS14350	GO:0006120,GO:0050136
KPN_RS14355	GO:0008137,GO:0051539
KPN_RS14360	GO:0016491
KPN_RS14365	GO:0048038,GO:0050136,GO:0051287,GO:0030964
KPN_RS14395	GO:0002953
KPN_RS14425	GO:0016407
KPN_RS14430	GO:0016817
KPN_RS14440	GO:0006749
KPN_RS14450	GO:0006760,GO:0004150
KPN_RS14455	GO:0003824
KPN_RS14465	GO:0008080
KPN_RS14500	GO:0010181,GO:0016831,GO:0106141
KPN_RS14505	GO:0009152,GO:0004044
KPN_RS14515	GO:0032506,GO:0042834,GO:0030428
KPN_RS14520	GO:0009396,GO:0004326,GO:0005524,GO:0016874
KPN_RS14525	GO:0006633,GO:0003989,GO:0009317
KPN_RS14535	GO:0006400,GO:0009982
KPN_RS14540	GO:0008652,GO:0016620,GO:0046983,GO:0051287
KPN_RS14545	GO:0008615,GO:0033711,GO:0046983,GO:0051287
KPN_RS14550	GO:0010468,GO:0016020
KPN_RS14560	GO:0006633,GO:0004315
KPN_RS14565	GO:0008033,GO:0004808,GO:0016491
KPN_RS14585	GO:0006508,GO:0004252,GO:0030288
KPN_RS14590	GO:0009073,GO:0004107
KPN_RS14595	GO:0018364,GO:0042273,GO:0008276,GO:0008757
KPN_RS14605	GO:0000160,GO:0101006
KPN_RS14610	GO:0006635,GO:0003857,GO:0008692,GO:0016491,GO:0051287
KPN_RS14615	GO:0009062,GO:0003988
KPN_RS14630	GO:0016020
KPN_RS14635	GO:0015724,GO:0015499,GO:0005886
KPN_RS14655	GO:0006355,GO:0003700
KPN_RS14660	GO:0008270,GO:0052717
KPN_RS14670	GO:0009058,GO:0003824,GO:0030170
KPN_RS14685	GO:0007165,GO:0000155,GO:0004673,GO:0005524
KPN_RS14690	GO:0003677
KPN_RS14695	GO:0006096,GO:0051156,GO:0004340,GO:0005524,GO:0005536
KPN_RS14700	GO:0005247
KPN_RS14705	GO:0030976
KPN_RS14720	GO:0055085,GO:0022857,GO:0016020
KPN_RS14755	GO:0006424,GO:0004818,GO:0009332
KPN_RS14780	GO:0006355,GO:0003677,GO:0003700,GO:0005829
KPN_RS14785	GO:0006810,GO:0015293,GO:0016020
KPN_RS14795	GO:0006260,GO:0006281,GO:0003677,GO:0003911
KPN_RS14800	GO:0000917,GO:0005515
KPN_RS14810	GO:0000103,GO:0015116,GO:0005886
KPN_RS14815	GO:0006535,GO:0004124
KPN_RS14835	GO:0009401
KPN_RS14845	GO:0009443,GO:0008478
KPN_RS14850	GO:0006355,GO:0003700
KPN_RS14860	GO:0006535,GO:0004124
KPN_RS14865	GO:0008272,GO:0005524,GO:0015419,GO:0016020,GO:0043190
KPN_RS14870	GO:0008272,GO:0055085,GO:0015419,GO:0016020
KPN_RS14875	GO:0008272,GO:0055085,GO:0015419,GO:0016020
KPN_RS14895	GO:0004601,GO:0020037
KPN_RS14910	GO:0008080
KPN_RS14915	GO:0009253,GO:0008745
KPN_RS14920	GO:0006779,GO:0004109
KPN_RS14925	GO:0006355,GO:0003700
KPN_RS14935	GO:0005198,GO:0031469
KPN_RS14940	GO:0006520,GO:0008851
KPN_RS14955	GO:0034229,GO:0034228,GO:0016020
KPN_RS14960	GO:0016491
KPN_RS14965	GO:0051301,GO:0005515
KPN_RS14985	GO:0006086,GO:0008959
KPN_RS14990	GO:0006580,GO:0008817
KPN_RS15015	GO:0006098,GO:0004801
KPN_RS15020	GO:0006098,GO:0004802,GO:0005737
KPN_RS15030	GO:0016818,GO:0046872
KPN_RS15035	GO:0016491
KPN_RS15040	GO:0042908,GO:0015562
KPN_RS15050	GO:0009089,GO:0009014
KPN_RS15060	GO:0016787
KPN_RS15065	GO:0008080,GO:0016747
KPN_RS15070	GO:0008270
KPN_RS15075	GO:0009152,GO:0004639
KPN_RS15085	GO:0009089,GO:0008840
KPN_RS15095	GO:0016209,GO:0016491
KPN_RS15115	GO:0008794
KPN_RS15130	GO:0022857
KPN_RS15135	GO:0009116,GO:0004845
KPN_RS15145	GO:0005975,GO:0047700
KPN_RS15150	GO:0006189,GO:0009152,GO:0004641
KPN_RS15155	GO:0009152,GO:0004644
KPN_RS15160	GO:0006799,GO:0008976,GO:0009358
KPN_RS15165	GO:0006798,GO:0000287,GO:0004309
KPN_RS15180	GO:0006355,GO:0003700
KPN_RS15185	GO:0055085,GO:0022857
KPN_RS15190	GO:0018209,GO:0046500,GO:0016491,GO:0051539
KPN_RS15195	GO:0008484
KPN_RS15200	GO:0006177,GO:0003922,GO:0005524,GO:0016462
KPN_RS15205	GO:0009152,GO:0003938
KPN_RS15210	GO:0006308,GO:0008855,GO:0009318
KPN_RS15220	GO:0000166,GO:0016491
KPN_RS15225	GO:0003674
KPN_RS15240	GO:0006313,GO:0004803
KPN_RS15255	GO:0042254,GO:0003924,GO:0005525,GO:0043022,GO:0005737
KPN_RS15260	GO:0005515
KPN_RS15270	GO:0006427,GO:0004821,GO:0005737
KPN_RS15275	GO:0044237,GO:0046429
KPN_RS15280	GO:0008360,GO:0003677,GO:0016020
KPN_RS15290	GO:0004550
KPN_RS15295	GO:0009252,GO:0008658,GO:0008955
KPN_RS15300	GO:0010951,GO:0004866
KPN_RS15305	GO:0004792
KPN_RS15325	GO:0006508,GO:0019538,GO:0030145,GO:0070006
KPN_RS15330	GO:0016226,GO:0005506
KPN_RS15335	GO:0016226
KPN_RS15340	GO:0006457,GO:0005515
KPN_RS15345	GO:0097428,GO:0051087
KPN_RS15355	GO:0016226,GO:0005198
KPN_RS15370	GO:0006396,GO:0003723,GO:0008173
KPN_RS15375	GO:0046854,GO:0008934
KPN_RS15410	GO:0055085,GO:0022857
KPN_RS15420	GO:0006355,GO:0003700
KPN_RS15425	GO:0016020
KPN_RS15430	GO:0019264,GO:0004372,GO:0008270,GO:0030170,GO:0070905
KPN_RS15435	GO:0051409,GO:0008941,GO:0019825,GO:0020037,GO:0071949
KPN_RS15445	GO:0000160,GO:0006355,GO:0005524,GO:0008134
KPN_RS15455	GO:0007165,GO:0000156,GO:0004673,GO:0005524
KPN_RS15460	GO:0004642
KPN_RS15470	GO:0000270,GO:0008933,GO:0016020
KPN_RS15475	GO:0002100,GO:0008251,GO:0008270
KPN_RS15480	GO:0016787
KPN_RS15485	GO:0006355,GO:0003700
KPN_RS15495	GO:0008610,GO:0008897
KPN_RS15500	GO:0008615,GO:0033856
KPN_RS15505	GO:0006281,GO:0006310,GO:0003677
KPN_RS15510	GO:0042254,GO:0003924,GO:0005525,GO:0019843,GO:0043022
KPN_RS15515	GO:0006396,GO:0004525
KPN_RS15525	GO:0006465,GO:0004252
KPN_RS15530	GO:0003924,GO:0005525
KPN_RS15545	GO:0016989
KPN_RS15550	GO:0006352,GO:0006979,GO:0016987,GO:0005737
KPN_RS15555	GO:0009435,GO:0008734
KPN_RS15560	GO:0008170,GO:0016430,GO:1904047
KPN_RS15565	GO:0000027,GO:0003724
KPN_RS15570	GO:0003824
KPN_RS15575	GO:0006284,GO:0004844,GO:0016799
KPN_RS15580	GO:0006396,GO:0003723,GO:0008173
KPN_RS15585	GO:0006662,GO:0015035
KPN_RS15600	GO:0032049,GO:0008444
KPN_RS15640	GO:0009408,GO:0042026,GO:0005524,GO:0016887
KPN_RS15645	GO:0004000,GO:0004731,GO:0042803
KPN_RS15650	GO:0001522,GO:0009451,GO:0003723,GO:0009982
KPN_RS30565	GO:0031556
KPN_RS15665	GO:0009094,GO:0046417,GO:0004106,GO:0004664
KPN_RS15670	GO:0016787,GO:0046872
KPN_RS15675	GO:0006571,GO:0046417,GO:0004106,GO:0004665,GO:0008977
KPN_RS15690	GO:0007165,GO:0016020
KPN_RS15700	GO:0016020
KPN_RS15715	GO:0006412,GO:0003735,GO:0000311,GO:0022625
KPN_RS15720	GO:0030488,GO:0052906
KPN_RS15725	GO:0006364,GO:0003723
KPN_RS15730	GO:0006412,GO:0003735,GO:0000314,GO:0022627
KPN_RS15735	GO:0009306,GO:0003924,GO:0005048,GO:0048501
KPN_RS15740	GO:0005886
KPN_RS15755	GO:0003951
KPN_RS15760	GO:0006281,GO:0006310,GO:0005524
KPN_RS15785	GO:0003723
KPN_RS15790	GO:0015074,GO:0003677
KPN_RS15820	GO:0003677
KPN_RS15845	GO:0016491,GO:0016651
KPN_RS15855	GO:0019647,GO:0043801
KPN_RS15860	GO:1901135,GO:0043800
KPN_RS15865	GO:0006094,GO:0006096,GO:0004347,GO:0005737
KPN_RS15870	GO:0005355
KPN_RS30580	GO:0015074
KPN_RS15900	GO:0003677,GO:0003700
KPN_RS15905	GO:0010181
KPN_RS15910	GO:0006355,GO:0003700,GO:0043565
KPN_RS15920	GO:0042908,GO:0015562,GO:0016020
KPN_RS15930	GO:0006355,GO:0003700
KPN_RS15935	GO:0008295,GO:0008783
KPN_RS15955	GO:0005524,GO:0016887,GO:0042626,GO:0140359
KPN_RS15970	GO:0016491
KPN_RS15985	GO:0006355
KPN_RS15990	GO:0007155,GO:0009289
KPN_RS15995	GO:0061077
KPN_RS16000	GO:0009297,GO:0015473
KPN_RS16005	GO:0007155,GO:0009289
KPN_RS16010	GO:0007155,GO:0009289
KPN_RS16015	GO:0009297,GO:0015473
KPN_RS16020	GO:0061077
KPN_RS16025	GO:0007155,GO:0009289
KPN_RS16030	GO:0016491
KPN_RS16050	GO:0006355,GO:0003677,GO:0003700
KPN_RS16060	GO:0018193
KPN_RS16095	GO:0030170
KPN_RS16110	GO:0009263
KPN_RS16115	GO:0006260,GO:0004748,GO:0005524
KPN_RS16120	GO:0009265,GO:0004748,GO:0030145,GO:0005971
KPN_RS16125	GO:0031460,GO:0005524
KPN_RS16130	GO:0055085,GO:0016020
KPN_RS16135	GO:0055085,GO:0022857,GO:0043190
KPN_RS16140	GO:0006865,GO:0016020,GO:1902495
KPN_RS16170	GO:0055085,GO:0022857,GO:0016020
KPN_RS16175	GO:0009098,GO:0003852
KPN_RS16190	GO:0006750,GO:0004357
KPN_RS16195	GO:0005886
KPN_RS16245	GO:0006419,GO:0004813,GO:0005737
KPN_RS16255	GO:0006281,GO:0006310,GO:0009432,GO:0003677,GO:0008094,GO:0005737
KPN_RS16265	GO:0030001,GO:0046872
KPN_RS16270	GO:0030001,GO:0055085,GO:0043190
KPN_RS16275	GO:0005524
KPN_RS16300	GO:0016491
KPN_RS16320	GO:0006355,GO:0003700
KPN_RS16330	GO:0009055,GO:0010181,GO:0016966,GO:0046872
KPN_RS16335	GO:0016731
KPN_RS16345	GO:0036211,GO:0003998
KPN_RS16355	GO:0006351,GO:0006355,GO:0045892,GO:0000976,GO:0003700,GO:0043565
KPN_RS16365	GO:0009401,GO:0008982,GO:0016020
KPN_RS16375	GO:0016070,GO:0003723,GO:0016788,GO:0005737
KPN_RS16380	GO:0036211,GO:0004190
KPN_RS16385	GO:0065003
KPN_RS16390	GO:0022900,GO:0008137,GO:0048038,GO:1990204
KPN_RS16405	GO:0022900,GO:0016491,GO:1990204
KPN_RS16410	GO:0042773,GO:0008137
KPN_RS16415	GO:0009061,GO:0019645,GO:0046872,GO:0051539
KPN_RS16425	GO:0036211,GO:0008901
KPN_RS16430	GO:0051604,GO:0003924,GO:0016151
KPN_RS16440	GO:0036211,GO:0016530
KPN_RS16450	GO:0006355,GO:0005515,GO:0005524,GO:0008134,GO:0043565
KPN_RS16455	GO:0005975,GO:0016798
KPN_RS16460	GO:0030246
KPN_RS16465	GO:0015288,GO:0009279
KPN_RS16470	GO:0009401,GO:0008982,GO:0016020
KPN_RS16475	GO:0008643,GO:0009401,GO:0008982
KPN_RS16485	GO:0009401
KPN_RS16495	GO:0006351,GO:0006355,GO:0045892,GO:0000976,GO:0003700,GO:0043565
KPN_RS16500	GO:0030001,GO:0046872
KPN_RS16505	GO:0005524
KPN_RS16515	GO:0030001,GO:0055085,GO:0043190
KPN_RS16525	GO:0006355,GO:0003700
KPN_RS16530	GO:0055085,GO:0016020
KPN_RS16535	GO:0030976
KPN_RS16560	GO:0042626,GO:0140359
KPN_RS16565	GO:0005524
KPN_RS16570	GO:0033103
KPN_RS16580	GO:0006298,GO:0005524
KPN_RS16585	GO:0016020
KPN_RS16595	GO:0016831
KPN_RS16600	GO:0003824
KPN_RS16605	GO:0003677,GO:0003700
KPN_RS16615	GO:0055085,GO:0022857
KPN_RS16625	GO:0006352,GO:0006355,GO:0003677,GO:0003700,GO:0016987
KPN_RS16635	GO:0036211,GO:0004719
KPN_RS16640	GO:0008252
KPN_RS16645	GO:0001522,GO:0003723,GO:0009982
KPN_RS16650	GO:0019288,GO:0008685
KPN_RS16655	GO:0019288,GO:0050518
KPN_RS16670	GO:0006790,GO:0004020
KPN_RS16675	GO:0006790,GO:0003924,GO:0005525
KPN_RS16680	GO:0000103,GO:0004781
KPN_RS16685	GO:0019354,GO:0004851,GO:0043115,GO:0051266,GO:0051287
KPN_RS16690	GO:0008235
KPN_RS16695	GO:0019379,GO:0004604
KPN_RS16700	GO:0000103,GO:0004783
KPN_RS16705	GO:0000103,GO:0019344,GO:0004783,GO:0010181,GO:0050660
KPN_RS16715	GO:0008616,GO:0003824
KPN_RS16720	GO:0006400,GO:0051539,GO:1904047
KPN_RS16735	GO:0006096,GO:0004634
KPN_RS16740	GO:0009220,GO:0003883
KPN_RS16750	GO:0015969
KPN_RS16755	GO:0006396,GO:0008173
KPN_RS16760	GO:0000160,GO:0016310,GO:0000155,GO:0016020
KPN_RS16765	GO:0005524,GO:0008887
KPN_RS16770	GO:0019394,GO:0000287,GO:0008872
KPN_RS16780	GO:0055085,GO:0022857
KPN_RS16785	GO:0010181
KPN_RS16790	GO:0001522,GO:0009982
KPN_RS16800	GO:0009898
KPN_RS16805	GO:0008616,GO:0033739,GO:0043867
KPN_RS16820	GO:0009063,GO:0003941,GO:0051539
KPN_RS16825	GO:0042626,GO:0016020
KPN_RS16830	GO:0016627
KPN_RS16835	GO:0055085,GO:0022857
KPN_RS16845	GO:0048473,GO:0033232,GO:0042626
KPN_RS16850	GO:0005524
KPN_RS16855	GO:0010181,GO:0016491
KPN_RS16860	GO:0016491
KPN_RS16865	GO:0006790,GO:0008726,GO:0010181
KPN_RS16880	GO:0033567,GO:0003677,GO:0017108
KPN_RS16885	GO:0016491
KPN_RS16890	GO:0042355
KPN_RS16900	GO:0015756,GO:0015150
KPN_RS16905	GO:0006005,GO:0008736
KPN_RS16910	GO:0042355,GO:0008737
KPN_RS16915	GO:0042354,GO:0016854,GO:0042806
KPN_RS16925	GO:0008168
KPN_RS16940	GO:0005886
KPN_RS16945	GO:0006534,GO:0016226,GO:0030170,GO:0031071
KPN_RS16955	GO:0008641
KPN_RS16960	GO:0009254,GO:0004553,GO:0019867
KPN_RS16985	GO:0033103,GO:0003674
KPN_RS16995	GO:0015288,GO:0042834
KPN_RS17055	GO:0033103,GO:0003674
KPN_RS17060	GO:0033103
KPN_RS17065	GO:0033103,GO:0003674
KPN_RS17070	GO:0033103,GO:0003674
KPN_RS17075	GO:0009236,GO:0008939
KPN_RS17080	GO:0009236,GO:0000166,GO:0043752
KPN_RS17085	GO:0009236,GO:0003824
KPN_RS17100	GO:0006824,GO:0009236,GO:0015087,GO:0016020
KPN_RS17105	GO:0009236
KPN_RS17140	GO:0009236,GO:0008276
KPN_RS17150	GO:0009236,GO:0005737
KPN_RS17160	GO:0009236,GO:0016880
KPN_RS17165	GO:0042242
KPN_RS17185	GO:0005198,GO:0031469
KPN_RS17220	GO:0031469
KPN_RS17235	GO:0031469
KPN_RS17285	GO:0009236,GO:0048472,GO:0005737
KPN_RS17290	GO:0009253,GO:0008745
KPN_RS17295	GO:0006526,GO:0004042
KPN_RS17305	GO:0006302,GO:0006310,GO:0004386,GO:0008854,GO:0009338
KPN_RS17310	GO:0006281,GO:0003677,GO:0003678,GO:0005524,GO:0008854
KPN_RS17315	GO:0006508,GO:0004222,GO:0046872
KPN_RS17320	GO:0008854,GO:0009338
KPN_RS30610	GO:0006231,GO:0004799
KPN_RS30615	GO:0009249,GO:0008961,GO:0016020
KPN_RS17360	GO:0016787
KPN_RS17370	GO:0006304,GO:0004519
KPN_RS17375	GO:0005886
KPN_RS17380	GO:0005886
KPN_RS17385	GO:0047834
KPN_RS17390	GO:0055085,GO:0022857
KPN_RS17395	GO:0006631,GO:0008654,GO:0008779,GO:0008922
KPN_RS17405	GO:0006355,GO:0003677
KPN_RS17410	GO:0008080
KPN_RS17415	GO:0006355,GO:0003700
KPN_RS17420	GO:0005975,GO:0016798
KPN_RS17425	GO:0009401,GO:0008982,GO:0016020
KPN_RS17430	GO:0006351,GO:0006355,GO:0045892,GO:0000976,GO:0003700,GO:0043565
KPN_RS17435	GO:0009089,GO:0008836
KPN_RS17440	GO:0006355,GO:0003700
KPN_RS17445	GO:0006807,GO:0016855
KPN_RS17455	GO:0042626,GO:0140359
KPN_RS17460	GO:0008643,GO:0055085
KPN_RS17465	GO:0005524,GO:0016887,GO:0042626,GO:0140359
KPN_RS17470	GO:0042626,GO:0140359,GO:0055052
KPN_RS17500	GO:0055085,GO:0022857
KPN_RS17505	GO:0000272,GO:0008678,GO:0016491,GO:0051287
KPN_RS17515	GO:0045490,GO:0047487
KPN_RS17525	GO:0016747
KPN_RS17530	GO:0006355,GO:0003700
KPN_RS17540	GO:0006865
KPN_RS17595	GO:0016020
KPN_RS17600	GO:0003677,GO:0003700
KPN_RS17630	GO:0007155,GO:0009289
KPN_RS17635	GO:0007155,GO:0009289
KPN_RS17640	GO:0071555,GO:0030288
KPN_RS17645	GO:0009297,GO:0005515,GO:0015473,GO:0016020
KPN_RS17650	GO:0007155,GO:0009289
KPN_RS17655	GO:0007155,GO:0009289
KPN_RS17670	GO:0008080
KPN_RS17705	GO:0055085,GO:0022857
KPN_RS17710	GO:0008794
KPN_RS17715	GO:0046685,GO:0015105,GO:0005886
KPN_RS17720	GO:0006355,GO:0003700
KPN_RS17735	GO:0001216
KPN_RS17745	GO:0008753,GO:0010181,GO:0050136
KPN_RS17750	GO:0016491
KPN_RS17755	GO:0051920
KPN_RS17785	GO:0008299,GO:0004452
KPN_RS17790	GO:0006430,GO:0004824,GO:0005737
KPN_RS17800	GO:0006281,GO:0006310,GO:0008409
KPN_RS17805	GO:0042597
KPN_RS17810	GO:0006310,GO:0009009
KPN_RS17815	GO:0009055,GO:0010181
KPN_RS17830	GO:0009451,GO:0005542
KPN_RS17835	GO:0019835
KPN_RS17845	GO:0006355,GO:0003700
KPN_RS30625	GO:0006313,GO:0004803
KPN_RS17885	GO:0016491
KPN_RS17890	GO:0019464,GO:0004375
KPN_RS17895	GO:0019464,GO:0003824
KPN_RS17900	GO:0019464,GO:0004047,GO:0005737
KPN_RS17905	GO:0006744,GO:0016709,GO:0071949
KPN_RS17910	GO:0006744,GO:0008681,GO:0016709,GO:0071949
KPN_RS17915	GO:0070006
KPN_RS17935	GO:0016616,GO:0051287
KPN_RS17945	GO:0009052,GO:0004751
KPN_RS17960	GO:1903826,GO:0061459,GO:0016020
KPN_RS17975	GO:0005975,GO:0006096,GO:0004332,GO:0008270
KPN_RS17985	GO:0042823,GO:0048001,GO:0051287
KPN_RS17990	GO:0006098,GO:0004802,GO:0005737
KPN_RS17995	GO:0004222,GO:0008237,GO:0046872,GO:0016020
KPN_RS18000	GO:0016020
KPN_RS18005	GO:0030976
KPN_RS18015	GO:0009435,GO:0033735
KPN_RS18025	GO:0016787
KPN_RS18035	GO:0055085,GO:0022857
KPN_RS18040	GO:0016491
KPN_RS18050	GO:0006355,GO:0003677,GO:0003700
KPN_RS18060	GO:0016491,GO:0051537
KPN_RS18075	GO:0055085,GO:0022857
KPN_RS18080	GO:0008295,GO:0008783
KPN_RS18085	GO:0006527,GO:0008792
KPN_RS18095	GO:0006556,GO:0004478
KPN_RS18100	GO:0055085,GO:0022857
KPN_RS18110	GO:0004518
KPN_RS18115	GO:0006364,GO:0008168
KPN_RS18120	GO:0006750,GO:0004363,GO:0005524,GO:0046872
KPN_RS18130	GO:0008150,GO:0003674,GO:0005737
KPN_RS18145	GO:0043107,GO:0005524
KPN_RS18150	GO:0030170
KPN_RS18165	GO:0009143,GO:0047429
KPN_RS18170	GO:0006779,GO:0051989
KPN_RS18185	GO:0006400,GO:0008176
KPN_RS18190	GO:0006281,GO:0019104
KPN_RS18195	GO:0005506
KPN_RS18200	GO:0000270,GO:0008933,GO:0016020
KPN_RS18205	GO:0015858,GO:0055085,GO:0015506,GO:0022857
KPN_RS18210	GO:0006596,GO:0016831
KPN_RS18235	GO:0009297,GO:0015473
KPN_RS18240	GO:0061077
KPN_RS18245	GO:0061077
KPN_RS18250	GO:0007155,GO:0009289
KPN_RS18255	GO:0007155,GO:0009289
KPN_RS18260	GO:0061077
KPN_RS18275	GO:0019343,GO:0016846,GO:0030170
KPN_RS18285	GO:0016491
KPN_RS18300	GO:0030170
KPN_RS18320	GO:0006749,GO:0005515
KPN_RS18340	GO:0005975,GO:0004553
KPN_RS18345	GO:0055085,GO:0022857
KPN_RS18350	GO:0055085,GO:0022857
KPN_RS18355	GO:0055085,GO:0022857
KPN_RS18365	GO:0006520,GO:0019346,GO:0004121,GO:0030170
KPN_RS18375	GO:0006355,GO:0003700,GO:0043565
KPN_RS18380	GO:0046872,GO:1990362
KPN_RS18385	GO:0050580
KPN_RS18390	GO:0008080
KPN_RS18395	GO:1904047
KPN_RS18400	GO:0043093,GO:0016491
KPN_RS18410	GO:0006265,GO:0003918,GO:0009340
KPN_RS18430	GO:0007165,GO:0000155
KPN_RS18435	GO:0008753,GO:0009055,GO:0010181
KPN_RS18440	GO:0004497
KPN_RS18445	GO:0006265,GO:0003918,GO:0009340
KPN_RS18455	GO:0004115
KPN_RS18465	GO:0016787,GO:0046872
KPN_RS18470	GO:0055085,GO:0015562
KPN_RS18480	GO:0005524,GO:0016874,GO:0046872
KPN_RS18495	GO:0008686
KPN_RS18515	GO:0005975,GO:0009058,GO:0016779
KPN_RS18520	GO:0008882
KPN_RS18535	GO:0001680,GO:0003723,GO:0004810,GO:0005524
KPN_RS18540	GO:0016311,GO:0050380,GO:0016020
KPN_RS18545	GO:0006760,GO:0004150
KPN_RS18550	GO:0006654,GO:0008374,GO:0005886
KPN_RS18565	GO:0006807,GO:0016151
KPN_RS18570	GO:0043419,GO:0009039,GO:0016151
KPN_RS18575	GO:0043419,GO:0035550
KPN_RS18580	GO:0019627,GO:0009039,GO:0016151
KPN_RS18585	GO:0006457,GO:0019627,GO:0065003,GO:0016151
KPN_RS18595	GO:0019627,GO:0016530,GO:0046872
KPN_RS18600	GO:0055085,GO:0022857,GO:0016020
KPN_RS18605	GO:0006400
KPN_RS18610	GO:0006412,GO:0003735,GO:0000314,GO:0022627
KPN_RS18615	GO:0006269,GO:0003896
KPN_RS18620	GO:0006355,GO:0003700,GO:0016987
KPN_RS18625	GO:0006285,GO:0000700
KPN_RS18650	GO:0016032,GO:0005198
KPN_RS18660	GO:0098003
KPN_RS18665	GO:0016032,GO:0005198,GO:0044423
KPN_RS18685	GO:0016032,GO:0005198,GO:0044423
KPN_RS18710	GO:0016032,GO:0005198,GO:0044423
KPN_RS18755	GO:0019069,GO:0005198,GO:0019028
KPN_RS18795	GO:0006260,GO:0004519
KPN_RS18835	GO:0006310,GO:0015074,GO:0003677
KPN_RS18880	GO:0055085,GO:0015267
KPN_RS18920	GO:0009236,GO:0008817
KPN_RS18925	GO:0006355,GO:0005524,GO:0008134,GO:0043565
KPN_RS18930	GO:0008270,GO:0008888,GO:0030554
KPN_RS18940	GO:0006071,GO:0004371
KPN_RS18945	GO:0006071,GO:0004371
KPN_RS18950	GO:0009401,GO:0016310,GO:0019563,GO:0047324,GO:0016020
KPN_RS18970	GO:0003677
KPN_RS18975	GO:0009447,GO:0033094
KPN_RS18985	GO:0016829
KPN_RS19000	GO:0055085,GO:0022857
KPN_RS19005	GO:1905887,GO:0005524,GO:0042626,GO:0016020
KPN_RS19015	GO:0005975,GO:0009372,GO:0071518
KPN_RS19020	GO:0033543,GO:0008670,GO:0010181,GO:0046872,GO:0051539,GO:0071949
KPN_RS19025	GO:0031167,GO:0003676,GO:0008990
KPN_RS19035	GO:0006355,GO:0003677,GO:0003700
KPN_RS19040	GO:0046872
KPN_RS19045	GO:0016491,GO:0016651
KPN_RS19050	GO:0016020
KPN_RS19055	GO:0015826,GO:0032329,GO:0015293,GO:0016020
KPN_RS19070	GO:0006064,GO:0008880
KPN_RS19075	GO:0055085,GO:0022857
KPN_RS19100	GO:0043022,GO:0005886
KPN_RS19115	GO:0016020
KPN_RS19120	GO:0004364,GO:0016491
KPN_RS19125	GO:0005886
KPN_RS19130	GO:0001216
KPN_RS19145	GO:0042597
KPN_RS19160	GO:0031388,GO:0008887
KPN_RS19165	GO:0046487,GO:0008679
KPN_RS19170	GO:0019394,GO:0008672
KPN_RS19175	GO:0055085,GO:0022857
KPN_RS19185	GO:0046392,GO:0008867
KPN_RS19195	GO:0003700
KPN_RS19210	GO:0008662
KPN_RS19220	GO:0009401,GO:0008982
KPN_RS19245	GO:0008270,GO:0016491
KPN_RS19250	GO:0003700
KPN_RS19260	GO:0008168
KPN_RS19280	GO:0006970
KPN_RS19285	GO:0005886
KPN_RS19305	GO:0004518
KPN_RS19310	GO:0008080
KPN_RS19325	GO:0006744
KPN_RS19335	GO:0015801,GO:0015173,GO:0005886
KPN_RS19345	GO:0005515
KPN_RS19350	GO:0006402,GO:0004654
KPN_RS19360	GO:0006412,GO:0003735,GO:0000314,GO:0022627
KPN_RS19365	GO:0006400,GO:0004730
KPN_RS19370	GO:0006396,GO:0019843
KPN_RS19375	GO:0006413,GO:0003743,GO:0005737
KPN_RS19380	GO:0006353
KPN_RS19385	GO:0042274
KPN_RS19400	GO:0006526,GO:0004055,GO:0005524,GO:0042803
KPN_RS19425	GO:0043952,GO:0015450,GO:0005886
KPN_RS19430	GO:0005975,GO:0000287,GO:0008966,GO:0016868
KPN_RS19435	GO:0004156
KPN_RS19440	GO:0006508,GO:0004176,GO:0004222
KPN_RS19445	GO:0001510,GO:0006364,GO:0016436
KPN_RS19455	GO:0032784,GO:0003677,GO:0070063
KPN_RS19460	GO:0006508,GO:0004185
KPN_RS19465	GO:0042254,GO:0005525
KPN_RS19470	GO:0005215,GO:0005886
KPN_RS19475	GO:0006412,GO:0003735,GO:0000315,GO:0022625
KPN_RS19480	GO:0006412,GO:0003735,GO:0000311,GO:0022625
KPN_RS19485	GO:0008299
KPN_RS19495	GO:0009252,GO:0008760
KPN_RS19515	GO:0015914
KPN_RS19520	GO:0043190
KPN_RS19525	GO:0005524
KPN_RS19535	GO:1901135,GO:0016853,GO:0097367
KPN_RS19540	GO:0016788
KPN_RS19555	GO:0055085,GO:0005524,GO:0043190
KPN_RS19560	GO:0006352,GO:0001216,GO:0003677,GO:0016987
KPN_RS19565	GO:0044238
KPN_RS19575	GO:0005524
KPN_RS19585	GO:0009252,GO:0009274,GO:0016020
KPN_RS19595	GO:0000160,GO:0006355,GO:0016310,GO:0000155,GO:0016020
KPN_RS19600	GO:0006064,GO:0008927
KPN_RS19610	GO:0008270,GO:0016491
KPN_RS19615	GO:0055085,GO:0022857
KPN_RS19620	GO:1904047
KPN_RS19625	GO:0006537,GO:0006807,GO:0003824,GO:0015930,GO:0016491
KPN_RS19635	GO:0005975,GO:0006051,GO:0019262,GO:0009385
KPN_RS19645	GO:0006749,GO:0005515
KPN_RS19650	GO:0006412,GO:0003735,GO:0005840
KPN_RS19655	GO:0006412,GO:0003735,GO:0000315,GO:0022625
KPN_RS19660	GO:0051301,GO:0005524,GO:0016887
KPN_RS19670	GO:0006508,GO:0004252,GO:0005515
KPN_RS19675	GO:0006508,GO:0004252
KPN_RS19690	GO:0006814,GO:0008948,GO:0015081
KPN_RS19700	GO:0016836
KPN_RS19705	GO:0008730
KPN_RS19715	GO:0003700
KPN_RS19720	GO:0003700
KPN_RS19725	GO:0006099,GO:0030060
KPN_RS19750	GO:0055085,GO:0022857
KPN_RS19755	GO:0055085,GO:0022857
KPN_RS19765	GO:0006355,GO:0003700
KPN_RS19770	GO:0006508,GO:0008237
KPN_RS19780	GO:0006396,GO:0003723,GO:0004540
KPN_RS19785	GO:0009117,GO:0000166,GO:0047429
KPN_RS19795	GO:0008360
KPN_RS19815	GO:0030091,GO:0016667,GO:0043546
KPN_RS19825	GO:0009423,GO:0003855
KPN_RS19830	GO:0006633,GO:0003989,GO:0009317
KPN_RS19835	GO:0006633,GO:0003989,GO:0004075,GO:0009317
KPN_RS19845	GO:0015887,GO:0015937,GO:0015498
KPN_RS19850	GO:0036211,GO:0008757
KPN_RS19855	GO:0008033,GO:0003824,GO:0016491,GO:0017150,GO:0050660
KPN_RS19870	GO:0006810,GO:0005215
KPN_RS19875	GO:0006810,GO:0015562,GO:0016020
KPN_RS19920	GO:0019632,GO:0004764
KPN_RS19925	GO:0002949,GO:0003725,GO:0005524
KPN_RS19930	GO:0006265,GO:0003677,GO:0003916,GO:0005694
KPN_RS19940	GO:0009294
KPN_RS19945	GO:0036211,GO:0042586
KPN_RS19950	GO:0006431,GO:0004479,GO:0005737
KPN_RS19955	GO:0001510,GO:0006355,GO:0006364,GO:0003723,GO:0008649
KPN_RS19960	GO:0006813,GO:0015079,GO:0016020
KPN_RS19970	GO:0006355,GO:0003677,GO:0008270
KPN_RS19980	GO:0006412,GO:0003735,GO:0005762,GO:0022625
KPN_RS19985	GO:0006351,GO:0003677,GO:0003899,GO:0046983
KPN_RS19990	GO:0006412,GO:0003735,GO:0019843,GO:0015935
KPN_RS19995	GO:0006412,GO:0003735,GO:0005840
KPN_RS20000	GO:0006412,GO:0003735,GO:0022627
KPN_RS29260	GO:0006412,GO:0003735,GO:0000315,GO:0022625
KPN_RS20005	GO:0043952,GO:0015450,GO:0005886
KPN_RS20010	GO:0006412,GO:0003735,GO:0000315,GO:0022625
KPN_RS20015	GO:0006412,GO:0003735,GO:0000315,GO:0022625
KPN_RS20020	GO:0006412,GO:0003735,GO:0000312,GO:0022627
KPN_RS20025	GO:0006412,GO:0003735,GO:0000315,GO:0022625
KPN_RS20030	GO:0006412,GO:0003735,GO:0019843,GO:0022625
KPN_RS20035	GO:0006412,GO:0003735,GO:0005840
KPN_RS20040	GO:0006412,GO:0003735,GO:0005840
KPN_RS20045	GO:0006412,GO:0003735,GO:0005840
KPN_RS20050	GO:0006412,GO:0003735,GO:0000315,GO:0022625
KPN_RS20055	GO:0006412,GO:0003735,GO:0000315,GO:0022625
KPN_RS20060	GO:0006412,GO:0003735,GO:0005840
KPN_RS20065	GO:0006412,GO:0003735,GO:0000315,GO:0022625
KPN_RS20070	GO:0006412,GO:0003735,GO:0000315,GO:0022625
KPN_RS20075	GO:0006412,GO:0003735,GO:0000312,GO:0022627
KPN_RS20080	GO:0006412,GO:0003735,GO:0000311,GO:0022625
KPN_RS20085	GO:0006412,GO:0003735,GO:0000314,GO:0022627
KPN_RS20090	GO:0006412,GO:0003735,GO:0000315,GO:0022625
KPN_RS20100	GO:0006412,GO:0003735,GO:0022625
KPN_RS20105	GO:0006412,GO:0003735,GO:0005840
KPN_RS20110	GO:0006412,GO:0003723,GO:0003735,GO:0005840
KPN_RS20115	GO:0004190,GO:0016020
KPN_RS20120	GO:0006880,GO:0004322,GO:0008199
KPN_RS20130	GO:0006414,GO:0003746
KPN_RS20135	GO:0006414,GO:0003746
KPN_RS20140	GO:0006412,GO:0003735,GO:0000314,GO:0022627
KPN_RS20145	GO:0006412,GO:0003735,GO:0000314,GO:0022627
KPN_RS20150	GO:0002143
KPN_RS20160	GO:0008033,GO:0016783
KPN_RS20165	GO:0003677,GO:0140110
KPN_RS20170	GO:0006457,GO:0003755
KPN_RS20180	GO:0003755
KPN_RS20190	GO:0006813,GO:0015503
KPN_RS20195	GO:0006813
KPN_RS20200	GO:0005524
KPN_RS20210	GO:0016787
KPN_RS20220	GO:0005975,GO:0005524,GO:0008974
KPN_RS20230	GO:0006355,GO:0003700
KPN_RS20240	GO:0030170
KPN_RS20265	GO:0055085,GO:0022857
KPN_RS20280	GO:0042128,GO:0008942,GO:0016491,GO:0050660,GO:0050661
KPN_RS20290	GO:0019354,GO:0004851,GO:0043115,GO:0051266,GO:0051287
KPN_RS20295	GO:0006436,GO:0004830,GO:0005737
KPN_RS20300	GO:0005975,GO:0008967
KPN_RS20305	GO:0006098,GO:0004750
KPN_RS20310	GO:0032775,GO:0003676,GO:0009007
KPN_RS20315	GO:0032506,GO:0042834
KPN_RS20320	GO:0009423,GO:0003856
KPN_RS20330	GO:0009306,GO:0019867
KPN_RS20355	GO:0008658
KPN_RS20360	GO:0016787
KPN_RS20380	GO:0006457,GO:0051082
KPN_RS20390	GO:0006094,GO:0004612
KPN_RS20395	GO:0007165,GO:0016310,GO:0000155,GO:0016020
KPN_RS20400	GO:0000160,GO:0006355,GO:0003677
KPN_RS20405	GO:0006354,GO:0003711
KPN_RS20410	GO:0003676,GO:0003729,GO:0005829
KPN_RS20420	GO:0006826,GO:0005525,GO:0015093,GO:0016020
KPN_RS20435	GO:0052689
KPN_RS20440	GO:0009116
KPN_RS20445	GO:0016226,GO:0051604,GO:0051539
KPN_RS20455	GO:0005975,GO:0004134
KPN_RS20460	GO:0005975,GO:0008184,GO:0030170
KPN_RS20465	GO:0006355,GO:0003677,GO:0005515
KPN_RS20475	GO:0006508,GO:0004252,GO:0016020
KPN_RS20480	GO:0004792
KPN_RS20485	GO:0006072,GO:0004368,GO:0009331
KPN_RS20500	GO:0005975,GO:0008184
KPN_RS20505	GO:0004373
KPN_RS20510	GO:0005978,GO:0008878
KPN_RS20515	GO:0005980,GO:0004133
KPN_RS20520	GO:0005978,GO:0003844
KPN_RS20525	GO:0009089,GO:0004073
KPN_RS20535	GO:0035429,GO:0015128,GO:0016020
KPN_RS20545	GO:0006355,GO:0003677
KPN_RS20555	GO:0000166
KPN_RS20565	GO:0008080
KPN_RS20570	GO:0006751,GO:0036374
KPN_RS20580	GO:0006629,GO:0008081
KPN_RS20590	GO:0015794,GO:0005886,GO:0055052
KPN_RS20600	GO:0055085
KPN_RS20605	GO:0016301
KPN_RS20610	GO:0110001
KPN_RS20630	GO:0055085,GO:0022857,GO:0016020
KPN_RS20650	GO:0015940,GO:0031638,GO:0008080
KPN_RS20660	GO:0006865
KPN_RS20665	GO:0006313,GO:0004803
KPN_RS20670	GO:0009448,GO:0003867,GO:0030170
KPN_RS20675	GO:0030170
KPN_RS20680	GO:0006352,GO:0016987
KPN_RS20685	GO:0000910
KPN_RS20690	GO:0000910,GO:0005524
KPN_RS20695	GO:0009306,GO:0003924,GO:0005047
KPN_RS20700	GO:0031167,GO:0003676,GO:0008168
KPN_RS20720	GO:0006812,GO:0005215,GO:0005524,GO:0016887,GO:0019829,GO:0046872,GO:0016020
KPN_RS20725	GO:0002143,GO:0097163
KPN_RS20730	GO:1990397
KPN_RS20740	GO:0055085,GO:0022857
KPN_RS20760	GO:0006493,GO:0000030,GO:0016763,GO:0016020
KPN_RS20765	GO:0016810
KPN_RS20770	GO:0009058,GO:0016742
KPN_RS20775	GO:0016780
KPN_RS20780	GO:0008483
KPN_RS20790	GO:0006355,GO:0003700
KPN_RS20795	GO:0015675,GO:0015413,GO:0016151,GO:0009897,GO:0030288,GO:0055052
KPN_RS20805	GO:0055085,GO:0015099,GO:0016020
KPN_RS20815	GO:0015675,GO:0005524,GO:0015413,GO:0009898,GO:0043190
KPN_RS20820	GO:0006355,GO:0010045,GO:0003677,GO:0016151
KPN_RS20825	GO:0006812,GO:0008324
KPN_RS20835	GO:0016020
KPN_RS20855	GO:0031167,GO:0008990
KPN_RS20860	GO:0006508,GO:0004222
KPN_RS20870	GO:0070475,GO:0008988
KPN_RS20875	GO:0006749,GO:0045454,GO:0004362,GO:0050660,GO:0050661
KPN_RS20880	GO:0006749,GO:0043295
KPN_RS20885	GO:0030554,GO:0046872
KPN_RS20905	GO:0003677,GO:0003700
KPN_RS20915	GO:0055085,GO:0022857
KPN_RS20935	GO:0046872
KPN_RS20940	GO:0006835,GO:0015293
KPN_RS20945	GO:0007165
KPN_RS20955	GO:0030244,GO:0005515,GO:0019867
KPN_RS20960	GO:0005975,GO:0004553
KPN_RS20970	GO:0006011,GO:0030244,GO:0016760,GO:0035438,GO:0016020
KPN_RS20990	GO:0052324,GO:0003674,GO:0005575
KPN_RS20995	GO:0030244,GO:0003674,GO:0005575
KPN_RS21000	GO:0005975,GO:0004553
KPN_RS21005	GO:0030244
KPN_RS21010	GO:0030244,GO:0019867
KPN_RS21020	GO:0006011,GO:0030244,GO:0016759,GO:0035438
KPN_RS21045	GO:0015833,GO:0000166,GO:0005524
KPN_RS21050	GO:0055085
KPN_RS21060	GO:0042938,GO:0071916,GO:0030288
KPN_RS30660	GO:0006313,GO:0004803
KPN_RS21085	GO:0005515
KPN_RS21090	GO:0008484
KPN_RS21110	GO:0008080
KPN_RS21115	GO:0016491,GO:0043546
KPN_RS21120	GO:0009279
KPN_RS21145	GO:0055085,GO:0022857
KPN_RS21150	GO:0016616,GO:0051287
KPN_RS21175	GO:0005524
KPN_RS21185	GO:0006426,GO:0004820,GO:0009345
KPN_RS21190	GO:0006426,GO:0004820,GO:0009345
KPN_RS21215	GO:0005997,GO:0004856
KPN_RS21220	GO:0006098,GO:0042732,GO:0000287,GO:0009045
KPN_RS21225	GO:0015753
KPN_RS21230	GO:0005524
KPN_RS21250	GO:0004556
KPN_RS21265	GO:0001514,GO:0006414,GO:0003746,GO:0003924,GO:0005525
KPN_RS21270	GO:0016260,GO:0004125
KPN_RS21275	GO:0006749,GO:0005515
KPN_RS21285	GO:0019594,GO:0008926
KPN_RS21305	GO:0015727,GO:0015129,GO:0005886
KPN_RS21310	GO:0006355,GO:0003700
KPN_RS21315	GO:0006089,GO:0004457,GO:0010181
KPN_RS21320	GO:0001510,GO:0008173
KPN_RS21325	GO:0006535,GO:0009001
KPN_RS21330	GO:0006072,GO:0047952
KPN_RS21350	GO:0006007,GO:0004619
KPN_RS21365	GO:0016757
KPN_RS21370	GO:0006567,GO:0008743
KPN_RS21375	GO:0006567,GO:0008890
KPN_RS21380	GO:0005975,GO:0008712
KPN_RS21385	GO:0009103,GO:0016757
KPN_RS21390	GO:0009244,GO:0008920
KPN_RS21400	GO:0009103
KPN_RS21405	GO:0016757
KPN_RS21415	GO:0016757
KPN_RS21420	GO:0016757
KPN_RS21425	GO:0016757
KPN_RS21435	GO:0016740
KPN_RS21440	GO:0016757
KPN_RS21445	GO:0015937,GO:0004595
KPN_RS21450	GO:0006281,GO:0006284,GO:0003676,GO:0003684,GO:0003906,GO:0008270,GO:0008534,GO:0016799,GO:0019104
KPN_RS21455	GO:0006412,GO:0003735,GO:0000315,GO:0022625
KPN_RS21460	GO:0006412,GO:0003735,GO:0000311,GO:0022625
KPN_RS21465	GO:0006281,GO:0003677
KPN_RS21470	GO:0015937,GO:0015939,GO:0004632,GO:0004633
KPN_RS21475	GO:0006226,GO:0046081,GO:0000287,GO:0004170
KPN_RS21480	GO:0010974,GO:0003677
KPN_RS21485	GO:0016787
KPN_RS21490	GO:0009220,GO:0004588
KPN_RS21495	GO:0008033,GO:0004549
KPN_RS21500	GO:0140359,GO:0016020
KPN_RS21505	GO:0005524
KPN_RS21525	GO:0016788
KPN_RS21535	GO:0003824
KPN_RS21540	GO:0006281,GO:0003908
KPN_RS21550	GO:0005886,GO:0016020
KPN_RS21555	GO:0006260,GO:0006281,GO:0003911
KPN_RS21560	GO:0015949,GO:0004385
KPN_RS21565	GO:0006351,GO:0003899,GO:0000345
KPN_RS21570	GO:0015969,GO:0008728,GO:0008893
KPN_RS21575	GO:0030488,GO:0141100
KPN_RS21580	GO:0006281,GO:0006310,GO:0003676,GO:0003678,GO:0005524
KPN_RS21585	GO:0006094,GO:0042132
KPN_RS21590	GO:0004324
KPN_RS21595	GO:0005886
KPN_RS21605	GO:0006096,GO:0004807
KPN_RS21610	GO:0055085,GO:0016020
KPN_RS21630	GO:0055085,GO:0015267
KPN_RS21635	GO:0006071,GO:0004370
KPN_RS21640	GO:0015813,GO:0015501
KPN_RS21650	GO:0015205,GO:0016020
KPN_RS21660	GO:0009401,GO:0008982,GO:0016020
KPN_RS21670	GO:1901135,GO:0097367
KPN_RS21675	GO:0005975,GO:0004553
KPN_RS21680	GO:0006814,GO:0008643,GO:0015293,GO:0016020
KPN_RS21700	GO:0004497
KPN_RS21710	GO:0016491
KPN_RS21715	GO:0006355,GO:0003700,GO:0043565
KPN_RS21725	GO:0046872
KPN_RS21730	GO:0055085,GO:0005215
KPN_RS21740	GO:0006355,GO:0043565
KPN_RS21745	GO:0051920
KPN_RS21765	GO:0055085,GO:0022857
KPN_RS21770	GO:0006355,GO:0003677,GO:0003700
KPN_RS21780	GO:0008080
KPN_RS21815	GO:0055085,GO:0022857
KPN_RS21820	GO:0006040,GO:0009254,GO:0016835
KPN_RS21825	GO:0009401,GO:0008982,GO:0016020
KPN_RS21850	GO:0047443
KPN_RS21860	GO:0001216
KPN_RS21865	GO:0006725,GO:0016491
KPN_RS21875	GO:0006351,GO:0006355,GO:0045892,GO:0000976,GO:0003700,GO:0043565
KPN_RS21880	GO:0008643,GO:0009401,GO:0008982
KPN_RS21890	GO:0009401,GO:0016740
KPN_RS21895	GO:0015288,GO:0009279
KPN_RS21900	GO:0033223,GO:0033225,GO:0005886,GO:0055052
KPN_RS21905	GO:0033223,GO:0033225,GO:0005886,GO:0055052
KPN_RS21910	GO:0033223,GO:0005524,GO:0033225,GO:0009898,GO:0055052
KPN_RS21915	GO:0033223,GO:0033225,GO:0033226,GO:0009897,GO:0030288,GO:0055052
KPN_RS21920	GO:0006355,GO:0003700
KPN_RS21925	GO:0019700,GO:0047304
KPN_RS21930	GO:0009636,GO:0019635,GO:0019636,GO:0019700,GO:0016827
KPN_RS21935	GO:0015860,GO:0015211,GO:0016020
KPN_RS21955	GO:0055085,GO:0022857
KPN_RS21965	GO:0000160,GO:0000155
KPN_RS21970	GO:0006355,GO:0003677
KPN_RS21980	GO:0009082,GO:0000287,GO:0003984,GO:0030976,GO:0050660
KPN_RS21985	GO:0022611,GO:0015075
KPN_RS21990	GO:0008080,GO:0016747
KPN_RS21995	GO:0055085,GO:0005215
KPN_RS22005	GO:0006355,GO:0003700
KPN_RS22015	GO:0035429,GO:0015128,GO:0016020
KPN_RS22020	GO:0046416,GO:0008721,GO:0005737
KPN_RS22045	GO:0015144
KPN_RS22050	GO:0003677,GO:0003700
KPN_RS22055	GO:0006813,GO:0008324
KPN_RS22065	GO:0006950,GO:0051082
KPN_RS22070	GO:0006950,GO:0051082
KPN_RS22085	GO:0055085,GO:0022857
KPN_RS22090	GO:0009063,GO:0008869
KPN_RS22095	GO:0034194,GO:0008674
KPN_RS22110	GO:0019867
KPN_RS22120	GO:0016787
KPN_RS22125	GO:0006265,GO:0003918,GO:0009330
KPN_RS22130	GO:0006281,GO:0003697,GO:0005524
KPN_RS22135	GO:0006260,GO:0003887,GO:0009360
KPN_RS22140	GO:0006270,GO:0006275,GO:0003677,GO:0003688,GO:0005524
KPN_RS22145	GO:0006412,GO:0003735,GO:0000315,GO:0022625
KPN_RS29350	GO:0006396,GO:0004526
KPN_RS22160	GO:0032977,GO:0016020
KPN_RS22165	GO:0006400,GO:0003924,GO:0005515,GO:0005525
KPN_RS22190	GO:0003896,GO:0004386,GO:0008270
KPN_RS22210	GO:0008080,GO:0016747
KPN_RS22220	GO:0006355,GO:0003700
KPN_RS22230	GO:0008752,GO:0010181,GO:0016491,GO:0052873
KPN_RS22235	GO:0015205,GO:0005886
KPN_RS22250	GO:0006044,GO:0004342
KPN_RS22260	GO:0034219,GO:0015288,GO:0016020
KPN_RS22270	GO:0030643
KPN_RS22275	GO:0005524,GO:0015415,GO:0009898,GO:0055052
KPN_RS22280	GO:0035435,GO:0005886
KPN_RS22285	GO:0055085,GO:0016020
KPN_RS22290	GO:0035435,GO:0042301,GO:0043190
KPN_RS22295	GO:0006040,GO:0009252,GO:0004360
KPN_RS22300	GO:0000902,GO:0006048,GO:0009252,GO:0000287,GO:0003977,GO:0019134
KPN_RS22320	GO:0015986,GO:0046933
KPN_RS22325	GO:0015986,GO:0046933,GO:0000275,GO:0045261,GO:0045262
KPN_RS22330	GO:0015986,GO:0046933,GO:0045261
KPN_RS22335	GO:0015986,GO:0046933,GO:0000275,GO:0045261,GO:0045262
KPN_RS22340	GO:0015986,GO:0046933,GO:0016020
KPN_RS22345	GO:0015986,GO:0015078
KPN_RS22350	GO:0015986,GO:0015078
KPN_RS22355	GO:0015986,GO:0015078,GO:0045263
KPN_RS22365	GO:0031167,GO:0046118,GO:0008168,GO:0005575
KPN_RS22370	GO:0002098,GO:0008033,GO:0050660
KPN_RS22375	GO:0010181
KPN_RS22380	GO:0043565
KPN_RS22385	GO:0006529,GO:0004071
KPN_RS22395	GO:0005524,GO:0016887
KPN_RS22400	GO:0015079,GO:0016020
KPN_RS22405	GO:0016872
KPN_RS22410	GO:0005524
KPN_RS22415	GO:0055085,GO:0022857,GO:0016020
KPN_RS22425	GO:0006014,GO:0004747
KPN_RS22430	GO:0006355,GO:0003677
KPN_RS22435	GO:0055085,GO:0022857,GO:0016020
KPN_RS22440	GO:0003677,GO:0003700
KPN_RS22465	GO:0006777,GO:0005525
KPN_RS22470	GO:0006777,GO:0005525,GO:0061603
KPN_RS22480	GO:0006468,GO:0004674
KPN_RS22485	GO:0016491
KPN_RS22490	GO:0016746
KPN_RS22495	GO:0006261,GO:0003676,GO:0003677,GO:0003887,GO:0008408
KPN_RS22500	GO:0042254,GO:0003924,GO:0005525,GO:0043022,GO:0005737
KPN_RS22510	GO:0006779,GO:0051989
KPN_RS22515	GO:0006355,GO:0043565
KPN_RS22520	GO:0006355,GO:0007165,GO:0016310,GO:0000155
KPN_RS22525	GO:0006542,GO:0006807,GO:0004356
KPN_RS22550	GO:0008152,GO:0004045
KPN_RS22560	GO:0016787
KPN_RS22585	GO:0045333,GO:0008863
KPN_RS22590	GO:0015942,GO:0009326
KPN_RS22600	GO:0009061,GO:0015942,GO:0008863,GO:0009326
KPN_RS22615	GO:0008643,GO:0009401,GO:0008982
KPN_RS22650	GO:0006865,GO:0016020,GO:1902495
KPN_RS22675	GO:0019301,GO:0062192
KPN_RS22680	GO:0008912
KPN_RS22685	GO:0042626,GO:0140359
KPN_RS22690	GO:0008643,GO:0022857,GO:0005886
KPN_RS22695	GO:0005524,GO:0016887,GO:0042626,GO:0140359
KPN_RS22700	GO:0015762,GO:0015153,GO:0033296,GO:0009897,GO:0030288,GO:0055052
KPN_RS22710	GO:0019301,GO:0008740
KPN_RS22715	GO:0005975,GO:0019301,GO:0008993
KPN_RS22720	GO:0006355,GO:0003700
KPN_RS22725	GO:0006355,GO:0003700
KPN_RS22730	GO:0008645,GO:0015153
KPN_RS22735	GO:0006801,GO:0004784
KPN_RS22740	GO:0003824,GO:0030151,GO:0030170
KPN_RS22745	GO:0007165,GO:0000155
KPN_RS22760	GO:0006812,GO:0055085,GO:0008324,GO:0016020
KPN_RS22765	GO:0006096
KPN_RS22770	GO:0051252,GO:0008428
KPN_RS22780	GO:0006508,GO:0004176,GO:0005524
KPN_RS22785	GO:0051603,GO:0004298
KPN_RS22790	GO:0042834
KPN_RS22795	GO:0006355,GO:0003677
KPN_RS22810	GO:0006412,GO:0003735,GO:0000315,GO:0022625
KPN_RS22820	GO:0019346,GO:0003824,GO:0030170
KPN_RS22830	GO:0006313
KPN_RS22835	GO:0008253,GO:0046872
KPN_RS22840	GO:0051920
KPN_RS22845	GO:0006355,GO:0003700
KPN_RS22850	GO:0009086,GO:0004489
KPN_RS22855	GO:0055085,GO:0005215
KPN_RS22860	GO:0008270,GO:0008888,GO:0030554
KPN_RS22865	GO:0016832
KPN_RS22870	GO:0043565
KPN_RS22875	GO:0008270
KPN_RS22880	GO:0006099,GO:0015977,GO:0008964
KPN_RS22885	GO:0006526,GO:0019213
KPN_RS22890	GO:0006592,GO:0003942
KPN_RS22895	GO:0006592,GO:0003991
KPN_RS22900	GO:0042450,GO:0004056
KPN_RS22905	GO:0006355,GO:0003700
KPN_RS22910	GO:0045454,GO:0003957,GO:0050660
KPN_RS22915	GO:0003677
KPN_RS22925	GO:0006400,GO:0030697
KPN_RS22930	GO:0015889,GO:0015420
KPN_RS22935	GO:0006807,GO:0008881
KPN_RS22975	GO:0006355,GO:0003700
KPN_RS22985	GO:0005524
KPN_RS29395	GO:0031556
KPN_RS22995	GO:0009082,GO:0000287,GO:0003984,GO:0030976,GO:0050660
KPN_RS23005	GO:0009082,GO:0004084
KPN_RS23010	GO:0009082,GO:0004160
KPN_RS23015	GO:0009097,GO:0004794
KPN_RS23020	GO:0006355,GO:0003700
KPN_RS23025	GO:0009082,GO:0004455
KPN_RS23040	GO:0006268,GO:0003678
KPN_RS23050	GO:0016787
KPN_RS23060	GO:0015974,GO:0008894
KPN_RS23065	GO:0003676,GO:0003724,GO:0005524
KPN_RS23070	GO:0006662,GO:0015035
KPN_RS23075	GO:0006353,GO:0004386,GO:0008186
KPN_RS23080	GO:0009246,GO:0016780
KPN_RS23085	GO:0009103,GO:0009246,GO:0016020
KPN_RS23090	GO:0009103,GO:0008761
KPN_RS23095	GO:0009246,GO:0051287,GO:0089714
KPN_RS23100	GO:0009225,GO:0008460
KPN_RS23105	GO:0009243,GO:0019305,GO:0008879
KPN_RS23110	GO:0008080
KPN_RS23115	GO:0009246,GO:0019180
KPN_RS23120	GO:0009246,GO:0016020
KPN_RS23125	GO:0036065,GO:0008417
KPN_RS23130	GO:0009246,GO:0016020
KPN_RS23135	GO:0047241
KPN_RS23140	GO:0006865,GO:0055085,GO:0016020
KPN_RS23170	GO:0042168,GO:0005515,GO:0016020
KPN_RS23180	GO:0006780,GO:0004852
KPN_RS23185	GO:0006779,GO:0004418,GO:0005737
KPN_RS23195	GO:0006171,GO:0004016
KPN_RS23200	GO:0016226,GO:0005506
KPN_RS23210	GO:0009089,GO:0008837
KPN_RS23220	GO:0006310,GO:0009009
KPN_RS23230	GO:0006268,GO:0003677,GO:0003678,GO:0005524,GO:0016787
KPN_RS23240	GO:0006824,GO:0015693,GO:0015087,GO:0015095
KPN_RS23245	GO:0016020
KPN_RS23255	GO:0006629,GO:0004620
KPN_RS23260	GO:0006310,GO:0003678
KPN_RS23265	GO:0006865
KPN_RS23275	GO:0006865,GO:0016020
KPN_RS23290	GO:0016020
KPN_RS23295	GO:0006355,GO:0003700
KPN_RS23300	GO:0008652,GO:0009086,GO:0003871,GO:0008270
KPN_RS23305	GO:0016787,GO:0005829
KPN_RS23310	GO:0009116,GO:0016763
KPN_RS23320	GO:0008168
KPN_RS23325	GO:0032934
KPN_RS23330	GO:0006744
KPN_RS23340	GO:0015031,GO:0015628
KPN_RS23350	GO:0008408
KPN_RS23355	GO:0006355
KPN_RS23365	GO:0016831
KPN_RS23370	GO:0016491
KPN_RS23375	GO:0009062,GO:0003988
KPN_RS23380	GO:0009062,GO:0003857,GO:0004165,GO:0004300,GO:0008692
KPN_RS23430	GO:0008762,GO:0071949
KPN_RS23435	GO:0036211,GO:0004077
KPN_RS23440	GO:0015937,GO:0004594
KPN_RS23465	GO:0006414,GO:0003746
KPN_RS23475	GO:0006353
KPN_RS23480	GO:0006412,GO:0003735,GO:0000315,GO:0022625
KPN_RS23485	GO:0006412,GO:0003735,GO:0000311,GO:0022625
KPN_RS23490	GO:0006412,GO:0003735,GO:0015934
KPN_RS23495	GO:0006412,GO:0003735,GO:0000315,GO:0022625
KPN_RS23500	GO:0006351,GO:0003899,GO:0000345
KPN_RS23505	GO:0006351,GO:0003899,GO:0000345
KPN_RS23515	GO:0009401,GO:0016740
KPN_RS23520	GO:0008643,GO:0009401,GO:0008982
KPN_RS23535	GO:0009228,GO:0016829,GO:1904047
KPN_RS23545	GO:0009228,GO:0003824
KPN_RS23550	GO:0009228,GO:0016779
KPN_RS23555	GO:0009228,GO:0004789
KPN_RS23560	GO:0009228,GO:0051536
KPN_RS23570	GO:0000210,GO:0016787
KPN_RS23575	GO:0006779,GO:0004853
KPN_RS23580	GO:0006281,GO:0004519
KPN_RS23610	GO:0007165,GO:0016310,GO:0000155
KPN_RS23615	GO:0000160,GO:0006355,GO:0043565
KPN_RS23620	GO:0006189,GO:0009152,GO:0004637
KPN_RS23625	GO:0009152,GO:0003937,GO:0004643
KPN_RS23655	GO:0008080
KPN_RS23660	GO:0009086,GO:0008899
KPN_RS23665	GO:0006099,GO:0004474
KPN_RS23670	GO:0019752,GO:0004451
KPN_RS23675	GO:0006006,GO:0008772,GO:0016791
KPN_RS23680	GO:0006355,GO:0003677
KPN_RS23685	GO:0009086,GO:0008270,GO:0008705,GO:0031419
KPN_RS23690	GO:0044341,GO:0005436,GO:0005886
KPN_RS23695	GO:0004764
KPN_RS23705	GO:0008643,GO:0009401,GO:0016310,GO:0016301,GO:1902495
KPN_RS23710	GO:0009401,GO:0034219,GO:0016020
KPN_RS23715	GO:0009401,GO:0008982
KPN_RS23720	GO:0008643,GO:0016773
KPN_RS23730	GO:0003677,GO:0030246
KPN_RS23735	GO:0001522,GO:0003723,GO:0009982
KPN_RS23750	GO:0009089,GO:0004072
KPN_RS23755	GO:0006094,GO:0006096,GO:0004347
KPN_RS23760	GO:0016746,GO:0120225
KPN_RS23765	GO:0008080
KPN_RS23770	GO:0008152,GO:0019239
KPN_RS23780	GO:0006865,GO:0016020,GO:1902495
KPN_RS23795	GO:0055085,GO:0016020
KPN_RS23800	GO:0055085,GO:0043190
KPN_RS23805	GO:0008643,GO:0055085,GO:0015144
KPN_RS23810	GO:0008643,GO:0055085,GO:0005524,GO:0140359,GO:0043190
KPN_RS23820	GO:0008643,GO:0042597
KPN_RS23825	GO:0008813
KPN_RS23830	GO:0006744,GO:0008412
KPN_RS23835	GO:0008654,GO:0004366
KPN_RS23840	GO:0006654,GO:0008654,GO:0016310,GO:0004143,GO:0005524,GO:0046872
KPN_RS23845	GO:0006282,GO:0006355,GO:0004252
KPN_RS23850	GO:0055085,GO:0015297,GO:0042910,GO:0016020
KPN_RS23865	GO:0006355,GO:0003700
KPN_RS23880	GO:0002943,GO:0017150,GO:0050660
KPN_RS23900	GO:0009252,GO:0008784
KPN_RS23910	GO:0003993
KPN_RS23915	GO:0008150,GO:0003824,GO:0005737
KPN_RS23920	GO:0003677
KPN_RS23925	GO:0006289,GO:0003677,GO:0005524,GO:0016887
KPN_RS23945	GO:0015891,GO:0015343,GO:0038023,GO:0009279
KPN_RS23950	GO:0006355,GO:0003700,GO:0043565
KPN_RS23970	GO:0009279
KPN_RS23985	GO:0006351,GO:0006355,GO:0045892,GO:0000976,GO:0003700,GO:0043565
KPN_RS23995	GO:0005524,GO:0016887,GO:0042626,GO:0140359
KPN_RS24005	GO:0055085,GO:0016020
KPN_RS24010	GO:0055085,GO:0016020
KPN_RS24020	GO:0007165
KPN_RS24030	GO:0006355,GO:0006979,GO:0003677,GO:0003700,GO:0051537
KPN_RS24040	GO:0015205,GO:0005886
KPN_RS24045	GO:0006814,GO:0006885,GO:1902600,GO:0015385
KPN_RS24055	GO:0016020
KPN_RS24060	GO:0016020
KPN_RS24070	GO:0007155,GO:0009289
KPN_RS24080	GO:0009297,GO:0015473
KPN_RS24085	GO:0007155,GO:0009289
KPN_RS24095	GO:0006814,GO:0015370,GO:0031402,GO:0005886
KPN_RS24110	GO:0019427,GO:0003987
KPN_RS24120	GO:0006835,GO:0015293,GO:0016020
KPN_RS24125	GO:0005515
KPN_RS24130	GO:0015942,GO:0008863,GO:0009326
KPN_RS24145	GO:0000160,GO:0006355,GO:0003677
KPN_RS24175	GO:0005524,GO:0016887,GO:0042626,GO:0140359
KPN_RS24190	GO:0019700,GO:0008081
KPN_RS24195	GO:0006015,GO:0033863
KPN_RS24200	GO:0019700,GO:0016810
KPN_RS24205	GO:0019634,GO:0018835
KPN_RS24210	GO:0019634,GO:0018835
KPN_RS24220	GO:0019634
KPN_RS24225	GO:0019634
KPN_RS24230	GO:0015716,GO:0019634
KPN_RS24255	GO:0055085,GO:0022857,GO:0016020
KPN_RS24260	GO:0006355,GO:0003677,GO:0003700
KPN_RS24270	GO:0006814,GO:0008643,GO:0015293,GO:0022857,GO:0016020
KPN_RS24295	GO:0006457,GO:0051082
KPN_RS24305	GO:0016020
KPN_RS24325	GO:0042710,GO:0008375
KPN_RS24335	GO:1901515
KPN_RS24340	GO:0006355
KPN_RS30715	GO:0006313,GO:0004803
KPN_RS24400	GO:0003677
KPN_RS24405	GO:0017004,GO:0009055,GO:0030554,GO:0047134
KPN_RS24415	GO:0015740,GO:0015556,GO:0005886
KPN_RS24420	GO:0006520,GO:0008797
KPN_RS24435	GO:0055085,GO:0022857,GO:0016020
KPN_RS24445	GO:0005524,GO:0140662
KPN_RS24450	GO:0006457,GO:0005515,GO:0016887
KPN_RS24465	GO:0005524,GO:0008233,GO:0016887,GO:0042626,GO:0140359,GO:0055052
KPN_RS24485	GO:0009297,GO:0015473
KPN_RS24490	GO:0061077
KPN_RS24495	GO:0007155,GO:0009289
KPN_RS24500	GO:0000160,GO:0006355,GO:0003677
KPN_RS24505	GO:0072581
KPN_RS24510	GO:0006414,GO:0003746,GO:0005737
KPN_RS24515	GO:0009636,GO:0016020
KPN_RS24525	GO:0022857,GO:0016020
KPN_RS24540	GO:0016020
KPN_RS24550	GO:0009061,GO:0022900,GO:0016491,GO:0050660
KPN_RS24555	GO:0006418,GO:0004812
KPN_RS24560	GO:0022857
KPN_RS24565	GO:0055085,GO:0016020
KPN_RS24570	GO:0008654,GO:0004609
KPN_RS24575	GO:0003924,GO:0005525
KPN_RS24580	GO:0000175,GO:0003676
KPN_RS24610	GO:0008616,GO:0051539,GO:0052693
KPN_RS24615	GO:0052855
KPN_RS24620	GO:0002949
KPN_RS24625	GO:0009253,GO:0008745
KPN_RS24630	GO:0006298,GO:0005524,GO:0016887,GO:0030983,GO:0032300
KPN_RS24635	GO:0006400,GO:0052381,GO:0005737
KPN_RS24640	GO:0006355,GO:0003723
KPN_RS24645	GO:0005525
KPN_RS24650	GO:0016020
KPN_RS24675	GO:0006164,GO:0004019,GO:0005525
KPN_RS24685	GO:0016070,GO:0004540
KPN_RS24690	GO:0006396,GO:0003723,GO:0008173
KPN_RS24695	GO:0003995
KPN_RS24710	GO:0006508,GO:0008236
KPN_RS24715	GO:0006355,GO:0003700
KPN_RS24720	GO:0019854,GO:0030145,GO:0035460
KPN_RS24765	GO:0006412,GO:0003735,GO:0000314,GO:0022627
KPN_RS24770	GO:0006269,GO:0003697
KPN_RS24775	GO:0006412,GO:0003735,GO:0000314,GO:0022627
KPN_RS24780	GO:0006412,GO:0003735,GO:0000311,GO:0022625
KPN_RS24785	GO:0042834
KPN_RS24795	GO:0006865,GO:0055085,GO:0016020
KPN_RS24805	GO:0055085,GO:0005215
KPN_RS24810	GO:0003700,GO:0043565
KPN_RS24815	GO:0016655
KPN_RS24820	GO:0003677
KPN_RS24825	GO:0006139,GO:0008663,GO:0009897,GO:0030288
KPN_RS24830	GO:0000287,GO:0008441
KPN_RS24845	GO:0006355,GO:0003700,GO:0043565
KPN_RS24850	GO:0005975,GO:0004565,GO:0009341
KPN_RS24855	GO:0008643,GO:0005351,GO:0016020
KPN_RS24860	GO:0016020
KPN_RS24865	GO:0006979,GO:0030091,GO:0008113,GO:0033744
KPN_RS24895	GO:0006796,GO:0004427
KPN_RS24900	GO:0042875,GO:0103116
KPN_RS24910	GO:0042875,GO:0103116
KPN_RS24915	GO:0042875,GO:0103116
KPN_RS24920	GO:0042875,GO:0103116,GO:0016020
KPN_RS24925	GO:0005975,GO:0042132
KPN_RS24930	GO:0009252,GO:0016881
KPN_RS24935	GO:0008080
KPN_RS24950	GO:0042254
KPN_RS24955	GO:0006508,GO:0008237
KPN_RS24960	GO:0022900,GO:0005506,GO:0009055,GO:0042597
KPN_RS24995	GO:0008150,GO:0003674,GO:0005575
KPN_RS25010	GO:0052689
KPN_RS25015	GO:0006355
KPN_RS25025	GO:0030541,GO:0051290,GO:0008657,GO:0042803
KPN_RS25030	GO:0043365,GO:0051539
KPN_RS25035	GO:0006260,GO:0008998
KPN_RS25045	GO:0006355,GO:0003700
KPN_RS25055	GO:0008643,GO:0009401,GO:0008982
KPN_RS25060	GO:0005975,GO:0008706,GO:0046872
KPN_RS25065	GO:0009401,GO:0008982,GO:0019191
KPN_RS25070	GO:0005991,GO:0008788
KPN_RS25075	GO:0009401,GO:0015771,GO:0008982,GO:0015574,GO:0016020
KPN_RS25080	GO:0005975,GO:0006355,GO:0003700
KPN_RS25085	GO:0015693,GO:0015444
KPN_RS25095	GO:0009220,GO:0004070
KPN_RS25100	GO:0009220,GO:0004070
KPN_RS29470	GO:0019856
KPN_RS25110	GO:0042450,GO:0004585
KPN_RS25120	GO:0006400,GO:0045301
KPN_RS25125	GO:0008080
KPN_RS25130	GO:0006438,GO:0000166,GO:0004812,GO:0004832,GO:0005524
KPN_RS25140	GO:0006508,GO:0019538,GO:0030145,GO:0070006
KPN_RS25145	GO:0015920,GO:0015221,GO:0005886
KPN_RS25150	GO:0015920,GO:0015221,GO:0005886
KPN_RS25165	GO:0018478
KPN_RS25170	GO:0019310,GO:0016861
KPN_RS25175	GO:0006355,GO:0003700
KPN_RS25180	GO:0019310,GO:0047590
KPN_RS25190	GO:0019310,GO:0000287,GO:0016823,GO:0030976
KPN_RS25195	GO:0016491,GO:0016651
KPN_RS25200	GO:0016853
KPN_RS25205	GO:0019310,GO:0050114
KPN_RS25215	GO:0005524,GO:0016887,GO:0042626,GO:0140359
KPN_RS25225	GO:0008643,GO:0055085
KPN_RS25230	GO:0042626,GO:0140359
KPN_RS25235	GO:0016491
KPN_RS25240	GO:0008272,GO:0015116,GO:0016020
KPN_RS25245	GO:0004089,GO:0008270
KPN_RS25265	GO:0008168,GO:1904047
KPN_RS25290	GO:0003676,GO:0004519,GO:0008270
KPN_RS25345	GO:0006304,GO:0003886,GO:0008168,GO:1904047
KPN_RS25350	GO:0005524,GO:0140658
KPN_RS25400	GO:0004519
KPN_RS30190	GO:0015074
KPN_RS25445	GO:0003676,GO:0004519,GO:0008270
KPN_RS25455	GO:0055085,GO:0022857
KPN_RS25460	GO:0006098,GO:0042732,GO:0000287,GO:0009045
KPN_RS25470	GO:0015288,GO:0009279
KPN_RS25495	GO:0008757,GO:1904047
KPN_RS25505	GO:0016491
KPN_RS25520	GO:0006355,GO:0003677
KPN_RS25535	GO:0051139,GO:0016020
KPN_RS25580	GO:0043687
KPN_RS25615	GO:0140359,GO:0016020
KPN_RS25620	GO:0055085,GO:0005524,GO:0042626,GO:0016020,GO:0043190
KPN_RS25630	GO:0006436,GO:0004830,GO:0005737
KPN_RS25640	GO:0005524,GO:0016887,GO:0042626,GO:0140359
KPN_RS25645	GO:0042626,GO:0140359
KPN_RS25650	GO:0008643,GO:0022857,GO:0005886
KPN_RS25655	GO:0008753,GO:0009055,GO:0010181
KPN_RS25660	GO:0001216
KPN_RS25670	GO:0030170
KPN_RS25680	GO:0006355,GO:0003700
KPN_RS25685	GO:0055085,GO:0022857,GO:0016020
KPN_RS25715	GO:0055085,GO:0022857,GO:0016020
KPN_RS25785	GO:0006355,GO:0003700,GO:0043565
KPN_RS25790	GO:0055085,GO:1900754,GO:1901241
KPN_RS25795	GO:0018802
KPN_RS25800	GO:0018817
KPN_RS25810	GO:0006725,GO:0008198,GO:0008687
KPN_RS25815	GO:1901023,GO:0018480
KPN_RS25820	GO:0003824
KPN_RS25825	GO:0003824
KPN_RS25835	GO:0045892,GO:0003700
KPN_RS25865	GO:0047420
KPN_RS25870	GO:0016787
KPN_RS25885	GO:0034194,GO:0008674
KPN_RS25890	GO:0006355,GO:0003700
KPN_RS25895	GO:0008080
KPN_RS25900	GO:0008080,GO:0016747
KPN_RS25905	GO:0006355,GO:0005524,GO:0008134
KPN_RS25910	GO:0008643,GO:0009401,GO:0016310,GO:0016301,GO:1902495
KPN_RS25915	GO:0008643,GO:0009401,GO:0008982
KPN_RS25925	GO:0008643,GO:0009401,GO:0016310,GO:0016301,GO:1902495
KPN_RS25930	GO:1901135,GO:0097367
KPN_RS25935	GO:0005975,GO:0016787,GO:0097367
KPN_RS25945	GO:0008484
KPN_RS25970	GO:0055085,GO:0022857,GO:0005886
KPN_RS25980	GO:0018874,GO:0018659
KPN_RS25985	GO:0006355,GO:0003700,GO:0043565
KPN_RS25990	GO:0006355
KPN_RS25995	GO:0006355,GO:0003677
KPN_RS26010	GO:0051537
KPN_RS26015	GO:0005525,GO:0046872,GO:0005886
KPN_RS26045	GO:0006364,GO:0003676,GO:0008990
KPN_RS26055	GO:0006474,GO:0008080
KPN_RS26060	GO:0008253
KPN_RS26065	GO:0006415,GO:0003747,GO:0005525
KPN_RS26075	GO:0005886
KPN_RS26090	GO:1901642,GO:0005337,GO:0015293,GO:0005886
KPN_RS26095	GO:0009264,GO:0004139
KPN_RS26100	GO:0006139,GO:0009032
KPN_RS26105	GO:0006139,GO:0008973
KPN_RS26110	GO:0043096,GO:0004731
KPN_RS26125	GO:0006564,GO:0036424
KPN_RS26130	GO:0006281,GO:0005524
KPN_RS26135	GO:0009058,GO:0000309,GO:0003677,GO:0050262
KPN_RS26140	GO:0045900,GO:0005524
KPN_RS26145	GO:0000270,GO:0004553,GO:0008933,GO:0016020,GO:0042597
KPN_RS26150	GO:0006355,GO:0003700,GO:0043565
KPN_RS26160	GO:0006096,GO:0004619
KPN_RS26175	GO:0000160,GO:0006355,GO:0003677
KPN_RS26180	GO:0007165,GO:0016310,GO:0000155,GO:0016020
KPN_RS29555	GO:0006276,GO:0031556
KPN_RS26260	GO:0006276
KPN_RS26275	GO:0003676,GO:0005524
KPN_RS26290	GO:0006313,GO:0004803
KPN_RS26320	GO:0006313,GO:0004803
KPN_RS26325	GO:0004803
KPN_RS26330	GO:0004803
KPN_RS26335	GO:0006313,GO:0003677,GO:0004803
KPN_RS26340	GO:0008324
KPN_RS26345	GO:0022900,GO:0005506,GO:0009055,GO:0020037,GO:0042597
KPN_RS26360	GO:0006313,GO:0003677,GO:0004803
KPN_RS26365	GO:0006313,GO:0004803
KPN_RS26370	GO:0004803
KPN_RS26375	GO:0006313,GO:0004803
KPN_RS26385	GO:0015716,GO:0005524,GO:0015416,GO:0009898,GO:0055052
KPN_RS26390	GO:0043168,GO:0043225,GO:0009897,GO:0030288,GO:0055052
KPN_RS26395	GO:0015716,GO:0015416,GO:0005886,GO:0055052
KPN_RS26405	GO:0001216
KPN_RS26410	GO:0006313,GO:0004803
KPN_RS26415	GO:0006313,GO:0004803
KPN_RS26420	GO:0004803
KPN_RS30775	GO:0006313,GO:0003677,GO:0004803
KPN_RS26435	GO:0003677
KPN_RS30785	GO:0004803
KPN_RS26475	GO:0004803
KPN_RS26485	GO:0006313,GO:0004803
KPN_RS26490	GO:0008080,GO:0016747
KPN_RS26540	GO:0003677
KPN_RS26555	GO:0008794
KPN_RS26565	GO:0071722,GO:0005524,GO:0015446,GO:0016887
KPN_RS26570	GO:0045892,GO:0003677
KPN_RS26575	GO:0006352,GO:0006355,GO:0003677,GO:0003700,GO:0016987
KPN_RS26580	GO:0003674
KPN_RS26585	GO:0006355,GO:0003677,GO:0003700
KPN_RS26595	GO:0055085,GO:0015267,GO:0016020
KPN_RS30215	GO:0004803
KPN_RS26635	GO:0004803
KPN_RS26730	GO:0006313,GO:0004803
KPN_RS26735	GO:0006313,GO:0004803
KPN_RS26745	GO:0004803
KPN_RS26750	GO:0004803
KPN_RS26755	GO:0071705,GO:0022857,GO:0016020
KPN_RS26775	GO:0004803
KPN_RS26780	GO:0006313,GO:0004803
KPN_RS26785	GO:0005515,GO:0046872,GO:0052621
KPN_RS26790	GO:0006310,GO:0015074,GO:0003677
KPN_RS26795	GO:0006270,GO:0003887
KPN_RS26815	GO:0004803
KPN_RS26825	GO:0003677
KPN_RS26830	GO:0000373,GO:0003964
KPN_RS26870	GO:0008168
KPN_RS26910	GO:0006313,GO:0004803
KPN_RS26950	GO:0003677
KPN_RS26975	GO:0003677
KPN_RS29730	GO:0003677
KPN_RS27140	GO:0003677,GO:0003678,GO:0005524,GO:0016818
KPN_RS29750	GO:0006276,GO:0031556
KPN_RS27190	GO:0006276
KPN_RS27200	GO:0003677,GO:0046872
KPN_RS27215	GO:0006313,GO:0004803
KPN_RS27225	GO:0003700
KPN_RS27230	GO:0005975,GO:0016616
KPN_RS27235	GO:0005975,GO:0005524,GO:0016301
KPN_RS29765	GO:0006313,GO:0004803
KPN_RS27245	GO:0006313,GO:0004803
KPN_RS27250	GO:0006310,GO:0000150,GO:0003677
KPN_RS27275	GO:0006310,GO:0000150,GO:0003677
KPN_RS27285	GO:0006313,GO:0004803
KPN_RS27305	GO:0006355,GO:0045892,GO:0003677
KPN_RS27310	GO:0016152
KPN_RS27325	GO:0004803
KPN_RS27370	GO:0006310,GO:0015074,GO:0003677
KPN_RS27380	GO:0006313,GO:0004803
KPN_RS27385	GO:0006304,GO:0003677,GO:0004519
KPN_RS27395	GO:0008168,GO:1904047
KPN_RS27420	GO:0006270,GO:0003887
KPN_RS27430	GO:0003677
KPN_RS27485	GO:0006260,GO:0003677,GO:0003887
KPN_RS27515	GO:0008168
KPN_RS27520	GO:0006260,GO:0006281,GO:0006310,GO:0006351,GO:0003697
KPN_RS27580	GO:0006306,GO:0003677,GO:0008170
KPN_RS27595	GO:0003677
KPN_RS27605	GO:0003677
KPN_RS27760	GO:0003677,GO:0003678,GO:0005524,GO:0016818
KPN_RS27775	GO:0006310,GO:0000150,GO:0003677
KPN_RS27785	GO:0006313,GO:0004803
KPN_RS27790	GO:0008168
KPN_RS27815	GO:0006260,GO:0003677,GO:0003887
KPN_RS27865	GO:0006313,GO:0004803
KPN_RS27870	GO:0006310,GO:0000150,GO:0003677
KPN_RS27885	GO:0004803
KPN_RS27890	GO:0006313,GO:0004803
KPN_RS27910	GO:0006313,GO:0004803
KPN_RS27915	GO:0006310,GO:0000150,GO:0003677
KPN_RS27920	GO:0006313,GO:0004803
KPN_RS27925	GO:0004803
KPN_RS27940	GO:1903803,GO:0015599,GO:0043190
KPN_RS27945	GO:0055085,GO:0022857,GO:0016020,GO:0043190
KPN_RS27960	GO:0006313,GO:0004803
KPN_RS29935	GO:0006270,GO:0003887
KPN_RS27980	GO:0006313,GO:0004803
KPN_RS28020	GO:0006313,GO:0004803
KPN_RS28095	GO:0006310,GO:0015074,GO:0003677
KPN_RS28110	GO:0006270,GO:0003887
KPN_RS28135	GO:0003677
KPN_RS28150	GO:0006313,GO:0004803
KPN_RS28170	GO:0008080
KPN_RS28180	GO:0006313,GO:0004803
KPN_RS28200	GO:0003677,GO:0046872
KPN_RS28210	GO:0006313,GO:0004803
KPN_RS28215	GO:0004803
KPN_RS28220	GO:0016491,GO:0020037
KPN_RS28235	GO:0006313,GO:0004803
KPN_RS28240	GO:0015103,GO:0016020
KPN_RS28245	GO:0005524,GO:0016208
KPN_RS28250	GO:0055085,GO:0022857
KPN_RS28255	GO:0016020
KPN_RS28260	GO:0006814,GO:1902600,GO:0015385
KPN_RS28265	GO:0022857
KPN_RS28270	GO:0006313,GO:0004803
KPN_RS28300	GO:0003677
KPN_RS28315	GO:0003677
KPN_RS28320	GO:0003677
